{
  "gpu": "NVIDIA RTX 4000 Ada Generation",
  "sm": "SM89",
  "timing": "cuda_events_median_ms",
  "warmup": 50,
  "jit_warmup": 150,
  "iters": 300,
  "configs": [
    "BS=32, 0% pruned",
    "BS=32, 50% pruned",
    "BS=32, 80% pruned",
    "BS=64, 0% pruned",
    "BS=64, 50% pruned",
    "BS=64, 80% pruned"
  ],
  "kernels": {
    "SDPA (math, padded)": [
      5.27776,
      2.56806,
      2.0777,
      10.64778,
      5.77722,
      4.05299
    ],
    "SDPA (efficient, padded)": [
      2.11661,
      1.87512,
      1.83499,
      4.1564,
      3.88072,
      3.56536
    ],
    "SDPA (flash, padded)": [
      1.99325,
      1.89518,
      1.89221,
      4.00301,
      3.68118,
      3.57376
    ],
    "NestedTensor + SDPA": [
      8.90778,
      8.7716,
      8.77166,
      17.03006,
      16.59941,
      16.55083
    ],
    "Triton Ragged (ours)": [
      0.13619,
      0.04198,
      0.0256,
      0.34509,
      0.07987,
      0.02765
    ],
    "FlashAttention-2 (varlen)": [
      0.11162,
      0.04813,
      0.04915,
      0.26726,
      0.07168,
      0.06042
    ]
  },
  "p5": {
    "SDPA (math, padded)": [
      5.26029,
      2.52723,
      2.06749,
      10.5943,
      5.67878,
      4.03571
    ],
    "SDPA (efficient, padded)": [
      2.08778,
      1.86714,
      1.82467,
      4.14138,
      3.74163,
      3.54896
    ],
    "SDPA (flash, padded)": [
      1.98451,
      1.83005,
      1.80122,
      3.95939,
      3.66013,
      3.51334
    ],
    "NestedTensor + SDPA": [
      8.68864,
      8.5289,
      8.70074,
      16.66867,
      16.16691,
      16.34214
    ],
    "Triton Ragged (ours)": [
      0.13517,
      0.04096,
      0.02458,
      0.3328,
      0.07885,
      0.02662
    ],
    "FlashAttention-2 (varlen)": [
      0.11059,
      0.04646,
      0.0471,
      0.25293,
      0.07066,
      0.05939
    ]
  },
  "p95": {
    "SDPA (math, padded)": [
      5.35146,
      2.97958,
      2.08896,
      10.78067,
      5.84429,
      4.07248
    ],
    "SDPA (efficient, padded)": [
      2.1801,
      1.88928,
      1.90646,
      4.17997,
      4.66221,
      3.58198
    ],
    "SDPA (flash, padded)": [
      2.05926,
      1.93958,
      1.94458,
      4.11955,
      3.82157,
      3.59219
    ],
    "NestedTensor + SDPA": [
      9.4208,
      9.24333,
      9.23846,
      17.70906,
      17.67949,
      17.76525
    ],
    "Triton Ragged (ours)": [
      0.13722,
      0.04301,
      0.02662,
      0.34714,
      0.07987,
      0.0279
    ],
    "FlashAttention-2 (varlen)": [
      0.11264,
      0.05018,
      0.05325,
      0.26931,
      0.0727,
      0.06144
    ]
  }
}