{
  "gpu": "NVIDIA RTX 4000 Ada Generation",
  "sm": "SM89",
  "timing": "cuda_events_median_ms",
  "warmup": 50,
  "jit_warmup": 150,
  "iters": 300,
  "configs": [
    "BS=32, 0% pruned",
    "BS=32, 50% pruned",
    "BS=32, 80% pruned",
    "BS=64, 0% pruned",
    "BS=64, 50% pruned",
    "BS=64, 80% pruned"
  ],
  "kernels": {
    "SDPA (math, padded)": [
      5.38066,
      2.66342,
      2.04581,
      10.84275,
      5.81024,
      4.06016
    ],
    "SDPA (efficient, padded)": [
      2.22072,
      2.07462,
      1.88466,
      4.40227,
      4.00786,
      3.56136
    ],
    "SDPA (flash, padded)": [
      2.01694,
      2.03059,
      1.9473,
      4.17894,
      3.68443,
      3.6313
    ],
    "NestedTensor + SDPA": [
      9.22722,
      8.76384,
      8.71893,
      16.72093,
      16.49256,
      16.468
    ],
    "Triton Ragged (ours)": [
      0.13619,
      0.04198,
      0.02355,
      0.34509,
      0.07987,
      0.02765
    ],
    "FlashAttention-2 (varlen)": [
      0.11162,
      0.0471,
      0.04813,
      0.25395,
      0.07168,
      0.06042
    ]
  },
  "p5": {
    "SDPA (math, padded)": [
      5.30944,
      2.58979,
      2.02416,
      10.76547,
      5.75299,
      3.99357
    ],
    "SDPA (efficient, padded)": [
      2.1872,
      2.00166,
      1.78176,
      4.37446,
      3.77139,
      3.48774
    ],
    "SDPA (flash, padded)": [
      1.94134,
      2.01523,
      1.93741,
      3.93728,
      3.66509,
      3.49014
    ],
    "NestedTensor + SDPA": [
      8.80099,
      8.54819,
      8.67722,
      16.59731,
      16.11485,
      16.06144
    ],
    "Triton Ragged (ours)": [
      0.13517,
      0.04096,
      0.02253,
      0.33178,
      0.07885,
      0.02662
    ],
    "FlashAttention-2 (varlen)": [
      0.11059,
      0.04525,
      0.04608,
      0.25293,
      0.07066,
      0.05958
    ]
  },
  "p95": {
    "SDPA (math, padded)": [
      5.42858,
      2.70045,
      2.13782,
      10.91482,
      5.91706,
      4.20042
    ],
    "SDPA (efficient, padded)": [
      2.24451,
      2.08874,
      2.01302,
      4.60083,
      4.16464,
      3.58259
    ],
    "SDPA (flash, padded)": [
      2.11149,
      2.07395,
      2.02035,
      4.21581,
      3.82678,
      3.77888
    ],
    "NestedTensor + SDPA": [
      9.43024,
      9.17197,
      8.78592,
      17.45626,
      17.31606,
      17.56467
    ],
    "Triton Ragged (ours)": [
      0.13722,
      0.04301,
      0.02458,
      0.34714,
      0.07987,
      0.02803
    ],
    "FlashAttention-2 (varlen)": [
      0.11264,
      0.04925,
      0.04915,
      0.26931,
      0.07206,
      0.06144
    ]
  }
}