{
  "gpu": "NVIDIA RTX 4000 Ada Generation",
  "sm": "SM89",
  "timing": "cuda_events_median_ms",
  "warmup": 50,
  "jit_warmup": 150,
  "iters": 300,
  "configs": [
    "BS=32, 0% pruned",
    "BS=32, 50% pruned",
    "BS=32, 80% pruned",
    "BS=64, 0% pruned",
    "BS=64, 50% pruned",
    "BS=64, 80% pruned"
  ],
  "kernels": {
    "SDPA (math, padded)": [
      5.35862,
      2.68646,
      2.12696,
      10.95912,
      5.8727,
      4.1255
    ],
    "SDPA (efficient, padded)": [
      2.27018,
      2.02859,
      1.9733,
      4.44826,
      4.0481,
      3.83296
    ],
    "SDPA (flash, padded)": [
      2.19389,
      1.9909,
      1.96506,
      4.25712,
      3.96493,
      3.8445
    ],
    "NestedTensor + SDPA": [
      9.03365,
      8.97786,
      8.86776,
      17.04542,
      16.77749,
      16.69109
    ],
    "Triton Ragged (ours)": [
      0.13619,
      0.04198,
      0.02458,
      0.34509,
      0.07987,
      0.02765
    ],
    "FlashAttention-2 (varlen)": [
      0.11162,
      0.0553,
      0.05437,
      0.2601,
      0.0727,
      0.06042
    ]
  },
  "p5": {
    "SDPA (math, padded)": [
      5.32288,
      2.62346,
      2.10125,
      10.83802,
      5.74899,
      3.99456
    ],
    "SDPA (efficient, padded)": [
      2.25574,
      1.99373,
      1.95981,
      4.25779,
      4.01376,
      3.81658
    ],
    "SDPA (flash, padded)": [
      2.12797,
      1.97318,
      1.93331,
      4.24038,
      3.72032,
      3.82054
    ],
    "NestedTensor + SDPA": [
      8.9385,
      8.83587,
      8.67152,
      16.89293,
      16.63856,
      16.57677
    ],
    "Triton Ragged (ours)": [
      0.13536,
      0.04125,
      0.02458,
      0.33792,
      0.07885,
      0.02662
    ],
    "FlashAttention-2 (varlen)": [
      0.11059,
      0.05222,
      0.05325,
      0.25293,
      0.07101,
      0.05939
    ]
  },
  "p95": {
    "SDPA (math, padded)": [
      5.43539,
      2.7177,
      2.20467,
      11.0921,
      6.00666,
      4.19533
    ],
    "SDPA (efficient, padded)": [
      2.33574,
      2.10432,
      2.04502,
      4.64691,
      4.19021,
      3.95891
    ],
    "SDPA (flash, padded)": [
      2.21696,
      2.05648,
      2.03376,
      4.39808,
      3.98438,
      3.96912
    ],
    "NestedTensor + SDPA": [
      9.46269,
      9.5888,
      9.35731,
      17.84458,
      17.66394,
      17.59027
    ],
    "Triton Ragged (ours)": [
      0.13824,
      0.04301,
      0.02662,
      0.34714,
      0.07987,
      0.0279
    ],
    "FlashAttention-2 (varlen)": [
      0.11264,
      0.05734,
      0.0575,
      0.26931,
      0.07373,
      0.06144
    ]
  }
}