{
  "gpu": "NVIDIA RTX 4000 Ada Generation",
  "sm": "SM89",
  "timing": "cuda_events_median_ms",
  "warmup": 50,
  "jit_warmup": 150,
  "iters": 300,
  "configs": [
    "BS=32, 0% pruned",
    "BS=32, 50% pruned",
    "BS=32, 80% pruned",
    "BS=64, 0% pruned",
    "BS=64, 50% pruned",
    "BS=64, 80% pruned"
  ],
  "kernels": {
    "SDPA (math, padded)": [
      5.34931,
      2.67595,
      2.09696,
      10.8497,
      5.89875,
      4.16083
    ],
    "SDPA (efficient, padded)": [
      2.19998,
      2.07872,
      1.95078,
      4.47181,
      4.07669,
      3.69138
    ],
    "SDPA (flash, padded)": [
      1.99349,
      1.96096,
      1.94554,
      4.34978,
      3.94035,
      3.61435
    ],
    "NestedTensor + SDPA": [
      8.90518,
      8.85424,
      8.82064,
      16.90158,
      16.71621,
      16.50336
    ],
    "Triton Ragged (ours)": [
      0.13619,
      0.04198,
      0.02355,
      0.34509,
      0.07987,
      0.02765
    ],
    "FlashAttention-2 (varlen)": [
      0.11162,
      0.04813,
      0.0471,
      0.25395,
      0.07168,
      0.06042
    ]
  },
  "p5": {
    "SDPA (math, padded)": [
      5.27462,
      2.58931,
      2.07862,
      10.7776,
      5.76717,
      4.10419
    ],
    "SDPA (efficient, padded)": [
      2.07744,
      2.00067,
      1.93638,
      4.38406,
      3.9977,
      3.55533
    ],
    "SDPA (flash, padded)": [
      1.98451,
      1.95072,
      1.91078,
      4.26086,
      3.91987,
      3.57805
    ],
    "NestedTensor + SDPA": [
      8.83814,
      8.78656,
      8.72013,
      16.54787,
      16.54867,
      16.1455
    ],
    "Triton Ragged (ours)": [
      0.13517,
      0.04134,
      0.02253,
      0.3328,
      0.07885,
      0.02765
    ],
    "FlashAttention-2 (varlen)": [
      0.11059,
      0.0471,
      0.04506,
      0.25293,
      0.07066,
      0.05939
    ]
  },
  "p95": {
    "SDPA (math, padded)": [
      5.36883,
      2.72403,
      2.17373,
      10.98563,
      5.98941,
      4.27693
    ],
    "SDPA (efficient, padded)": [
      2.22208,
      2.11987,
      2.0265,
      4.60883,
      4.21792,
      3.71302
    ],
    "SDPA (flash, padded)": [
      2.00234,
      2.01811,
      2.02138,
      4.36736,
      4.07331,
      3.7376
    ],
    "NestedTensor + SDPA": [
      9.26413,
      9.30406,
      9.07366,
      17.66707,
      17.8935,
      16.65674
    ],
    "Triton Ragged (ours)": [
      0.13722,
      0.04301,
      0.0247,
      0.34739,
      0.07987,
      0.02867
    ],
    "FlashAttention-2 (varlen)": [
      0.11264,
      0.0512,
      0.05018,
      0.26931,
      0.07203,
      0.06144
    ]
  }
}