{
  "gpu": "NVIDIA RTX 4000 Ada Generation",
  "sm": "SM89",
  "timing": "cuda_events_median_ms",
  "warmup": 50,
  "jit_warmup": 150,
  "iters": 300,
  "configs": [
    "BS=32, 0% pruned",
    "BS=32, 50% pruned",
    "BS=32, 80% pruned",
    "BS=64, 0% pruned",
    "BS=64, 50% pruned",
    "BS=64, 80% pruned"
  ],
  "kernels": {
    "SDPA (math, padded)": [
      5.28282,
      2.57126,
      2.07053,
      10.64774,
      5.69349,
      4.06338
    ],
    "SDPA (efficient, padded)": [
      2.11661,
      1.95414,
      1.83808,
      4.15642,
      3.76958,
      3.57171
    ],
    "SDPA (flash, padded)": [
      2.00078,
      1.91395,
      1.82221,
      4.09907,
      3.89901,
      3.59322
    ],
    "NestedTensor + SDPA": [
      8.85867,
      8.72179,
      9.09824,
      17.42048,
      16.46554,
      16.40275
    ],
    "Triton Ragged (ours)": [
      0.13619,
      0.04198,
      0.02355,
      0.34438,
      0.07987,
      0.02765
    ],
    "FlashAttention-2 (varlen)": [
      0.11162,
      0.04813,
      0.04813,
      0.25498,
      0.07168,
      0.06074
    ]
  },
  "p5": {
    "SDPA (math, padded)": [
      5.26304,
      2.56102,
      2.03498,
      10.52781,
      5.67603,
      4.00666
    ],
    "SDPA (efficient, padded)": [
      2.08179,
      1.88314,
      1.82282,
      4.09021,
      3.7079,
      3.50106
    ],
    "SDPA (flash, padded)": [
      1.98966,
      1.90662,
      1.78502,
      3.95789,
      3.70285,
      3.57651
    ],
    "NestedTensor + SDPA": [
      8.77235,
      8.50499,
      8.67398,
      16.61024,
      16.32666,
      16.23654
    ],
    "Triton Ragged (ours)": [
      0.13517,
      0.04096,
      0.02253,
      0.33178,
      0.07885,
      0.02765
    ],
    "FlashAttention-2 (varlen)": [
      0.11059,
      0.0471,
      0.04608,
      0.25395,
      0.07066,
      0.06042
    ]
  },
  "p95": {
    "SDPA (math, padded)": [
      5.35018,
      2.6423,
      2.08384,
      10.73958,
      5.79094,
      4.10813
    ],
    "SDPA (efficient, padded)": [
      2.18659,
      1.96813,
      1.8487,
      4.18013,
      3.7929,
      3.7161
    ],
    "SDPA (flash, padded)": [
      2.01325,
      1.95574,
      1.87085,
      4.18099,
      3.92419,
      3.72634
    ],
    "NestedTensor + SDPA": [
      9.28563,
      9.17395,
      9.31229,
      17.86963,
      17.24515,
      17.20934
    ],
    "Triton Ragged (ours)": [
      0.13722,
      0.04221,
      0.02458,
      0.34714,
      0.07987,
      0.02867
    ],
    "FlashAttention-2 (varlen)": [
      0.11264,
      0.0512,
      0.05043,
      0.26931,
      0.07373,
      0.06144
    ]
  }
}