{
  "batch_sizes": [
    1,
    4,
    8,
    16,
    32,
    64,
    128,
    256,
    512
  ],
  "unpruned": [
    8.391477546998662,
    9.70615183331385,
    10.643811957725015,
    11.09325363560205,
    10.965227913870024,
    0.0,
    0.0,
    0.0,
    0.0
  ],
  "pytorch_pruned": [
    8.063179088771932,
    9.370542216080333,
    10.225458951575813,
    10.560034155133648,
    10.61812138860598,
    10.663339061062421,
    10.411591838947304,
    10.690816401046874,
    10.967471916176308
  ],
  "triton_ragged": [
    11.980056362159777,
    13.857642190335042,
    15.31655171449537,
    16.428740675197535,
    16.85698029908155,
    16.99842529995048,
    17.113499024607098,
    17.159283208645785,
    17.188958629511248
  ],
  "dynamicvit_pytorch": [
    8.149605683516306,
    9.421579225699814,
    10.322034948873439,
    10.785139891857332,
    10.842341534629018,
    10.909317399177551,
    11.00953113655031,
    11.004729640830638,
    10.997452343594986
  ],
  "dynamicvit_triton": [
    11.914045595747039,
    13.811790378689528,
    15.157059472394007,
    16.251772182269033,
    16.70401633981737,
    16.81340155454864,
    16.91324698375714,
    16.934762866022158,
    16.89013220340049
  ],
  "evit_pytorch": [
    8.211407308457096,
    9.471417821825339,
    10.354008027581672,
    10.76420960443994,
    10.834969482527155,
    10.964228166700805,
    11.079467315036451,
    10.96108467436545,
    0.0
  ],
  "evit_triton": [
    11.923229658880611,
    13.547985041433977,
    15.151550328358082,
    16.260358637434262,
    16.64884148983656,
    16.809677973751988,
    16.769102927252845,
    16.238547497888792,
    0.0
  ],
  "ats_pytorch": [
    7.916770483958373,
    8.9827850027185,
    9.61826932487123,
    10.044896437960965,
    10.155271112194056,
    10.477271765364362,
    10.219220622369969,
    10.510742239602337,
    0.0
  ],
  "ats_triton": [
    11.848858847676476,
    13.61918839709717,
    15.041394566503348,
    16.081197833782195,
    16.47114283729867,
    16.658938696585828,
    16.76702990452115,
    15.787425587220971,
    0.0
  ],
  "tome_pytorch": [
    8.585123165469167,
    9.897428454992598,
    10.22273150050725,
    11.12537168670935,
    10.992955308563108,
    11.160510898598405,
    10.936280130217382,
    10.891967619334526,
    0.0
  ]
}