{
  "gpu": "NVIDIA RTX 4000 Ada Generation",
  "sm": "SM89",
  "timing": "cuda_events_median_ms",
  "warmup": 50,
  "jit_warmup": 150,
  "iters": 300,
  "configs": [
    "BS=32, 0% pruned",
    "BS=32, 50% pruned",
    "BS=32, 80% pruned",
    "BS=64, 0% pruned",
    "BS=64, 50% pruned",
    "BS=64, 80% pruned"
  ],
  "kernels": {
    "SDPA (math, padded)": [
      5.35557,
      2.59155,
      2.13533,
      10.95166,
      5.86549,
      4.18797
    ],
    "SDPA (efficient, padded)": [
      2.22448,
      1.9559,
      1.89179,
      4.36368,
      3.93142,
      3.79187
    ],
    "SDPA (flash, padded)": [
      2.11149,
      1.92195,
      1.93638,
      4.26922,
      3.80912,
      3.87226
    ],
    "NestedTensor + SDPA": [
      9.33477,
      9.35475,
      9.41458,
      17.74357,
      17.68621,
      17.37
    ],
    "Triton Ragged (ours)": [
      0.13824,
      0.04198,
      0.02355,
      0.34816,
      0.07987,
      0.02765
    ],
    "FlashAttention-2 (varlen)": [
      0.11366,
      0.0512,
      0.0512,
      0.26829,
      0.07304,
      0.06042
    ]
  },
  "p5": {
    "SDPA (math, padded)": [
      5.27053,
      2.56202,
      2.06128,
      10.61053,
      5.67808,
      4.03581
    ],
    "SDPA (efficient, padded)": [
      2.17315,
      1.88586,
      1.81965,
      4.21171,
      3.78774,
      3.65568
    ],
    "SDPA (flash, padded)": [
      2.02429,
      1.84701,
      1.84112,
      4.14003,
      3.78061,
      3.7359
    ],
    "NestedTensor + SDPA": [
      8.90275,
      8.89549,
      8.93104,
      17.02067,
      16.82397,
      16.7233
    ],
    "Triton Ragged (ours)": [
      0.13619,
      0.04128,
      0.02253,
      0.3369,
      0.07885,
      0.02662
    ],
    "FlashAttention-2 (varlen)": [
      0.11264,
      0.03686,
      0.03379,
      0.25293,
      0.07168,
      0.05939
    ]
  },
  "p95": {
    "SDPA (math, padded)": [
      5.91059,
      3.16099,
      2.67254,
      11.33037,
      6.40205,
      4.75731
    ],
    "SDPA (efficient, padded)": [
      2.73818,
      2.48934,
      2.41235,
      4.92848,
      4.4719,
      4.34822
    ],
    "SDPA (flash, padded)": [
      2.64806,
      2.47398,
      2.45565,
      4.82237,
      4.39027,
      4.43699
    ],
    "NestedTensor + SDPA": [
      9.78922,
      9.88262,
      9.92858,
      18.48634,
      18.36544,
      18.01011
    ],
    "Triton Ragged (ours)": [
      0.14234,
      0.04301,
      0.02458,
      0.35123,
      0.08013,
      0.02778
    ],
    "FlashAttention-2 (varlen)": [
      0.11686,
      0.05427,
      0.05325,
      0.27046,
      0.07475,
      0.06144
    ]
  }
}