{
  "gpu": "NVIDIA RTX 4000 Ada Generation",
  "sm": "SM89",
  "timing": "cuda_events_median_ms",
  "warmup": 50,
  "jit_warmup": 150,
  "iters": 300,
  "configs": [
    "BS=32, 0% pruned",
    "BS=32, 50% pruned",
    "BS=32, 80% pruned",
    "BS=64, 0% pruned",
    "BS=64, 50% pruned",
    "BS=64, 80% pruned"
  ],
  "kernels": {
    "SDPA (math, padded)": [
      5.3545,
      2.59072,
      2.1524,
      10.66547,
      5.72742,
      4.20645
    ],
    "SDPA (efficient, padded)": [
      2.12275,
      1.89234,
      1.90293,
      4.16754,
      3.77754,
      3.5841
    ],
    "SDPA (flash, padded)": [
      2.00742,
      1.85107,
      1.9036,
      3.98438,
      3.70483,
      3.60038
    ],
    "NestedTensor + SDPA": [
      9.08133,
      8.92723,
      9.33248,
      17.1015,
      16.94661,
      16.90214
    ],
    "Triton Ragged (ours)": [
      0.13517,
      0.04198,
      0.02458,
      0.34304,
      0.07987,
      0.02765
    ],
    "FlashAttention-2 (varlen)": [
      0.11162,
      0.05325,
      0.05325,
      0.2601,
      0.07101,
      0.06144
    ]
  },
  "p5": {
    "SDPA (math, padded)": [
      5.27984,
      2.56522,
      2.0745,
      10.60966,
      5.6761,
      4.01619
    ],
    "SDPA (efficient, padded)": [
      2.10771,
      1.88109,
      1.82707,
      4.10112,
      3.72224,
      3.5705
    ],
    "SDPA (flash, padded)": [
      1.99568,
      1.84214,
      1.83062,
      3.96938,
      3.69261,
      3.58826
    ],
    "NestedTensor + SDPA": [
      8.89667,
      8.7273,
      8.89037,
      16.72541,
      16.83251,
      16.64102
    ],
    "Triton Ragged (ours)": [
      0.13414,
      0.04096,
      0.02355,
      0.33178,
      0.07885,
      0.02765
    ],
    "FlashAttention-2 (varlen)": [
      0.11059,
      0.0512,
      0.0512,
      0.25293,
      0.07066,
      0.06042
    ]
  },
  "p95": {
    "SDPA (math, padded)": [
      5.37805,
      2.67466,
      2.16269,
      10.77859,
      5.84829,
      4.3009
    ],
    "SDPA (efficient, padded)": [
      2.1913,
      1.90077,
      1.94022,
      4.19226,
      3.79664,
      3.71338
    ],
    "SDPA (flash, padded)": [
      2.11434,
      1.8599,
      1.94806,
      4.11629,
      3.83142,
      3.73248
    ],
    "NestedTensor + SDPA": [
      9.57571,
      9.44147,
      9.52701,
      17.94662,
      17.76115,
      17.63866
    ],
    "Triton Ragged (ours)": [
      0.13619,
      0.0423,
      0.0256,
      0.34611,
      0.07987,
      0.02867
    ],
    "FlashAttention-2 (varlen)": [
      0.11264,
      0.05536,
      0.0553,
      0.26112,
      0.0719,
      0.06144
    ]
  }
}