{
  "gpu": "NVIDIA RTX 4000 Ada Generation",
  "sm": "SM89",
  "timing": "cuda_events_median_ms",
  "warmup": 50,
  "jit_warmup": 150,
  "iters": 300,
  "configs": [
    "BS=32, 0% pruned",
    "BS=32, 50% pruned",
    "BS=32, 80% pruned",
    "BS=64, 0% pruned",
    "BS=64, 50% pruned",
    "BS=64, 80% pruned"
  ],
  "kernels": {
    "SDPA (math, padded)": [
      5.31957,
      2.62763,
      2.03139,
      10.80568,
      5.80658,
      4.06934
    ],
    "SDPA (efficient, padded)": [
      2.17288,
      1.88006,
      1.82272,
      4.37858,
      3.75371,
      3.66954
    ],
    "SDPA (flash, padded)": [
      1.98115,
      1.89426,
      1.78694,
      3.95942,
      3.76062,
      3.57618
    ],
    "NestedTensor + SDPA": [
      8.9916,
      8.79104,
      8.82501,
      17.1136,
      16.5376,
      16.47222
    ],
    "Triton Ragged (ours)": [
      0.13619,
      0.04198,
      0.02355,
      0.34509,
      0.07987,
      0.02765
    ],
    "FlashAttention-2 (varlen)": [
      0.11264,
      0.04813,
      0.04813,
      0.26214,
      0.07168,
      0.06042
    ]
  },
  "p5": {
    "SDPA (math, padded)": [
      5.26243,
      2.55507,
      2.02173,
      10.7319,
      5.66906,
      4.04362
    ],
    "SDPA (efficient, padded)": [
      2.15933,
      1.87078,
      1.79098,
      4.31187,
      3.73146,
      3.53619
    ],
    "SDPA (flash, padded)": [
      1.97232,
      1.832,
      1.76656,
      3.86928,
      3.60931,
      3.48662
    ],
    "NestedTensor + SDPA": [
      8.67219,
      8.58419,
      8.7255,
      16.55808,
      16.27987,
      16.06995
    ],
    "Triton Ragged (ours)": [
      0.13517,
      0.04096,
      0.02355,
      0.33178,
      0.07885,
      0.02662
    ],
    "FlashAttention-2 (varlen)": [
      0.11059,
      0.04627,
      0.04608,
      0.25293,
      0.07066,
      0.05939
    ]
  },
  "p95": {
    "SDPA (math, padded)": [
      5.41382,
      2.66854,
      2.06579,
      10.93632,
      5.888,
      4.2025
    ],
    "SDPA (efficient, padded)": [
      2.212,
      1.94038,
      1.83398,
      4.50272,
      3.95571,
      3.69392
    ],
    "SDPA (flash, padded)": [
      2.01504,
      1.90566,
      1.99971,
      4.10835,
      3.91789,
      3.70893
    ],
    "NestedTensor + SDPA": [
      9.42314,
      8.86669,
      9.26822,
      17.96934,
      16.73523,
      17.30262
    ],
    "Triton Ragged (ours)": [
      0.13722,
      0.04224,
      0.02486,
      0.34736,
      0.07987,
      0.0279
    ],
    "FlashAttention-2 (varlen)": [
      0.11366,
      0.0512,
      0.05018,
      0.27136,
      0.0727,
      0.06144
    ]
  }
}