{
  "gpu": "NVIDIA RTX 4000 Ada Generation",
  "sm": "SM89",
  "timing": "cuda_events_median_ms",
  "warmup": 50,
  "jit_warmup": 150,
  "iters": 300,
  "configs": [
    "BS=32, 0% pruned",
    "BS=32, 50% pruned",
    "BS=32, 80% pruned",
    "BS=64, 0% pruned",
    "BS=64, 50% pruned",
    "BS=64, 80% pruned"
  ],
  "kernels": {
    "SDPA (math, padded)": [
      5.26034,
      2.55795,
      2.03214,
      10.61696,
      5.75554,
      4.0377
    ],
    "SDPA (efficient, padded)": [
      2.1004,
      1.84832,
      1.81238,
      4.14726,
      3.74589,
      3.55851
    ],
    "SDPA (flash, padded)": [
      1.97837,
      1.828,
      1.81651,
      3.9496,
      3.67514,
      3.58195
    ],
    "NestedTensor + SDPA": [
      8.94656,
      8.88277,
      8.79411,
      16.8812,
      16.69856,
      16.59648
    ],
    "Triton Ragged (ours)": [
      0.13517,
      0.04198,
      0.02365,
      0.34509,
      0.07987,
      0.02765
    ],
    "FlashAttention-2 (varlen)": [
      0.11162,
      0.04915,
      0.0484,
      0.26651,
      0.07168,
      0.06042
    ]
  },
  "p5": {
    "SDPA (math, padded)": [
      5.24326,
      2.51904,
      2.01626,
      10.52125,
      5.64733,
      3.97517
    ],
    "SDPA (efficient, padded)": [
      2.08976,
      1.82877,
      1.78576,
      4.12634,
      3.72854,
      3.53523
    ],
    "SDPA (flash, padded)": [
      1.96918,
      1.80838,
      1.78403,
      3.92874,
      3.60451,
      3.55942
    ],
    "NestedTensor + SDPA": [
      8.88112,
      8.79718,
      8.59142,
      16.49347,
      16.43757,
      16.39834
    ],
    "Triton Ragged (ours)": [
      0.13443,
      0.04096,
      0.02355,
      0.33178,
      0.07885,
      0.02765
    ],
    "FlashAttention-2 (varlen)": [
      0.11059,
      0.0471,
      0.0471,
      0.25293,
      0.07066,
      0.05939
    ]
  },
  "p95": {
    "SDPA (math, padded)": [
      5.33402,
      2.62554,
      2.06582,
      10.72947,
      5.84,
      4.06109
    ],
    "SDPA (efficient, padded)": [
      2.16371,
      1.88432,
      1.82502,
      4.28134,
      3.76355,
      3.69555
    ],
    "SDPA (flash, padded)": [
      2.01523,
      1.89232,
      1.82669,
      4.084,
      3.81133,
      3.77344
    ],
    "NestedTensor + SDPA": [
      9.01923,
      9.34176,
      9.20806,
      17.67808,
      17.44179,
      17.43155
    ],
    "Triton Ragged (ours)": [
      0.13638,
      0.04301,
      0.0248,
      0.34714,
      0.07997,
      0.02867
    ],
    "FlashAttention-2 (varlen)": [
      0.11264,
      0.0512,
      0.0512,
      0.27136,
      0.07178,
      0.06144
    ]
  }
}