{
  "gpu": "NVIDIA RTX 4000 Ada Generation",
  "sm": "SM89",
  "timing": "cuda_events_median_ms",
  "warmup": 50,
  "jit_warmup": 150,
  "iters": 300,
  "configs": [
    "BS=32, 0% pruned",
    "BS=32, 50% pruned",
    "BS=32, 80% pruned",
    "BS=64, 0% pruned",
    "BS=64, 50% pruned",
    "BS=64, 80% pruned"
  ],
  "kernels": {
    "SDPA (math, padded)": [
      5.29946,
      2.63782,
      2.07155,
      10.74733,
      5.7717,
      4.06221
    ],
    "SDPA (efficient, padded)": [
      2.08595,
      1.88827,
      1.8373,
      4.13658,
      3.76422,
      3.58293
    ],
    "SDPA (flash, padded)": [
      2.06722,
      1.85749,
      1.82682,
      4.11034,
      3.68456,
      3.72435
    ],
    "NestedTensor + SDPA": [
      8.85818,
      9.02163,
      8.73894,
      17.18997,
      16.49376,
      16.39222
    ],
    "Triton Ragged (ours)": [
      0.13722,
      0.04198,
      0.02355,
      0.34714,
      0.07987,
      0.02765
    ],
    "FlashAttention-2 (varlen)": [
      0.1117,
      0.06963,
      0.04813,
      0.26931,
      0.0727,
      0.06042
    ]
  },
  "p5": {
    "SDPA (math, padded)": [
      5.2777,
      2.56093,
      2.06262,
      10.60352,
      5.67501,
      4.04566
    ],
    "SDPA (efficient, padded)": [
      2.07155,
      1.87606,
      1.82362,
      4.06736,
      3.67002,
      3.48243
    ],
    "SDPA (flash, padded)": [
      1.98963,
      1.84218,
      1.82051,
      3.96406,
      3.67206,
      3.6455
    ],
    "NestedTensor + SDPA": [
      8.68115,
      8.68045,
      8.67757,
      16.60621,
      16.13379,
      16.09616
    ],
    "Triton Ragged (ours)": [
      0.13562,
      0.04128,
      0.02253,
      0.3369,
      0.07885,
      0.02662
    ],
    "FlashAttention-2 (varlen)": [
      0.11162,
      0.06758,
      0.04608,
      0.25309,
      0.07168,
      0.05939
    ]
  },
  "p95": {
    "SDPA (math, padded)": [
      5.37114,
      2.68074,
      2.14832,
      10.84413,
      5.8409,
      4.21059
    ],
    "SDPA (efficient, padded)": [
      2.18515,
      1.95994,
      1.90941,
      4.37389,
      3.89632,
      3.72138
    ],
    "SDPA (flash, padded)": [
      2.1104,
      1.92102,
      1.88538,
      4.17613,
      3.82566,
      3.80003
    ],
    "NestedTensor + SDPA": [
      9.48832,
      9.35126,
      9.20166,
      17.86166,
      17.23728,
      17.51338
    ],
    "Triton Ragged (ours)": [
      0.13926,
      0.04301,
      0.02461,
      0.35021,
      0.07987,
      0.02784
    ],
    "FlashAttention-2 (varlen)": [
      0.11392,
      0.07373,
      0.0512,
      0.27136,
      0.07373,
      0.06144
    ]
  }
}