{
  "gpu": "NVIDIA RTX 4000 Ada Generation",
  "sm": "SM89",
  "timing": "cuda_events_median_ms",
  "warmup": 50,
  "jit_warmup": 150,
  "iters": 300,
  "configs": [
    "BS=32, 0% pruned",
    "BS=32, 50% pruned",
    "BS=32, 80% pruned",
    "BS=64, 0% pruned",
    "BS=64, 50% pruned",
    "BS=64, 80% pruned"
  ],
  "kernels": {
    "SDPA (math, padded)": [
      5.3376,
      2.64192,
      2.53853,
      10.77334,
      5.81632,
      4.19738
    ],
    "SDPA (efficient, padded)": [
      2.15035,
      1.95925,
      2.29706,
      4.33152,
      3.89712,
      3.5985
    ],
    "SDPA (flash, padded)": [
      2.09818,
      1.8925,
      1.92666,
      4.23632,
      3.83483,
      3.7176
    ],
    "NestedTensor + SDPA": [
      11.53027,
      11.52502,
      9.17726,
      17.48005,
      17.21035,
      17.16762
    ],
    "Triton Ragged (ours)": [
      0.13722,
      0.04198,
      0.02355,
      0.34475,
      0.07987,
      0.02765
    ],
    "FlashAttention-2 (varlen)": [
      0.11366,
      0.06554,
      0.05022,
      0.26419,
      0.07168,
      0.06042
    ]
  },
  "p5": {
    "SDPA (math, padded)": [
      5.27258,
      2.56534,
      2.52758,
      10.59021,
      5.67805,
      4.05402
    ],
    "SDPA (efficient, padded)": [
      2.12787,
      1.88211,
      2.28842,
      4.16973,
      3.7561,
      3.55533
    ],
    "SDPA (flash, padded)": [
      2.02336,
      1.82771,
      1.81658,
      3.97475,
      3.68634,
      3.57888
    ],
    "NestedTensor + SDPA": [
      8.91117,
      11.37357,
      8.7256,
      16.67606,
      16.49869,
      16.44032
    ],
    "Triton Ragged (ours)": [
      0.13619,
      0.04134,
      0.01536,
      0.33587,
      0.07885,
      0.02662
    ],
    "FlashAttention-2 (varlen)": [
      0.11264,
      0.04096,
      0.03379,
      0.25219,
      0.07066,
      0.05939
    ]
  },
  "p95": {
    "SDPA (math, padded)": [
      5.89005,
      3.18979,
      3.05357,
      11.35619,
      6.3199,
      4.75034
    ],
    "SDPA (efficient, padded)": [
      2.71235,
      2.49549,
      2.80678,
      4.92134,
      4.4183,
      4.2568
    ],
    "SDPA (flash, padded)": [
      2.62518,
      2.4023,
      2.73613,
      4.78925,
      4.42467,
      4.256
    ],
    "NestedTensor + SDPA": [
      12.24406,
      11.94496,
      9.57536,
      18.02403,
      18.02854,
      17.8401
    ],
    "Triton Ragged (ours)": [
      0.14131,
      0.04301,
      0.0256,
      0.34714,
      0.08192,
      0.02784
    ],
    "FlashAttention-2 (varlen)": [
      0.11469,
      0.0688,
      0.05427,
      0.26931,
      0.07475,
      0.06144
    ]
  }
}