{
  "gpu": "NVIDIA RTX 4000 Ada Generation",
  "sm": "SM89",
  "timing": "cuda_events_median_ms",
  "warmup": 50,
  "jit_warmup": 150,
  "iters": 300,
  "configs": [
    "BS=32, 0% pruned",
    "BS=32, 50% pruned",
    "BS=32, 80% pruned",
    "BS=64, 0% pruned",
    "BS=64, 50% pruned",
    "BS=64, 80% pruned"
  ],
  "kernels": {
    "SDPA (math, padded)": [
      5.3339,
      2.6073,
      2.09221,
      10.70904,
      5.71632,
      4.06216
    ],
    "SDPA (efficient, padded)": [
      2.29738,
      2.01416,
      1.9563,
      4.16557,
      3.77962,
      3.57474
    ],
    "SDPA (flash, padded)": [
      2.17395,
      1.96506,
      1.95229,
      3.97435,
      3.79914,
      3.5855
    ],
    "NestedTensor + SDPA": [
      9.20083,
      9.53184,
      9.11086,
      17.34453,
      17.13139,
      17.06035
    ],
    "Triton Ragged (ours)": [
      0.13619,
      0.04198,
      0.02355,
      0.34509,
      0.07987,
      0.02765
    ],
    "FlashAttention-2 (varlen)": [
      0.11162,
      0.05346,
      0.05339,
      0.26726,
      0.07168,
      0.06042
    ]
  },
  "p5": {
    "SDPA (math, padded)": [
      5.30637,
      2.5783,
      2.07245,
      10.58016,
      5.6609,
      4.04378
    ],
    "SDPA (efficient, padded)": [
      2.232,
      1.97971,
      1.94253,
      4.15126,
      3.7591,
      3.5505
    ],
    "SDPA (flash, padded)": [
      2.10506,
      1.94237,
      1.94272,
      3.95382,
      3.68019,
      3.56557
    ],
    "NestedTensor + SDPA": [
      9.11706,
      9.10029,
      9.04842,
      17.21872,
      16.74166,
      16.96029
    ],
    "Triton Ragged (ours)": [
      0.13517,
      0.04096,
      0.02253,
      0.3328,
      0.07885,
      0.02662
    ],
    "FlashAttention-2 (varlen)": [
      0.11059,
      0.05222,
      0.05222,
      0.25395,
      0.07066,
      0.05939
    ]
  },
  "p95": {
    "SDPA (math, padded)": [
      5.4047,
      2.63066,
      2.21696,
      10.91482,
      5.82112,
      4.20659
    ],
    "SDPA (efficient, padded)": [
      2.31926,
      2.02861,
      2.03162,
      4.30173,
      3.91088,
      3.71002
    ],
    "SDPA (flash, padded)": [
      2.19043,
      2.00314,
      1.96298,
      4.11238,
      3.84307,
      3.71581
    ],
    "NestedTensor + SDPA": [
      9.80685,
      9.78432,
      9.56218,
      18.22304,
      18.36544,
      17.8937
    ],
    "Triton Ragged (ours)": [
      0.13722,
      0.04301,
      0.02458,
      0.34714,
      0.0801,
      0.02771
    ],
    "FlashAttention-2 (varlen)": [
      0.11264,
      0.05568,
      0.05632,
      0.27034,
      0.07475,
      0.06144
    ]
  }
}