{
  "gpu": "NVIDIA RTX 4000 Ada Generation",
  "sm": "SM89",
  "timing": "cuda_events_median_ms",
  "warmup": 50,
  "jit_warmup": 150,
  "iters": 300,
  "configs": [
    "BS=32, 0% pruned",
    "BS=32, 50% pruned",
    "BS=32, 80% pruned",
    "BS=64, 0% pruned",
    "BS=64, 50% pruned",
    "BS=64, 80% pruned"
  ],
  "kernels": {
    "SDPA (math, padded)": [
      5.36403,
      2.61427,
      2.10349,
      10.85136,
      5.92888,
      4.18501
    ],
    "SDPA (efficient, padded)": [
      2.25389,
      2.02826,
      1.96915,
      4.45285,
      4.1772,
      3.71934
    ],
    "SDPA (flash, padded)": [
      2.18624,
      1.97352,
      1.96506,
      4.36838,
      4.07899,
      3.60699
    ],
    "NestedTensor + SDPA": [
      9.22365,
      9.17504,
      9.15478,
      17.46432,
      17.22253,
      17.06717
    ],
    "Triton Ragged (ours)": [
      0.13619,
      0.04198,
      0.02355,
      0.34202,
      0.07987,
      0.02765
    ],
    "FlashAttention-2 (varlen)": [
      0.11162,
      0.05632,
      0.05222,
      0.26424,
      0.07101,
      0.06042
    ]
  },
  "p5": {
    "SDPA (math, padded)": [
      5.26643,
      2.60173,
      2.06941,
      10.67802,
      5.80784,
      4.08083
    ],
    "SDPA (efficient, padded)": [
      2.24051,
      2.0183,
      1.95789,
      4.42877,
      4.15437,
      3.58061
    ],
    "SDPA (flash, padded)": [
      2.11968,
      1.96096,
      1.95459,
      4.22707,
      3.95562,
      3.58525
    ],
    "NestedTensor + SDPA": [
      9.1289,
      9.09312,
      8.94566,
      17.07523,
      17.03744,
      16.80829
    ],
    "Triton Ragged (ours)": [
      0.13517,
      0.04096,
      0.02253,
      0.33075,
      0.07885,
      0.02662
    ],
    "FlashAttention-2 (varlen)": [
      0.11059,
      0.05427,
      0.0512,
      0.25293,
      0.07066,
      0.05939
    ]
  },
  "p95": {
    "SDPA (math, padded)": [
      5.41478,
      2.63885,
      2.22224,
      10.99066,
      6.00166,
      4.99798
    ],
    "SDPA (efficient, padded)": [
      2.31766,
      2.10339,
      1.99603,
      4.66762,
      4.2464,
      3.76426
    ],
    "SDPA (flash, padded)": [
      2.2057,
      2.04595,
      1.9775,
      4.39299,
      4.16339,
      3.7511
    ],
    "NestedTensor + SDPA": [
      9.71366,
      9.73987,
      9.52723,
      18.38042,
      17.87187,
      17.93098
    ],
    "Triton Ragged (ours)": [
      0.13722,
      0.04301,
      0.02477,
      0.34406,
      0.07987,
      0.028
    ],
    "FlashAttention-2 (varlen)": [
      0.1239,
      0.06042,
      0.05427,
      0.26829,
      0.07181,
      0.06144
    ]
  }
}