{
  "gpu": "NVIDIA RTX 4000 Ada Generation",
  "sm": "SM89",
  "timing": "cuda_events_median_ms",
  "warmup": 50,
  "jit_warmup": 150,
  "iters": 300,
  "configs": [
    "BS=32, 0% pruned",
    "BS=32, 50% pruned",
    "BS=32, 80% pruned",
    "BS=64, 0% pruned",
    "BS=64, 50% pruned",
    "BS=64, 80% pruned"
  ],
  "kernels": {
    "SDPA (math, padded)": [
      5.40574,
      2.60608,
      2.17069,
      10.62077,
      5.7163,
      4.05587
    ],
    "SDPA (efficient, padded)": [
      2.23437,
      2.0069,
      2.01114,
      4.15846,
      3.76218,
      3.56432
    ],
    "SDPA (flash, padded)": [
      2.11005,
      1.96509,
      1.94662,
      4.10821,
      3.69974,
      3.58605
    ],
    "NestedTensor + SDPA": [
      8.90864,
      9.03322,
      9.01342,
      17.1235,
      16.89518,
      17.53296
    ],
    "Triton Ragged (ours)": [
      0.13619,
      0.04198,
      0.02355,
      0.34406,
      0.07987,
      0.02765
    ],
    "FlashAttention-2 (varlen)": [
      0.11162,
      0.05222,
      0.05018,
      0.25395,
      0.07168,
      0.0607
    ]
  },
  "p5": {
    "SDPA (math, padded)": [
      5.3207,
      2.57261,
      2.09101,
      10.58918,
      5.66982,
      3.99162
    ],
    "SDPA (efficient, padded)": [
      2.19622,
      1.99782,
      1.9385,
      4.14208,
      3.74064,
      3.49773
    ],
    "SDPA (flash, padded)": [
      2.07974,
      1.95482,
      1.91283,
      3.968,
      3.6815,
      3.52902
    ],
    "NestedTensor + SDPA": [
      8.81459,
      8.9681,
      8.87091,
      16.75366,
      16.74752,
      16.68403
    ],
    "Triton Ragged (ours)": [
      0.13517,
      0.04122,
      0.02253,
      0.33178,
      0.07885,
      0.02765
    ],
    "FlashAttention-2 (varlen)": [
      0.11059,
      0.04915,
      0.04813,
      0.25293,
      0.07066,
      0.06042
    ]
  },
  "p95": {
    "SDPA (math, padded)": [
      5.4569,
      2.62451,
      2.21901,
      10.70518,
      5.82656,
      4.20365
    ],
    "SDPA (efficient, padded)": [
      2.31629,
      2.01933,
      2.06029,
      4.28864,
      3.78662,
      3.58077
    ],
    "SDPA (flash, padded)": [
      2.12787,
      2.03741,
      1.95894,
      4.1913,
      3.83594,
      3.62074
    ],
    "NestedTensor + SDPA": [
      9.4505,
      9.46688,
      9.40339,
      17.95885,
      17.98374,
      18.10362
    ],
    "Triton Ragged (ours)": [
      0.13722,
      0.04301,
      0.02458,
      0.34714,
      0.07987,
      0.02867
    ],
    "FlashAttention-2 (varlen)": [
      0.11469,
      0.05469,
      0.05222,
      0.26931,
      0.0727,
      0.06144
    ]
  }
}