{
  "gpu": "NVIDIA RTX 4000 Ada Generation",
  "sm": "SM89",
  "timing": "cuda_events_median_ms",
  "warmup": 50,
  "jit_warmup": 150,
  "iters": 300,
  "configs": [
    "BS=32, 0% pruned",
    "BS=32, 50% pruned",
    "BS=32, 80% pruned",
    "BS=64, 0% pruned",
    "BS=64, 50% pruned",
    "BS=64, 80% pruned"
  ],
  "kernels": {
    "SDPA (math, padded)": [
      5.3504,
      2.5856,
      2.08077,
      10.75934,
      5.71581,
      4.16563
    ],
    "SDPA (efficient, padded)": [
      2.11968,
      1.88723,
      1.83698,
      4.50858,
      3.77062,
      3.81766
    ],
    "SDPA (flash, padded)": [
      2.00173,
      1.84627,
      1.83296,
      4.33702,
      3.68112,
      3.81645
    ],
    "NestedTensor + SDPA": [
      8.99848,
      8.86734,
      8.83288,
      16.94842,
      16.78942,
      16.58658
    ],
    "Triton Ragged (ours)": [
      0.13619,
      0.04198,
      0.02458,
      0.34714,
      0.07987,
      0.02765
    ],
    "FlashAttention-2 (varlen)": [
      0.11162,
      0.05222,
      0.05222,
      0.25293,
      0.0727,
      0.0605
    ]
  },
  "p5": {
    "SDPA (math, padded)": [
      5.28762,
      2.56717,
      2.06733,
      10.55539,
      5.69062,
      4.11034
    ],
    "SDPA (efficient, padded)": [
      2.11046,
      1.87616,
      1.82272,
      4.39296,
      3.72026,
      3.79526
    ],
    "SDPA (flash, padded)": [
      1.98659,
      1.83482,
      1.82336,
      4.11546,
      3.62253,
      3.78096
    ],
    "NestedTensor + SDPA": [
      8.89958,
      8.6601,
      8.60595,
      16.77738,
      16.5417,
      16.20685
    ],
    "Triton Ragged (ours)": [
      0.13526,
      0.04096,
      0.02355,
      0.3369,
      0.07885,
      0.02765
    ],
    "FlashAttention-2 (varlen)": [
      0.11098,
      0.05018,
      0.05018,
      0.25293,
      0.07168,
      0.06042
    ]
  },
  "p95": {
    "SDPA (math, padded)": [
      5.41408,
      2.68576,
      2.1545,
      10.90867,
      5.85024,
      4.31619
    ],
    "SDPA (efficient, padded)": [
      2.15654,
      1.93702,
      1.91494,
      4.57014,
      3.79085,
      3.95984
    ],
    "SDPA (flash, padded)": [
      2.06986,
      1.86774,
      1.90774,
      4.36429,
      3.70176,
      3.95776
    ],
    "NestedTensor + SDPA": [
      9.44333,
      9.24774,
      9.27424,
      17.7592,
      17.85037,
      17.41926
    ],
    "Triton Ragged (ours)": [
      0.13722,
      0.04301,
      0.0256,
      0.34954,
      0.08003,
      0.02867
    ],
    "FlashAttention-2 (varlen)": [
      0.11571,
      0.05427,
      0.0553,
      0.25424,
      0.07373,
      0.06144
    ]
  }
}