{
  "gpu": "NVIDIA RTX 4000 Ada Generation",
  "sm": "SM89",
  "timing": "cuda_events_median_ms",
  "warmup": 50,
  "jit_warmup": 150,
  "iters": 300,
  "configs": [
    "BS=32, 0% pruned",
    "BS=32, 50% pruned",
    "BS=32, 80% pruned",
    "BS=64, 0% pruned",
    "BS=64, 50% pruned",
    "BS=64, 80% pruned"
  ],
  "kernels": {
    "SDPA (math, padded)": [
      5.2823,
      2.55413,
      2.06133,
      10.6071,
      5.68219,
      4.22782
    ],
    "SDPA (efficient, padded)": [
      2.22389,
      1.87283,
      1.81862,
      4.15171,
      3.98557,
      3.83026
    ],
    "SDPA (flash, padded)": [
      2.09715,
      1.83398,
      1.81147,
      3.94486,
      3.91968,
      3.79701
    ],
    "NestedTensor + SDPA": [
      8.87648,
      8.80938,
      8.8059,
      16.78182,
      17.23034,
      16.45579
    ],
    "Triton Ragged (ours)": [
      0.13619,
      0.04198,
      0.02475,
      0.34406,
      0.07987,
      0.02765
    ],
    "FlashAttention-2 (varlen)": [
      0.11162,
      0.04736,
      0.0504,
      0.26675,
      0.07168,
      0.06042
    ]
  },
  "p5": {
    "SDPA (math, padded)": [
      5.21216,
      2.5207,
      2.0504,
      10.57366,
      5.58592,
      4.08672
    ],
    "SDPA (efficient, padded)": [
      2.20774,
      1.84339,
      1.80634,
      4.05277,
      3.64826,
      3.76042
    ],
    "SDPA (flash, padded)": [
      2.06262,
      1.82192,
      1.80528,
      3.89562,
      3.90243,
      3.73155
    ],
    "NestedTensor + SDPA": [
      8.79206,
      8.72858,
      8.72874,
      16.38093,
      16.48934,
      16.3223
    ],
    "Triton Ragged (ours)": [
      0.13517,
      0.04096,
      0.02374,
      0.33178,
      0.07885,
      0.02694
    ],
    "FlashAttention-2 (varlen)": [
      0.11059,
      0.04608,
      0.04915,
      0.25395,
      0.07066,
      0.05939
    ]
  },
  "p95": {
    "SDPA (math, padded)": [
      5.34323,
      2.62864,
      2.13094,
      10.74042,
      5.79098,
      4.28832
    ],
    "SDPA (efficient, padded)": [
      2.2375,
      1.93946,
      1.88518,
      4.28032,
      4.004,
      3.95267
    ],
    "SDPA (flash, padded)": [
      2.11136,
      1.89226,
      1.81901,
      3.96378,
      4.06294,
      3.82538
    ],
    "NestedTensor + SDPA": [
      9.29571,
      9.35917,
      9.24554,
      17.91488,
      17.7119,
      17.23581
    ],
    "Triton Ragged (ours)": [
      0.13722,
      0.04237,
      0.02662,
      0.34714,
      0.0799,
      0.02867
    ],
    "FlashAttention-2 (varlen)": [
      0.11264,
      0.05018,
      0.05427,
      0.27136,
      0.0727,
      0.06144
    ]
  }
}