{
  "gpu": "NVIDIA RTX 4000 Ada Generation",
  "sm": "SM89",
  "timing": "cuda_events_median_ms",
  "warmup": 50,
  "jit_warmup": 150,
  "iters": 300,
  "configs": [
    "BS=32, 0% pruned",
    "BS=32, 50% pruned",
    "BS=32, 80% pruned",
    "BS=64, 0% pruned",
    "BS=64, 50% pruned",
    "BS=64, 80% pruned"
  ],
  "kernels": {
    "SDPA (math, padded)": [
      5.36498,
      2.6409,
      2.12883,
      10.95445,
      5.83403,
      4.18312
    ],
    "SDPA (efficient, padded)": [
      2.18954,
      1.89957,
      1.85573,
      4.36482,
      3.82098,
      3.64744
    ],
    "SDPA (flash, padded)": [
      2.0241,
      1.85048,
      1.92206,
      3.99787,
      3.82272,
      3.73402
    ],
    "NestedTensor + SDPA": [
      9.24269,
      8.87072,
      9.19226,
      17.46011,
      17.72646,
      17.2068
    ],
    "Triton Ragged (ours)": [
      0.13722,
      0.04198,
      0.02355,
      0.34514,
      0.07987,
      0.02765
    ],
    "FlashAttention-2 (varlen)": [
      0.11366,
      0.05018,
      0.05018,
      0.26522,
      0.0727,
      0.06042
    ]
  },
  "p5": {
    "SDPA (math, padded)": [
      5.28902,
      2.56787,
      2.02342,
      10.62134,
      5.68013,
      4.04173
    ],
    "SDPA (efficient, padded)": [
      2.11354,
      1.88288,
      1.78774,
      4.22477,
      3.68762,
      3.4864
    ],
    "SDPA (flash, padded)": [
      1.94902,
      1.83395,
      1.8473,
      3.89126,
      3.68099,
      3.57517
    ],
    "NestedTensor + SDPA": [
      8.84826,
      8.70518,
      8.76954,
      16.8233,
      16.86019,
      16.512
    ],
    "Triton Ragged (ours)": [
      0.13619,
      0.04198,
      0.02253,
      0.33587,
      0.07885,
      0.02662
    ],
    "FlashAttention-2 (varlen)": [
      0.11264,
      0.03616,
      0.04915,
      0.25498,
      0.07168,
      0.05939
    ]
  },
  "p95": {
    "SDPA (math, padded)": [
      5.92589,
      3.18054,
      2.51693,
      11.35206,
      6.38358,
      4.72442
    ],
    "SDPA (efficient, padded)": [
      2.70554,
      2.50163,
      2.12787,
      4.96845,
      4.36838,
      4.25779
    ],
    "SDPA (flash, padded)": [
      2.49651,
      2.30499,
      2.43168,
      4.57184,
      4.38186,
      4.31699
    ],
    "NestedTensor + SDPA": [
      9.69507,
      9.45357,
      9.63482,
      18.11114,
      18.18646,
      18.06355
    ],
    "Triton Ragged (ours)": [
      0.14144,
      0.04301,
      0.02458,
      0.35021,
      0.07987,
      0.0279
    ],
    "FlashAttention-2 (varlen)": [
      0.11469,
      0.05427,
      0.05325,
      0.27034,
      0.07475,
      0.06144
    ]
  }
}