{
  "gpu": "NVIDIA RTX 4000 Ada Generation",
  "sm": "SM89",
  "timing": "cuda_events_median_ms",
  "warmup": 50,
  "jit_warmup": 150,
  "iters": 300,
  "configs": [
    "BS=32, 0% pruned",
    "BS=32, 50% pruned",
    "BS=32, 80% pruned",
    "BS=64, 0% pruned",
    "BS=64, 50% pruned",
    "BS=64, 80% pruned"
  ],
  "kernels": {
    "SDPA (math, padded)": [
      5.36981,
      2.64142,
      2.07766,
      10.88296,
      5.75686,
      4.05779
    ],
    "SDPA (efficient, padded)": [
      2.2365,
      1.89186,
      1.83427,
      4.41445,
      3.75344,
      3.56654
    ],
    "SDPA (flash, padded)": [
      2.11786,
      1.85786,
      1.9507,
      4.22926,
      3.668,
      3.57376
    ],
    "NestedTensor + SDPA": [
      9.35474,
      8.80477,
      8.77211,
      16.79754,
      16.55211,
      16.48451
    ],
    "Triton Ragged (ours)": [
      0.13619,
      0.04198,
      0.02355,
      0.34304,
      0.07987,
      0.02765
    ],
    "FlashAttention-2 (varlen)": [
      0.11162,
      0.0512,
      0.04813,
      0.25395,
      0.07168,
      0.06042
    ]
  },
  "p5": {
    "SDPA (math, padded)": [
      5.32272,
      2.57126,
      2.04595,
      10.80448,
      5.66192,
      4.04275
    ],
    "SDPA (efficient, padded)": [
      2.11325,
      1.88416,
      1.82477,
      4.09488,
      3.6672,
      3.48141
    ],
    "SDPA (flash, padded)": [
      1.98246,
      1.83936,
      1.79392,
      4.02355,
      3.6024,
      3.56288
    ],
    "NestedTensor + SDPA": [
      8.84563,
      8.60058,
      8.57053,
      16.65024,
      16.21741,
      16.36048
    ],
    "Triton Ragged (ours)": [
      0.13517,
      0.04096,
      0.02253,
      0.33178,
      0.07885,
      0.02662
    ],
    "FlashAttention-2 (varlen)": [
      0.11059,
      0.04915,
      0.04608,
      0.25293,
      0.07066,
      0.05939
    ]
  },
  "p95": {
    "SDPA (math, padded)": [
      5.42234,
      2.66016,
      2.13709,
      11.02323,
      5.92589,
      4.18099
    ],
    "SDPA (efficient, padded)": [
      2.31731,
      1.90464,
      1.8463,
      4.44109,
      3.88928,
      3.68954
    ],
    "SDPA (flash, padded)": [
      2.19126,
      1.91795,
      2.03571,
      4.37277,
      3.68538,
      3.58486
    ],
    "NestedTensor + SDPA": [
      9.60531,
      9.24374,
      9.2152,
      17.56877,
      17.36058,
      17.19565
    ],
    "Triton Ragged (ours)": [
      0.13722,
      0.0423,
      0.02458,
      0.34611,
      0.07987,
      0.0279
    ],
    "FlashAttention-2 (varlen)": [
      0.11264,
      0.05325,
      0.05018,
      0.26931,
      0.0727,
      0.06144
    ]
  }
}