{
  "gpu": "NVIDIA RTX 4000 Ada Generation",
  "sm": "SM89",
  "timing": "cuda_events_median_ms",
  "warmup": 50,
  "jit_warmup": 150,
  "iters": 300,
  "configs": [
    "BS=32, 0% pruned",
    "BS=32, 50% pruned",
    "BS=32, 80% pruned",
    "BS=64, 0% pruned",
    "BS=64, 50% pruned",
    "BS=64, 80% pruned"
  ],
  "kernels": {
    "SDPA (math, padded)": [
      5.42315,
      2.56962,
      2.07731,
      10.6721,
      5.81427,
      4.2411
    ],
    "SDPA (efficient, padded)": [
      2.24171,
      1.88314,
      1.83043,
      4.29475,
      3.76491,
      3.70922
    ],
    "SDPA (flash, padded)": [
      2.11968,
      1.84304,
      1.85147,
      3.97312,
      3.68109,
      3.58704
    ],
    "NestedTensor + SDPA": [
      8.93982,
      8.87035,
      8.88541,
      16.89958,
      16.75158,
      16.6273
    ],
    "Triton Ragged (ours)": [
      0.13619,
      0.04198,
      0.02355,
      0.34406,
      0.07987,
      0.02765
    ],
    "FlashAttention-2 (varlen)": [
      0.11162,
      0.05152,
      0.04915,
      0.26829,
      0.07168,
      0.06042
    ]
  },
  "p5": {
    "SDPA (math, padded)": [
      5.38419,
      2.53674,
      2.06874,
      10.60557,
      5.6791,
      4.07059
    ],
    "SDPA (efficient, padded)": [
      2.23027,
      1.85549,
      1.82298,
      4.15667,
      3.70163,
      3.56781
    ],
    "SDPA (flash, padded)": [
      2.1064,
      1.82966,
      1.78586,
      3.95658,
      3.5921,
      3.57293
    ],
    "NestedTensor + SDPA": [
      8.75443,
      8.71946,
      8.79478,
      16.47514,
      16.59872,
      16.31728
    ],
    "Triton Ragged (ours)": [
      0.13517,
      0.04096,
      0.02253,
      0.33075,
      0.07885,
      0.02765
    ],
    "FlashAttention-2 (varlen)": [
      0.11059,
      0.05018,
      0.0471,
      0.25328,
      0.07066,
      0.05946
    ]
  },
  "p95": {
    "SDPA (math, padded)": [
      5.46941,
      2.64576,
      2.15142,
      10.81632,
      5.84294,
      4.30592
    ],
    "SDPA (efficient, padded)": [
      2.30102,
      1.89542,
      1.84115,
      4.37347,
      3.78266,
      3.79187
    ],
    "SDPA (flash, padded)": [
      2.18522,
      1.91194,
      1.86778,
      4.10234,
      3.82451,
      3.64166
    ],
    "NestedTensor + SDPA": [
      9.01747,
      9.32966,
      9.33069,
      17.75514,
      17.61379,
      17.37523
    ],
    "Triton Ragged (ours)": [
      0.13722,
      0.04234,
      0.0256,
      0.34714,
      0.07987,
      0.02867
    ],
    "FlashAttention-2 (varlen)": [
      0.11264,
      0.05427,
      0.0512,
      0.27136,
      0.07194,
      0.06144
    ]
  }
}