{
  "gpu": "NVIDIA RTX 4000 Ada Generation",
  "sm": "SM89",
  "timing": "cuda_events_median_ms",
  "warmup": 50,
  "jit_warmup": 150,
  "iters": 300,
  "configs": [
    "BS=32, 0% pruned",
    "BS=32, 50% pruned",
    "BS=32, 80% pruned",
    "BS=64, 0% pruned",
    "BS=64, 50% pruned",
    "BS=64, 80% pruned"
  ],
  "kernels": {
    "SDPA (math, padded)": [
      5.32485,
      2.59709,
      2.08662,
      10.82792,
      5.66621,
      4.03765
    ],
    "SDPA (efficient, padded)": [
      2.28109,
      1.99667,
      1.93437,
      4.39032,
      3.74224,
      3.53149
    ],
    "SDPA (flash, padded)": [
      2.10923,
      1.95686,
      1.95701,
      4.19816,
      3.66131,
      3.55342
    ],
    "NestedTensor + SDPA": [
      8.88946,
      9.08083,
      9.09006,
      17.47818,
      16.43624,
      16.42189
    ],
    "Triton Ragged (ours)": [
      0.13619,
      0.04198,
      0.02355,
      0.34304,
      0.07987,
      0.02765
    ],
    "FlashAttention-2 (varlen)": [
      0.11162,
      0.05018,
      0.04915,
      0.25395,
      0.07168,
      0.06042
    ]
  },
  "p5": {
    "SDPA (math, padded)": [
      5.29517,
      2.58355,
      2.0736,
      10.51853,
      5.64029,
      4.01101
    ],
    "SDPA (efficient, padded)": [
      2.19955,
      1.98758,
      1.92307,
      4.36326,
      3.72531,
      3.51744
    ],
    "SDPA (flash, padded)": [
      2.09482,
      1.94048,
      1.93034,
      4.17155,
      3.60368,
      3.53958
    ],
    "NestedTensor + SDPA": [
      8.80947,
      8.70605,
      8.67328,
      16.62733,
      16.10035,
      16.31149
    ],
    "Triton Ragged (ours)": [
      0.13517,
      0.04096,
      0.02266,
      0.33178,
      0.07885,
      0.02765
    ],
    "FlashAttention-2 (varlen)": [
      0.11059,
      0.04915,
      0.0471,
      0.25293,
      0.07066,
      0.06042
    ]
  },
  "p95": {
    "SDPA (math, padded)": [
      5.3975,
      2.6304,
      2.17702,
      10.95402,
      5.80093,
      4.18326
    ],
    "SDPA (efficient, padded)": [
      2.30416,
      2.00704,
      1.94643,
      4.52608,
      3.88541,
      3.65978
    ],
    "SDPA (flash, padded)": [
      2.1767,
      2.02275,
      2.0183,
      4.3512,
      3.68342,
      3.56864
    ],
    "NestedTensor + SDPA": [
      9.30918,
      9.22118,
      9.17907,
      17.9329,
      16.71075,
      17.54624
    ],
    "Triton Ragged (ours)": [
      0.13722,
      0.04221,
      0.02493,
      0.34637,
      0.07987,
      0.02867
    ],
    "FlashAttention-2 (varlen)": [
      0.11264,
      0.05325,
      0.0512,
      0.26931,
      0.0727,
      0.06144
    ]
  }
}