{
  "gpu": "NVIDIA RTX 4000 Ada Generation",
  "sm": "SM89",
  "timing": "cuda_events_median_ms",
  "warmup": 50,
  "jit_warmup": 150,
  "iters": 300,
  "configs": [
    "BS=32, 0% pruned",
    "BS=32, 50% pruned",
    "BS=32, 80% pruned",
    "BS=64, 0% pruned",
    "BS=64, 50% pruned",
    "BS=64, 80% pruned"
  ],
  "kernels": {
    "SDPA (math, padded)": [
      5.32994,
      2.62386,
      2.07888,
      10.62565,
      5.89418,
      4.22818
    ],
    "SDPA (efficient, padded)": [
      2.14072,
      1.87186,
      1.81184,
      4.12002,
      3.9557,
      3.74682
    ],
    "SDPA (flash, padded)": [
      2.0009,
      1.92301,
      1.8155,
      4.01747,
      3.87864,
      3.88096
    ],
    "NestedTensor + SDPA": [
      8.91914,
      8.82995,
      8.79514,
      16.88437,
      16.6241,
      17.14176
    ],
    "Triton Ragged (ours)": [
      0.13619,
      0.04198,
      0.02355,
      0.34611,
      0.07987,
      0.02765
    ],
    "FlashAttention-2 (varlen)": [
      0.11162,
      0.04915,
      0.04813,
      0.26522,
      0.07186,
      0.06042
    ]
  },
  "p5": {
    "SDPA (math, padded)": [
      5.27565,
      2.54976,
      2.01133,
      10.56832,
      5.81638,
      4.16563
    ],
    "SDPA (efficient, padded)": [
      2.08976,
      1.8575,
      1.78144,
      4.04784,
      3.82944,
      3.66694
    ],
    "SDPA (flash, padded)": [
      1.92512,
      1.83398,
      1.80019,
      3.84022,
      3.6871,
      3.62659
    ],
    "NestedTensor + SDPA": [
      8.72669,
      8.73862,
      8.60659,
      16.68813,
      16.47821,
      16.40445
    ],
    "Triton Ragged (ours)": [
      0.1352,
      0.04138,
      0.02253,
      0.33587,
      0.07885,
      0.02662
    ],
    "FlashAttention-2 (varlen)": [
      0.11162,
      0.0471,
      0.0471,
      0.25293,
      0.07168,
      0.06042
    ]
  },
  "p95": {
    "SDPA (math, padded)": [
      5.74781,
      2.64608,
      2.12378,
      10.76861,
      5.99859,
      4.38717
    ],
    "SDPA (efficient, padded)": [
      2.53328,
      1.9424,
      1.88723,
      4.25872,
      4.08883,
      3.78541
    ],
    "SDPA (flash, padded)": [
      2.04902,
      1.93741,
      1.91283,
      4.28544,
      4.01322,
      3.95082
    ],
    "NestedTensor + SDPA": [
      9.37568,
      9.24269,
      9.25901,
      17.68106,
      17.41619,
      17.49299
    ],
    "Triton Ragged (ours)": [
      0.13824,
      0.04301,
      0.02458,
      0.34918,
      0.0799,
      0.02771
    ],
    "FlashAttention-2 (varlen)": [
      0.11264,
      0.05222,
      0.05018,
      0.26931,
      0.07277,
      0.06144
    ]
  }
}