{
  "gpu": "NVIDIA RTX 4000 Ada Generation",
  "sm": "SM89",
  "timing": "cuda_events_median_ms",
  "warmup": 50,
  "jit_warmup": 150,
  "iters": 300,
  "configs": [
    "BS=32, 0% pruned",
    "BS=32, 50% pruned",
    "BS=32, 80% pruned",
    "BS=64, 0% pruned",
    "BS=64, 50% pruned",
    "BS=64, 80% pruned"
  ],
  "kernels": {
    "SDPA (math, padded)": [
      5.39486,
      2.57733,
      2.08458,
      10.65882,
      5.7217,
      4.08576
    ],
    "SDPA (efficient, padded)": [
      2.32731,
      1.89765,
      1.84224,
      4.1837,
      3.78112,
      3.60341
    ],
    "SDPA (flash, padded)": [
      2.03387,
      1.8585,
      1.83603,
      3.9936,
      3.70318,
      3.71456
    ],
    "NestedTensor + SDPA": [
      8.96819,
      8.90818,
      8.86272,
      16.91125,
      16.77208,
      16.59634
    ],
    "Triton Ragged (ours)": [
      0.13526,
      0.04198,
      0.0228,
      0.34406,
      0.07987,
      0.02765
    ],
    "FlashAttention-2 (varlen)": [
      0.11162,
      0.05018,
      0.04915,
      0.26829,
      0.07168,
      0.06042
    ]
  },
  "p5": {
    "SDPA (math, padded)": [
      5.31994,
      2.56819,
      2.04621,
      10.61306,
      5.69242,
      4.06835
    ],
    "SDPA (efficient, padded)": [
      2.17254,
      1.88858,
      1.80326,
      4.16253,
      3.71738,
      3.58195
    ],
    "SDPA (flash, padded)": [
      1.99782,
      1.84525,
      1.82886,
      3.89939,
      3.62112,
      3.51622
    ],
    "NestedTensor + SDPA": [
      8.74803,
      8.77978,
      8.77677,
      16.51341,
      16.64637,
      16.1904
    ],
    "Triton Ragged (ours)": [
      0.13414,
      0.04096,
      0.02253,
      0.33178,
      0.07885,
      0.02662
    ],
    "FlashAttention-2 (varlen)": [
      0.11059,
      0.04851,
      0.0471,
      0.25293,
      0.07066,
      0.05939
    ]
  },
  "p95": {
    "SDPA (math, padded)": [
      5.45974,
      2.59085,
      2.0992,
      10.79802,
      5.84771,
      4.22624
    ],
    "SDPA (efficient, padded)": [
      2.63674,
      1.97226,
      1.91475,
      4.32435,
      3.80211,
      3.73597
    ],
    "SDPA (flash, padded)": [
      2.08109,
      1.92909,
      1.90643,
      4.12672,
      3.76208,
      3.74864
    ],
    "NestedTensor + SDPA": [
      9.41363,
      9.34707,
      9.27229,
      17.80838,
      17.24826,
      17.5575
    ],
    "Triton Ragged (ours)": [
      0.13722,
      0.0424,
      0.0239,
      0.34714,
      0.07994,
      0.02784
    ],
    "FlashAttention-2 (varlen)": [
      0.12186,
      0.05232,
      0.0512,
      0.27136,
      0.07277,
      0.06144
    ]
  }
}