{
  "gpu": "NVIDIA RTX 4000 Ada Generation",
  "sm": "SM89",
  "timing": "cuda_events_median_ms",
  "warmup": 50,
  "jit_warmup": 150,
  "iters": 300,
  "configs": [
    "BS=32, 0% pruned",
    "BS=32, 50% pruned",
    "BS=32, 80% pruned",
    "BS=64, 0% pruned",
    "BS=64, 50% pruned",
    "BS=64, 80% pruned"
  ],
  "kernels": {
    "SDPA (math, padded)": [
      5.40458,
      2.70586,
      2.10672,
      10.86251,
      5.85253,
      4.03306
    ],
    "SDPA (efficient, padded)": [
      2.34488,
      2.03162,
      1.96995,
      4.42165,
      4.06891,
      3.58498
    ],
    "SDPA (flash, padded)": [
      2.13939,
      1.98554,
      2.03155,
      4.37669,
      4.10512,
      3.68104
    ],
    "NestedTensor + SDPA": [
      9.26106,
      9.1521,
      9.07978,
      17.31984,
      17.23403,
      17.02038
    ],
    "Triton Ragged (ours)": [
      0.13722,
      0.04198,
      0.02275,
      0.34722,
      0.07987,
      0.02765
    ],
    "FlashAttention-2 (varlen)": [
      0.11366,
      0.05222,
      0.05325,
      0.25395,
      0.0727,
      0.06042
    ]
  },
  "p5": {
    "SDPA (math, padded)": [
      5.3495,
      2.61939,
      2.05414,
      10.80016,
      5.65043,
      3.9983
    ],
    "SDPA (efficient, padded)": [
      2.24154,
      2.0009,
      1.93744,
      4.1551,
      3.82752,
      3.56899
    ],
    "SDPA (flash, padded)": [
      2.06877,
      1.97222,
      1.95754,
      4.2305,
      4.06966,
      3.57958
    ],
    "NestedTensor + SDPA": [
      9.19331,
      8.94896,
      9.00086,
      16.90141,
      16.69018,
      16.87104
    ],
    "Triton Ragged (ours)": [
      0.13619,
      0.04198,
      0.0215,
      0.33894,
      0.07885,
      0.02765
    ],
    "FlashAttention-2 (varlen)": [
      0.11162,
      0.0512,
      0.0512,
      0.25293,
      0.07168,
      0.05939
    ]
  },
  "p95": {
    "SDPA (math, padded)": [
      5.49274,
      2.75264,
      2.12275,
      10.99264,
      6.0071,
      4.22195
    ],
    "SDPA (efficient, padded)": [
      2.3808,
      2.04688,
      2.04669,
      4.46048,
      4.19328,
      3.72054
    ],
    "SDPA (flash, padded)": [
      2.20877,
      2.05827,
      2.04595,
      4.46259,
      4.17894,
      3.74144
    ],
    "NestedTensor + SDPA": [
      9.69334,
      9.59718,
      9.53958,
      18.55373,
      18.23539,
      17.90576
    ],
    "Triton Ragged (ours)": [
      0.13926,
      0.04301,
      0.02458,
      0.35021,
      0.0799,
      0.02867
    ],
    "FlashAttention-2 (varlen)": [
      0.11469,
      0.0553,
      0.05632,
      0.27069,
      0.07488,
      0.06144
    ]
  }
}