{
  "gpu": "NVIDIA RTX 4000 Ada Generation",
  "sm": "SM89",
  "timing": "cuda_events_median_ms",
  "warmup": 50,
  "jit_warmup": 150,
  "iters": 300,
  "configs": [
    "BS=32, 0% pruned",
    "BS=32, 50% pruned",
    "BS=32, 80% pruned",
    "BS=64, 0% pruned",
    "BS=64, 50% pruned",
    "BS=64, 80% pruned"
  ],
  "kernels": {
    "SDPA (math, padded)": [
      5.28925,
      2.57536,
      2.08046,
      10.63875,
      5.69848,
      4.06514
    ],
    "SDPA (efficient, padded)": [
      2.12262,
      1.89136,
      1.84483,
      4.17992,
      3.77549,
      3.57096
    ],
    "SDPA (flash, padded)": [
      2.06701,
      1.84549,
      1.842,
      3.98648,
      3.70586,
      3.71293
    ],
    "NestedTensor + SDPA": [
      9.07128,
      8.98595,
      8.96042,
      17.16224,
      16.92413,
      16.79896
    ],
    "Triton Ragged (ours)": [
      0.13619,
      0.04198,
      0.02458,
      0.34304,
      0.07987,
      0.02765
    ],
    "FlashAttention-2 (varlen)": [
      0.11162,
      0.0512,
      0.0505,
      0.26482,
      0.07168,
      0.06042
    ]
  },
  "p5": {
    "SDPA (math, padded)": [
      5.26819,
      2.54566,
      2.07053,
      10.61069,
      5.67398,
      4.04688
    ],
    "SDPA (efficient, padded)": [
      2.1095,
      1.85885,
      1.83296,
      4.15232,
      3.76006,
      3.5543
    ],
    "SDPA (flash, padded)": [
      2.0008,
      1.82259,
      1.8337,
      3.96698,
      3.68554,
      3.63622
    ],
    "NestedTensor + SDPA": [
      9.01312,
      8.92378,
      8.84154,
      16.97587,
      16.74752,
      16.4096
    ],
    "Triton Ragged (ours)": [
      0.13517,
      0.04096,
      0.02355,
      0.33075,
      0.07885,
      0.02765
    ],
    "FlashAttention-2 (varlen)": [
      0.11059,
      0.04915,
      0.04915,
      0.25293,
      0.07066,
      0.05939
    ]
  },
  "p95": {
    "SDPA (math, padded)": [
      5.36269,
      2.60067,
      2.15731,
      10.76442,
      5.82861,
      4.21171
    ],
    "SDPA (efficient, padded)": [
      2.13587,
      1.90426,
      1.91523,
      4.31718,
      3.91274,
      3.71085
    ],
    "SDPA (flash, padded)": [
      2.08368,
      1.91795,
      1.91386,
      4.12262,
      3.84586,
      3.72842
    ],
    "NestedTensor + SDPA": [
      9.72301,
      9.07059,
      9.40749,
      18.00845,
      17.72134,
      17.65171
    ],
    "Triton Ragged (ours)": [
      0.13722,
      0.0423,
      0.0256,
      0.34509,
      0.07987,
      0.02867
    ],
    "FlashAttention-2 (varlen)": [
      0.11264,
      0.05325,
      0.05325,
      0.26931,
      0.07373,
      0.06144
    ]
  }
}