{
  "gpu": "NVIDIA RTX 4000 Ada Generation",
  "sm": "SM89",
  "timing": "cuda_events_median_ms",
  "warmup": 50,
  "jit_warmup": 150,
  "iters": 300,
  "configs": [
    "BS=32, 0% pruned",
    "BS=32, 50% pruned",
    "BS=32, 80% pruned",
    "BS=64, 0% pruned",
    "BS=64, 50% pruned",
    "BS=64, 80% pruned"
  ],
  "kernels": {
    "SDPA (math, padded)": [
      5.32734,
      2.65216,
      2.16646,
      10.64968,
      5.83214,
      4.1593
    ],
    "SDPA (efficient, padded)": [
      2.19386,
      1.98349,
      1.84581,
      4.31974,
      4.03763,
      3.95571
    ],
    "SDPA (flash, padded)": [
      2.00821,
      1.85654,
      1.84533,
      4.21685,
      3.95981,
      3.79074
    ],
    "NestedTensor + SDPA": [
      9.24768,
      9.18234,
      9.10035,
      17.41826,
      17.2157,
      17.04981
    ],
    "Triton Ragged (ours)": [
      0.13619,
      0.04198,
      0.02355,
      0.34509,
      0.07987,
      0.02765
    ],
    "FlashAttention-2 (varlen)": [
      0.11162,
      0.05325,
      0.05325,
      0.25395,
      0.07168,
      0.06042
    ]
  },
  "p5": {
    "SDPA (math, padded)": [
      5.28806,
      2.58698,
      2.07155,
      10.61888,
      5.77741,
      4.1175
    ],
    "SDPA (efficient, padded)": [
      2.12288,
      1.9121,
      1.80934,
      4.18307,
      3.97523,
      3.82157
    ],
    "SDPA (flash, padded)": [
      1.97734,
      1.84934,
      1.83603,
      4.13821,
      3.94445,
      3.584
    ],
    "NestedTensor + SDPA": [
      9.15558,
      9.09312,
      9.02861,
      17.19091,
      16.83952,
      16.90698
    ],
    "Triton Ragged (ours)": [
      0.13517,
      0.04096,
      0.02253,
      0.33178,
      0.07885,
      0.02662
    ],
    "FlashAttention-2 (varlen)": [
      0.11059,
      0.05222,
      0.05126,
      0.25293,
      0.07066,
      0.05939
    ]
  },
  "p95": {
    "SDPA (math, padded)": [
      5.38288,
      2.66954,
      2.56205,
      10.77622,
      5.96765,
      4.31907
    ],
    "SDPA (efficient, padded)": [
      2.24256,
      2.02464,
      1.92221,
      4.40618,
      4.05606,
      3.98467
    ],
    "SDPA (flash, padded)": [
      2.07696,
      1.86912,
      1.91898,
      4.2344,
      3.97706,
      3.97894
    ],
    "NestedTensor + SDPA": [
      9.69011,
      9.63267,
      9.55498,
      18.24768,
      18.29005,
      17.48515
    ],
    "Triton Ragged (ours)": [
      0.13722,
      0.04301,
      0.0256,
      0.34714,
      0.0809,
      0.02781
    ],
    "FlashAttention-2 (varlen)": [
      0.12186,
      0.05632,
      0.05632,
      0.26947,
      0.0727,
      0.06144
    ]
  }
}