{
  "gpu": "NVIDIA RTX 4000 Ada Generation",
  "sm": "SM89",
  "timing": "cuda_events_median_ms",
  "warmup": 50,
  "jit_warmup": 150,
  "iters": 300,
  "configs": [
    "BS=32, 0% pruned",
    "BS=32, 50% pruned",
    "BS=32, 80% pruned",
    "BS=64, 0% pruned",
    "BS=64, 50% pruned",
    "BS=64, 80% pruned"
  ],
  "kernels": {
    "SDPA (math, padded)": [
      5.32626,
      2.56525,
      2.07155,
      10.61586,
      5.68544,
      4.05917
    ],
    "SDPA (efficient, padded)": [
      2.24518,
      1.95154,
      1.8393,
      4.16154,
      3.76523,
      3.57786
    ],
    "SDPA (flash, padded)": [
      2.10738,
      1.84627,
      1.85541,
      3.96528,
      3.6823,
      3.5789
    ],
    "NestedTensor + SDPA": [
      8.82739,
      8.68717,
      8.64507,
      16.57379,
      16.35738,
      16.7081
    ],
    "Triton Ragged (ours)": [
      0.13619,
      0.04198,
      0.02355,
      0.34203,
      0.07987,
      0.02765
    ],
    "FlashAttention-2 (varlen)": [
      0.11162,
      0.0471,
      0.04714,
      0.26522,
      0.07168,
      0.06042
    ]
  },
  "p5": {
    "SDPA (math, padded)": [
      5.29734,
      2.55325,
      2.05958,
      10.57171,
      5.66355,
      4.04445
    ],
    "SDPA (efficient, padded)": [
      2.2231,
      1.88109,
      1.8208,
      4.13798,
      3.74682,
      3.55635
    ],
    "SDPA (flash, padded)": [
      2.0951,
      1.83398,
      1.77984,
      3.93523,
      3.58838,
      3.51744
    ],
    "NestedTensor + SDPA": [
      8.72141,
      8.61901,
      8.51325,
      16.21398,
      16.26515,
      16.25427
    ],
    "Triton Ragged (ours)": [
      0.13517,
      0.04096,
      0.02253,
      0.33085,
      0.07885,
      0.02662
    ],
    "FlashAttention-2 (varlen)": [
      0.11059,
      0.04608,
      0.04608,
      0.25498,
      0.07066,
      0.05939
    ]
  },
  "p95": {
    "SDPA (math, padded)": [
      5.40166,
      2.63987,
      2.14742,
      10.73523,
      5.77843,
      4.2025
    ],
    "SDPA (efficient, padded)": [
      2.31014,
      1.96186,
      1.8985,
      4.30797,
      3.90019,
      3.71411
    ],
    "SDPA (flash, padded)": [
      2.17293,
      1.90874,
      1.89952,
      4.1025,
      3.70278,
      3.70995
    ],
    "NestedTensor + SDPA": [
      9.21293,
      9.10029,
      9.24256,
      17.35382,
      16.87341,
      17.49379
    ],
    "Triton Ragged (ours)": [
      0.13722,
      0.04224,
      0.02458,
      0.34509,
      0.07987,
      0.028
    ],
    "FlashAttention-2 (varlen)": [
      0.11981,
      0.04915,
      0.05018,
      0.26931,
      0.0719,
      0.06144
    ]
  }
}