{
  "gpu": "NVIDIA RTX 4000 Ada Generation",
  "sm": "SM89",
  "timing": "cuda_events_median_ms",
  "warmup": 50,
  "jit_warmup": 150,
  "iters": 300,
  "configs": [
    "BS=32, 0% pruned",
    "BS=32, 50% pruned",
    "BS=32, 80% pruned",
    "BS=64, 0% pruned",
    "BS=64, 50% pruned",
    "BS=64, 80% pruned"
  ],
  "kernels": {
    "SDPA (math, padded)": [
      5.35696,
      2.56717,
      2.08133,
      11.03546,
      5.82368,
      4.2289
    ],
    "SDPA (efficient, padded)": [
      2.22611,
      1.94107,
      1.84885,
      4.29347,
      3.88712,
      3.75398
    ],
    "SDPA (flash, padded)": [
      2.08877,
      1.89747,
      1.83685,
      4.0904,
      3.80552,
      3.83494
    ],
    "NestedTensor + SDPA": [
      9.29942,
      9.13872,
      9.12283,
      17.5447,
      17.34061,
      16.82366
    ],
    "Triton Ragged (ours)": [
      0.13722,
      0.04198,
      0.02458,
      0.34509,
      0.07987,
      0.02765
    ],
    "FlashAttention-2 (varlen)": [
      0.11366,
      0.04915,
      0.04915,
      0.25293,
      0.0727,
      0.06144
    ]
  },
  "p5": {
    "SDPA (math, padded)": [
      5.28362,
      2.55283,
      2.05824,
      10.5985,
      5.67501,
      4.05088
    ],
    "SDPA (efficient, padded)": [
      2.12902,
      1.87494,
      1.77315,
      4.14646,
      3.65859,
      3.57683
    ],
    "SDPA (flash, padded)": [
      2.0232,
      1.83706,
      1.81453,
      3.8871,
      3.66384,
      3.68518
    ],
    "NestedTensor + SDPA": [
      8.81152,
      8.71219,
      8.69274,
      16.75136,
      16.63078,
      16.39613
    ],
    "Triton Ragged (ours)": [
      0.13619,
      0.04198,
      0.02355,
      0.3369,
      0.07885,
      0.02765
    ],
    "FlashAttention-2 (varlen)": [
      0.11264,
      0.03686,
      0.03277,
      0.2519,
      0.07168,
      0.06042
    ]
  },
  "p95": {
    "SDPA (math, padded)": [
      5.90438,
      3.11808,
      2.62554,
      11.37174,
      6.36509,
      4.76467
    ],
    "SDPA (efficient, padded)": [
      2.71222,
      2.46579,
      2.16707,
      4.86093,
      4.44102,
      4.31718
    ],
    "SDPA (flash, padded)": [
      2.62739,
      2.40531,
      2.38522,
      4.63536,
      4.3551,
      4.3807
    ],
    "NestedTensor + SDPA": [
      9.72474,
      9.5561,
      9.53674,
      18.04826,
      18.10944,
      17.55619
    ],
    "Triton Ragged (ours)": [
      0.14234,
      0.04301,
      0.02662,
      0.35021,
      0.07987,
      0.02867
    ],
    "FlashAttention-2 (varlen)": [
      0.11571,
      0.05222,
      0.05222,
      0.26726,
      0.07373,
      0.06154
    ]
  }
}