{
  "gpu": "NVIDIA RTX 4000 Ada Generation",
  "sm": "SM89",
  "timing": "cuda_events_median_ms",
  "warmup": 50,
  "jit_warmup": 150,
  "iters": 300,
  "configs": [
    "BS=32, 0% pruned",
    "BS=32, 50% pruned",
    "BS=32, 80% pruned",
    "BS=64, 0% pruned",
    "BS=64, 50% pruned",
    "BS=64, 80% pruned"
  ],
  "kernels": {
    "SDPA (math, padded)": [
      5.38381,
      2.66779,
      2.17906,
      11.04037,
      5.87878,
      4.24243
    ],
    "SDPA (efficient, padded)": [
      2.22925,
      2.03211,
      1.91283,
      4.4967,
      3.93125,
      3.70539
    ],
    "SDPA (flash, padded)": [
      2.13606,
      2.01403,
      1.98264,
      4.38694,
      3.85389,
      3.64032
    ],
    "NestedTensor + SDPA": [
      9.75878,
      9.75168,
      9.70638,
      18.36496,
      18.06891,
      17.8601
    ],
    "Triton Ragged (ours)": [
      0.13722,
      0.04198,
      0.02458,
      0.34304,
      0.07987,
      0.02765
    ],
    "FlashAttention-2 (varlen)": [
      0.11776,
      0.05734,
      0.05837,
      0.26424,
      0.07168,
      0.06042
    ]
  },
  "p5": {
    "SDPA (math, padded)": [
      5.29702,
      2.62333,
      2.09002,
      10.65907,
      5.71408,
      4.09293
    ],
    "SDPA (efficient, padded)": [
      2.15757,
      1.99501,
      1.8951,
      4.33766,
      3.7888,
      3.58195
    ],
    "SDPA (flash, padded)": [
      2.06336,
      1.94051,
      1.90557,
      4.19702,
      3.70893,
      3.56733
    ],
    "NestedTensor + SDPA": [
      9.29802,
      9.22736,
      9.16803,
      17.53302,
      17.41552,
      17.26157
    ],
    "Triton Ragged (ours)": [
      0.13619,
      0.04198,
      0.01536,
      0.33485,
      0.07885,
      0.02662
    ],
    "FlashAttention-2 (varlen)": [
      0.11264,
      0.0553,
      0.03482,
      0.2519,
      0.07066,
      0.05939
    ]
  },
  "p95": {
    "SDPA (math, padded)": [
      5.93091,
      3.1232,
      2.71565,
      11.39942,
      6.41843,
      4.81178
    ],
    "SDPA (efficient, padded)": [
      2.77126,
      2.55923,
      2.45862,
      5.04115,
      4.47389,
      4.26886
    ],
    "SDPA (flash, padded)": [
      2.6409,
      2.52211,
      2.50374,
      4.95904,
      4.4056,
      4.25882
    ],
    "NestedTensor + SDPA": [
      10.20826,
      10.18778,
      10.1249,
      18.84467,
      18.63171,
      18.54464
    ],
    "Triton Ragged (ours)": [
      0.14234,
      0.04301,
      0.02662,
      0.34714,
      0.08,
      0.02781
    ],
    "FlashAttention-2 (varlen)": [
      0.11878,
      0.06051,
      0.06144,
      0.26931,
      0.07373,
      0.06144
    ]
  }
}