{
  "gpu": "NVIDIA RTX 4000 Ada Generation",
  "sm": "SM89",
  "timing": "cuda_events_median_ms",
  "warmup": 50,
  "jit_warmup": 150,
  "iters": 300,
  "configs": [
    "BS=32, 0% pruned",
    "BS=32, 50% pruned",
    "BS=32, 80% pruned",
    "BS=64, 0% pruned",
    "BS=64, 50% pruned",
    "BS=64, 80% pruned"
  ],
  "kernels": {
    "SDPA (math, padded)": [
      5.36166,
      2.56506,
      2.08093,
      10.85019,
      5.83131,
      4.16771
    ],
    "SDPA (efficient, padded)": [
      2.21798,
      1.99475,
      1.94251,
      4.36429,
      3.79376,
      3.59131
    ],
    "SDPA (flash, padded)": [
      2.10739,
      1.95162,
      1.93434,
      4.18758,
      3.78586,
      3.67667
    ],
    "NestedTensor + SDPA": [
      8.8663,
      8.7927,
      8.57858,
      16.74021,
      16.48946,
      16.36315
    ],
    "Triton Ragged (ours)": [
      0.13619,
      0.04198,
      0.02355,
      0.34406,
      0.07987,
      0.02765
    ],
    "FlashAttention-2 (varlen)": [
      0.11162,
      0.04813,
      0.0471,
      0.25395,
      0.07168,
      0.06042
    ]
  },
  "p5": {
    "SDPA (math, padded)": [
      5.28384,
      2.55152,
      2.0695,
      10.77965,
      5.74157,
      4.03181
    ],
    "SDPA (efficient, padded)": [
      2.1095,
      1.95994,
      1.92922,
      4.08861,
      3.65805,
      3.50422
    ],
    "SDPA (flash, padded)": [
      2.08896,
      1.93952,
      1.92384,
      4.17146,
      3.6455,
      3.54304
    ],
    "NestedTensor + SDPA": [
      8.67734,
      8.70438,
      8.51325,
      16.3287,
      16.11264,
      15.99376
    ],
    "Triton Ragged (ours)": [
      0.13517,
      0.04096,
      0.02355,
      0.33075,
      0.07885,
      0.02662
    ],
    "FlashAttention-2 (varlen)": [
      0.11059,
      0.04608,
      0.04506,
      0.25293,
      0.07066,
      0.05939
    ]
  },
  "p95": {
    "SDPA (math, padded)": [
      5.42726,
      2.59456,
      2.14531,
      10.97456,
      5.91325,
      4.24573
    ],
    "SDPA (efficient, padded)": [
      2.23744,
      2.00787,
      2.01603,
      4.5129,
      4.00182,
      3.7376
    ],
    "SDPA (flash, padded)": [
      2.17674,
      2.01907,
      1.94765,
      4.3233,
      3.80832,
      3.76637
    ],
    "NestedTensor + SDPA": [
      9.33478,
      9.22317,
      8.80656,
      17.39754,
      17.32915,
      17.10922
    ],
    "Triton Ragged (ours)": [
      0.13722,
      0.04301,
      0.0247,
      0.34714,
      0.07987,
      0.02781
    ],
    "FlashAttention-2 (varlen)": [
      0.11197,
      0.05053,
      0.04915,
      0.27034,
      0.07373,
      0.06144
    ]
  }
}