{
  "gpu": "NVIDIA RTX 4000 Ada Generation",
  "sm": "SM89",
  "timing": "cuda_events_median_ms",
  "warmup": 50,
  "jit_warmup": 150,
  "iters": 300,
  "configs": [
    "BS=32, 0% pruned",
    "BS=32, 50% pruned",
    "BS=32, 80% pruned",
    "BS=64, 0% pruned",
    "BS=64, 50% pruned",
    "BS=64, 80% pruned"
  ],
  "kernels": {
    "SDPA (math, padded)": [
      5.3792,
      2.65208,
      2.1567,
      10.98406,
      5.86304,
      4.22485
    ],
    "SDPA (efficient, padded)": [
      2.19555,
      1.96227,
      1.86973,
      4.31507,
      3.90098,
      3.71939
    ],
    "SDPA (flash, padded)": [
      2.07518,
      1.86061,
      1.8328,
      4.04702,
      3.83536,
      3.7273
    ],
    "NestedTensor + SDPA": [
      9.2471,
      9.21438,
      9.17162,
      17.61746,
      17.29387,
      17.11734
    ],
    "Triton Ragged (ours)": [
      0.13926,
      0.04198,
      0.02355,
      0.34714,
      0.07987,
      0.02765
    ],
    "FlashAttention-2 (varlen)": [
      0.11366,
      0.0512,
      0.0471,
      0.26555,
      0.0727,
      0.06042
    ]
  },
  "p5": {
    "SDPA (math, padded)": [
      5.30022,
      2.5735,
      2.07974,
      10.62637,
      5.70534,
      4.07238
    ],
    "SDPA (efficient, padded)": [
      2.12275,
      1.88714,
      1.80211,
      4.17101,
      3.72736,
      3.51027
    ],
    "SDPA (flash, padded)": [
      1.99712,
      1.84298,
      1.78483,
      3.90246,
      3.68538,
      3.51674
    ],
    "NestedTensor + SDPA": [
      8.83574,
      8.76102,
      8.73347,
      16.80461,
      16.57971,
      16.48246
    ],
    "Triton Ragged (ours)": [
      0.13619,
      0.04096,
      0.01536,
      0.33693,
      0.07885,
      0.02662
    ],
    "FlashAttention-2 (varlen)": [
      0.11264,
      0.05018,
      0.03277,
      0.25293,
      0.07168,
      0.05939
    ]
  },
  "p95": {
    "SDPA (math, padded)": [
      5.94448,
      3.19898,
      2.70234,
      11.37958,
      6.40938,
      4.7889
    ],
    "SDPA (efficient, padded)": [
      2.7585,
      2.49738,
      2.38589,
      4.85069,
      4.45069,
      4.2455
    ],
    "SDPA (flash, padded)": [
      2.62963,
      2.43405,
      2.11642,
      4.60771,
      4.41344,
      4.28954
    ],
    "NestedTensor + SDPA": [
      9.72877,
      9.6408,
      9.59318,
      18.24256,
      17.95885,
      17.7367
    ],
    "Triton Ragged (ours)": [
      0.14131,
      0.04301,
      0.0256,
      0.35021,
      0.07987,
      0.02768
    ],
    "FlashAttention-2 (varlen)": [
      0.1239,
      0.05427,
      0.05018,
      0.26726,
      0.07475,
      0.06144
    ]
  }
}