{
  "gpu": "NVIDIA RTX 4000 Ada Generation",
  "sm": "SM89",
  "timing": "cuda_events_median_ms",
  "warmup": 50,
  "jit_warmup": 150,
  "iters": 300,
  "configs": [
    "BS=32, 0% pruned",
    "BS=32, 50% pruned",
    "BS=32, 80% pruned",
    "BS=64, 0% pruned",
    "BS=64, 50% pruned",
    "BS=64, 80% pruned"
  ],
  "kernels": {
    "SDPA (math, padded)": [
      5.29787,
      2.56922,
      2.07667,
      10.62002,
      5.69019,
      4.07854
    ],
    "SDPA (efficient, padded)": [
      2.1248,
      1.88621,
      1.83514,
      4.1764,
      3.77155,
      3.58502
    ],
    "SDPA (flash, padded)": [
      2.00174,
      1.90558,
      1.83259,
      3.97824,
      3.82566,
      3.58898
    ],
    "NestedTensor + SDPA": [
      8.8529,
      8.79005,
      8.75218,
      16.81413,
      17.2832,
      16.48123
    ],
    "Triton Ragged (ours)": [
      0.13619,
      0.04198,
      0.02355,
      0.34509,
      0.07987,
      0.02765
    ],
    "FlashAttention-2 (varlen)": [
      0.1117,
      0.0512,
      0.04813,
      0.26829,
      0.07168,
      0.06042
    ]
  },
  "p5": {
    "SDPA (math, padded)": [
      5.27053,
      2.55795,
      2.04678,
      10.53046,
      5.66477,
      4.0608
    ],
    "SDPA (efficient, padded)": [
      2.11021,
      1.8799,
      1.82506,
      4.15552,
      3.75603,
      3.56778
    ],
    "SDPA (flash, padded)": [
      1.9927,
      1.83731,
      1.82352,
      3.96288,
      3.68426,
      3.5673
    ],
    "NestedTensor + SDPA": [
      8.77158,
      8.69296,
      8.5737,
      16.70323,
      16.29421,
      16.36115
    ],
    "Triton Ragged (ours)": [
      0.13517,
      0.04096,
      0.02253,
      0.3328,
      0.07885,
      0.02662
    ],
    "FlashAttention-2 (varlen)": [
      0.11059,
      0.04928,
      0.0471,
      0.25293,
      0.07066,
      0.05939
    ]
  },
  "p95": {
    "SDPA (math, padded)": [
      5.36192,
      2.58429,
      2.15107,
      10.74995,
      5.82256,
      4.17376
    ],
    "SDPA (efficient, padded)": [
      2.19046,
      1.95082,
      1.90557,
      4.31309,
      3.91373,
      3.59658
    ],
    "SDPA (flash, padded)": [
      2.01114,
      1.91814,
      1.90781,
      4.11632,
      3.84093,
      4.49331
    ],
    "NestedTensor + SDPA": [
      9.27603,
      9.35008,
      8.832,
      18.0143,
      17.50925,
      17.32794
    ],
    "Triton Ragged (ours)": [
      0.13722,
      0.04301,
      0.02458,
      0.34714,
      0.07987,
      0.02781
    ],
    "FlashAttention-2 (varlen)": [
      0.12288,
      0.05427,
      0.05018,
      0.27034,
      0.07197,
      0.06144
    ]
  }
}