{
  "gpu": "NVIDIA RTX 4000 Ada Generation",
  "sm": "SM89",
  "timing": "cuda_events_median_ms",
  "warmup": 50,
  "jit_warmup": 150,
  "iters": 300,
  "configs": [
    "BS=32, 0% pruned",
    "BS=32, 50% pruned",
    "BS=32, 80% pruned",
    "BS=64, 0% pruned",
    "BS=64, 50% pruned",
    "BS=64, 80% pruned"
  ],
  "kernels": {
    "SDPA (math, padded)": [
      5.38059,
      2.66525,
      2.16701,
      10.86259,
      5.86598,
      4.24712
    ],
    "SDPA (efficient, padded)": [
      2.13506,
      1.98446,
      1.92136,
      4.36634,
      3.96648,
      3.73811
    ],
    "SDPA (flash, padded)": [
      2.07872,
      1.88728,
      1.92328,
      4.15853,
      3.86952,
      3.75986
    ],
    "NestedTensor + SDPA": [
      9.21504,
      9.15354,
      9.16654,
      17.55691,
      17.21293,
      17.12246
    ],
    "Triton Ragged (ours)": [
      0.13722,
      0.04198,
      0.02355,
      0.34611,
      0.07987,
      0.02765
    ],
    "FlashAttention-2 (varlen)": [
      0.11366,
      0.05222,
      0.0512,
      0.25395,
      0.0727,
      0.06042
    ]
  },
  "p5": {
    "SDPA (math, padded)": [
      5.29523,
      2.5904,
      2.14835,
      10.65597,
      5.72518,
      4.0889
    ],
    "SDPA (efficient, padded)": [
      2.12112,
      1.90669,
      1.8432,
      4.30266,
      3.91402,
      3.59936
    ],
    "SDPA (flash, padded)": [
      2.00118,
      1.82067,
      1.84394,
      4.00294,
      3.72019,
      3.61677
    ],
    "NestedTensor + SDPA": [
      8.7769,
      8.70979,
      8.71971,
      16.67277,
      16.50995,
      16.34941
    ],
    "Triton Ragged (ours)": [
      0.13619,
      0.04096,
      0.02253,
      0.33587,
      0.07885,
      0.02662
    ],
    "FlashAttention-2 (varlen)": [
      0.11264,
      0.03686,
      0.03379,
      0.25213,
      0.07168,
      0.05978
    ]
  },
  "p95": {
    "SDPA (math, padded)": [
      5.89219,
      3.1959,
      2.70029,
      11.40669,
      6.40067,
      4.79616
    ],
    "SDPA (efficient, padded)": [
      2.67469,
      2.49155,
      2.4576,
      4.90986,
      4.5216,
      4.27827
    ],
    "SDPA (flash, padded)": [
      2.6368,
      2.432,
      2.42381,
      4.71459,
      4.41958,
      4.29888
    ],
    "NestedTensor + SDPA": [
      9.71325,
      9.64534,
      9.71949,
      18.1767,
      17.81248,
      17.80006
    ],
    "Triton Ragged (ours)": [
      0.14234,
      0.04301,
      0.02458,
      0.35021,
      0.07987,
      0.02781
    ],
    "FlashAttention-2 (varlen)": [
      0.11776,
      0.0553,
      0.0543,
      0.26931,
      0.07373,
      0.06144
    ]
  }
}