{
  "gpu": "NVIDIA RTX 4000 Ada Generation",
  "sm": "SM89",
  "timing": "cuda_events_median_ms",
  "warmup": 50,
  "jit_warmup": 150,
  "iters": 300,
  "configs": [
    "BS=32, 0% pruned",
    "BS=32, 50% pruned",
    "BS=32, 80% pruned",
    "BS=64, 0% pruned",
    "BS=64, 50% pruned",
    "BS=64, 80% pruned"
  ],
  "kernels": {
    "SDPA (math, padded)": [
      5.34886,
      2.61734,
      2.11866,
      10.63219,
      5.7416,
      4.06107
    ],
    "SDPA (efficient, padded)": [
      2.23541,
      2.01722,
      1.81757,
      4.1643,
      4.00589,
      3.56149
    ],
    "SDPA (flash, padded)": [
      2.12165,
      1.9753,
      1.81338,
      3.9708,
      3.91987,
      3.5747
    ],
    "NestedTensor + SDPA": [
      9.22779,
      9.1644,
      9.07042,
      16.72792,
      16.46984,
      17.1433
    ],
    "Triton Ragged (ours)": [
      0.13722,
      0.04198,
      0.0256,
      0.34626,
      0.07987,
      0.02765
    ],
    "FlashAttention-2 (varlen)": [
      0.11162,
      0.0512,
      0.05222,
      0.26792,
      0.07168,
      0.06042
    ]
  },
  "p5": {
    "SDPA (math, padded)": [
      5.25936,
      2.59594,
      2.10022,
      10.58406,
      5.62726,
      3.9721
    ],
    "SDPA (efficient, padded)": [
      2.20643,
      2.00602,
      1.78694,
      4.14003,
      3.98438,
      3.54816
    ],
    "SDPA (flash, padded)": [
      2.10934,
      1.95379,
      1.80634,
      3.94854,
      3.74784,
      3.55971
    ],
    "NestedTensor + SDPA": [
      8.80947,
      8.69293,
      8.65581,
      16.4681,
      16.33075,
      16.3001
    ],
    "Triton Ragged (ours)": [
      0.13619,
      0.04096,
      0.02458,
      0.33728,
      0.07885,
      0.02765
    ],
    "FlashAttention-2 (varlen)": [
      0.11162,
      0.04915,
      0.05018,
      0.25395,
      0.07168,
      0.06042
    ]
  },
  "p95": {
    "SDPA (math, padded)": [
      5.43437,
      2.70234,
      2.19728,
      10.73562,
      5.83475,
      4.20557
    ],
    "SDPA (efficient, padded)": [
      2.25792,
      2.08723,
      1.82989,
      4.3017,
      4.14176,
      3.69754
    ],
    "SDPA (flash, padded)": [
      2.1975,
      2.03878,
      1.82336,
      4.11098,
      4.04784,
      3.712
    ],
    "NestedTensor + SDPA": [
      9.51402,
      9.44845,
      9.36448,
      17.54938,
      17.30355,
      17.62611
    ],
    "Triton Ragged (ours)": [
      0.13926,
      0.04301,
      0.02662,
      0.34938,
      0.07987,
      0.02867
    ],
    "FlashAttention-2 (varlen)": [
      0.11366,
      0.05427,
      0.05427,
      0.26963,
      0.07274,
      0.06144
    ]
  }
}