{
  "gpu": "NVIDIA RTX 4000 Ada Generation",
  "sm": "SM89",
  "timing": "cuda_events_median_ms",
  "warmup": 50,
  "jit_warmup": 150,
  "iters": 300,
  "configs": [
    "BS=32, 0% pruned",
    "BS=32, 50% pruned",
    "BS=32, 80% pruned",
    "BS=64, 0% pruned",
    "BS=64, 50% pruned",
    "BS=64, 80% pruned"
  ],
  "kernels": {
    "SDPA (math, padded)": [
      5.31646,
      2.59686,
      2.08541,
      10.63074,
      5.75162,
      4.06016
    ],
    "SDPA (efficient, padded)": [
      2.08798,
      1.96221,
      1.86779,
      4.16802,
      3.76299,
      3.56546
    ],
    "SDPA (flash, padded)": [
      1.98965,
      1.83123,
      1.832,
      3.9629,
      3.68198,
      3.81837
    ],
    "NestedTensor + SDPA": [
      9.35424,
      9.20371,
      9.22992,
      17.58509,
      17.4144,
      17.41208
    ],
    "Triton Ragged (ours)": [
      0.13619,
      0.04198,
      0.02355,
      0.34202,
      0.07987,
      0.02765
    ],
    "FlashAttention-2 (varlen)": [
      0.11162,
      0.05325,
      0.05261,
      0.26419,
      0.07168,
      0.06042
    ]
  },
  "p5": {
    "SDPA (math, padded)": [
      5.28179,
      2.56336,
      2.06934,
      10.58611,
      5.66579,
      4.04282
    ],
    "SDPA (efficient, padded)": [
      2.07462,
      1.88723,
      1.79091,
      4.14822,
      3.67027,
      3.4849
    ],
    "SDPA (flash, padded)": [
      1.94662,
      1.80326,
      1.79526,
      3.88029,
      3.62099,
      3.53373
    ],
    "NestedTensor + SDPA": [
      9.26906,
      8.99168,
      9.14963,
      17.37712,
      17.23802,
      17.20461
    ],
    "Triton Ragged (ours)": [
      0.13517,
      0.04096,
      0.02253,
      0.33178,
      0.07885,
      0.02688
    ],
    "FlashAttention-2 (varlen)": [
      0.11059,
      0.0512,
      0.0512,
      0.2519,
      0.07066,
      0.05939
    ]
  },
  "p95": {
    "SDPA (math, padded)": [
      5.36064,
      2.65216,
      2.15347,
      10.74656,
      5.88595,
      4.19424
    ],
    "SDPA (efficient, padded)": [
      2.12205,
      2.00806,
      1.95174,
      4.31002,
      3.82675,
      3.70176
    ],
    "SDPA (flash, padded)": [
      2.01626,
      1.84669,
      1.90259,
      4.00963,
      3.81024,
      3.95776
    ],
    "NestedTensor + SDPA": [
      9.83264,
      9.28973,
      9.88298,
      18.5385,
      18.2825,
      18.21491
    ],
    "Triton Ragged (ours)": [
      0.13722,
      0.04237,
      0.02458,
      0.34406,
      0.07987,
      0.02867
    ],
    "FlashAttention-2 (varlen)": [
      0.12218,
      0.05632,
      0.0553,
      0.26624,
      0.07395,
      0.06144
    ]
  }
}