{
  "gpu": "NVIDIA RTX 4000 Ada Generation",
  "sm": "SM89",
  "timing": "cuda_events_median_ms",
  "warmup": 50,
  "jit_warmup": 150,
  "iters": 300,
  "configs": [
    "BS=32, 0% pruned",
    "BS=32, 50% pruned",
    "BS=32, 80% pruned",
    "BS=64, 0% pruned",
    "BS=64, 50% pruned",
    "BS=64, 80% pruned"
  ],
  "kernels": {
    "SDPA (math, padded)": [
      5.40168,
      2.64274,
      2.14942,
      10.80621,
      5.80744,
      4.21968
    ],
    "SDPA (efficient, padded)": [
      2.24461,
      1.9373,
      1.89818,
      4.18101,
      3.89933,
      3.71302
    ],
    "SDPA (flash, padded)": [
      2.03822,
      1.92829,
      1.89747,
      4.11397,
      3.83078,
      3.73346
    ],
    "NestedTensor + SDPA": [
      9.1495,
      9.25394,
      9.08803,
      17.31416,
      17.22251,
      17.11246
    ],
    "Triton Ragged (ours)": [
      0.14029,
      0.04198,
      0.0256,
      0.34611,
      0.07987,
      0.02765
    ],
    "FlashAttention-2 (varlen)": [
      0.11366,
      0.05134,
      0.04728,
      0.25907,
      0.07168,
      0.06042
    ]
  },
  "p5": {
    "SDPA (math, padded)": [
      5.2992,
      2.57331,
      2.07667,
      10.62112,
      5.69728,
      4.06835
    ],
    "SDPA (efficient, padded)": [
      2.17395,
      1.89402,
      1.83203,
      4.15811,
      3.76333,
      3.56858
    ],
    "SDPA (flash, padded)": [
      2.00397,
      1.85856,
      1.82451,
      3.9687,
      3.68717,
      3.59424
    ],
    "NestedTensor + SDPA": [
      8.81766,
      8.78797,
      8.70605,
      16.70042,
      16.56013,
      16.49574
    ],
    "Triton Ragged (ours)": [
      0.13619,
      0.04141,
      0.02458,
      0.33587,
      0.07885,
      0.02662
    ],
    "FlashAttention-2 (varlen)": [
      0.11264,
      0.03686,
      0.04608,
      0.2519,
      0.07066,
      0.05939
    ]
  },
  "p95": {
    "SDPA (math, padded)": [
      5.92486,
      3.16128,
      2.67645,
      11.34365,
      6.33338,
      4.7401
    ],
    "SDPA (efficient, padded)": [
      2.77811,
      2.50061,
      2.38266,
      4.77363,
      4.47078,
      4.27814
    ],
    "SDPA (flash, padded)": [
      2.59194,
      2.42288,
      2.41664,
      4.64691,
      4.37008,
      4.30995
    ],
    "NestedTensor + SDPA": [
      9.65632,
      9.75565,
      9.508,
      18.01626,
      17.85786,
      17.85139
    ],
    "Triton Ragged (ours)": [
      0.14131,
      0.04301,
      0.02662,
      0.34918,
      0.08,
      0.02787
    ],
    "FlashAttention-2 (varlen)": [
      0.11469,
      0.05427,
      0.0504,
      0.27034,
      0.07475,
      0.06144
    ]
  }
}