{
  "gpu": "NVIDIA RTX 4000 Ada Generation",
  "sm": "SM89",
  "timing": "cuda_events_median_ms",
  "warmup": 50,
  "jit_warmup": 150,
  "iters": 300,
  "configs": [
    "BS=32, 0% pruned",
    "BS=32, 50% pruned",
    "BS=32, 80% pruned",
    "BS=64, 0% pruned",
    "BS=64, 50% pruned",
    "BS=64, 80% pruned"
  ],
  "kernels": {
    "SDPA (math, padded)": [
      5.37418,
      2.59365,
      2.09214,
      10.7951,
      5.74936,
      4.08474
    ],
    "SDPA (efficient, padded)": [
      2.13779,
      1.89542,
      1.83578,
      4.18418,
      3.78576,
      3.59294
    ],
    "SDPA (flash, padded)": [
      2.01101,
      1.85246,
      1.86803,
      3.97848,
      3.70483,
      3.60445
    ],
    "NestedTensor + SDPA": [
      9.00227,
      9.27187,
      9.24773,
      16.99638,
      16.70168,
      16.58726
    ],
    "Triton Ragged (ours)": [
      0.13722,
      0.04198,
      0.0256,
      0.34509,
      0.07987,
      0.02765
    ],
    "FlashAttention-2 (varlen)": [
      0.11162,
      0.05018,
      0.05018,
      0.25293,
      0.07187,
      0.06042
    ]
  },
  "p5": {
    "SDPA (math, padded)": [
      5.29811,
      2.58048,
      2.0503,
      10.64141,
      5.71501,
      4.02227
    ],
    "SDPA (efficient, padded)": [
      2.12509,
      1.88522,
      1.79478,
      4.15539,
      3.77242,
      3.57888
    ],
    "SDPA (flash, padded)": [
      2.00083,
      1.81866,
      1.78893,
      3.88915,
      3.61174,
      3.51146
    ],
    "NestedTensor + SDPA": [
      8.80026,
      8.81578,
      8.77264,
      16.75702,
      16.54963,
      16.48128
    ],
    "Triton Ragged (ours)": [
      0.13517,
      0.04096,
      0.02458,
      0.33792,
      0.07885,
      0.02704
    ],
    "FlashAttention-2 (varlen)": [
      0.11162,
      0.04813,
      0.04915,
      0.2519,
      0.07168,
      0.06042
    ]
  },
  "p95": {
    "SDPA (math, padded)": [
      5.42099,
      3.04736,
      2.16678,
      10.92198,
      5.88806,
      4.23322
    ],
    "SDPA (efficient, padded)": [
      2.23437,
      1.97325,
      1.9383,
      4.32128,
      3.92192,
      3.73776
    ],
    "SDPA (flash, padded)": [
      2.1119,
      1.92102,
      1.91936,
      4.18918,
      3.85334,
      3.74186
    ],
    "NestedTensor + SDPA": [
      9.65808,
      9.52422,
      9.54378,
      17.75744,
      17.51782,
      17.3991
    ],
    "Triton Ragged (ours)": [
      0.13824,
      0.04301,
      0.02691,
      0.34714,
      0.08006,
      0.02867
    ],
    "FlashAttention-2 (varlen)": [
      0.11264,
      0.05427,
      0.05427,
      0.26726,
      0.07578,
      0.06144
    ]
  }
}