{
  "gpu": "NVIDIA RTX 4000 Ada Generation",
  "sm": "SM89",
  "timing": "cuda_events_median_ms",
  "warmup": 50,
  "jit_warmup": 150,
  "iters": 300,
  "configs": [
    "BS=32, 0% pruned",
    "BS=32, 50% pruned",
    "BS=32, 80% pruned",
    "BS=64, 0% pruned",
    "BS=64, 50% pruned",
    "BS=64, 80% pruned"
  ],
  "kernels": {
    "SDPA (math, padded)": [
      5.33094,
      2.62942,
      2.06536,
      10.70746,
      5.67104,
      4.18754
    ],
    "SDPA (efficient, padded)": [
      2.24349,
      1.89243,
      1.82398,
      4.16782,
      3.77037,
      3.71554
    ],
    "SDPA (flash, padded)": [
      2.11752,
      1.90939,
      1.82666,
      4.06544,
      3.80712,
      3.70163
    ],
    "NestedTensor + SDPA": [
      9.35731,
      9.24251,
      9.24186,
      17.62715,
      17.48634,
      17.37062
    ],
    "Triton Ragged (ours)": [
      0.13619,
      0.04198,
      0.02355,
      0.3443,
      0.07987,
      0.02765
    ],
    "FlashAttention-2 (varlen)": [
      0.11162,
      0.05442,
      0.05427,
      0.26214,
      0.07168,
      0.06042
    ]
  },
  "p5": {
    "SDPA (math, padded)": [
      5.3024,
      2.5393,
      2.05722,
      10.58918,
      5.6535,
      4.04586
    ],
    "SDPA (efficient, padded)": [
      2.20755,
      1.84422,
      1.8144,
      4.14925,
      3.75296,
      3.67514
    ],
    "SDPA (flash, padded)": [
      2.10746,
      1.8432,
      1.81965,
      3.93421,
      3.67123,
      3.55398
    ],
    "NestedTensor + SDPA": [
      9.27846,
      9.17613,
      9.1607,
      17.45834,
      17.00966,
      16.91853
    ],
    "Triton Ragged (ours)": [
      0.13517,
      0.04096,
      0.02253,
      0.33178,
      0.07885,
      0.02662
    ],
    "FlashAttention-2 (varlen)": [
      0.11059,
      0.05325,
      0.05325,
      0.25293,
      0.07066,
      0.05939
    ]
  },
  "p95": {
    "SDPA (math, padded)": [
      5.40938,
      2.67302,
      2.07667,
      10.80525,
      5.81107,
      4.27827
    ],
    "SDPA (efficient, padded)": [
      2.26589,
      1.95885,
      1.83808,
      4.30691,
      3.79187,
      3.7793
    ],
    "SDPA (flash, padded)": [
      2.13098,
      1.9497,
      1.84835,
      4.16256,
      3.83475,
      3.72032
    ],
    "NestedTensor + SDPA": [
      9.8704,
      9.66144,
      9.70925,
      18.47808,
      18.35731,
      18.1975
    ],
    "Triton Ragged (ours)": [
      0.13722,
      0.04218,
      0.0256,
      0.34714,
      0.07987,
      0.02784
    ],
    "FlashAttention-2 (varlen)": [
      0.11264,
      0.05632,
      0.05734,
      0.27034,
      0.07187,
      0.06144
    ]
  }
}