{
  "gpu": "NVIDIA RTX 4000 Ada Generation",
  "sm": "SM89",
  "timing": "cuda_events_median_ms",
  "warmup": 50,
  "jit_warmup": 150,
  "iters": 300,
  "configs": [
    "BS=32, 0% pruned",
    "BS=32, 50% pruned",
    "BS=32, 80% pruned",
    "BS=64, 0% pruned",
    "BS=64, 50% pruned",
    "BS=64, 80% pruned"
  ],
  "kernels": {
    "SDPA (math, padded)": [
      5.30637,
      2.64106,
      2.07768,
      10.69774,
      5.86363,
      4.16216
    ],
    "SDPA (efficient, padded)": [
      2.1241,
      1.89088,
      1.90502,
      4.28762,
      4.02014,
      3.82157
    ],
    "SDPA (flash, padded)": [
      1.99728,
      1.85984,
      1.8268,
      4.23117,
      3.94934,
      3.83691
    ],
    "NestedTensor + SDPA": [
      9.37421,
      8.87798,
      9.24779,
      16.96,
      16.72283,
      17.19824
    ],
    "Triton Ragged (ours)": [
      0.13722,
      0.04198,
      0.02458,
      0.34509,
      0.07987,
      0.02765
    ],
    "FlashAttention-2 (varlen)": [
      0.11264,
      0.04915,
      0.05222,
      0.26931,
      0.07206,
      0.06067
    ]
  },
  "p5": {
    "SDPA (math, padded)": [
      5.2521,
      2.56714,
      2.06746,
      10.57894,
      5.63395,
      4.11517
    ],
    "SDPA (efficient, padded)": [
      2.1129,
      1.87882,
      1.84758,
      4.14589,
      3.99789,
      3.80211
    ],
    "SDPA (flash, padded)": [
      1.98163,
      1.83597,
      1.78995,
      4.20762,
      3.92499,
      3.8185
    ],
    "NestedTensor + SDPA": [
      8.92723,
      8.75213,
      8.79738,
      16.81715,
      16.55952,
      16.5376
    ],
    "Triton Ragged (ours)": [
      0.13619,
      0.04096,
      0.02355,
      0.33894,
      0.07885,
      0.02765
    ],
    "FlashAttention-2 (varlen)": [
      0.11162,
      0.0471,
      0.05018,
      0.25293,
      0.07168,
      0.06042
    ]
  },
  "p95": {
    "SDPA (math, padded)": [
      5.3752,
      2.65552,
      2.1545,
      10.76736,
      5.97021,
      4.29978
    ],
    "SDPA (efficient, padded)": [
      2.19341,
      1.96915,
      1.94957,
      4.54122,
      4.15642,
      3.95587
    ],
    "SDPA (flash, padded)": [
      2.09949,
      1.95568,
      1.8968,
      4.37229,
      4.1512,
      3.9671
    ],
    "NestedTensor + SDPA": [
      9.61638,
      9.34202,
      9.49312,
      17.74899,
      17.53216,
      17.81242
    ],
    "Triton Ragged (ours)": [
      0.13926,
      0.04301,
      0.02582,
      0.34838,
      0.07994,
      0.02867
    ],
    "FlashAttention-2 (varlen)": [
      0.12288,
      0.05139,
      0.0553,
      0.27136,
      0.07578,
      0.06144
    ]
  }
}