{
  "gpu": "NVIDIA RTX 4000 Ada Generation",
  "sm": "SM89",
  "timing": "cuda_events_median_ms",
  "warmup": 50,
  "jit_warmup": 150,
  "iters": 300,
  "configs": [
    "BS=32, 0% pruned",
    "BS=32, 50% pruned",
    "BS=32, 80% pruned",
    "BS=64, 0% pruned",
    "BS=64, 50% pruned",
    "BS=64, 80% pruned"
  ],
  "kernels": {
    "SDPA (math, padded)": [
      5.35789,
      2.66035,
      2.16154,
      10.95834,
      5.86187,
      4.2752
    ],
    "SDPA (efficient, padded)": [
      2.17443,
      1.97605,
      1.91061,
      4.42389,
      4.00122,
      3.78525
    ],
    "SDPA (flash, padded)": [
      2.02048,
      1.93032,
      1.874,
      4.37454,
      3.97018,
      3.96595
    ],
    "NestedTensor + SDPA": [
      9.41611,
      9.0153,
      9.27326,
      17.72013,
      17.30493,
      17.34106
    ],
    "Triton Ragged (ours)": [
      0.13722,
      0.04198,
      0.02472,
      0.34509,
      0.07987,
      0.02765
    ],
    "FlashAttention-2 (varlen)": [
      0.11366,
      0.0512,
      0.0512,
      0.26419,
      0.0727,
      0.06042
    ]
  },
  "p5": {
    "SDPA (math, padded)": [
      5.28557,
      2.56512,
      2.08278,
      10.68544,
      5.72109,
      4.13248
    ],
    "SDPA (efficient, padded)": [
      2.13299,
      1.90144,
      1.83603,
      4.22093,
      3.83693,
      3.68621
    ],
    "SDPA (flash, padded)": [
      1.99299,
      1.8647,
      1.82877,
      4.16173,
      3.87686,
      3.72445
    ],
    "NestedTensor + SDPA": [
      8.94554,
      8.84957,
      8.82483,
      16.98202,
      16.76771,
      16.57651
    ],
    "Triton Ragged (ours)": [
      0.13619,
      0.04198,
      0.02458,
      0.33587,
      0.07885,
      0.02662
    ],
    "FlashAttention-2 (varlen)": [
      0.11264,
      0.03686,
      0.04915,
      0.25533,
      0.07168,
      0.05939
    ]
  },
  "p95": {
    "SDPA (math, padded)": [
      5.89312,
      3.18678,
      2.66992,
      11.41453,
      6.37549,
      4.8559
    ],
    "SDPA (efficient, padded)": [
      2.6944,
      2.51491,
      2.41264,
      4.94163,
      4.5199,
      4.39472
    ],
    "SDPA (flash, padded)": [
      2.53674,
      2.45056,
      2.44525,
      4.8991,
      4.64291,
      4.54349
    ],
    "NestedTensor + SDPA": [
      9.95123,
      9.65018,
      9.76515,
      18.34704,
      18.10842,
      17.98531
    ],
    "Triton Ragged (ours)": [
      0.13824,
      0.04301,
      0.02595,
      0.34816,
      0.08,
      0.02784
    ],
    "FlashAttention-2 (varlen)": [
      0.1239,
      0.05427,
      0.05325,
      0.26624,
      0.07475,
      0.06144
    ]
  }
}