{
  "gpu": "NVIDIA RTX 4000 Ada Generation",
  "sm": "SM89",
  "timing": "cuda_events_median_ms",
  "warmup": 50,
  "jit_warmup": 150,
  "iters": 300,
  "configs": [
    "BS=32, 0% pruned",
    "BS=32, 50% pruned",
    "BS=32, 80% pruned",
    "BS=64, 0% pruned",
    "BS=64, 50% pruned",
    "BS=64, 80% pruned"
  ],
  "kernels": {
    "SDPA (math, padded)": [
      5.2949,
      2.5641,
      2.03162,
      10.63731,
      5.80371,
      4.05914
    ],
    "SDPA (efficient, padded)": [
      2.10637,
      1.88008,
      1.79013,
      4.15096,
      3.75814,
      3.5584
    ],
    "SDPA (flash, padded)": [
      1.98466,
      1.81557,
      1.82368,
      4.1488,
      3.75254,
      3.56382
    ],
    "NestedTensor + SDPA": [
      8.91454,
      8.92418,
      9.28357,
      16.97285,
      17.28768,
      16.6139
    ],
    "Triton Ragged (ours)": [
      0.13619,
      0.04198,
      0.02458,
      0.34406,
      0.07987,
      0.02765
    ],
    "FlashAttention-2 (varlen)": [
      0.11162,
      0.05222,
      0.0512,
      0.25395,
      0.07168,
      0.06042
    ]
  },
  "p5": {
    "SDPA (math, padded)": [
      5.25414,
      2.55488,
      2.02157,
      10.58214,
      5.66272,
      4.00083
    ],
    "SDPA (efficient, padded)": [
      2.09539,
      1.85011,
      1.77869,
      4.096,
      3.74477,
      3.5369
    ],
    "SDPA (flash, padded)": [
      1.97219,
      1.80048,
      1.81155,
      3.93792,
      3.61648,
      3.49594
    ],
    "NestedTensor + SDPA": [
      8.83507,
      8.79309,
      8.82979,
      16.81402,
      16.53766,
      16.27853
    ],
    "Triton Ragged (ours)": [
      0.13517,
      0.04096,
      0.02458,
      0.33178,
      0.07885,
      0.02662
    ],
    "FlashAttention-2 (varlen)": [
      0.11059,
      0.0512,
      0.05018,
      0.25293,
      0.07066,
      0.05939
    ]
  },
  "p95": {
    "SDPA (math, padded)": [
      5.34426,
      2.57821,
      2.13197,
      10.68339,
      5.86826,
      4.26086
    ],
    "SDPA (efficient, padded)": [
      2.12208,
      1.8903,
      1.93216,
      4.2848,
      3.77373,
      3.57542
    ],
    "SDPA (flash, padded)": [
      2.0521,
      1.84096,
      1.92819,
      4.18176,
      3.82957,
      4.46342
    ],
    "NestedTensor + SDPA": [
      9.34019,
      9.42573,
      9.51501,
      17.78205,
      17.73363,
      17.49299
    ],
    "Triton Ragged (ours)": [
      0.13722,
      0.04301,
      0.02598,
      0.34714,
      0.07987,
      0.02781
    ],
    "FlashAttention-2 (varlen)": [
      0.11264,
      0.0553,
      0.05427,
      0.26934,
      0.07475,
      0.06144
    ]
  }
}