{
  "gpu": "NVIDIA RTX 4000 Ada Generation",
  "sm": "SM89",
  "timing": "cuda_events_median_ms",
  "warmup": 50,
  "jit_warmup": 150,
  "iters": 300,
  "configs": [
    "BS=32, 0% pruned",
    "BS=32, 50% pruned",
    "BS=32, 80% pruned",
    "BS=64, 0% pruned",
    "BS=64, 50% pruned",
    "BS=64, 80% pruned"
  ],
  "kernels": {
    "SDPA (math, padded)": [
      5.33624,
      2.57638,
      2.06752,
      10.62034,
      5.6912,
      4.03968
    ],
    "SDPA (efficient, padded)": [
      2.30304,
      1.9056,
      1.82902,
      4.27882,
      3.75194,
      3.54816
    ],
    "SDPA (flash, padded)": [
      2.18024,
      1.85139,
      1.93024,
      3.95362,
      3.67616,
      3.78643
    ],
    "NestedTensor + SDPA": [
      9.27499,
      9.24213,
      9.57027,
      17.53088,
      17.32709,
      17.40355
    ],
    "Triton Ragged (ours)": [
      0.13619,
      0.04198,
      0.02355,
      0.34714,
      0.07987,
      0.02765
    ],
    "FlashAttention-2 (varlen)": [
      0.11162,
      0.05427,
      0.0553,
      0.26726,
      0.0727,
      0.06042
    ]
  },
  "p5": {
    "SDPA (math, padded)": [
      5.31472,
      2.54563,
      2.03674,
      10.5257,
      5.64733,
      4.0233
    ],
    "SDPA (efficient, padded)": [
      2.23638,
      1.88826,
      1.79683,
      4.13693,
      3.68771,
      3.53485
    ],
    "SDPA (flash, padded)": [
      2.11667,
      1.84115,
      1.83178,
      3.93638,
      3.6609,
      3.76205
    ],
    "NestedTensor + SDPA": [
      9.21088,
      9.1409,
      9.12406,
      17.37011,
      17.13462,
      17.06099
    ],
    "Triton Ragged (ours)": [
      0.13517,
      0.04096,
      0.02253,
      0.33792,
      0.07885,
      0.02765
    ],
    "FlashAttention-2 (varlen)": [
      0.11059,
      0.05222,
      0.05325,
      0.25395,
      0.07168,
      0.06042
    ]
  },
  "p95": {
    "SDPA (math, padded)": [
      5.41872,
      2.6552,
      2.07974,
      10.73379,
      5.82022,
      4.18093
    ],
    "SDPA (efficient, padded)": [
      2.32982,
      1.97734,
      1.84218,
      4.42234,
      3.77245,
      3.68938
    ],
    "SDPA (flash, padded)": [
      2.22003,
      1.92512,
      1.95574,
      4.09117,
      3.81645,
      3.92531
    ],
    "NestedTensor + SDPA": [
      9.72288,
      9.81574,
      9.81744,
      18.79878,
      18.22208,
      18.11264
    ],
    "Triton Ragged (ours)": [
      0.13824,
      0.04237,
      0.02458,
      0.35021,
      0.07987,
      0.02867
    ],
    "FlashAttention-2 (varlen)": [
      0.11264,
      0.05632,
      0.05837,
      0.27034,
      0.07475,
      0.06144
    ]
  }
}