{
  "gpu": "NVIDIA RTX 4000 Ada Generation",
  "sm": "SM89",
  "timing": "cuda_events_median_ms",
  "warmup": 50,
  "jit_warmup": 150,
  "iters": 300,
  "configs": [
    "BS=32, 0% pruned",
    "BS=32, 50% pruned",
    "BS=32, 80% pruned",
    "BS=64, 0% pruned",
    "BS=64, 50% pruned",
    "BS=64, 80% pruned"
  ],
  "kernels": {
    "SDPA (math, padded)": [
      5.3525,
      2.65549,
      2.14075,
      10.79218,
      5.82962,
      4.12549
    ],
    "SDPA (efficient, padded)": [
      2.20072,
      1.98645,
      1.90586,
      4.19838,
      3.79602,
      3.73453
    ],
    "SDPA (flash, padded)": [
      2.03763,
      1.94613,
      1.90413,
      4.00342,
      3.89741,
      3.84349
    ],
    "NestedTensor + SDPA": [
      9.35538,
      9.13752,
      9.17717,
      17.31912,
      16.98307,
      17.24965
    ],
    "Triton Ragged (ours)": [
      0.14029,
      0.04198,
      0.02491,
      0.34509,
      0.07987,
      0.02765
    ],
    "FlashAttention-2 (varlen)": [
      0.11366,
      0.04915,
      0.04813,
      0.26624,
      0.0727,
      0.06042
    ]
  },
  "p5": {
    "SDPA (math, padded)": [
      5.27165,
      2.58429,
      2.07053,
      10.62128,
      5.62995,
      4.00358
    ],
    "SDPA (efficient, padded)": [
      2.12755,
      1.90237,
      1.83408,
      4.16275,
      3.75315,
      3.60339
    ],
    "SDPA (flash, padded)": [
      2.02342,
      1.8728,
      1.83072,
      3.97306,
      3.75398,
      3.68867
    ],
    "NestedTensor + SDPA": [
      8.88333,
      8.69283,
      8.7561,
      16.75469,
      16.46518,
      16.47088
    ],
    "Triton Ragged (ours)": [
      0.13619,
      0.04138,
      0.02355,
      0.33587,
      0.07885,
      0.02662
    ],
    "FlashAttention-2 (varlen)": [
      0.11264,
      0.03686,
      0.04608,
      0.256,
      0.07168,
      0.05939
    ]
  },
  "p95": {
    "SDPA (math, padded)": [
      5.89414,
      3.1735,
      2.63334,
      11.32736,
      6.37466,
      4.68979
    ],
    "SDPA (efficient, padded)": [
      2.67674,
      2.48803,
      2.41731,
      4.7896,
      4.43802,
      4.35219
    ],
    "SDPA (flash, padded)": [
      2.62851,
      2.4248,
      2.42282,
      4.63645,
      4.49133,
      4.39398
    ],
    "NestedTensor + SDPA": [
      9.86963,
      9.54333,
      9.71162,
      18.50278,
      17.77357,
      17.9384
    ],
    "Triton Ragged (ours)": [
      0.14131,
      0.04301,
      0.02662,
      0.35021,
      0.07987,
      0.02778
    ],
    "FlashAttention-2 (varlen)": [
      0.12186,
      0.05325,
      0.0512,
      0.27034,
      0.07578,
      0.06144
    ]
  }
}