{
  "gpu": "NVIDIA RTX 4000 Ada Generation",
  "sm": "SM89",
  "timing": "cuda_events_median_ms",
  "warmup": 50,
  "jit_warmup": 150,
  "iters": 300,
  "configs": [
    "BS=32, 0% pruned",
    "BS=32, 50% pruned",
    "BS=32, 80% pruned",
    "BS=64, 0% pruned",
    "BS=64, 50% pruned",
    "BS=64, 80% pruned"
  ],
  "kernels": {
    "SDPA (math, padded)": [
      5.30198,
      2.56886,
      2.1767,
      10.64302,
      5.79846,
      4.20515
    ],
    "SDPA (efficient, padded)": [
      2.11046,
      1.89466,
      1.84198,
      4.19109,
      3.79392,
      3.81235
    ],
    "SDPA (flash, padded)": [
      2.02453,
      1.84219,
      1.83043,
      3.9736,
      3.94674,
      3.82032
    ],
    "NestedTensor + SDPA": [
      9.23608,
      9.32512,
      9.11462,
      17.52842,
      17.25509,
      17.19282
    ],
    "Triton Ragged (ours)": [
      0.13517,
      0.04198,
      0.02355,
      0.34406,
      0.07987,
      0.02765
    ],
    "FlashAttention-2 (varlen)": [
      0.11162,
      0.0553,
      0.05222,
      0.26846,
      0.07168,
      0.06042
    ]
  },
  "p5": {
    "SDPA (math, padded)": [
      5.26224,
      2.56,
      2.09824,
      10.59514,
      5.66707,
      4.11747
    ],
    "SDPA (efficient, padded)": [
      2.08112,
      1.88621,
      1.82579,
      4.15539,
      3.7623,
      3.48979
    ],
    "SDPA (flash, padded)": [
      1.98445,
      1.83216,
      1.79699,
      3.89302,
      3.92909,
      3.74688
    ],
    "NestedTensor + SDPA": [
      9.0441,
      9.10848,
      8.89747,
      17.36602,
      17.12346,
      17.04464
    ],
    "Triton Ragged (ours)": [
      0.1343,
      0.04096,
      0.02253,
      0.33178,
      0.07885,
      0.02662
    ],
    "FlashAttention-2 (varlen)": [
      0.11059,
      0.05338,
      0.0512,
      0.25395,
      0.07066,
      0.05939
    ]
  },
  "p95": {
    "SDPA (math, padded)": [
      5.3456,
      2.57827,
      2.19117,
      10.8073,
      5.83482,
      4.31789
    ],
    "SDPA (efficient, padded)": [
      2.12787,
      1.94662,
      1.90874,
      4.33366,
      3.91789,
      3.93715
    ],
    "SDPA (flash, padded)": [
      2.06464,
      1.85139,
      1.89338,
      4.11242,
      3.97069,
      3.84205
    ],
    "NestedTensor + SDPA": [
      9.67475,
      9.62992,
      9.2119,
      18.51085,
      18.11542,
      18.04083
    ],
    "Triton Ragged (ours)": [
      0.13619,
      0.04301,
      0.02464,
      0.34714,
      0.0799,
      0.02784
    ],
    "FlashAttention-2 (varlen)": [
      0.12083,
      0.05837,
      0.0553,
      0.27136,
      0.0727,
      0.06144
    ]
  }
}