{
  "gpu": "NVIDIA RTX 4000 Ada Generation",
  "sm": "SM89",
  "timing": "cuda_events_median_ms",
  "warmup": 50,
  "jit_warmup": 150,
  "iters": 300,
  "configs": [
    "BS=32, 0% pruned",
    "BS=32, 50% pruned",
    "BS=32, 80% pruned",
    "BS=64, 0% pruned",
    "BS=64, 50% pruned",
    "BS=64, 80% pruned"
  ],
  "kernels": {
    "SDPA (math, padded)": [
      5.43539,
      2.59171,
      2.25882,
      10.90778,
      5.81982,
      4.20715
    ],
    "SDPA (efficient, padded)": [
      2.29581,
      1.98306,
      2.01406,
      4.39194,
      3.78997,
      3.75373
    ],
    "SDPA (flash, padded)": [
      2.10232,
      1.96411,
      2.00363,
      4.19328,
      3.90901,
      3.71917
    ],
    "NestedTensor + SDPA": [
      9.49776,
      9.21448,
      9.4464,
      17.42378,
      17.4823,
      17.31104
    ],
    "Triton Ragged (ours)": [
      0.13722,
      0.04198,
      0.0256,
      0.34509,
      0.07987,
      0.02765
    ],
    "FlashAttention-2 (varlen)": [
      0.11162,
      0.05734,
      0.0553,
      0.26112,
      0.07206,
      0.06085
    ]
  },
  "p5": {
    "SDPA (math, padded)": [
      5.38829,
      2.5303,
      2.17818,
      10.81549,
      5.70061,
      4.07142
    ],
    "SDPA (efficient, padded)": [
      2.2231,
      1.9425,
      1.93946,
      4.36429,
      3.7665,
      3.5799
    ],
    "SDPA (flash, padded)": [
      2.08998,
      1.94746,
      1.93434,
      3.96928,
      3.69971,
      3.58592
    ],
    "NestedTensor + SDPA": [
      9.1247,
      9.04592,
      9.02448,
      16.91123,
      17.03936,
      16.66867
    ],
    "Triton Ragged (ours)": [
      0.13517,
      0.04134,
      0.02458,
      0.3369,
      0.07885,
      0.02765
    ],
    "FlashAttention-2 (varlen)": [
      0.11162,
      0.05632,
      0.05325,
      0.2519,
      0.07168,
      0.06042
    ]
  },
  "p95": {
    "SDPA (math, padded)": [
      5.52022,
      2.696,
      2.2825,
      11.04678,
      6.76422,
      4.2679
    ],
    "SDPA (efficient, padded)": [
      2.32141,
      2.01402,
      2.05094,
      4.58342,
      3.92525,
      3.8144
    ],
    "SDPA (flash, padded)": [
      2.14605,
      2.03491,
      2.02035,
      4.33882,
      3.93514,
      3.79293
    ],
    "NestedTensor + SDPA": [
      9.64896,
      9.77725,
      9.5999,
      18.56531,
      18.34906,
      18.0983
    ],
    "Triton Ragged (ours)": [
      0.13824,
      0.04301,
      0.02662,
      0.34816,
      0.0809,
      0.02867
    ],
    "FlashAttention-2 (varlen)": [
      0.11264,
      0.06042,
      0.05734,
      0.26214,
      0.07578,
      0.06144
    ]
  }
}