{
  "gpu": "NVIDIA RTX 4000 Ada Generation",
  "sm": "SM89",
  "timing": "cuda_events_median_ms",
  "warmup": 50,
  "jit_warmup": 150,
  "iters": 300,
  "configs": [
    "BS=32, 0% pruned",
    "BS=32, 50% pruned",
    "BS=32, 80% pruned",
    "BS=64, 0% pruned",
    "BS=64, 50% pruned",
    "BS=64, 80% pruned"
  ],
  "kernels": {
    "SDPA (math, padded)": [
      5.38278,
      2.62086,
      2.14,
      11.04605,
      5.9091,
      4.26915
    ],
    "SDPA (efficient, padded)": [
      2.19008,
      1.97557,
      1.90566,
      4.30592,
      4.67278,
      3.72581
    ],
    "SDPA (flash, padded)": [
      2.06435,
      1.91488,
      1.89325,
      4.11627,
      4.56603,
      3.72736
    ],
    "NestedTensor + SDPA": [
      9.50075,
      9.26979,
      9.20333,
      17.64568,
      17.23654,
      17.26152
    ],
    "Triton Ragged (ours)": [
      0.13722,
      0.04198,
      0.02355,
      0.34611,
      0.07987,
      0.02765
    ],
    "FlashAttention-2 (varlen)": [
      0.11366,
      0.0512,
      0.05018,
      0.26214,
      0.0727,
      0.06042
    ]
  },
  "p5": {
    "SDPA (math, padded)": [
      5.30221,
      2.53542,
      2.07296,
      10.63731,
      5.70768,
      4.07965
    ],
    "SDPA (efficient, padded)": [
      2.11658,
      1.89581,
      1.83706,
      4.16256,
      4.64886,
      3.58134
    ],
    "SDPA (flash, padded)": [
      1.98998,
      1.84422,
      1.82307,
      3.9721,
      3.69664,
      3.5816
    ],
    "NestedTensor + SDPA": [
      8.94864,
      8.81971,
      8.7808,
      16.93696,
      16.57549,
      16.50925
    ],
    "Triton Ragged (ours)": [
      0.13619,
      0.04198,
      0.02253,
      0.33792,
      0.07885,
      0.02662
    ],
    "FlashAttention-2 (varlen)": [
      0.11264,
      0.03686,
      0.03306,
      0.25293,
      0.07168,
      0.05939
    ]
  },
  "p95": {
    "SDPA (math, padded)": [
      5.92282,
      2.95526,
      2.65594,
      11.35821,
      6.95603,
      4.79206
    ],
    "SDPA (efficient, padded)": [
      2.74032,
      2.46262,
      2.41766,
      4.81997,
      5.21219,
      4.30182
    ],
    "SDPA (flash, padded)": [
      2.57706,
      2.432,
      2.38797,
      4.67456,
      5.11488,
      4.26826
    ],
    "NestedTensor + SDPA": [
      9.94,
      9.80874,
      9.65117,
      18.30669,
      17.84915,
      17.9497
    ],
    "Triton Ragged (ours)": [
      0.13824,
      0.04301,
      0.02467,
      0.34947,
      0.07987,
      0.02771
    ],
    "FlashAttention-2 (varlen)": [
      0.12698,
      0.05427,
      0.05427,
      0.26931,
      0.07475,
      0.06144
    ]
  }
}