{
  "gpu": "NVIDIA RTX 4000 Ada Generation",
  "sm": "SM89",
  "timing": "cuda_events_median_ms",
  "warmup": 50,
  "jit_warmup": 150,
  "iters": 300,
  "configs": [
    "BS=32, 0% pruned",
    "BS=32, 50% pruned",
    "BS=32, 80% pruned",
    "BS=64, 0% pruned",
    "BS=64, 50% pruned",
    "BS=64, 80% pruned"
  ],
  "kernels": {
    "SDPA (math, padded)": [
      5.33504,
      2.6621,
      2.12675,
      10.99896,
      5.9773,
      4.1175
    ],
    "SDPA (efficient, padded)": [
      2.13899,
      2.11357,
      1.97018,
      4.57165,
      4.09194,
      3.73347
    ],
    "SDPA (flash, padded)": [
      2.02579,
      2.05208,
      1.97042,
      4.26494,
      3.98021,
      3.74838
    ],
    "NestedTensor + SDPA": [
      9.35954,
      9.34846,
      8.90266,
      17.26222,
      17.24526,
      16.93546
    ],
    "Triton Ragged (ours)": [
      0.13619,
      0.04198,
      0.02355,
      0.34406,
      0.07987,
      0.02765
    ],
    "FlashAttention-2 (varlen)": [
      0.11176,
      0.05325,
      0.05018,
      0.26419,
      0.0727,
      0.06042
    ]
  },
  "p5": {
    "SDPA (math, padded)": [
      5.2999,
      2.61696,
      2.10944,
      10.82998,
      5.8327,
      4.09088
    ],
    "SDPA (efficient, padded)": [
      2.10656,
      2.09299,
      1.9577,
      4.38074,
      4.03754,
      3.59629
    ],
    "SDPA (flash, padded)": [
      2.01133,
      1.98038,
      1.96096,
      4.24419,
      3.95667,
      3.61197
    ],
    "NestedTensor + SDPA": [
      8.96413,
      8.8873,
      8.75837,
      16.97994,
      16.74134,
      16.60342
    ],
    "Triton Ragged (ours)": [
      0.13517,
      0.04096,
      0.02253,
      0.3369,
      0.07885,
      0.02765
    ],
    "FlashAttention-2 (varlen)": [
      0.11162,
      0.0512,
      0.04915,
      0.2519,
      0.07168,
      0.05939
    ]
  },
  "p95": {
    "SDPA (math, padded)": [
      5.39341,
      2.75642,
      2.14733,
      11.11466,
      6.11942,
      4.25971
    ],
    "SDPA (efficient, padded)": [
      2.15123,
      2.15142,
      2.04186,
      4.67123,
      4.20045,
      3.8175
    ],
    "SDPA (flash, padded)": [
      2.09709,
      2.09389,
      2.04166,
      4.40512,
      4.11853,
      3.83872
    ],
    "NestedTensor + SDPA": [
      9.58874,
      9.55562,
      9.36272,
      18.22685,
      18.09408,
      17.77539
    ],
    "Triton Ragged (ours)": [
      0.13722,
      0.04227,
      0.02499,
      0.34714,
      0.07987,
      0.02867
    ],
    "FlashAttention-2 (varlen)": [
      0.1239,
      0.05632,
      0.05245,
      0.26829,
      0.07382,
      0.06144
    ]
  }
}