{
  "gpu": "NVIDIA RTX 4000 Ada Generation",
  "sm": "SM89",
  "timing": "cuda_events_median_ms",
  "warmup": 50,
  "jit_warmup": 150,
  "iters": 300,
  "configs": [
    "BS=32, 0% pruned",
    "BS=32, 50% pruned",
    "BS=32, 80% pruned",
    "BS=64, 0% pruned",
    "BS=64, 50% pruned",
    "BS=64, 80% pruned"
  ],
  "kernels": {
    "SDPA (math, padded)": [
      5.39781,
      2.6368,
      2.10136,
      10.67523,
      5.72621,
      4.17573
    ],
    "SDPA (efficient, padded)": [
      2.28053,
      2.04309,
      1.85741,
      4.21592,
      3.92597,
      3.85126
    ],
    "SDPA (flash, padded)": [
      2.1504,
      1.93602,
      1.8552,
      4.00794,
      3.72323,
      3.8521
    ],
    "NestedTensor + SDPA": [
      9.61536,
      9.0829,
      9.09198,
      17.50275,
      17.22675,
      17.09258
    ],
    "Triton Ragged (ours)": [
      0.13619,
      0.04198,
      0.02355,
      0.34304,
      0.07987,
      0.02765
    ],
    "FlashAttention-2 (varlen)": [
      0.11162,
      0.05325,
      0.05325,
      0.26726,
      0.07101,
      0.06074
    ]
  },
  "p5": {
    "SDPA (math, padded)": [
      5.33594,
      2.60096,
      2.09101,
      10.63818,
      5.64118,
      4.0151
    ],
    "SDPA (efficient, padded)": [
      2.22208,
      2.0319,
      1.84947,
      4.12672,
      3.79469,
      3.77558
    ],
    "SDPA (flash, padded)": [
      2.1328,
      1.86563,
      1.8473,
      3.95366,
      3.6567,
      3.83898
    ],
    "NestedTensor + SDPA": [
      9.16723,
      8.88586,
      9.03475,
      17.32608,
      17.09603,
      16.92848
    ],
    "Triton Ragged (ours)": [
      0.13517,
      0.04096,
      0.02253,
      0.33178,
      0.07885,
      0.02765
    ],
    "FlashAttention-2 (varlen)": [
      0.11059,
      0.05222,
      0.05222,
      0.25293,
      0.07066,
      0.06042
    ]
  },
  "p95": {
    "SDPA (math, padded)": [
      5.44666,
      2.66547,
      2.17702,
      10.78685,
      5.81936,
      4.30422
    ],
    "SDPA (efficient, padded)": [
      2.34496,
      2.11674,
      1.86573,
      4.35085,
      3.952,
      3.99453
    ],
    "SDPA (flash, padded)": [
      2.22291,
      2.06349,
      1.86186,
      4.14694,
      3.7417,
      3.98624
    ],
    "NestedTensor + SDPA": [
      9.8727,
      9.17581,
      9.54333,
      18.38694,
      18.1,
      17.90838
    ],
    "Triton Ragged (ours)": [
      0.13722,
      0.04237,
      0.02477,
      0.34611,
      0.07987,
      0.02867
    ],
    "FlashAttention-2 (varlen)": [
      0.1239,
      0.0553,
      0.0553,
      0.27034,
      0.07178,
      0.06144
    ]
  }
}