{
  "gpu": "NVIDIA RTX 4000 Ada Generation",
  "sm": "SM89",
  "timing": "cuda_events_median_ms",
  "warmup": 50,
  "jit_warmup": 150,
  "iters": 300,
  "configs": [
    "BS=32, 0% pruned",
    "BS=32, 50% pruned",
    "BS=32, 80% pruned",
    "BS=64, 0% pruned",
    "BS=64, 50% pruned",
    "BS=64, 80% pruned"
  ],
  "kernels": {
    "SDPA (math, padded)": [
      5.32483,
      2.5815,
      2.112,
      10.69845,
      5.72426,
      4.07962
    ],
    "SDPA (efficient, padded)": [
      2.1256,
      1.90054,
      1.91275,
      4.4247,
      3.77747,
      3.58779
    ],
    "SDPA (flash, padded)": [
      2.00416,
      1.85549,
      1.84707,
      4.23366,
      3.71243,
      3.59424
    ],
    "NestedTensor + SDPA": [
      9.65899,
      9.16122,
      9.15141,
      17.42218,
      17.19862,
      17.15954
    ],
    "Triton Ragged (ours)": [
      0.13619,
      0.04198,
      0.02355,
      0.34509,
      0.07987,
      0.02765
    ],
    "FlashAttention-2 (varlen)": [
      0.11162,
      0.05325,
      0.05222,
      0.25395,
      0.07168,
      0.06083
    ]
  },
  "p5": {
    "SDPA (math, padded)": [
      5.25712,
      2.57203,
      2.08282,
      10.61043,
      5.62483,
      4.00282
    ],
    "SDPA (efficient, padded)": [
      2.11171,
      1.89133,
      1.84282,
      4.37658,
      3.71312,
      3.51539
    ],
    "SDPA (flash, padded)": [
      1.99382,
      1.84643,
      1.81731,
      3.9936,
      3.69555,
      3.53894
    ],
    "NestedTensor + SDPA": [
      9.21901,
      8.93338,
      8.95488,
      17.28115,
      16.8049,
      16.78618
    ],
    "Triton Ragged (ours)": [
      0.13517,
      0.04096,
      0.02253,
      0.3328,
      0.07885,
      0.02765
    ],
    "FlashAttention-2 (varlen)": [
      0.11059,
      0.0512,
      0.0512,
      0.2519,
      0.07066,
      0.06042
    ]
  },
  "p95": {
    "SDPA (math, padded)": [
      5.40166,
      2.65245,
      2.16819,
      10.79293,
      5.81286,
      4.21395
    ],
    "SDPA (efficient, padded)": [
      2.18403,
      1.97488,
      1.92819,
      4.57094,
      3.7936,
      3.60317
    ],
    "SDPA (flash, padded)": [
      2.01654,
      1.9233,
      1.85667,
      4.38682,
      3.84726,
      3.61062
    ],
    "NestedTensor + SDPA": [
      9.89194,
      9.66531,
      9.5937,
      18.2449,
      18.14186,
      17.95482
    ],
    "Triton Ragged (ours)": [
      0.13722,
      0.04227,
      0.02458,
      0.34714,
      0.07987,
      0.02867
    ],
    "FlashAttention-2 (varlen)": [
      0.11264,
      0.05632,
      0.05437,
      0.26944,
      0.0751,
      0.06144
    ]
  }
}