{
  "gpu": "NVIDIA RTX 4000 Ada Generation",
  "sm": "SM89",
  "timing": "cuda_events_median_ms",
  "warmup": 50,
  "jit_warmup": 150,
  "iters": 300,
  "configs": [
    "BS=32, 0% pruned",
    "BS=32, 50% pruned",
    "BS=32, 80% pruned",
    "BS=64, 0% pruned",
    "BS=64, 50% pruned",
    "BS=64, 80% pruned"
  ],
  "kernels": {
    "SDPA (math, padded)": [
      5.31184,
      2.56018,
      2.09064,
      10.62042,
      5.6867,
      4.13894
    ],
    "SDPA (efficient, padded)": [
      2.10821,
      1.87802,
      1.89221,
      4.14107,
      3.75301,
      3.56053
    ],
    "SDPA (flash, padded)": [
      1.96003,
      1.83146,
      1.82261,
      3.9445,
      3.67104,
      3.56114
    ],
    "NestedTensor + SDPA": [
      9.25288,
      8.8431,
      9.14637,
      16.87443,
      16.69581,
      16.49854
    ],
    "Triton Ragged (ours)": [
      0.13619,
      0.04198,
      0.0256,
      0.34304,
      0.07987,
      0.02765
    ],
    "FlashAttention-2 (varlen)": [
      0.11162,
      0.04728,
      0.0512,
      0.25395,
      0.07168,
      0.06048
    ]
  },
  "p5": {
    "SDPA (math, padded)": [
      5.26848,
      2.54947,
      2.05606,
      10.57856,
      5.65114,
      4.02406
    ],
    "SDPA (efficient, padded)": [
      2.09002,
      1.86675,
      1.8176,
      4.1265,
      3.7376,
      3.53997
    ],
    "SDPA (flash, padded)": [
      1.94544,
      1.80902,
      1.81043,
      3.92982,
      3.60448,
      3.54483
    ],
    "NestedTensor + SDPA": [
      8.85658,
      8.73229,
      8.71853,
      16.59091,
      16.49357,
      16.15997
    ],
    "Triton Ragged (ours)": [
      0.13517,
      0.04096,
      0.02458,
      0.33178,
      0.07885,
      0.02765
    ],
    "FlashAttention-2 (varlen)": [
      0.11059,
      0.04608,
      0.04915,
      0.25293,
      0.07066,
      0.06042
    ]
  },
  "p95": {
    "SDPA (math, padded)": [
      5.39162,
      2.62925,
      2.16474,
      10.73562,
      5.80326,
      4.20979
    ],
    "SDPA (efficient, padded)": [
      2.12077,
      1.95277,
      1.93229,
      4.28138,
      3.8888,
      3.69046
    ],
    "SDPA (flash, padded)": [
      1.99267,
      1.89763,
      1.89107,
      3.96493,
      3.82499,
      3.69971
    ],
    "NestedTensor + SDPA": [
      9.41242,
      9.44765,
      9.41475,
      17.71734,
      17.68653,
      17.3689
    ],
    "Triton Ragged (ours)": [
      0.13722,
      0.04301,
      0.02662,
      0.34509,
      0.07987,
      0.02867
    ],
    "FlashAttention-2 (varlen)": [
      0.12298,
      0.0512,
      0.05328,
      0.26838,
      0.0727,
      0.06144
    ]
  }
}