{
  "gpu": "NVIDIA RTX 4000 Ada Generation",
  "sm": "SM89",
  "timing": "cuda_events_median_ms",
  "warmup": 50,
  "jit_warmup": 150,
  "iters": 300,
  "configs": [
    "BS=32, 0% pruned",
    "BS=32, 50% pruned",
    "BS=32, 80% pruned",
    "BS=64, 0% pruned",
    "BS=64, 50% pruned",
    "BS=64, 80% pruned"
  ],
  "kernels": {
    "SDPA (math, padded)": [
      5.38672,
      2.65112,
      2.08365,
      10.65859,
      5.72366,
      4.14605
    ],
    "SDPA (efficient, padded)": [
      2.12901,
      1.9785,
      1.84618,
      4.19539,
      3.80416,
      3.84874
    ],
    "SDPA (flash, padded)": [
      2.00035,
      1.91936,
      1.84934,
      3.99872,
      3.73259,
      3.58712
    ],
    "NestedTensor + SDPA": [
      9.31538,
      9.2048,
      9.22837,
      17.57365,
      18.11968,
      17.25192
    ],
    "Triton Ragged (ours)": [
      0.13619,
      0.04198,
      0.02355,
      0.34304,
      0.07987,
      0.02765
    ],
    "FlashAttention-2 (varlen)": [
      0.11162,
      0.05451,
      0.05462,
      0.26726,
      0.07168,
      0.06042
    ]
  },
  "p5": {
    "SDPA (math, padded)": [
      5.27258,
      2.63875,
      2.07462,
      10.60147,
      5.69571,
      4.11555
    ],
    "SDPA (efficient, padded)": [
      2.11862,
      1.96691,
      1.83808,
      4.17894,
      3.7847,
      3.82566
    ],
    "SDPA (flash, padded)": [
      1.97427,
      1.82506,
      1.84115,
      3.97318,
      3.71405,
      3.54918
    ],
    "NestedTensor + SDPA": [
      9.06752,
      8.9641,
      9.15661,
      17.40214,
      17.23789,
      17.04038
    ],
    "Triton Ragged (ours)": [
      0.13517,
      0.04198,
      0.02253,
      0.33075,
      0.07885,
      0.02765
    ],
    "FlashAttention-2 (varlen)": [
      0.11059,
      0.05325,
      0.05325,
      0.25293,
      0.07066,
      0.06042
    ]
  },
  "p95": {
    "SDPA (math, padded)": [
      5.41184,
      2.69619,
      2.09818,
      10.78704,
      5.85718,
      4.31072
    ],
    "SDPA (efficient, padded)": [
      2.19238,
      2.0183,
      1.86368,
      4.33267,
      3.82362,
      3.99974
    ],
    "SDPA (flash, padded)": [
      2.01139,
      1.93331,
      1.85856,
      4.02022,
      3.76499,
      3.73245
    ],
    "NestedTensor + SDPA": [
      9.77168,
      9.2928,
      9.67885,
      18.67808,
      18.57741,
      18.35344
    ],
    "Triton Ragged (ours)": [
      0.13722,
      0.04301,
      0.02474,
      0.34611,
      0.08003,
      0.02867
    ],
    "FlashAttention-2 (varlen)": [
      0.11264,
      0.05734,
      0.05734,
      0.27034,
      0.07187,
      0.06144
    ]
  }
}