{
  "gpu": "NVIDIA RTX 4000 Ada Generation",
  "sm": "SM89",
  "timing": "cuda_events_median_ms",
  "warmup": 50,
  "jit_warmup": 150,
  "iters": 300,
  "configs": [
    "BS=32, 0% pruned",
    "BS=32, 50% pruned",
    "BS=32, 80% pruned",
    "BS=64, 0% pruned",
    "BS=64, 50% pruned",
    "BS=64, 80% pruned"
  ],
  "kernels": {
    "SDPA (math, padded)": [
      5.34035,
      2.5784,
      2.10883,
      10.6747,
      5.79883,
      4.08608
    ],
    "SDPA (efficient, padded)": [
      2.22867,
      1.90013,
      1.83398,
      4.15843,
      3.77054,
      3.62904
    ],
    "SDPA (flash, padded)": [
      2.12186,
      1.85139,
      1.83566,
      3.96168,
      3.71086,
      3.58192
    ],
    "NestedTensor + SDPA": [
      8.9072,
      8.8536,
      8.78437,
      17.13547,
      16.53878,
      16.48333
    ],
    "Triton Ragged (ours)": [
      0.13619,
      0.04198,
      0.03094,
      0.34304,
      0.07987,
      0.02765
    ],
    "FlashAttention-2 (varlen)": [
      0.11162,
      0.04813,
      0.06554,
      0.26112,
      0.07168,
      0.06042
    ]
  },
  "p5": {
    "SDPA (math, padded)": [
      5.30522,
      2.56742,
      2.0439,
      10.59299,
      5.67904,
      4.06221
    ],
    "SDPA (efficient, padded)": [
      2.076,
      1.88656,
      1.80122,
      4.09923,
      3.68307,
      3.56688
    ],
    "SDPA (flash, padded)": [
      1.97827,
      1.82278,
      1.82477,
      3.88176,
      3.69254,
      3.5143
    ],
    "NestedTensor + SDPA": [
      8.83674,
      8.6752,
      8.70477,
      16.6679,
      16.13005,
      16.35533
    ],
    "Triton Ragged (ours)": [
      0.13517,
      0.04096,
      0.03011,
      0.33178,
      0.07885,
      0.02765
    ],
    "FlashAttention-2 (varlen)": [
      0.11059,
      0.0471,
      0.06349,
      0.25293,
      0.07066,
      0.05939
    ]
  },
  "p95": {
    "SDPA (math, padded)": [
      5.40157,
      2.70816,
      2.15245,
      10.82387,
      5.9167,
      4.23232
    ],
    "SDPA (efficient, padded)": [
      2.25933,
      1.9712,
      1.84422,
      4.17763,
      3.83283,
      3.72736
    ],
    "SDPA (flash, padded)": [
      2.17718,
      1.91795,
      2.29888,
      4.02602,
      3.84912,
      3.70995
    ],
    "NestedTensor + SDPA": [
      9.33866,
      9.30611,
      11.51731,
      18.00838,
      17.32925,
      17.26867
    ],
    "Triton Ragged (ours)": [
      0.13722,
      0.04214,
      0.03181,
      0.34714,
      0.07987,
      0.02867
    ],
    "FlashAttention-2 (varlen)": [
      0.11264,
      0.0512,
      0.06861,
      0.27136,
      0.07373,
      0.06144
    ]
  }
}