{
  "gpu": "NVIDIA RTX 4000 Ada Generation",
  "sm": "SM89",
  "timing": "cuda_events_median_ms",
  "warmup": 50,
  "jit_warmup": 150,
  "iters": 300,
  "configs": [
    "BS=32, 0% pruned",
    "BS=32, 50% pruned",
    "BS=32, 80% pruned",
    "BS=64, 0% pruned",
    "BS=64, 50% pruned",
    "BS=64, 80% pruned"
  ],
  "kernels": {
    "SDPA (math, padded)": [
      5.39446,
      2.60686,
      2.09477,
      10.65677,
      5.7129,
      4.08504
    ],
    "SDPA (efficient, padded)": [
      2.19813,
      2.03669,
      1.92922,
      4.1687,
      3.80006,
      3.5829
    ],
    "SDPA (flash, padded)": [
      2.00186,
      1.97018,
      1.83227,
      3.98416,
      3.70931,
      3.67875
    ],
    "NestedTensor + SDPA": [
      9.57696,
      9.15966,
      9.16749,
      17.5753,
      17.94035,
      17.09061
    ],
    "Triton Ragged (ours)": [
      0.13517,
      0.04198,
      0.02458,
      0.34304,
      0.07987,
      0.02765
    ],
    "FlashAttention-2 (varlen)": [
      0.11162,
      0.05222,
      0.05427,
      0.26214,
      0.07168,
      0.06042
    ]
  },
  "p5": {
    "SDPA (math, padded)": [
      5.35347,
      2.59264,
      2.05005,
      10.60954,
      5.69242,
      4.024
    ],
    "SDPA (efficient, padded)": [
      2.1841,
      2.01011,
      1.85856,
      4.10723,
      3.76938,
      3.51658
    ],
    "SDPA (flash, padded)": [
      1.9927,
      1.95984,
      1.78688,
      3.89325,
      3.60346,
      3.4977
    ],
    "NestedTensor + SDPA": [
      9.20883,
      8.96387,
      9.07046,
      17.24525,
      17.12742,
      16.9535
    ],
    "Triton Ragged (ours)": [
      0.1343,
      0.04096,
      0.02458,
      0.33178,
      0.07885,
      0.02662
    ],
    "FlashAttention-2 (varlen)": [
      0.11059,
      0.0512,
      0.05325,
      0.25293,
      0.07066,
      0.05939
    ]
  },
  "p95": {
    "SDPA (math, padded)": [
      5.41395,
      2.67786,
      2.17462,
      10.76851,
      5.84602,
      4.23322
    ],
    "SDPA (efficient, padded)": [
      2.23443,
      2.09818,
      1.97222,
      4.27827,
      3.92806,
      3.72531
    ],
    "SDPA (flash, padded)": [
      2.07334,
      1.98144,
      1.84218,
      4.04896,
      3.91504,
      3.83811
    ],
    "NestedTensor + SDPA": [
      9.74336,
      9.56525,
      9.61837,
      18.66038,
      18.42707,
      17.90157
    ],
    "Triton Ragged (ours)": [
      0.13619,
      0.04237,
      0.02662,
      0.34534,
      0.07987,
      0.0279
    ],
    "FlashAttention-2 (varlen)": [
      0.11264,
      0.0553,
      0.05734,
      0.26931,
      0.07206,
      0.06144
    ]
  }
}