{
  "gpu": "NVIDIA RTX 4000 Ada Generation",
  "sm": "SM89",
  "timing": "cuda_events_median_ms",
  "warmup": 50,
  "jit_warmup": 150,
  "iters": 300,
  "configs": [
    "BS=32, 0% pruned",
    "BS=32, 50% pruned",
    "BS=32, 80% pruned",
    "BS=64, 0% pruned",
    "BS=64, 50% pruned",
    "BS=64, 80% pruned"
  ],
  "kernels": {
    "SDPA (math, padded)": [
      5.38603,
      2.61221,
      2.07555,
      10.63834,
      5.69128,
      4.21408
    ],
    "SDPA (efficient, padded)": [
      2.24664,
      1.99475,
      1.86538,
      4.16258,
      3.76933,
      3.69664
    ],
    "SDPA (flash, padded)": [
      2.1188,
      1.97214,
      1.89851,
      3.99256,
      3.69763,
      3.81542
    ],
    "NestedTensor + SDPA": [
      9.26882,
      9.15872,
      9.1487,
      18.17162,
      17.23894,
      17.14315
    ],
    "Triton Ragged (ours)": [
      0.13619,
      0.04198,
      0.02458,
      0.34202,
      0.07987,
      0.02765
    ],
    "FlashAttention-2 (varlen)": [
      0.11162,
      0.05552,
      0.0553,
      0.26419,
      0.07168,
      0.06042
    ]
  },
  "p5": {
    "SDPA (math, padded)": [
      5.30826,
      2.59136,
      2.06029,
      10.60333,
      5.66646,
      4.05914
    ],
    "SDPA (efficient, padded)": [
      2.2313,
      1.97738,
      1.7879,
      4.14582,
      3.67427,
      3.55043
    ],
    "SDPA (flash, padded)": [
      2.01114,
      1.95885,
      1.82579,
      3.88707,
      3.68365,
      3.61485
    ],
    "NestedTensor + SDPA": [
      9.17402,
      9.07638,
      8.93338,
      17.30342,
      17.08557,
      16.97965
    ],
    "Triton Ragged (ours)": [
      0.13517,
      0.04122,
      0.02355,
      0.33075,
      0.07885,
      0.02765
    ],
    "FlashAttention-2 (varlen)": [
      0.11059,
      0.05427,
      0.05427,
      0.25293,
      0.07066,
      0.05939
    ]
  },
  "p95": {
    "SDPA (math, padded)": [
      5.4272,
      2.69034,
      2.11558,
      10.75917,
      5.82144,
      4.29261
    ],
    "SDPA (efficient, padded)": [
      2.31526,
      2.02445,
      1.90845,
      4.30275,
      3.90566,
      3.71776
    ],
    "SDPA (flash, padded)": [
      2.19526,
      2.04413,
      1.94048,
      4.19123,
      3.82464,
      3.94973
    ],
    "NestedTensor + SDPA": [
      9.70534,
      9.60922,
      9.79456,
      18.33779,
      18.36646,
      17.98656
    ],
    "Triton Ragged (ours)": [
      0.13722,
      0.04301,
      0.02563,
      0.34438,
      0.07987,
      0.02867
    ],
    "FlashAttention-2 (varlen)": [
      0.11264,
      0.05754,
      0.05837,
      0.26829,
      0.072,
      0.06144
    ]
  }
}