{
  "gpu": "NVIDIA RTX 4000 Ada Generation",
  "sm": "SM89",
  "timing": "cuda_events_median_ms",
  "warmup": 50,
  "jit_warmup": 150,
  "iters": 300,
  "configs": [
    "BS=32, 0% pruned",
    "BS=32, 50% pruned",
    "BS=32, 80% pruned",
    "BS=64, 0% pruned",
    "BS=64, 50% pruned",
    "BS=64, 80% pruned"
  ],
  "kernels": {
    "SDPA (math, padded)": [
      5.31304,
      2.60306,
      2.08304,
      10.7453,
      5.79448,
      4.07962
    ],
    "SDPA (efficient, padded)": [
      2.13069,
      1.89338,
      1.83808,
      4.30227,
      3.91467,
      3.58194
    ],
    "SDPA (flash, padded)": [
      2.01011,
      1.85845,
      1.84237,
      3.99877,
      3.71507,
      3.59846
    ],
    "NestedTensor + SDPA": [
      8.91635,
      8.74643,
      8.78144,
      17.23691,
      16.92187,
      16.50586
    ],
    "Triton Ragged (ours)": [
      0.13619,
      0.04198,
      0.0256,
      0.34477,
      0.07987,
      0.02765
    ],
    "FlashAttention-2 (varlen)": [
      0.11162,
      0.04915,
      0.04813,
      0.26624,
      0.07168,
      0.06042
    ]
  },
  "p5": {
    "SDPA (math, padded)": [
      5.27686,
      2.54358,
      2.05318,
      10.61274,
      5.69549,
      4.02842
    ],
    "SDPA (efficient, padded)": [
      2.09818,
      1.86147,
      1.80752,
      4.16256,
      3.77139,
      3.57187
    ],
    "SDPA (flash, padded)": [
      2.00294,
      1.84342,
      1.8321,
      3.97722,
      3.70042,
      3.5871
    ],
    "NestedTensor + SDPA": [
      8.73245,
      8.65894,
      8.71494,
      16.6615,
      16.32051,
      16.23062
    ],
    "Triton Ragged (ours)": [
      0.13517,
      0.04096,
      0.02458,
      0.33178,
      0.07885,
      0.02662
    ],
    "FlashAttention-2 (varlen)": [
      0.11059,
      0.0471,
      0.04608,
      0.25395,
      0.07066,
      0.05939
    ]
  },
  "p95": {
    "SDPA (math, padded)": [
      5.35923,
      3.04333,
      2.09203,
      10.84006,
      5.92256,
      4.0977
    ],
    "SDPA (efficient, padded)": [
      2.14499,
      1.96112,
      1.84922,
      4.39194,
      3.93328,
      3.59424
    ],
    "SDPA (flash, padded)": [
      2.01907,
      1.9192,
      1.91498,
      4.13805,
      3.72838,
      3.61165
    ],
    "NestedTensor + SDPA": [
      9.56035,
      9.17197,
      9.21878,
      17.6567,
      17.74694,
      17.3312
    ],
    "Triton Ragged (ours)": [
      0.13722,
      0.04234,
      0.02662,
      0.34714,
      0.07987,
      0.02781
    ],
    "FlashAttention-2 (varlen)": [
      0.11264,
      0.05222,
      0.05245,
      0.26726,
      0.07373,
      0.06144
    ]
  }
}