{
  "gpu": "NVIDIA RTX 4000 Ada Generation",
  "sm": "SM89",
  "timing": "cuda_events_median_ms",
  "warmup": 50,
  "jit_warmup": 150,
  "iters": 300,
  "configs": [
    "BS=32, 0% pruned",
    "BS=32, 50% pruned",
    "BS=32, 80% pruned",
    "BS=64, 0% pruned",
    "BS=64, 50% pruned",
    "BS=64, 80% pruned"
  ],
  "kernels": {
    "SDPA (math, padded)": [
      5.43235,
      2.65803,
      2.08654,
      10.7448,
      5.75866,
      4.08678
    ],
    "SDPA (efficient, padded)": [
      2.33578,
      1.9711,
      1.83906,
      4.17814,
      3.77856,
      3.57678
    ],
    "SDPA (flash, padded)": [
      2.20134,
      1.9241,
      1.83483,
      3.98208,
      3.93318,
      3.60358
    ],
    "NestedTensor + SDPA": [
      8.96358,
      8.9084,
      8.83251,
      16.93952,
      16.97275,
      16.62774
    ],
    "Triton Ragged (ours)": [
      0.13619,
      0.04198,
      0.02355,
      0.34509,
      0.07987,
      0.02765
    ],
    "FlashAttention-2 (varlen)": [
      0.11198,
      0.05352,
      0.05029,
      0.26547,
      0.0717,
      0.06042
    ]
  },
  "p5": {
    "SDPA (math, padded)": [
      5.35133,
      2.58253,
      2.07258,
      10.62102,
      5.69446,
      4.06234
    ],
    "SDPA (efficient, padded)": [
      2.31696,
      1.91059,
      1.82579,
      4.15027,
      3.70278,
      3.55939
    ],
    "SDPA (flash, padded)": [
      2.13402,
      1.85446,
      1.82502,
      3.96291,
      3.82259,
      3.57888
    ],
    "NestedTensor + SDPA": [
      8.84432,
      8.80301,
      8.64262,
      16.5672,
      16.65536,
      16.44653
    ],
    "Triton Ragged (ours)": [
      0.13533,
      0.04096,
      0.02253,
      0.3369,
      0.07885,
      0.02765
    ],
    "FlashAttention-2 (varlen)": [
      0.11162,
      0.05222,
      0.04915,
      0.25293,
      0.07168,
      0.05971
    ]
  },
  "p95": {
    "SDPA (math, padded)": [
      5.48762,
      2.70131,
      2.10918,
      10.85235,
      5.82554,
      4.23101
    ],
    "SDPA (efficient, padded)": [
      2.37363,
      2.01226,
      1.91043,
      4.37146,
      4.02842,
      3.71888
    ],
    "SDPA (flash, padded)": [
      2.24064,
      1.96506,
      1.91078,
      4.12432,
      3.9639,
      3.80477
    ],
    "NestedTensor + SDPA": [
      9.26822,
      9.49043,
      11.57606,
      18.07258,
      17.90778,
      17.42131
    ],
    "Triton Ragged (ours)": [
      0.13824,
      0.04301,
      0.02458,
      0.34714,
      0.07987,
      0.02867
    ],
    "FlashAttention-2 (varlen)": [
      0.1239,
      0.05632,
      0.05325,
      0.26931,
      0.07277,
      0.06144
    ]
  }
}