{
  "gpu": "NVIDIA RTX 4000 Ada Generation",
  "sm": "SM89",
  "timing": "cuda_events_median_ms",
  "warmup": 50,
  "jit_warmup": 150,
  "iters": 300,
  "configs": [
    "BS=32, 0% pruned",
    "BS=32, 50% pruned",
    "BS=32, 80% pruned",
    "BS=64, 0% pruned",
    "BS=64, 50% pruned",
    "BS=64, 80% pruned"
  ],
  "kernels": {
    "SDPA (math, padded)": [
      5.44866,
      2.7136,
      2.18728,
      10.95971,
      5.85165,
      4.07626
    ],
    "SDPA (efficient, padded)": [
      2.25571,
      1.98621,
      1.95906,
      4.43706,
      3.79166,
      3.58394
    ],
    "SDPA (flash, padded)": [
      2.1248,
      1.9768,
      1.9561,
      4.24346,
      3.70819,
      3.5899
    ],
    "NestedTensor + SDPA": [
      8.88786,
      8.82419,
      8.79514,
      16.92688,
      16.65536,
      16.5203
    ],
    "Triton Ragged (ours)": [
      0.13619,
      0.04198,
      0.02355,
      0.34714,
      0.07987,
      0.02765
    ],
    "FlashAttention-2 (varlen)": [
      0.11469,
      0.04813,
      0.0512,
      0.25395,
      0.0727,
      0.06042
    ]
  },
  "p5": {
    "SDPA (math, padded)": [
      5.41795,
      2.6368,
      2.11354,
      10.81856,
      5.71085,
      4.06016
    ],
    "SDPA (efficient, padded)": [
      2.24362,
      1.85968,
      1.88621,
      4.41456,
      3.73235,
      3.56957
    ],
    "SDPA (flash, padded)": [
      2.10944,
      1.96608,
      1.9457,
      4.22298,
      3.65469,
      3.51949
    ],
    "NestedTensor + SDPA": [
      8.73843,
      8.75731,
      8.73984,
      16.69325,
      16.47514,
      16.29875
    ],
    "Triton Ragged (ours)": [
      0.13517,
      0.04115,
      0.02253,
      0.33792,
      0.07885,
      0.02662
    ],
    "FlashAttention-2 (varlen)": [
      0.11162,
      0.0471,
      0.04915,
      0.25293,
      0.07168,
      0.05939
    ]
  },
  "p95": {
    "SDPA (math, padded)": [
      5.5007,
      2.76294,
      2.23232,
      11.0375,
      5.96397,
      4.29261
    ],
    "SDPA (efficient, padded)": [
      2.32038,
      2.02547,
      2.01728,
      4.57728,
      3.92608,
      3.79187
    ],
    "SDPA (flash, padded)": [
      2.19034,
      2.04595,
      2.0265,
      4.3881,
      3.84512,
      3.7327
    ],
    "NestedTensor + SDPA": [
      9.38394,
      9.23238,
      9.37974,
      17.69882,
      17.6657,
      17.32813
    ],
    "Triton Ragged (ours)": [
      0.13722,
      0.0423,
      0.02458,
      0.35021,
      0.0799,
      0.02787
    ],
    "FlashAttention-2 (varlen)": [
      0.11674,
      0.05018,
      0.05325,
      0.26931,
      0.07402,
      0.06144
    ]
  }
}