{
  "gpu": "NVIDIA RTX 4000 Ada Generation",
  "sm": "SM89",
  "timing": "cuda_events_median_ms",
  "warmup": 50,
  "jit_warmup": 150,
  "iters": 300,
  "configs": [
    "BS=32, 0% pruned",
    "BS=32, 50% pruned",
    "BS=32, 80% pruned",
    "BS=64, 0% pruned",
    "BS=64, 50% pruned",
    "BS=64, 80% pruned"
  ],
  "kernels": {
    "SDPA (math, padded)": [
      5.30459,
      2.56922,
      2.07152,
      10.66898,
      5.8029,
      4.27094
    ],
    "SDPA (efficient, padded)": [
      2.11251,
      1.88928,
      1.79206,
      4.16154,
      4.03112,
      3.81454
    ],
    "SDPA (flash, padded)": [
      1.99269,
      1.84728,
      1.83296,
      3.98771,
      3.9577,
      3.81182
    ],
    "NestedTensor + SDPA": [
      8.94946,
      8.88013,
      8.83514,
      16.93659,
      16.75878,
      16.53258
    ],
    "Triton Ragged (ours)": [
      0.13619,
      0.04198,
      0.02458,
      0.34202,
      0.07987,
      0.02765
    ],
    "FlashAttention-2 (varlen)": [
      0.11162,
      0.04818,
      0.0512,
      0.26726,
      0.07168,
      0.06042
    ]
  },
  "p5": {
    "SDPA (math, padded)": [
      5.26758,
      2.55898,
      2.06131,
      10.61302,
      5.74976,
      4.04496
    ],
    "SDPA (efficient, padded)": [
      2.08896,
      1.88122,
      1.78064,
      4.14006,
      4.01306,
      3.75603
    ],
    "SDPA (flash, padded)": [
      1.95584,
      1.83622,
      1.82298,
      3.89734,
      3.6823,
      3.58682
    ],
    "NestedTensor + SDPA": [
      8.88538,
      8.80435,
      8.74768,
      16.552,
      16.5079,
      16.13917
    ],
    "Triton Ragged (ours)": [
      0.13517,
      0.04125,
      0.02458,
      0.33178,
      0.07885,
      0.02765
    ],
    "FlashAttention-2 (varlen)": [
      0.11059,
      0.0471,
      0.04915,
      0.2519,
      0.07066,
      0.05939
    ]
  },
  "p95": {
    "SDPA (math, padded)": [
      5.36266,
      2.58157,
      2.08384,
      10.71411,
      5.98426,
      4.39408
    ],
    "SDPA (efficient, padded)": [
      2.12576,
      1.89923,
      1.90048,
      4.30461,
      4.1776,
      3.83398
    ],
    "SDPA (flash, padded)": [
      2.00397,
      1.91386,
      1.90362,
      4.12262,
      4.14205,
      3.84006
    ],
    "NestedTensor + SDPA": [
      9.38189,
      9.31942,
      9.2631,
      17.75002,
      17.87875,
      17.36611
    ],
    "Triton Ragged (ours)": [
      0.13722,
      0.04301,
      0.0257,
      0.34416,
      0.07987,
      0.02867
    ],
    "FlashAttention-2 (varlen)": [
      0.11264,
      0.0512,
      0.05427,
      0.26931,
      0.07181,
      0.06144
    ]
  }
}