{
  "gpu": "NVIDIA RTX 4000 Ada Generation",
  "sm": "SM89",
  "timing": "cuda_events_median_ms",
  "warmup": 50,
  "jit_warmup": 150,
  "iters": 300,
  "configs": [
    "BS=32, 0% pruned",
    "BS=32, 50% pruned",
    "BS=32, 80% pruned",
    "BS=64, 0% pruned",
    "BS=64, 50% pruned",
    "BS=64, 80% pruned"
  ],
  "kernels": {
    "SDPA (math, padded)": [
      5.32875,
      2.58165,
      2.09613,
      10.77237,
      5.72109,
      4.09293
    ],
    "SDPA (efficient, padded)": [
      2.19096,
      1.90054,
      1.85107,
      4.36838,
      3.80243,
      3.59936
    ],
    "SDPA (flash, padded)": [
      2.00699,
      1.85674,
      1.84371,
      4.28806,
      3.7215,
      3.61342
    ],
    "NestedTensor + SDPA": [
      8.95392,
      8.82387,
      8.81011,
      16.7977,
      17.3783,
      16.61218
    ],
    "Triton Ragged (ours)": [
      0.13538,
      0.04198,
      0.02355,
      0.34304,
      0.0792,
      0.02765
    ],
    "FlashAttention-2 (varlen)": [
      0.11162,
      0.0512,
      0.04813,
      0.26726,
      0.07168,
      0.06042
    ]
  },
  "p5": {
    "SDPA (math, padded)": [
      5.28077,
      2.57014,
      2.0841,
      10.63629,
      5.69469,
      4.07974
    ],
    "SDPA (efficient, padded)": [
      2.12202,
      1.89235,
      1.84355,
      4.32512,
      3.72531,
      3.53587
    ],
    "SDPA (flash, padded)": [
      1.99885,
      1.84627,
      1.80941,
      4.12685,
      3.6567,
      3.60038
    ],
    "NestedTensor + SDPA": [
      8.8791,
      8.6057,
      8.60077,
      16.56083,
      16.5079,
      16.46995
    ],
    "Triton Ragged (ours)": [
      0.13517,
      0.04096,
      0.02355,
      0.33075,
      0.07885,
      0.02662
    ],
    "FlashAttention-2 (varlen)": [
      0.11059,
      0.05018,
      0.0471,
      0.25293,
      0.07066,
      0.05939
    ]
  },
  "p95": {
    "SDPA (math, padded)": [
      5.80787,
      2.65517,
      2.20774,
      10.91878,
      5.84602,
      4.23843
    ],
    "SDPA (efficient, padded)": [
      2.22643,
      1.97222,
      1.92374,
      4.53251,
      4.00384,
      3.73891
    ],
    "SDPA (flash, padded)": [
      2.01728,
      1.91491,
      1.91795,
      4.35914,
      3.85939,
      3.75501
    ],
    "NestedTensor + SDPA": [
      9.36928,
      9.07571,
      9.27846,
      17.43475,
      17.88288,
      17.28637
    ],
    "Triton Ragged (ours)": [
      0.13654,
      0.04301,
      0.02467,
      0.34509,
      0.07987,
      0.02784
    ],
    "FlashAttention-2 (varlen)": [
      0.12106,
      0.05427,
      0.0512,
      0.26947,
      0.07203,
      0.06144
    ]
  }
}