{
  "gpu": "NVIDIA RTX 4000 Ada Generation",
  "sm": "SM89",
  "timing": "cuda_events_median_ms",
  "warmup": 50,
  "jit_warmup": 150,
  "iters": 300,
  "configs": [
    "BS=32, 0% pruned",
    "BS=32, 50% pruned",
    "BS=32, 80% pruned",
    "BS=64, 0% pruned",
    "BS=64, 50% pruned",
    "BS=64, 80% pruned"
  ],
  "kernels": {
    "SDPA (math, padded)": [
      5.32696,
      2.56539,
      2.07072,
      10.65086,
      5.72362,
      4.05709
    ],
    "SDPA (efficient, padded)": [
      2.11594,
      1.8903,
      1.82347,
      4.14515,
      3.75619,
      3.58144
    ],
    "SDPA (flash, padded)": [
      1.99682,
      1.8432,
      1.82272,
      4.09984,
      3.70019,
      3.72941
    ],
    "NestedTensor + SDPA": [
      9.42541,
      8.88952,
      8.93907,
      16.95741,
      16.8211,
      16.70912
    ],
    "Triton Ragged (ours)": [
      0.13619,
      0.04198,
      0.02355,
      0.34509,
      0.07987,
      0.02765
    ],
    "FlashAttention-2 (varlen)": [
      0.11162,
      0.05018,
      0.0512,
      0.26829,
      0.07168,
      0.06042
    ]
  },
  "p5": {
    "SDPA (math, padded)": [
      5.26362,
      2.53235,
      2.04374,
      10.58525,
      5.66374,
      4.01203
    ],
    "SDPA (efficient, padded)": [
      2.10454,
      1.8832,
      1.81555,
      4.08765,
      3.74298,
      3.50515
    ],
    "SDPA (flash, padded)": [
      1.96442,
      1.83418,
      1.81654,
      3.94845,
      3.66906,
      3.70176
    ],
    "NestedTensor + SDPA": [
      8.96106,
      8.68454,
      8.85584,
      16.54157,
      16.56147,
      16.32768
    ],
    "Triton Ragged (ours)": [
      0.13517,
      0.04096,
      0.02253,
      0.3328,
      0.07885,
      0.02662
    ],
    "FlashAttention-2 (varlen)": [
      0.11059,
      0.04813,
      0.04915,
      0.25293,
      0.07066,
      0.05939
    ]
  },
  "p95": {
    "SDPA (math, padded)": [
      5.37213,
      2.58253,
      2.14336,
      10.80765,
      5.87862,
      4.07821
    ],
    "SDPA (efficient, padded)": [
      2.14954,
      1.89952,
      1.85107,
      4.17168,
      3.77549,
      3.72019
    ],
    "SDPA (flash, padded)": [
      2.06541,
      1.8537,
      1.82995,
      4.18406,
      3.84819,
      3.80211
    ],
    "NestedTensor + SDPA": [
      9.67085,
      9.30714,
      9.50982,
      17.72678,
      17.64765,
      17.47283
    ],
    "Triton Ragged (ours)": [
      0.13722,
      0.04301,
      0.02458,
      0.34714,
      0.07987,
      0.02867
    ],
    "FlashAttention-2 (varlen)": [
      0.12288,
      0.05222,
      0.05325,
      0.27034,
      0.07475,
      0.06144
    ]
  }
}