{
  "gpu": "NVIDIA RTX 4000 Ada Generation",
  "sm": "SM89",
  "timing": "cuda_events_median_ms",
  "warmup": 50,
  "jit_warmup": 150,
  "iters": 300,
  "configs": [
    "BS=32, 0% pruned",
    "BS=32, 50% pruned",
    "BS=32, 80% pruned",
    "BS=64, 0% pruned",
    "BS=64, 50% pruned",
    "BS=64, 80% pruned"
  ],
  "kernels": {
    "SDPA (math, padded)": [
      5.3719,
      2.64466,
      2.07032,
      10.66347,
      5.73827,
      4.06086
    ],
    "SDPA (efficient, padded)": [
      2.25634,
      1.95976,
      1.83005,
      4.28971,
      3.88622,
      3.56677
    ],
    "SDPA (flash, padded)": [
      2.12797,
      1.84256,
      1.82886,
      4.0192,
      3.68845,
      3.58502
    ],
    "NestedTensor + SDPA": [
      9.38584,
      9.17285,
      9.17219,
      17.49872,
      17.29891,
      17.23438
    ],
    "Triton Ragged (ours)": [
      0.13619,
      0.04198,
      0.02355,
      0.34099,
      0.07987,
      0.02765
    ],
    "FlashAttention-2 (varlen)": [
      0.11166,
      0.05325,
      0.05427,
      0.26726,
      0.07168,
      0.06042
    ]
  },
  "p5": {
    "SDPA (math, padded)": [
      5.32259,
      2.57008,
      2.03469,
      10.6023,
      5.67069,
      3.99059
    ],
    "SDPA (efficient, padded)": [
      2.24173,
      1.88515,
      1.81962,
      4.14902,
      3.75501,
      3.49408
    ],
    "SDPA (flash, padded)": [
      2.11558,
      1.80838,
      1.79242,
      3.95805,
      3.67222,
      3.56941
    ],
    "NestedTensor + SDPA": [
      9.22317,
      9.08189,
      8.9567,
      17.14176,
      17.10349,
      17.05984
    ],
    "Triton Ragged (ours)": [
      0.13517,
      0.04096,
      0.02253,
      0.33178,
      0.07885,
      0.02662
    ],
    "FlashAttention-2 (varlen)": [
      0.11059,
      0.0512,
      0.05325,
      0.25613,
      0.07066,
      0.05939
    ]
  },
  "p95": {
    "SDPA (math, padded)": [
      5.44227,
      2.68173,
      2.08582,
      10.77043,
      5.8327,
      4.1103
    ],
    "SDPA (efficient, padded)": [
      2.32755,
      1.96915,
      1.84013,
      4.37232,
      3.90675,
      3.69459
    ],
    "SDPA (flash, padded)": [
      2.20365,
      1.91686,
      1.83808,
      4.1175,
      3.86278,
      3.72394
    ],
    "NestedTensor + SDPA": [
      10.0127,
      9.24064,
      9.6256,
      18.3079,
      17.96813,
      18.08518
    ],
    "Triton Ragged (ours)": [
      0.13722,
      0.04224,
      0.02458,
      0.34611,
      0.07987,
      0.02787
    ],
    "FlashAttention-2 (varlen)": [
      0.12221,
      0.05632,
      0.05734,
      0.27136,
      0.07181,
      0.06144
    ]
  }
}