{
  "gpu": "NVIDIA RTX 4000 Ada Generation",
  "sm": "SM89",
  "timing": "cuda_events_median_ms",
  "warmup": 50,
  "jit_warmup": 150,
  "iters": 300,
  "configs": [
    "BS=32, 0% pruned",
    "BS=32, 50% pruned",
    "BS=32, 80% pruned",
    "BS=64, 0% pruned",
    "BS=64, 50% pruned",
    "BS=64, 80% pruned"
  ],
  "kernels": {
    "SDPA (math, padded)": [
      5.36022,
      2.65933,
      2.1759,
      10.72259,
      5.74478,
      4.10931
    ],
    "SDPA (efficient, padded)": [
      2.31885,
      1.92082,
      2.05325,
      4.34262,
      3.81232,
      3.60867
    ],
    "SDPA (flash, padded)": [
      2.2116,
      1.86982,
      2.05104,
      4.00589,
      3.73358,
      3.61347
    ],
    "NestedTensor + SDPA": [
      9.56462,
      9.29278,
      9.18682,
      17.5903,
      17.3579,
      17.28822
    ],
    "Triton Ragged (ours)": [
      0.13619,
      0.04198,
      0.02355,
      0.34304,
      0.07987,
      0.02765
    ],
    "FlashAttention-2 (varlen)": [
      0.11162,
      0.0553,
      0.05325,
      0.25907,
      0.07168,
      0.06042
    ]
  },
  "p5": {
    "SDPA (math, padded)": [
      5.31456,
      2.58998,
      2.10125,
      10.62787,
      5.70368,
      4.09498
    ],
    "SDPA (efficient, padded)": [
      2.25779,
      1.91181,
      2.02262,
      4.20966,
      3.79597,
      3.59629
    ],
    "SDPA (flash, padded)": [
      2.13709,
      1.86163,
      2.04086,
      3.94259,
      3.71802,
      3.5985
    ],
    "NestedTensor + SDPA": [
      9.27539,
      9.19648,
      8.9663,
      17.21773,
      16.98368,
      17.15814
    ],
    "Triton Ragged (ours)": [
      0.13517,
      0.04096,
      0.02253,
      0.33178,
      0.07885,
      0.02662
    ],
    "FlashAttention-2 (varlen)": [
      0.11059,
      0.05338,
      0.05222,
      0.25293,
      0.07066,
      0.05939
    ]
  },
  "p95": {
    "SDPA (math, padded)": [
      5.42003,
      2.70816,
      2.19667,
      11.60496,
      5.85024,
      4.2568
    ],
    "SDPA (efficient, padded)": [
      2.34173,
      1.99293,
      2.06438,
      4.42336,
      3.95235,
      3.62387
    ],
    "SDPA (flash, padded)": [
      2.24768,
      1.93946,
      2.09219,
      4.02451,
      3.87274,
      3.74886
    ],
    "NestedTensor + SDPA": [
      9.8833,
      9.89366,
      9.63994,
      18.41766,
      17.49475,
      18.11475
    ],
    "Triton Ragged (ours)": [
      0.13722,
      0.04234,
      0.02458,
      0.3455,
      0.07987,
      0.028
    ],
    "FlashAttention-2 (varlen)": [
      0.12288,
      0.05734,
      0.05533,
      0.26829,
      0.0719,
      0.06144
    ]
  }
}