{
  "gpu": "NVIDIA RTX 4000 Ada Generation",
  "sm": "SM89",
  "timing": "cuda_events_median_ms",
  "warmup": 50,
  "jit_warmup": 150,
  "iters": 300,
  "configs": [
    "BS=32, 0% pruned",
    "BS=32, 50% pruned",
    "BS=32, 80% pruned",
    "BS=64, 0% pruned",
    "BS=64, 50% pruned",
    "BS=64, 80% pruned"
  ],
  "kernels": {
    "SDPA (math, padded)": [
      5.35762,
      2.6632,
      2.15853,
      10.8637,
      5.86859,
      4.23773
    ],
    "SDPA (efficient, padded)": [
      2.14274,
      1.99254,
      1.92304,
      4.34162,
      3.9303,
      3.74701
    ],
    "SDPA (flash, padded)": [
      2.01414,
      1.91986,
      1.89032,
      4.02022,
      3.85106,
      3.75672
    ],
    "NestedTensor + SDPA": [
      9.17949,
      9.21189,
      8.96008,
      17.3989,
      17.16538,
      17.16693
    ],
    "Triton Ragged (ours)": [
      0.13722,
      0.04198,
      0.02498,
      0.34509,
      0.07987,
      0.02765
    ],
    "FlashAttention-2 (varlen)": [
      0.11366,
      0.0512,
      0.04813,
      0.26326,
      0.07168,
      0.06042
    ]
  },
  "p5": {
    "SDPA (math, padded)": [
      5.28374,
      2.5888,
      2.08691,
      10.64858,
      5.72211,
      4.09424
    ],
    "SDPA (efficient, padded)": [
      2.12858,
      1.91795,
      1.85062,
      4.18752,
      3.7929,
      3.59322
    ],
    "SDPA (flash, padded)": [
      1.99782,
      1.90566,
      1.83891,
      4.0008,
      3.71008,
      3.61594
    ],
    "NestedTensor + SDPA": [
      8.79206,
      8.77773,
      8.65088,
      16.6552,
      16.4905,
      16.3584
    ],
    "Triton Ragged (ours)": [
      0.13619,
      0.04131,
      0.02458,
      0.3369,
      0.07885,
      0.02662
    ],
    "FlashAttention-2 (varlen)": [
      0.11264,
      0.04915,
      0.04608,
      0.25213,
      0.07066,
      0.05939
    ]
  },
  "p95": {
    "SDPA (math, padded)": [
      5.90422,
      3.17446,
      2.67264,
      11.40531,
      6.3959,
      4.7553
    ],
    "SDPA (efficient, padded)": [
      2.70122,
      2.52826,
      2.41533,
      4.92266,
      4.44723,
      4.32333
    ],
    "SDPA (flash, padded)": [
      2.54176,
      2.48806,
      2.40365,
      4.59674,
      4.40202,
      4.35171
    ],
    "NestedTensor + SDPA": [
      9.63053,
      9.65715,
      9.46547,
      18.04787,
      17.75104,
      17.79302
    ],
    "Triton Ragged (ours)": [
      0.13824,
      0.04301,
      0.02662,
      0.35021,
      0.07987,
      0.02787
    ],
    "FlashAttention-2 (varlen)": [
      0.11469,
      0.05427,
      0.0504,
      0.26941,
      0.0768,
      0.06144
    ]
  }
}