{
  "gpu": "NVIDIA RTX 4000 Ada Generation",
  "sm": "SM89",
  "timing": "cuda_events_median_ms",
  "warmup": 50,
  "jit_warmup": 150,
  "iters": 300,
  "configs": [
    "BS=32, 0% pruned",
    "BS=32, 50% pruned",
    "BS=32, 80% pruned",
    "BS=64, 0% pruned",
    "BS=64, 50% pruned",
    "BS=64, 80% pruned"
  ],
  "kernels": {
    "SDPA (math, padded)": [
      5.41043,
      2.59016,
      2.17846,
      10.93544,
      5.78557,
      4.09702
    ],
    "SDPA (efficient, padded)": [
      2.25653,
      2.0183,
      2.02752,
      4.64179,
      3.78549,
      3.58912
    ],
    "SDPA (flash, padded)": [
      2.13422,
      1.96811,
      1.96459,
      3.98162,
      3.71306,
      3.7283
    ],
    "NestedTensor + SDPA": [
      9.08878,
      9.00306,
      8.99475,
      17.18181,
      16.96512,
      16.88661
    ],
    "Triton Ragged (ours)": [
      0.13517,
      0.04198,
      0.02355,
      0.34509,
      0.07987,
      0.02765
    ],
    "FlashAttention-2 (varlen)": [
      0.11162,
      0.04942,
      0.05018,
      0.26762,
      0.07168,
      0.06042
    ]
  },
  "p5": {
    "SDPA (math, padded)": [
      5.32682,
      2.56579,
      2.13914,
      10.80627,
      5.6945,
      4.07795
    ],
    "SDPA (efficient, padded)": [
      2.23725,
      2.00586,
      1.95277,
      4.55578,
      3.76646,
      3.57261
    ],
    "SDPA (flash, padded)": [
      2.11456,
      1.95549,
      1.94899,
      3.96186,
      3.65174,
      3.58502
    ],
    "NestedTensor + SDPA": [
      8.92557,
      8.93344,
      8.90029,
      17.03638,
      16.83331,
      16.76867
    ],
    "Triton Ragged (ours)": [
      0.13517,
      0.04131,
      0.02253,
      0.33178,
      0.07885,
      0.02662
    ],
    "FlashAttention-2 (varlen)": [
      0.11059,
      0.04813,
      0.04813,
      0.25293,
      0.07066,
      0.05939
    ]
  },
  "p95": {
    "SDPA (math, padded)": [
      5.4607,
      2.63987,
      2.22278,
      11.0335,
      5.85933,
      4.23958
    ],
    "SDPA (efficient, padded)": [
      2.32429,
      2.03277,
      2.04083,
      4.66534,
      3.93318,
      3.73453
    ],
    "SDPA (flash, padded)": [
      2.22998,
      2.04192,
      2.04083,
      4.95546,
      3.85299,
      3.80755
    ],
    "NestedTensor + SDPA": [
      9.65658,
      9.42966,
      9.47069,
      17.96096,
      17.7664,
      17.76979
    ],
    "Triton Ragged (ours)": [
      0.13722,
      0.04301,
      0.02458,
      0.34714,
      0.07987,
      0.02787
    ],
    "FlashAttention-2 (varlen)": [
      0.11264,
      0.05222,
      0.05222,
      0.27034,
      0.07197,
      0.06144
    ]
  }
}