{
  "gpu": "NVIDIA RTX 4000 Ada Generation",
  "sm": "SM89",
  "timing": "cuda_events_median_ms",
  "warmup": 50,
  "jit_warmup": 150,
  "iters": 300,
  "configs": [
    "BS=32, 0% pruned",
    "BS=32, 50% pruned",
    "BS=32, 80% pruned",
    "BS=64, 0% pruned",
    "BS=64, 50% pruned",
    "BS=64, 80% pruned"
  ],
  "kernels": {
    "SDPA (math, padded)": [
      5.35245,
      2.64966,
      2.1161,
      10.85098,
      5.86042,
      4.2129
    ],
    "SDPA (efficient, padded)": [
      2.18419,
      1.9261,
      1.91114,
      4.39278,
      3.90424,
      3.73493
    ],
    "SDPA (flash, padded)": [
      2.00498,
      1.87533,
      1.95482,
      4.21333,
      3.83954,
      3.73043
    ],
    "NestedTensor + SDPA": [
      9.29458,
      9.15984,
      9.13578,
      17.39934,
      17.24306,
      17.13413
    ],
    "Triton Ragged (ours)": [
      0.13638,
      0.04198,
      0.02355,
      0.34304,
      0.07987,
      0.02765
    ],
    "FlashAttention-2 (varlen)": [
      0.11264,
      0.04813,
      0.04813,
      0.25293,
      0.07168,
      0.06042
    ]
  },
  "p5": {
    "SDPA (math, padded)": [
      5.27258,
      2.56918,
      2.04493,
      10.6033,
      5.7047,
      4.07142
    ],
    "SDPA (efficient, padded)": [
      2.08691,
      1.88534,
      1.83408,
      4.20659,
      3.75213,
      3.57894
    ],
    "SDPA (flash, padded)": [
      1.98656,
      1.84192,
      1.88416,
      4.05597,
      3.69357,
      3.58515
    ],
    "NestedTensor + SDPA": [
      8.84634,
      8.75142,
      8.71498,
      16.71661,
      16.50614,
      16.39462
    ],
    "Triton Ragged (ours)": [
      0.13555,
      0.04096,
      0.01536,
      0.33494,
      0.07885,
      0.02662
    ],
    "FlashAttention-2 (varlen)": [
      0.11059,
      0.03616,
      0.03309,
      0.2519,
      0.07066,
      0.05939
    ]
  },
  "p95": {
    "SDPA (math, padded)": [
      5.89926,
      3.16115,
      2.65245,
      11.3961,
      6.4023,
      4.74
    ],
    "SDPA (efficient, padded)": [
      2.73325,
      2.49754,
      2.36237,
      4.93875,
      4.4033,
      4.34176
    ],
    "SDPA (flash, padded)": [
      2.54874,
      2.41341,
      2.47603,
      4.77907,
      4.39885,
      4.27795
    ],
    "NestedTensor + SDPA": [
      9.81069,
      9.5879,
      9.61741,
      17.96912,
      17.8327,
      17.79302
    ],
    "Triton Ragged (ours)": [
      0.13824,
      0.04221,
      0.0256,
      0.34611,
      0.0799,
      0.02787
    ],
    "FlashAttention-2 (varlen)": [
      0.11469,
      0.05222,
      0.05222,
      0.26624,
      0.07373,
      0.06144
    ]
  }
}