{
  "gpu": "NVIDIA RTX 4000 Ada Generation",
  "sm": "SM89",
  "timing": "cuda_events_median_ms",
  "warmup": 50,
  "jit_warmup": 150,
  "iters": 300,
  "configs": [
    "BS=32, 0% pruned",
    "BS=32, 50% pruned",
    "BS=32, 80% pruned",
    "BS=64, 0% pruned",
    "BS=64, 50% pruned",
    "BS=64, 80% pruned"
  ],
  "kernels": {
    "SDPA (math, padded)": [
      5.31541,
      2.62861,
      2.0672,
      10.64112,
      5.68766,
      4.04698
    ],
    "SDPA (efficient, padded)": [
      2.11371,
      1.98963,
      1.82706,
      4.15114,
      3.75706,
      3.554
    ],
    "SDPA (flash, padded)": [
      1.98861,
      1.91152,
      1.82682,
      3.95757,
      3.67326,
      3.56082
    ],
    "NestedTensor + SDPA": [
      9.33768,
      9.31123,
      9.25798,
      17.70291,
      17.45613,
      18.06755
    ],
    "Triton Ragged (ours)": [
      0.13619,
      0.04198,
      0.02458,
      0.34304,
      0.07987,
      0.02765
    ],
    "FlashAttention-2 (varlen)": [
      0.11168,
      0.0553,
      0.05427,
      0.25328,
      0.07106,
      0.06042
    ]
  },
  "p5": {
    "SDPA (math, padded)": [
      5.26957,
      2.5576,
      2.05414,
      10.53082,
      5.65229,
      3.98438
    ],
    "SDPA (efficient, padded)": [
      2.10326,
      1.95648,
      1.79002,
      4.08848,
      3.74246,
      3.53968
    ],
    "SDPA (flash, padded)": [
      1.97814,
      1.90054,
      1.81946,
      3.9383,
      3.65594,
      3.50208
    ],
    "NestedTensor + SDPA": [
      9.27949,
      9.20576,
      9.03338,
      17.56685,
      17.32813,
      17.10387
    ],
    "Triton Ragged (ours)": [
      0.13517,
      0.04096,
      0.02355,
      0.33085,
      0.07885,
      0.02662
    ],
    "FlashAttention-2 (varlen)": [
      0.11059,
      0.05325,
      0.05325,
      0.25293,
      0.07066,
      0.05939
    ]
  },
  "p95": {
    "SDPA (math, padded)": [
      5.36752,
      2.67878,
      2.0768,
      10.74186,
      5.79792,
      4.07341
    ],
    "SDPA (efficient, padded)": [
      2.1248,
      2.00848,
      1.83885,
      4.17357,
      3.89325,
      3.58192
    ],
    "SDPA (flash, padded)": [
      1.99968,
      1.95094,
      1.8391,
      3.9776,
      3.70272,
      3.57786
    ],
    "NestedTensor + SDPA": [
      9.66656,
      9.86214,
      9.70202,
      18.57107,
      18.31629,
      18.64602
    ],
    "Triton Ragged (ours)": [
      0.13722,
      0.04301,
      0.0256,
      0.34714,
      0.07987,
      0.02794
    ],
    "FlashAttention-2 (varlen)": [
      0.11776,
      0.06042,
      0.05747,
      0.25411,
      0.0727,
      0.06144
    ]
  }
}