{
  "gpu": "NVIDIA RTX 4000 Ada Generation",
  "sm": "SM89",
  "timing": "cuda_events_median_ms",
  "warmup": 50,
  "jit_warmup": 150,
  "iters": 300,
  "configs": [
    "BS=32, 0% pruned",
    "BS=32, 50% pruned",
    "BS=32, 80% pruned",
    "BS=64, 0% pruned",
    "BS=64, 50% pruned",
    "BS=64, 80% pruned"
  ],
  "kernels": {
    "SDPA (math, padded)": [
      5.34363,
      2.5856,
      2.18931,
      10.71966,
      5.75386,
      4.16464
    ],
    "SDPA (efficient, padded)": [
      2.1349,
      1.89942,
      1.83662,
      4.18605,
      3.79155,
      3.83666
    ],
    "SDPA (flash, padded)": [
      2.06885,
      1.88438,
      1.82986,
      4.00469,
      3.75206,
      3.84619
    ],
    "NestedTensor + SDPA": [
      8.97734,
      9.19864,
      8.74779,
      16.84773,
      17.38024,
      16.59011
    ],
    "Triton Ragged (ours)": [
      0.1373,
      0.04198,
      0.02458,
      0.34714,
      0.07987,
      0.02765
    ],
    "FlashAttention-2 (varlen)": [
      0.11162,
      0.04813,
      0.04813,
      0.2601,
      0.0727,
      0.06042
    ]
  },
  "p5": {
    "SDPA (math, padded)": [
      5.29187,
      2.57536,
      2.14512,
      10.61581,
      5.71104,
      4.12435
    ],
    "SDPA (efficient, padded)": [
      2.11974,
      1.88928,
      1.8248,
      4.15949,
      3.77037,
      3.81133
    ],
    "SDPA (flash, padded)": [
      1.99376,
      1.81008,
      1.8216,
      3.97312,
      3.69869,
      3.82995
    ],
    "NestedTensor + SDPA": [
      8.83603,
      8.7593,
      8.53379,
      16.68365,
      16.50803,
      16.33997
    ],
    "Triton Ragged (ours)": [
      0.13619,
      0.04131,
      0.02355,
      0.3369,
      0.07885,
      0.02765
    ],
    "FlashAttention-2 (varlen)": [
      0.11059,
      0.0471,
      0.0471,
      0.25293,
      0.07168,
      0.05939
    ]
  },
  "p95": {
    "SDPA (math, padded)": [
      5.38214,
      2.65824,
      2.20256,
      10.83069,
      5.89517,
      4.32323
    ],
    "SDPA (efficient, padded)": [
      2.23955,
      1.97027,
      1.91581,
      4.33958,
      3.99091,
      3.98746
    ],
    "SDPA (flash, padded)": [
      2.10944,
      1.93126,
      1.84115,
      4.14413,
      3.92806,
      3.98218
    ],
    "NestedTensor + SDPA": [
      9.5232,
      9.45994,
      9.16176,
      17.80838,
      17.82413,
      17.36109
    ],
    "Triton Ragged (ours)": [
      0.13926,
      0.04301,
      0.0256,
      0.35021,
      0.08006,
      0.02867
    ],
    "FlashAttention-2 (varlen)": [
      0.11264,
      0.0512,
      0.0512,
      0.27136,
      0.07373,
      0.06144
    ]
  }
}