{
  "gpu": "NVIDIA RTX 4000 Ada Generation",
  "sm": "SM89",
  "timing": "cuda_events_median_ms",
  "warmup": 50,
  "jit_warmup": 150,
  "iters": 300,
  "configs": [
    "BS=32, 0% pruned",
    "BS=32, 50% pruned",
    "BS=32, 80% pruned",
    "BS=64, 0% pruned",
    "BS=64, 50% pruned",
    "BS=64, 80% pruned"
  ],
  "kernels": {
    "SDPA (math, padded)": [
      5.30517,
      2.55787,
      2.06746,
      10.61845,
      5.80302,
      4.18918
    ],
    "SDPA (efficient, padded)": [
      2.17189,
      1.88112,
      1.82682,
      4.15846,
      3.9096,
      3.69827
    ],
    "SDPA (flash, padded)": [
      1.98726,
      1.83448,
      1.82579,
      3.9639,
      3.81542,
      3.5775
    ],
    "NestedTensor + SDPA": [
      9.21651,
      9.09862,
      9.12384,
      17.4295,
      17.23552,
      17.14285
    ],
    "Triton Ragged (ours)": [
      0.13619,
      0.04198,
      0.02355,
      0.34304,
      0.07987,
      0.02765
    ],
    "FlashAttention-2 (varlen)": [
      0.11162,
      0.0512,
      0.05261,
      0.26214,
      0.07168,
      0.06042
    ]
  },
  "p5": {
    "SDPA (math, padded)": [
      5.26336,
      2.54669,
      2.05517,
      10.58736,
      5.74368,
      4.04749
    ],
    "SDPA (efficient, padded)": [
      2.1023,
      1.87411,
      1.81965,
      4.09917,
      3.76646,
      3.55984
    ],
    "SDPA (flash, padded)": [
      1.97744,
      1.82602,
      1.8183,
      3.9479,
      3.68566,
      3.51024
    ],
    "NestedTensor + SDPA": [
      9.01734,
      8.91699,
      9.01632,
      17.30365,
      16.97587,
      16.78461
    ],
    "Triton Ragged (ours)": [
      0.13517,
      0.04096,
      0.02355,
      0.33178,
      0.07885,
      0.02662
    ],
    "FlashAttention-2 (varlen)": [
      0.11059,
      0.04928,
      0.0512,
      0.25395,
      0.07066,
      0.05939
    ]
  },
  "p95": {
    "SDPA (math, padded)": [
      5.36918,
      2.57059,
      2.07667,
      10.74266,
      5.91155,
      4.21478
    ],
    "SDPA (efficient, padded)": [
      2.21286,
      1.9111,
      1.8351,
      4.3001,
      4.15014,
      3.72093
    ],
    "SDPA (flash, padded)": [
      2.03264,
      1.84627,
      1.83398,
      4.10317,
      3.84438,
      3.71443
    ],
    "NestedTensor + SDPA": [
      9.67782,
      9.60003,
      9.62458,
      18.30429,
      18.05805,
      17.93411
    ],
    "Triton Ragged (ours)": [
      0.13722,
      0.04301,
      0.0256,
      0.34611,
      0.07987,
      0.02778
    ],
    "FlashAttention-2 (varlen)": [
      0.11181,
      0.05427,
      0.0553,
      0.26931,
      0.07373,
      0.06144
    ]
  }
}