{
  "gpu": "NVIDIA RTX 4000 Ada Generation",
  "sm": "SM89",
  "timing": "cuda_events_median_ms",
  "warmup": 50,
  "jit_warmup": 150,
  "iters": 300,
  "configs": [
    "BS=32, 0% pruned",
    "BS=32, 50% pruned",
    "BS=32, 80% pruned",
    "BS=64, 0% pruned",
    "BS=64, 50% pruned",
    "BS=64, 80% pruned"
  ],
  "kernels": {
    "SDPA (math, padded)": [
      5.41702,
      2.6601,
      2.11763,
      10.83546,
      5.75354,
      4.17986
    ],
    "SDPA (efficient, padded)": [
      2.26598,
      2.1033,
      2.00192,
      4.16974,
      3.7839,
      3.5872
    ],
    "SDPA (flash, padded)": [
      2.20365,
      2.0521,
      1.97632,
      3.98029,
      3.7059,
      3.72526
    ],
    "NestedTensor + SDPA": [
      9.20869,
      9.13603,
      9.05728,
      17.50066,
      17.0772,
      17.3844
    ],
    "Triton Ragged (ours)": [
      0.13722,
      0.04198,
      0.02355,
      0.34714,
      0.07987,
      0.02765
    ],
    "FlashAttention-2 (varlen)": [
      0.11264,
      0.05018,
      0.05325,
      0.26522,
      0.0727,
      0.06042
    ]
  },
  "p5": {
    "SDPA (math, padded)": [
      5.34118,
      2.55382,
      2.10304,
      10.61962,
      5.70573,
      4.0695
    ],
    "SDPA (efficient, padded)": [
      2.2529,
      1.95594,
      1.96301,
      4.15229,
      3.76915,
      3.57376
    ],
    "SDPA (flash, padded)": [
      2.19059,
      1.98144,
      1.96198,
      3.96208,
      3.64422,
      3.5872
    ],
    "NestedTensor + SDPA": [
      9.13075,
      9.05251,
      8.97741,
      17.19123,
      16.87014,
      16.79584
    ],
    "Triton Ragged (ours)": [
      0.13619,
      0.04134,
      0.02253,
      0.3369,
      0.07885,
      0.02662
    ],
    "FlashAttention-2 (varlen)": [
      0.11162,
      0.04851,
      0.04947,
      0.25293,
      0.07168,
      0.05939
    ]
  },
  "p95": {
    "SDPA (math, padded)": [
      5.46326,
      2.72406,
      2.15757,
      11.58144,
      5.90237,
      4.3223
    ],
    "SDPA (efficient, padded)": [
      2.3416,
      2.11763,
      2.05082,
      4.3008,
      3.92397,
      3.72429
    ],
    "SDPA (flash, padded)": [
      2.23853,
      2.09818,
      2.05312,
      4.12918,
      3.82976,
      3.80893
    ],
    "NestedTensor + SDPA": [
      9.72387,
      9.77613,
      9.46278,
      18.50266,
      17.91283,
      18.16064
    ],
    "Triton Ragged (ours)": [
      0.13926,
      0.04301,
      0.02458,
      0.35021,
      0.0809,
      0.0279
    ],
    "FlashAttention-2 (varlen)": [
      0.11571,
      0.05258,
      0.05632,
      0.27136,
      0.07475,
      0.06144
    ]
  }
}