{
  "gpu": "NVIDIA RTX 4000 Ada Generation",
  "sm": "SM89",
  "timing": "cuda_events_median_ms",
  "warmup": 50,
  "jit_warmup": 150,
  "iters": 300,
  "configs": [
    "BS=32, 0% pruned",
    "BS=32, 50% pruned",
    "BS=32, 80% pruned",
    "BS=64, 0% pruned",
    "BS=64, 50% pruned",
    "BS=64, 80% pruned"
  ],
  "kernels": {
    "SDPA (math, padded)": [
      5.35264,
      2.62702,
      2.10642,
      10.64309,
      5.71294,
      4.06315
    ],
    "SDPA (efficient, padded)": [
      2.23942,
      2.01216,
      1.95486,
      4.21274,
      3.76603,
      3.57082
    ],
    "SDPA (flash, padded)": [
      2.11358,
      1.9567,
      1.95072,
      4.09602,
      3.69086,
      3.57682
    ],
    "NestedTensor + SDPA": [
      9.19354,
      9.1177,
      9.08602,
      17.37323,
      17.11781,
      17.05589
    ],
    "Triton Ragged (ours)": [
      0.13619,
      0.04198,
      0.02355,
      0.34509,
      0.07955,
      0.02765
    ],
    "FlashAttention-2 (varlen)": [
      0.11162,
      0.05021,
      0.05018,
      0.25907,
      0.07168,
      0.06042
    ]
  },
  "p5": {
    "SDPA (math, padded)": [
      5.30701,
      2.60186,
      2.08867,
      10.59952,
      5.66285,
      4.00406
    ],
    "SDPA (efficient, padded)": [
      2.06995,
      2.00186,
      1.94531,
      4.1431,
      3.68006,
      3.48301
    ],
    "SDPA (flash, padded)": [
      2.0225,
      1.94838,
      1.94333,
      3.95264,
      3.62803,
      3.52358
    ],
    "NestedTensor + SDPA": [
      9.09824,
      8.9184,
      9.02666,
      17.01814,
      16.96227,
      16.66867
    ],
    "Triton Ragged (ours)": [
      0.13517,
      0.04096,
      0.02253,
      0.33178,
      0.07885,
      0.02704
    ],
    "FlashAttention-2 (varlen)": [
      0.11059,
      0.04915,
      0.04915,
      0.25293,
      0.07066,
      0.05939
    ]
  },
  "p95": {
    "SDPA (math, padded)": [
      5.41168,
      2.70438,
      2.2088,
      10.77043,
      5.80496,
      4.08781
    ],
    "SDPA (efficient, padded)": [
      2.31629,
      2.08589,
      1.96675,
      4.30304,
      3.79059,
      3.69766
    ],
    "SDPA (flash, padded)": [
      2.19034,
      2.01696,
      1.96301,
      4.18509,
      3.70966,
      3.67821
    ],
    "NestedTensor + SDPA": [
      9.6553,
      9.24554,
      9.53341,
      18.08698,
      17.96096,
      17.89162
    ],
    "Triton Ragged (ours)": [
      0.13722,
      0.04221,
      0.02458,
      0.34714,
      0.07987,
      0.02867
    ],
    "FlashAttention-2 (varlen)": [
      0.11264,
      0.05325,
      0.05325,
      0.27034,
      0.0727,
      0.06144
    ]
  }
}