{
  "gpu": "NVIDIA RTX 4000 Ada Generation",
  "sm": "SM89",
  "timing": "cuda_events_median_ms",
  "warmup": 50,
  "jit_warmup": 150,
  "iters": 300,
  "configs": [
    "BS=32, 0% pruned",
    "BS=32, 50% pruned",
    "BS=32, 80% pruned",
    "BS=64, 0% pruned",
    "BS=64, 50% pruned",
    "BS=64, 80% pruned"
  ],
  "kernels": {
    "SDPA (math, padded)": [
      5.36166,
      2.62042,
      2.09715,
      10.69736,
      5.96989,
      4.31688
    ],
    "SDPA (efficient, padded)": [
      2.31629,
      2.09715,
      1.84422,
      4.3233,
      4.16312,
      3.84093
    ],
    "SDPA (flash, padded)": [
      2.20467,
      2.04459,
      1.91762,
      4.07288,
      4.09187,
      3.85843
    ],
    "NestedTensor + SDPA": [
      9.28461,
      9.50854,
      9.17504,
      18.00238,
      17.90835,
      17.11667
    ],
    "Triton Ragged (ours)": [
      0.13722,
      0.04198,
      0.0256,
      0.34509,
      0.07987,
      0.02765
    ],
    "FlashAttention-2 (varlen)": [
      0.11162,
      0.05734,
      0.05325,
      0.26624,
      0.0719,
      0.06042
    ]
  },
  "p5": {
    "SDPA (math, padded)": [
      5.32685,
      2.54832,
      2.05389,
      10.62707,
      5.81958,
      4.16653
    ],
    "SDPA (efficient, padded)": [
      2.25587,
      1.94637,
      1.83741,
      4.17686,
      4.03126,
      3.7712
    ],
    "SDPA (flash, padded)": [
      2.13066,
      1.9712,
      1.84499,
      3.97517,
      3.95392,
      3.84083
    ],
    "NestedTensor + SDPA": [
      9.17709,
      9.10778,
      9.02672,
      17.24928,
      17.04858,
      16.96461
    ],
    "Triton Ragged (ours)": [
      0.13619,
      0.04096,
      0.02458,
      0.3369,
      0.07885,
      0.02765
    ],
    "FlashAttention-2 (varlen)": [
      0.11059,
      0.05632,
      0.0512,
      0.25395,
      0.07168,
      0.06042
    ]
  },
  "p95": {
    "SDPA (math, padded)": [
      5.41286,
      2.68083,
      2.21389,
      10.81219,
      6.07437,
      4.41728
    ],
    "SDPA (efficient, padded)": [
      2.34086,
      2.14752,
      1.9137,
      4.41213,
      4.23936,
      4.01904
    ],
    "SDPA (flash, padded)": [
      2.24256,
      2.09738,
      1.96608,
      4.21488,
      4.1687,
      3.99462
    ],
    "NestedTensor + SDPA": [
      9.70675,
      9.83347,
      9.60102,
      18.57418,
      18.34496,
      17.95994
    ],
    "Triton Ragged (ours)": [
      0.13926,
      0.04237,
      0.02662,
      0.34816,
      0.07987,
      0.02867
    ],
    "FlashAttention-2 (varlen)": [
      0.11264,
      0.06042,
      0.0553,
      0.26726,
      0.07475,
      0.06144
    ]
  }
}