{
  "gpu": "NVIDIA RTX 4000 Ada Generation",
  "sm": "SM89",
  "timing": "cuda_events_median_ms",
  "warmup": 50,
  "jit_warmup": 150,
  "iters": 300,
  "configs": [
    "BS=32, 0% pruned",
    "BS=32, 50% pruned",
    "BS=32, 80% pruned",
    "BS=64, 0% pruned",
    "BS=64, 50% pruned",
    "BS=64, 80% pruned"
  ],
  "kernels": {
    "SDPA (math, padded)": [
      5.42738,
      2.64491,
      2.08595,
      10.64142,
      5.6923,
      4.06048
    ],
    "SDPA (efficient, padded)": [
      2.26458,
      1.96096,
      1.83706,
      4.15578,
      3.76622,
      3.56858
    ],
    "SDPA (flash, padded)": [
      2.12232,
      1.9109,
      1.83926,
      3.96312,
      3.69307,
      3.584
    ],
    "NestedTensor + SDPA": [
      9.22718,
      8.82443,
      9.18221,
      16.84694,
      17.34242,
      16.46032
    ],
    "Triton Ragged (ours)": [
      0.13619,
      0.04198,
      0.02458,
      0.34509,
      0.07987,
      0.02765
    ],
    "FlashAttention-2 (varlen)": [
      0.11162,
      0.04813,
      0.05141,
      0.25395,
      0.07168,
      0.06051
    ]
  },
  "p5": {
    "SDPA (math, padded)": [
      5.34938,
      2.57434,
      2.07798,
      10.60147,
      5.60314,
      3.98778
    ],
    "SDPA (efficient, padded)": [
      2.22234,
      1.88826,
      1.80736,
      4.06339,
      3.70278,
      3.49798
    ],
    "SDPA (flash, padded)": [
      2.08691,
      1.84554,
      1.82682,
      3.9497,
      3.67718,
      3.57459
    ],
    "NestedTensor + SDPA": [
      8.81766,
      8.6487,
      8.74355,
      16.65123,
      16.4567,
      16.0591
    ],
    "Triton Ragged (ours)": [
      0.13517,
      0.04096,
      0.02458,
      0.33178,
      0.07885,
      0.02765
    ],
    "FlashAttention-2 (varlen)": [
      0.11059,
      0.0471,
      0.05018,
      0.25293,
      0.07066,
      0.06042
    ]
  },
  "p95": {
    "SDPA (math, padded)": [
      5.48659,
      2.66672,
      2.09818,
      10.77146,
      5.8409,
      4.25882
    ],
    "SDPA (efficient, padded)": [
      2.36032,
      1.96957,
      1.8487,
      4.17651,
      3.78563,
      3.58371
    ],
    "SDPA (flash, padded)": [
      2.13728,
      1.92307,
      1.90845,
      3.97846,
      3.82669,
      3.59664
    ],
    "NestedTensor + SDPA": [
      9.53958,
      9.24442,
      9.38992,
      17.97632,
      17.79114,
      17.28115
    ],
    "Triton Ragged (ours)": [
      0.13722,
      0.04301,
      0.02662,
      0.34714,
      0.07987,
      0.02867
    ],
    "FlashAttention-2 (varlen)": [
      0.11264,
      0.0512,
      0.0553,
      0.26931,
      0.0727,
      0.06144
    ]
  }
}