{
  "gpu": "NVIDIA RTX 4000 Ada Generation",
  "sm": "SM89",
  "timing": "cuda_events_median_ms",
  "warmup": 50,
  "jit_warmup": 150,
  "iters": 300,
  "configs": [
    "BS=32, 0% pruned",
    "BS=32, 50% pruned",
    "BS=32, 80% pruned",
    "BS=64, 0% pruned",
    "BS=64, 50% pruned",
    "BS=64, 80% pruned"
  ],
  "kernels": {
    "SDPA (math, padded)": [
      5.35589,
      2.64946,
      2.10125,
      10.9792,
      5.83482,
      4.20133
    ],
    "SDPA (efficient, padded)": [
      2.17806,
      1.92811,
      1.87659,
      4.27939,
      3.90226,
      3.59147
    ],
    "SDPA (flash, padded)": [
      2.05726,
      1.89178,
      1.86918,
      4.09157,
      3.77394,
      3.61158
    ],
    "NestedTensor + SDPA": [
      9.02258,
      9.1573,
      9.18578,
      17.52541,
      17.41158,
      17.11139
    ],
    "Triton Ragged (ours)": [
      0.13734,
      0.04198,
      0.02458,
      0.34714,
      0.07987,
      0.02765
    ],
    "FlashAttention-2 (varlen)": [
      0.11366,
      0.05325,
      0.04915,
      0.25702,
      0.0727,
      0.06042
    ]
  },
  "p5": {
    "SDPA (math, padded)": [
      5.2753,
      2.56819,
      2.07053,
      10.61171,
      5.6832,
      4.05642
    ],
    "SDPA (efficient, padded)": [
      2.11354,
      1.85994,
      1.84627,
      4.13616,
      3.7632,
      3.56557
    ],
    "SDPA (flash, padded)": [
      1.98656,
      1.83872,
      1.84646,
      3.9463,
      3.59936,
      3.49901
    ],
    "NestedTensor + SDPA": [
      8.82387,
      8.80515,
      8.78106,
      16.93184,
      16.70528,
      16.57856
    ],
    "Triton Ragged (ours)": [
      0.13619,
      0.04198,
      0.02355,
      0.33587,
      0.07885,
      0.02662
    ],
    "FlashAttention-2 (varlen)": [
      0.11264,
      0.03686,
      0.04813,
      0.25498,
      0.07168,
      0.05939
    ]
  },
  "p95": {
    "SDPA (math, padded)": [
      5.90131,
      3.19181,
      2.6375,
      11.33277,
      6.35987,
      4.74931
    ],
    "SDPA (efficient, padded)": [
      2.68592,
      2.4791,
      2.41971,
      4.8384,
      4.46976,
      4.1961
    ],
    "SDPA (flash, padded)": [
      2.58557,
      2.38061,
      2.42304,
      4.64896,
      4.37882,
      4.19328
    ],
    "NestedTensor + SDPA": [
      9.57827,
      9.67043,
      9.67779,
      18.17395,
      18.00323,
      17.77853
    ],
    "Triton Ragged (ours)": [
      0.14131,
      0.04301,
      0.0248,
      0.35021,
      0.07994,
      0.02797
    ],
    "FlashAttention-2 (varlen)": [
      0.11776,
      0.05734,
      0.05222,
      0.26931,
      0.07578,
      0.06144
    ]
  }
}