{
  "gpu": "NVIDIA RTX 4000 Ada Generation",
  "sm": "SM89",
  "timing": "cuda_events_median_ms",
  "warmup": 50,
  "jit_warmup": 150,
  "iters": 300,
  "configs": [
    "BS=32, 0% pruned",
    "BS=32, 50% pruned",
    "BS=32, 80% pruned",
    "BS=64, 0% pruned",
    "BS=64, 50% pruned",
    "BS=64, 80% pruned"
  ],
  "kernels": {
    "SDPA (math, padded)": [
      5.31046,
      2.57027,
      2.07685,
      10.63955,
      5.7548,
      4.27005
    ],
    "SDPA (efficient, padded)": [
      2.1221,
      1.89338,
      1.8301,
      4.15554,
      3.76848,
      3.60403
    ],
    "SDPA (flash, padded)": [
      2.06114,
      1.84298,
      1.83398,
      3.97414,
      3.68867,
      3.58176
    ],
    "NestedTensor + SDPA": [
      9.22829,
      9.21096,
      9.17395,
      17.49197,
      17.29178,
      17.14424
    ],
    "Triton Ragged (ours)": [
      0.13619,
      0.04198,
      0.02458,
      0.34406,
      0.07987,
      0.02765
    ],
    "FlashAttention-2 (varlen)": [
      0.11162,
      0.05325,
      0.05632,
      0.25395,
      0.07168,
      0.06042
    ]
  },
  "p5": {
    "SDPA (math, padded)": [
      5.27082,
      2.55834,
      2.0385,
      10.58006,
      5.6784,
      4.14106
    ],
    "SDPA (efficient, padded)": [
      2.10736,
      1.88486,
      1.792,
      4.08755,
      3.75123,
      3.55123
    ],
    "SDPA (flash, padded)": [
      1.98963,
      1.79069,
      1.79734,
      3.95853,
      3.65565,
      3.56266
    ],
    "NestedTensor + SDPA": [
      9.16038,
      8.96806,
      9.0921,
      17.37341,
      17.08851,
      16.96365
    ],
    "Triton Ragged (ours)": [
      0.13517,
      0.04096,
      0.02355,
      0.33178,
      0.07885,
      0.02662
    ],
    "FlashAttention-2 (varlen)": [
      0.11059,
      0.05222,
      0.05427,
      0.25293,
      0.07066,
      0.05939
    ]
  },
  "p95": {
    "SDPA (math, padded)": [
      5.36269,
      2.58154,
      2.0887,
      10.81354,
      5.88598,
      4.2977
    ],
    "SDPA (efficient, padded)": [
      2.18915,
      1.96726,
      1.83872,
      4.19632,
      3.78643,
      3.78982
    ],
    "SDPA (flash, padded)": [
      2.07235,
      1.88016,
      1.90054,
      4.10218,
      3.70198,
      3.712
    ],
    "NestedTensor + SDPA": [
      11.94803,
      9.63584,
      9.63891,
      18.32979,
      18.17987,
      17.64381
    ],
    "Triton Ragged (ours)": [
      0.13722,
      0.04234,
      0.0256,
      0.34714,
      0.07987,
      0.02794
    ],
    "FlashAttention-2 (varlen)": [
      0.11264,
      0.05632,
      0.05837,
      0.26931,
      0.07402,
      0.06144
    ]
  }
}