{
  "gpu": "NVIDIA RTX 4000 Ada Generation",
  "sm": "SM89",
  "timing": "cuda_events_median_ms",
  "warmup": 50,
  "jit_warmup": 150,
  "iters": 300,
  "configs": [
    "BS=32, 0% pruned",
    "BS=32, 50% pruned",
    "BS=32, 80% pruned",
    "BS=64, 0% pruned",
    "BS=64, 50% pruned",
    "BS=64, 80% pruned"
  ],
  "kernels": {
    "SDPA (math, padded)": [
      5.36686,
      2.62157,
      2.10941,
      10.68237,
      5.83661,
      4.05826
    ],
    "SDPA (efficient, padded)": [
      2.32269,
      2.0224,
      1.96864,
      4.22984,
      3.76947,
      3.56954
    ],
    "SDPA (flash, padded)": [
      2.19341,
      1.93602,
      1.95867,
      3.9813,
      3.87739,
      3.58094
    ],
    "NestedTensor + SDPA": [
      8.86019,
      8.7719,
      8.75674,
      17.38086,
      16.47659,
      16.38194
    ],
    "Triton Ragged (ours)": [
      0.13722,
      0.04198,
      0.02365,
      0.34509,
      0.07987,
      0.02765
    ],
    "FlashAttention-2 (varlen)": [
      0.11366,
      0.05018,
      0.0512,
      0.26522,
      0.07168,
      0.06042
    ]
  },
  "p5": {
    "SDPA (math, padded)": [
      5.33539,
      2.6071,
      2.09542,
      10.60358,
      5.68864,
      4.01715
    ],
    "SDPA (efficient, padded)": [
      2.2528,
      2.00397,
      1.94458,
      4.15939,
      3.75706,
      3.5543
    ],
    "SDPA (flash, padded)": [
      2.12256,
      1.86266,
      1.94467,
      3.91667,
      3.68941,
      3.51859
    ],
    "NestedTensor + SDPA": [
      8.71731,
      8.69904,
      8.6744,
      16.57955,
      16.35024,
      16.22835
    ],
    "Triton Ragged (ours)": [
      0.13619,
      0.04096,
      0.02355,
      0.3369,
      0.07885,
      0.02662
    ],
    "FlashAttention-2 (varlen)": [
      0.11162,
      0.04813,
      0.04915,
      0.25293,
      0.07104,
      0.05939
    ]
  },
  "p95": {
    "SDPA (math, padded)": [
      5.43296,
      2.64806,
      2.18214,
      10.81344,
      5.8583,
      4.20336
    ],
    "SDPA (efficient, padded)": [
      2.35914,
      2.11456,
      2.04902,
      4.32358,
      3.90134,
      3.70963
    ],
    "SDPA (flash, padded)": [
      2.2313,
      2.03776,
      2.02957,
      4.19021,
      3.9105,
      3.61165
    ],
    "NestedTensor + SDPA": [
      9.28854,
      9.19309,
      9.19626,
      19.81238,
      17.26531,
      17.48554
    ],
    "Triton Ragged (ours)": [
      0.13926,
      0.04301,
      0.02458,
      0.34714,
      0.07994,
      0.02787
    ],
    "FlashAttention-2 (varlen)": [
      0.11469,
      0.05222,
      0.05325,
      0.2695,
      0.07283,
      0.06144
    ]
  }
}