{
  "gpu": "NVIDIA RTX 4000 Ada Generation",
  "sm": "SM89",
  "timing": "cuda_events_median_ms",
  "warmup": 50,
  "jit_warmup": 150,
  "iters": 300,
  "configs": [
    "BS=32, 0% pruned",
    "BS=32, 50% pruned",
    "BS=32, 80% pruned",
    "BS=64, 0% pruned",
    "BS=64, 50% pruned",
    "BS=64, 80% pruned"
  ],
  "kernels": {
    "SDPA (math, padded)": [
      5.31875,
      2.60608,
      2.11285,
      10.69056,
      5.88277,
      4.12762
    ],
    "SDPA (efficient, padded)": [
      2.16019,
      1.91898,
      1.90554,
      4.22605,
      3.83782,
      3.6288
    ],
    "SDPA (flash, padded)": [
      2.02445,
      1.8688,
      1.93946,
      4.05661,
      3.74696,
      3.7639
    ],
    "NestedTensor + SDPA": [
      9.24434,
      9.16528,
      9.20883,
      17.48402,
      17.24224,
      17.1904
    ],
    "Triton Ragged (ours)": [
      0.13619,
      0.04198,
      0.0256,
      0.34406,
      0.07987,
      0.02765
    ],
    "FlashAttention-2 (varlen)": [
      0.11162,
      0.05325,
      0.05632,
      0.25395,
      0.07168,
      0.06042
    ]
  },
  "p5": {
    "SDPA (math, padded)": [
      5.29306,
      2.56803,
      2.10422,
      10.66189,
      5.7385,
      4.11504
    ],
    "SDPA (efficient, padded)": [
      2.13504,
      1.91194,
      1.85882,
      4.20966,
      3.8144,
      3.61539
    ],
    "SDPA (flash, padded)": [
      2.01424,
      1.86147,
      1.93056,
      4.02154,
      3.73258,
      3.62899
    ],
    "NestedTensor + SDPA": [
      9.12304,
      9.11571,
      9.06445,
      17.3561,
      17.11389,
      17.03315
    ],
    "Triton Ragged (ours)": [
      0.13517,
      0.04122,
      0.02458,
      0.33178,
      0.07885,
      0.02765
    ],
    "FlashAttention-2 (varlen)": [
      0.11059,
      0.05222,
      0.05427,
      0.25293,
      0.07066,
      0.05939
    ]
  },
  "p95": {
    "SDPA (math, padded)": [
      5.3616,
      2.68506,
      2.12563,
      10.8288,
      5.97514,
      4.14208
    ],
    "SDPA (efficient, padded)": [
      2.23837,
      1.92701,
      1.98515,
      4.3753,
      3.97619,
      3.65677
    ],
    "SDPA (flash, padded)": [
      2.0777,
      1.94387,
      1.98214,
      4.24979,
      3.88672,
      3.8441
    ],
    "NestedTensor + SDPA": [
      9.71245,
      9.22432,
      9.82016,
      18.3808,
      18.09494,
      18.22925
    ],
    "Triton Ragged (ours)": [
      0.13722,
      0.04227,
      0.02662,
      0.34611,
      0.07987,
      0.02867
    ],
    "FlashAttention-2 (varlen)": [
      0.11264,
      0.05632,
      0.05837,
      0.26931,
      0.0727,
      0.06144
    ]
  }
}