{
  "gpu": "NVIDIA RTX 4000 Ada Generation",
  "sm": "SM89",
  "timing": "cuda_events_median_ms",
  "warmup": 50,
  "jit_warmup": 150,
  "iters": 300,
  "configs": [
    "BS=32, 0% pruned",
    "BS=32, 50% pruned",
    "BS=32, 80% pruned",
    "BS=64, 0% pruned",
    "BS=64, 50% pruned",
    "BS=64, 80% pruned"
  ],
  "kernels": {
    "SDPA (math, padded)": [
      5.35352,
      2.60802,
      2.05834,
      10.59914,
      5.72494,
      4.02818
    ],
    "SDPA (efficient, padded)": [
      2.22224,
      2.00472,
      1.8117,
      4.14008,
      3.74682,
      3.53229
    ],
    "SDPA (flash, padded)": [
      2.06942,
      1.9547,
      1.8135,
      3.94406,
      3.63867,
      3.55171
    ],
    "NestedTensor + SDPA": [
      8.95098,
      8.83933,
      8.78902,
      16.74741,
      17.18846,
      16.4077
    ],
    "Triton Ragged (ours)": [
      0.13619,
      0.04198,
      0.02355,
      0.34509,
      0.07987,
      0.02765
    ],
    "FlashAttention-2 (varlen)": [
      0.11162,
      0.04915,
      0.04915,
      0.25702,
      0.07168,
      0.06042
    ]
  },
  "p5": {
    "SDPA (math, padded)": [
      5.31056,
      2.58867,
      2.04784,
      10.53184,
      5.64736,
      3.96109
    ],
    "SDPA (efficient, padded)": [
      2.18714,
      1.99187,
      1.78278,
      4.11648,
      3.71814,
      3.47056
    ],
    "SDPA (flash, padded)": [
      2.05946,
      1.94538,
      1.77987,
      3.93011,
      3.57798,
      3.4857
    ],
    "NestedTensor + SDPA": [
      8.84438,
      8.73677,
      8.72006,
      16.54579,
      16.42278,
      16.01946
    ],
    "Triton Ragged (ours)": [
      0.13517,
      0.04125,
      0.02253,
      0.33178,
      0.07885,
      0.02662
    ],
    "FlashAttention-2 (varlen)": [
      0.11059,
      0.0471,
      0.0471,
      0.256,
      0.07066,
      0.05939
    ]
  },
  "p95": {
    "SDPA (math, padded)": [
      5.40912,
      2.68902,
      2.12893,
      10.72,
      6.67507,
      4.04864
    ],
    "SDPA (efficient, padded)": [
      2.23846,
      2.07565,
      1.82464,
      4.26874,
      4.61939,
      3.70074
    ],
    "SDPA (flash, padded)": [
      2.08794,
      1.9688,
      1.82285,
      3.96285,
      3.65814,
      3.60141
    ],
    "NestedTensor + SDPA": [
      9.44131,
      9.46074,
      9.23136,
      17.51946,
      17.7215,
      17.25763
    ],
    "Triton Ragged (ours)": [
      0.13722,
      0.04301,
      0.02458,
      0.34714,
      0.08,
      0.02774
    ],
    "FlashAttention-2 (varlen)": [
      0.11264,
      0.05123,
      0.0513,
      0.25907,
      0.0727,
      0.06144
    ]
  }
}