{
  "gpu": "NVIDIA RTX 4000 Ada Generation",
  "sm": "SM89",
  "timing": "cuda_events_median_ms",
  "warmup": 50,
  "jit_warmup": 150,
  "iters": 300,
  "configs": [
    "BS=32, 0% pruned",
    "BS=32, 50% pruned",
    "BS=32, 80% pruned",
    "BS=64, 0% pruned",
    "BS=64, 50% pruned",
    "BS=64, 80% pruned"
  ],
  "kernels": {
    "SDPA (math, padded)": [
      5.37478,
      2.63837,
      2.19334,
      10.88291,
      5.94835,
      4.1625
    ],
    "SDPA (efficient, padded)": [
      2.27328,
      2.06675,
      1.9425,
      4.37731,
      4.00072,
      3.79699
    ],
    "SDPA (flash, padded)": [
      2.17789,
      1.95701,
      1.94058,
      4.21376,
      3.91976,
      3.81195
    ],
    "NestedTensor + SDPA": [
      8.99285,
      8.90253,
      8.82397,
      16.99106,
      16.74811,
      17.16874
    ],
    "Triton Ragged (ours)": [
      0.13619,
      0.04198,
      0.02355,
      0.34509,
      0.07987,
      0.02765
    ],
    "FlashAttention-2 (varlen)": [
      0.11162,
      0.05018,
      0.05018,
      0.26726,
      0.07168,
      0.06042
    ]
  },
  "p5": {
    "SDPA (math, padded)": [
      5.28861,
      2.57373,
      2.15325,
      10.75014,
      5.75885,
      4.1257
    ],
    "SDPA (efficient, padded)": [
      2.20662,
      1.99475,
      1.93229,
      4.35597,
      3.91171,
      3.78266
    ],
    "SDPA (flash, padded)": [
      2.15347,
      1.94243,
      1.92342,
      4.18944,
      3.90048,
      3.79104
    ],
    "NestedTensor + SDPA": [
      8.74666,
      8.82278,
      8.75789,
      16.62362,
      16.53536,
      16.51904
    ],
    "Triton Ragged (ours)": [
      0.13517,
      0.04198,
      0.01536,
      0.33587,
      0.07885,
      0.02765
    ],
    "FlashAttention-2 (varlen)": [
      0.11162,
      0.03584,
      0.03277,
      0.25293,
      0.07066,
      0.05939
    ]
  },
  "p95": {
    "SDPA (math, padded)": [
      5.48352,
      2.68902,
      2.2231,
      11.03462,
      6.09075,
      4.3479
    ],
    "SDPA (efficient, padded)": [
      2.29965,
      2.10666,
      1.96205,
      4.51686,
      4.1943,
      3.93114
    ],
    "SDPA (flash, padded)": [
      2.21082,
      2.02752,
      2.01702,
      4.35302,
      4.05709,
      3.95162
    ],
    "NestedTensor + SDPA": [
      9.41974,
      9.51053,
      9.3063,
      17.85114,
      17.5577,
      17.78278
    ],
    "Triton Ragged (ours)": [
      0.13824,
      0.04301,
      0.02563,
      0.34845,
      0.07994,
      0.02867
    ],
    "FlashAttention-2 (varlen)": [
      0.11264,
      0.05331,
      0.05427,
      0.26931,
      0.07373,
      0.06144
    ]
  }
}