{
  "gpu": "NVIDIA RTX 4000 Ada Generation",
  "sm": "SM89",
  "timing": "cuda_events_median_ms",
  "warmup": 50,
  "jit_warmup": 150,
  "iters": 300,
  "configs": [
    "BS=32, 0% pruned",
    "BS=32, 50% pruned",
    "BS=32, 80% pruned",
    "BS=64, 0% pruned",
    "BS=64, 50% pruned",
    "BS=64, 80% pruned"
  ],
  "kernels": {
    "SDPA (math, padded)": [
      5.31822,
      2.66445,
      2.03826,
      10.92197,
      5.68013,
      4.06835
    ],
    "SDPA (efficient, padded)": [
      2.16901,
      2.01224,
      1.95288,
      4.40107,
      3.7551,
      3.59942
    ],
    "SDPA (flash, padded)": [
      2.12173,
      1.96608,
      1.95174,
      3.97693,
      3.6833,
      3.83107
    ],
    "NestedTensor + SDPA": [
      8.99077,
      8.89046,
      8.87299,
      17.00674,
      16.74539,
      16.64744
    ],
    "Triton Ragged (ours)": [
      0.13619,
      0.04198,
      0.02355,
      0.34202,
      0.07987,
      0.02765
    ],
    "FlashAttention-2 (varlen)": [
      0.11162,
      0.05018,
      0.05018,
      0.26624,
      0.07099,
      0.06042
    ]
  },
  "p5": {
    "SDPA (math, padded)": [
      5.27248,
      2.58954,
      2.02154,
      10.79501,
      5.66448,
      4.05197
    ],
    "SDPA (efficient, padded)": [
      2.07974,
      2.00192,
      1.93347,
      4.31101,
      3.6656,
      3.49082
    ],
    "SDPA (flash, padded)": [
      2.0256,
      1.95386,
      1.94048,
      3.90685,
      3.66797,
      3.80723
    ],
    "NestedTensor + SDPA": [
      8.91056,
      8.82467,
      8.81779,
      16.84902,
      16.58688,
      16.52035
    ],
    "Triton Ragged (ours)": [
      0.13517,
      0.04096,
      0.02253,
      0.33075,
      0.07885,
      0.02662
    ],
    "FlashAttention-2 (varlen)": [
      0.11059,
      0.04915,
      0.04915,
      0.25498,
      0.07066,
      0.05939
    ]
  },
  "p95": {
    "SDPA (math, padded)": [
      5.36678,
      2.68195,
      2.1073,
      11.01619,
      5.8153,
      4.20886
    ],
    "SDPA (efficient, padded)": [
      2.20054,
      2.08794,
      2.02752,
      4.54774,
      3.89427,
      3.71542
    ],
    "SDPA (flash, padded)": [
      2.1975,
      2.03907,
      2.02445,
      4.0192,
      3.81046,
      3.96474
    ],
    "NestedTensor + SDPA": [
      9.46173,
      8.99501,
      9.2681,
      17.88723,
      17.83005,
      17.41725
    ],
    "Triton Ragged (ours)": [
      0.13722,
      0.04221,
      0.02458,
      0.34406,
      0.07987,
      0.02778
    ],
    "FlashAttention-2 (varlen)": [
      0.11264,
      0.05325,
      0.05222,
      0.26931,
      0.0727,
      0.06144
    ]
  }
}