{
  "gpu": "NVIDIA RTX 4000 Ada Generation",
  "sm": "SM89",
  "timing": "cuda_events_median_ms",
  "warmup": 50,
  "jit_warmup": 150,
  "iters": 300,
  "configs": [
    "BS=32, 0% pruned",
    "BS=32, 50% pruned",
    "BS=32, 80% pruned",
    "BS=64, 0% pruned",
    "BS=64, 50% pruned",
    "BS=64, 80% pruned"
  ],
  "kernels": {
    "SDPA (math, padded)": [
      5.39843,
      2.56915,
      2.13093,
      10.61989,
      5.67245,
      4.15854
    ],
    "SDPA (efficient, padded)": [
      2.11027,
      1.87802,
      1.88734,
      4.14208,
      3.88067,
      3.7929
    ],
    "SDPA (flash, padded)": [
      1.9833,
      1.8269,
      1.88314,
      3.96034,
      3.69557,
      3.79294
    ],
    "NestedTensor + SDPA": [
      9.20382,
      8.88104,
      8.82118,
      16.97757,
      16.68691,
      16.5745
    ],
    "Triton Ragged (ours)": [
      0.13619,
      0.04198,
      0.02355,
      0.34406,
      0.07987,
      0.02765
    ],
    "FlashAttention-2 (varlen)": [
      0.11162,
      0.05018,
      0.04915,
      0.26624,
      0.07168,
      0.06074
    ]
  },
  "p5": {
    "SDPA (math, padded)": [
      5.30637,
      2.52826,
      2.05942,
      10.58406,
      5.64736,
      4.11251
    ],
    "SDPA (efficient, padded)": [
      2.0928,
      1.84218,
      1.78893,
      4.0704,
      3.73862,
      3.7417
    ],
    "SDPA (flash, padded)": [
      1.94355,
      1.79597,
      1.78355,
      3.87885,
      3.57677,
      3.60266
    ],
    "NestedTensor + SDPA": [
      8.89846,
      8.81587,
      8.61917,
      16.82432,
      16.26442,
      16.2537
    ],
    "Triton Ragged (ours)": [
      0.13517,
      0.04138,
      0.02253,
      0.33178,
      0.07885,
      0.02765
    ],
    "FlashAttention-2 (varlen)": [
      0.11059,
      0.04813,
      0.04813,
      0.25421,
      0.07066,
      0.06042
    ]
  },
  "p95": {
    "SDPA (math, padded)": [
      5.44886,
      2.63309,
      2.14221,
      10.74054,
      5.81325,
      4.21888
    ],
    "SDPA (efficient, padded)": [
      2.17702,
      1.95171,
      1.90022,
      4.35712,
      3.90144,
      3.92909
    ],
    "SDPA (flash, padded)": [
      2.05642,
      1.8368,
      1.89747,
      4.09677,
      4.01818,
      3.94013
    ],
    "NestedTensor + SDPA": [
      9.59894,
      9.33504,
      8.93443,
      17.81043,
      17.55443,
      17.39882
    ],
    "Triton Ragged (ours)": [
      0.13722,
      0.04301,
      0.02458,
      0.34714,
      0.07987,
      0.02867
    ],
    "FlashAttention-2 (varlen)": [
      0.11264,
      0.05325,
      0.0512,
      0.27136,
      0.07194,
      0.06144
    ]
  }
}