{
  "gpu": "NVIDIA RTX 4000 Ada Generation",
  "sm": "SM89",
  "timing": "cuda_events_median_ms",
  "warmup": 50,
  "jit_warmup": 150,
  "iters": 300,
  "configs": [
    "BS=32, 0% pruned",
    "BS=32, 50% pruned",
    "BS=32, 80% pruned",
    "BS=64, 0% pruned",
    "BS=64, 50% pruned",
    "BS=64, 80% pruned"
  ],
  "kernels": {
    "SDPA (math, padded)": [
      5.39955,
      2.67213,
      2.17205,
      10.88518,
      5.86142,
      4.16954
    ],
    "SDPA (efficient, padded)": [
      2.35008,
      2.03264,
      1.96813,
      4.43611,
      4.04189,
      3.84152
    ],
    "SDPA (flash, padded)": [
      2.20522,
      1.97632,
      1.96403,
      4.26693,
      3.97002,
      3.84598
    ],
    "NestedTensor + SDPA": [
      9.11853,
      9.19746,
      9.21106,
      17.95029,
      17.30918,
      17.81147
    ],
    "Triton Ragged (ours)": [
      0.13619,
      0.04198,
      0.02458,
      0.34509,
      0.07987,
      0.02765
    ],
    "FlashAttention-2 (varlen)": [
      0.11181,
      0.05325,
      0.05325,
      0.25395,
      0.07168,
      0.06042
    ]
  },
  "p5": {
    "SDPA (math, padded)": [
      5.32275,
      2.59379,
      2.10125,
      10.8032,
      5.79469,
      4.12336
    ],
    "SDPA (efficient, padded)": [
      2.31146,
      2.0183,
      1.93309,
      4.4208,
      4.02842,
      3.82566
    ],
    "SDPA (flash, padded)": [
      2.19034,
      1.96726,
      1.95574,
      4.22602,
      3.94752,
      3.82682
    ],
    "NestedTensor + SDPA": [
      8.95181,
      9.01632,
      9.12998,
      17.39693,
      17.15814,
      17.12701
    ],
    "Triton Ragged (ours)": [
      0.13517,
      0.04138,
      0.02355,
      0.3328,
      0.07885,
      0.02662
    ],
    "FlashAttention-2 (varlen)": [
      0.11059,
      0.05222,
      0.05222,
      0.25293,
      0.07066,
      0.05939
    ]
  },
  "p95": {
    "SDPA (math, padded)": [
      5.4528,
      2.7351,
      2.19443,
      11.03341,
      5.95958,
      4.30998
    ],
    "SDPA (efficient, padded)": [
      2.36749,
      2.10618,
      1.97958,
      4.57523,
      4.06659,
      3.98154
    ],
    "SDPA (flash, padded)": [
      2.24256,
      1.98666,
      1.98758,
      4.38806,
      4.11238,
      3.98541
    ],
    "NestedTensor + SDPA": [
      9.30099,
      9.736,
      9.67571,
      18.66547,
      18.16474,
      18.43814
    ],
    "Triton Ragged (ours)": [
      0.13722,
      0.04301,
      0.0256,
      0.34714,
      0.07987,
      0.02787
    ],
    "FlashAttention-2 (varlen)": [
      0.11366,
      0.0553,
      0.05632,
      0.27034,
      0.0721,
      0.06144
    ]
  }
}