{
  "gpu": "NVIDIA RTX 4000 Ada Generation",
  "sm": "SM89",
  "timing": "cuda_events_median_ms",
  "warmup": 50,
  "jit_warmup": 150,
  "iters": 300,
  "configs": [
    "BS=32, 0% pruned",
    "BS=32, 50% pruned",
    "BS=32, 80% pruned",
    "BS=64, 0% pruned",
    "BS=64, 50% pruned",
    "BS=64, 80% pruned"
  ],
  "kernels": {
    "SDPA (math, padded)": [
      5.35464,
      2.60546,
      2.08691,
      10.83027,
      5.68936,
      4.11341
    ],
    "SDPA (efficient, padded)": [
      2.24456,
      2.01421,
      1.95798,
      4.42083,
      3.76934,
      3.81434
    ],
    "SDPA (flash, padded)": [
      2.1248,
      1.97027,
      1.95685,
      4.23413,
      3.81661,
      3.82061
    ],
    "NestedTensor + SDPA": [
      9.37838,
      8.90128,
      9.3037,
      16.87237,
      17.37085,
      17.25683
    ],
    "Triton Ragged (ours)": [
      0.13619,
      0.04198,
      0.0253,
      0.34406,
      0.07987,
      0.02765
    ],
    "FlashAttention-2 (varlen)": [
      0.11162,
      0.05018,
      0.05245,
      0.25702,
      0.07168,
      0.06042
    ]
  },
  "p5": {
    "SDPA (math, padded)": [
      5.30739,
      2.56102,
      2.05318,
      10.67446,
      5.67187,
      4.04275
    ],
    "SDPA (efficient, padded)": [
      2.23334,
      1.98022,
      1.9385,
      4.4073,
      3.70154,
      3.79494
    ],
    "SDPA (flash, padded)": [
      2.11181,
      1.95891,
      1.91885,
      4.21581,
      3.63811,
      3.80522
    ],
    "NestedTensor + SDPA": [
      8.93232,
      8.70992,
      8.86477,
      16.48291,
      16.47613,
      16.42086
    ],
    "Triton Ragged (ours)": [
      0.13517,
      0.04096,
      0.02458,
      0.33178,
      0.07885,
      0.02662
    ],
    "FlashAttention-2 (varlen)": [
      0.11059,
      0.04915,
      0.0512,
      0.25504,
      0.07066,
      0.05974
    ]
  },
  "p95": {
    "SDPA (math, padded)": [
      5.40288,
      2.68186,
      2.10426,
      10.98003,
      5.82656,
      4.23731
    ],
    "SDPA (efficient, padded)": [
      2.27728,
      2.0265,
      1.97018,
      4.56358,
      3.78483,
      3.95046
    ],
    "SDPA (flash, padded)": [
      2.19443,
      2.03776,
      1.9712,
      4.38067,
      3.8945,
      3.83686
    ],
    "NestedTensor + SDPA": [
      9.64573,
      9.34195,
      9.40134,
      17.65389,
      17.88451,
      17.7849
    ],
    "Triton Ragged (ours)": [
      0.13722,
      0.04214,
      0.02662,
      0.34714,
      0.07987,
      0.02867
    ],
    "FlashAttention-2 (varlen)": [
      0.11264,
      0.05325,
      0.0553,
      0.26931,
      0.0727,
      0.06144
    ]
  }
}