{
  "gpu": "NVIDIA RTX 4000 Ada Generation",
  "sm": "SM89",
  "timing": "cuda_events_median_ms",
  "warmup": 50,
  "jit_warmup": 150,
  "iters": 300,
  "configs": [
    "BS=32, 0% pruned",
    "BS=32, 50% pruned",
    "BS=32, 80% pruned",
    "BS=64, 0% pruned",
    "BS=64, 50% pruned",
    "BS=64, 80% pruned"
  ],
  "kernels": {
    "SDPA (math, padded)": [
      5.43334,
      2.61229,
      2.10299,
      10.63282,
      5.71128,
      4.05811
    ],
    "SDPA (efficient, padded)": [
      2.30502,
      1.97606,
      1.94765,
      4.15008,
      3.75782,
      3.69149
    ],
    "SDPA (flash, padded)": [
      2.18414,
      1.93315,
      1.94486,
      4.09072,
      3.69173,
      3.58469
    ],
    "NestedTensor + SDPA": [
      9.22219,
      8.9811,
      8.78382,
      16.70602,
      16.4832,
      16.40667
    ],
    "Triton Ragged (ours)": [
      0.13517,
      0.04198,
      0.02363,
      0.34202,
      0.07987,
      0.02765
    ],
    "FlashAttention-2 (varlen)": [
      0.11162,
      0.05018,
      0.04813,
      0.26317,
      0.07168,
      0.06042
    ]
  },
  "p5": {
    "SDPA (math, padded)": [
      5.38522,
      2.57011,
      2.08896,
      10.57805,
      5.65824,
      3.99667
    ],
    "SDPA (efficient, padded)": [
      2.24256,
      1.96787,
      1.9393,
      4.09632,
      3.74362,
      3.50106
    ],
    "SDPA (flash, padded)": [
      2.11043,
      1.92285,
      1.91078,
      3.95248,
      3.61757,
      3.56854
    ],
    "NestedTensor + SDPA": [
      8.8105,
      8.58944,
      8.68586,
      16.39424,
      16.27933,
      16.01162
    ],
    "Triton Ragged (ours)": [
      0.13418,
      0.04096,
      0.02355,
      0.33075,
      0.07885,
      0.02765
    ],
    "FlashAttention-2 (varlen)": [
      0.11059,
      0.0471,
      0.0471,
      0.2519,
      0.07066,
      0.05939
    ]
  },
  "p95": {
    "SDPA (math, padded)": [
      5.47126,
      2.63782,
      2.13504,
      10.85754,
      5.82426,
      4.07552
    ],
    "SDPA (efficient, padded)": [
      2.34074,
      2.00294,
      1.95891,
      4.18678,
      3.88595,
      3.75085
    ],
    "SDPA (flash, padded)": [
      2.20131,
      1.9457,
      1.95789,
      4.17178,
      3.83165,
      3.7079
    ],
    "NestedTensor + SDPA": [
      9.4505,
      9.41571,
      9.19613,
      16.97075,
      17.17562,
      17.56368
    ],
    "Triton Ragged (ours)": [
      0.13619,
      0.04301,
      0.0256,
      0.34438,
      0.07987,
      0.02867
    ],
    "FlashAttention-2 (varlen)": [
      0.11264,
      0.05325,
      0.05222,
      0.26448,
      0.07203,
      0.06144
    ]
  }
}