{
  "gpu": "NVIDIA RTX 4000 Ada Generation",
  "sm": "SM89",
  "timing": "cuda_events_median_ms",
  "warmup": 50,
  "jit_warmup": 150,
  "iters": 300,
  "configs": [
    "BS=32, 0% pruned",
    "BS=32, 50% pruned",
    "BS=32, 80% pruned",
    "BS=64, 0% pruned",
    "BS=64, 50% pruned",
    "BS=64, 80% pruned"
  ],
  "kernels": {
    "SDPA (math, padded)": [
      5.3371,
      2.56995,
      2.07243,
      10.8115,
      5.75029,
      4.06768
    ],
    "SDPA (efficient, padded)": [
      2.3163,
      1.85784,
      1.90976,
      4.17485,
      3.76878,
      3.56456
    ],
    "SDPA (flash, padded)": [
      2.19362,
      1.83822,
      2.02338,
      4.10531,
      3.69459,
      3.59442
    ],
    "NestedTensor + SDPA": [
      9.16136,
      9.41262,
      9.10282,
      17.41472,
      17.14074,
      17.0893
    ],
    "Triton Ragged (ours)": [
      0.13619,
      0.04198,
      0.02355,
      0.34414,
      0.07958,
      0.02765
    ],
    "FlashAttention-2 (varlen)": [
      0.11162,
      0.05222,
      0.05222,
      0.25395,
      0.07168,
      0.06042
    ]
  },
  "p5": {
    "SDPA (math, padded)": [
      5.2953,
      2.53645,
      2.06438,
      10.60038,
      5.66198,
      4.00896
    ],
    "SDPA (efficient, padded)": [
      2.24666,
      1.84934,
      1.83206,
      4.11344,
      3.70381,
      3.49901
    ],
    "SDPA (flash, padded)": [
      2.12275,
      1.80931,
      1.95376,
      3.96698,
      3.67955,
      3.5209
    ],
    "NestedTensor + SDPA": [
      9.07654,
      9.01325,
      9.02285,
      17.21037,
      16.7895,
      16.94826
    ],
    "Triton Ragged (ours)": [
      0.13517,
      0.04096,
      0.02253,
      0.33178,
      0.07885,
      0.02662
    ],
    "FlashAttention-2 (varlen)": [
      0.11059,
      0.05018,
      0.05018,
      0.25293,
      0.07066,
      0.05939
    ]
  },
  "p95": {
    "SDPA (math, padded)": [
      5.41171,
      2.58048,
      2.08474,
      10.96294,
      5.83923,
      4.20666
    ],
    "SDPA (efficient, padded)": [
      2.35418,
      1.89338,
      2.02835,
      4.30899,
      3.88198,
      3.58835
    ],
    "SDPA (flash, padded)": [
      2.21014,
      1.90992,
      2.03952,
      4.13184,
      3.71405,
      3.73248
    ],
    "NestedTensor + SDPA": [
      9.59178,
      9.69114,
      9.73619,
      18.58355,
      17.94765,
      18.06746
    ],
    "Triton Ragged (ours)": [
      0.13722,
      0.04221,
      0.02458,
      0.34714,
      0.07987,
      0.0279
    ],
    "FlashAttention-2 (varlen)": [
      0.11264,
      0.05427,
      0.05427,
      0.26931,
      0.07168,
      0.06144
    ]
  }
}