{
  "gpu": "NVIDIA RTX 4000 Ada Generation",
  "sm": "SM89",
  "timing": "cuda_events_median_ms",
  "warmup": 50,
  "jit_warmup": 150,
  "iters": 300,
  "configs": [
    "BS=32, 0% pruned",
    "BS=32, 50% pruned",
    "BS=32, 80% pruned",
    "BS=64, 0% pruned",
    "BS=64, 50% pruned",
    "BS=64, 80% pruned"
  ],
  "kernels": {
    "SDPA (math, padded)": [
      5.33339,
      2.57902,
      2.07067,
      10.69341,
      5.7913,
      4.20766
    ],
    "SDPA (efficient, padded)": [
      2.11168,
      1.95515,
      1.82477,
      4.29301,
      3.87536,
      3.5789
    ],
    "SDPA (flash, padded)": [
      1.98766,
      1.90923,
      1.88621,
      4.09648,
      3.80411,
      3.72291
    ],
    "NestedTensor + SDPA": [
      9.16992,
      9.10845,
      9.07978,
      17.52781,
      16.74464,
      16.84986
    ],
    "Triton Ragged (ours)": [
      0.13722,
      0.04198,
      0.0256,
      0.34714,
      0.07987,
      0.02765
    ],
    "FlashAttention-2 (varlen)": [
      0.11264,
      0.05018,
      0.0512,
      0.25325,
      0.0727,
      0.06042
    ]
  },
  "p5": {
    "SDPA (math, padded)": [
      5.26646,
      2.55514,
      2.05414,
      10.58294,
      5.67578,
      4.05709
    ],
    "SDPA (efficient, padded)": [
      2.10163,
      1.87834,
      1.81373,
      4.14506,
      3.7417,
      3.55542
    ],
    "SDPA (flash, padded)": [
      1.97325,
      1.89638,
      1.81453,
      3.91898,
      3.67002,
      3.58221
    ],
    "NestedTensor + SDPA": [
      8.76173,
      8.67395,
      8.6528,
      16.65946,
      16.34624,
      16.28266
    ],
    "Triton Ragged (ours)": [
      0.13619,
      0.04096,
      0.02458,
      0.3369,
      0.07885,
      0.02701
    ],
    "FlashAttention-2 (varlen)": [
      0.11162,
      0.04618,
      0.04915,
      0.25293,
      0.07168,
      0.06042
    ]
  },
  "p95": {
    "SDPA (math, padded)": [
      5.40058,
      2.6688,
      2.14323,
      10.80525,
      6.69491,
      4.29056
    ],
    "SDPA (efficient, padded)": [
      2.18112,
      1.99894,
      1.92442,
      4.37901,
      3.95366,
      3.78128
    ],
    "SDPA (flash, padded)": [
      2.08522,
      1.94902,
      1.89645,
      4.18909,
      3.82976,
      3.80416
    ],
    "NestedTensor + SDPA": [
      9.46189,
      9.36362,
      9.33184,
      17.9927,
      17.67117,
      17.72749
    ],
    "Triton Ragged (ours)": [
      0.13926,
      0.04301,
      0.02662,
      0.35021,
      0.0809,
      0.02867
    ],
    "FlashAttention-2 (varlen)": [
      0.11571,
      0.05325,
      0.05341,
      0.26624,
      0.07578,
      0.06144
    ]
  }
}