{
  "numerical_equivalence": {
    "Threshold-L2": {
      "max_abs_diff": 0.007812,
      "mean_abs_diff": 0.000741,
      "predictions_match": true
    },
    "DynamicViT": {
      "max_abs_diff": 0.007812,
      "mean_abs_diff": 0.000697,
      "predictions_match": true
    },
    "EViT": {
      "max_abs_diff": 0.007812,
      "mean_abs_diff": 0.000725,
      "predictions_match": true
    }
  },
  "pareto": {
    "ratios": [
      0.0,
      0.25,
      0.5,
      0.75,
      0.9
    ],
    "variants": {
      "Unpruned DeiT-S": {
        "top1": [
          79.7,
          79.7,
          79.7,
          79.7,
          79.7
        ],
        "top5": [
          94.4,
          94.4,
          94.4,
          94.4,
          94.4
        ],
        "throughput": [
          6068.0,
          6068.0,
          6068.0,
          6068.0,
          6068.0
        ]
      },
      "Threshold-L2 \u00b7 PyTorch": {
        "top1": [
          79.7,
          79.2,
          77.8,
          71.5,
          43.7
        ],
        "top5": [
          94.4,
          94.2,
          93.1,
          89.1,
          70.2
        ],
        "throughput": [
          3148.4,
          3056.4,
          3058.3,
          3065.8,
          3101.9
        ]
      },
      "Threshold-L2 \u00b7 Triton": {
        "top1": [
          79.7,
          79.2,
          77.8,
          71.4,
          43.7
        ],
        "top5": [
          94.4,
          94.2,
          93.1,
          89.1,
          70.2
        ],
        "throughput": [
          4658.6,
          4485.7,
          4422.4,
          4465.0,
          4600.5
        ]
      },
      "EViT \u00b7 PyTorch": {
        "top1": [
          79.7,
          79.1,
          77.1,
          69.8,
          46.4
        ],
        "top5": [
          94.4,
          94.4,
          93.8,
          88.9,
          68.8
        ],
        "throughput": [
          3090.9,
          3032.0,
          3067.4,
          3015.9,
          3036.8
        ]
      },
      "EViT \u00b7 Triton": {
        "top1": [
          79.7,
          79.1,
          77.1,
          69.8,
          46.4
        ],
        "top5": [
          94.4,
          94.4,
          93.8,
          88.9,
          68.9
        ],
        "throughput": [
          4413.0,
          4324.3,
          4258.8,
          4302.8,
          4450.9
        ]
      },
      "ATS \u00b7 PyTorch": {
        "top1": [
          79.7,
          79.5,
          77.9,
          70.3,
          47.6
        ],
        "top5": [
          94.4,
          94.4,
          93.8,
          88.6,
          72.1
        ],
        "throughput": [
          3013.5,
          2690.6,
          2573.7,
          3041.3,
          2976.2
        ]
      },
      "ATS \u00b7 Triton": {
        "top1": [
          79.7,
          79.5,
          77.9,
          70.4,
          47.6
        ],
        "top5": [
          94.4,
          94.3,
          93.8,
          88.6,
          72.0
        ],
        "throughput": [
          4419.2,
          3594.1,
          3295.6,
          3646.0,
          4236.5
        ]
      },
      "ToMe \u00b7 PyTorch": {
        "top1": [
          79.7,
          79.4,
          79.7,
          78.0,
          76.7
        ],
        "top5": [
          94.4,
          94.0,
          94.2,
          93.1,
          91.9
        ],
        "throughput": [
          6186.3,
          1004.9,
          1004.2,
          1005.2,
          1102.2
        ]
      }
    }
  }
}