{
  "gpu": "NVIDIA RTX 4000 Ada Generation",
  "sm": "SM89",
  "timing": "cuda_events_median_ms",
  "warmup": 50,
  "jit_warmup": 150,
  "iters": 300,
  "configs": [
    "BS=32, 0% pruned",
    "BS=32, 50% pruned",
    "BS=32, 80% pruned",
    "BS=64, 0% pruned",
    "BS=64, 50% pruned",
    "BS=64, 80% pruned"
  ],
  "kernels": {
    "SDPA (math, padded)": [
      5.36576,
      2.65509,
      2.14936,
      11.00557,
      5.87059,
      4.22246
    ],
    "SDPA (efficient, padded)": [
      2.19174,
      1.90501,
      1.83864,
      4.38238,
      3.92467,
      3.64293
    ],
    "SDPA (flash, padded)": [
      2.0684,
      1.91181,
      1.90589,
      4.12512,
      3.84512,
      3.73043
    ],
    "NestedTensor + SDPA": [
      9.2215,
      9.20272,
      9.23853,
      17.65632,
      17.2841,
      17.3655
    ],
    "Triton Ragged (ours)": [
      0.13722,
      0.04198,
      0.02482,
      0.34509,
      0.07987,
      0.02765
    ],
    "FlashAttention-2 (varlen)": [
      0.11674,
      0.04813,
      0.05222,
      0.2532,
      0.0727,
      0.06042
    ]
  },
  "p5": {
    "SDPA (math, padded)": [
      5.28794,
      2.57747,
      2.07258,
      10.6351,
      5.71494,
      4.06733
    ],
    "SDPA (efficient, padded)": [
      2.12067,
      1.88614,
      1.78816,
      4.21398,
      3.68742,
      3.50515
    ],
    "SDPA (flash, padded)": [
      1.99578,
      1.84608,
      1.83024,
      3.97517,
      3.70074,
      3.58371
    ],
    "NestedTensor + SDPA": [
      8.80874,
      8.7593,
      8.74477,
      16.88474,
      16.54864,
      16.62259
    ],
    "Triton Ragged (ours)": [
      0.13619,
      0.04198,
      0.02355,
      0.33587,
      0.07885,
      0.02662
    ],
    "FlashAttention-2 (varlen)": [
      0.11264,
      0.03686,
      0.03277,
      0.2519,
      0.07168,
      0.05939
    ]
  },
  "p95": {
    "SDPA (math, padded)": [
      5.89312,
      3.17936,
      2.6624,
      11.38483,
      6.42234,
      4.76867
    ],
    "SDPA (efficient, padded)": [
      2.72246,
      2.45248,
      2.14835,
      4.91549,
      4.5049,
      4.24742
    ],
    "SDPA (flash, padded)": [
      2.62547,
      2.41955,
      2.40016,
      4.69811,
      4.32221,
      4.28656
    ],
    "NestedTensor + SDPA": [
      9.69926,
      9.63072,
      9.70557,
      18.21405,
      17.86896,
      17.94048
    ],
    "Triton Ragged (ours)": [
      0.1383,
      0.04301,
      0.02662,
      0.34931,
      0.07987,
      0.02781
    ],
    "FlashAttention-2 (varlen)": [
      0.11792,
      0.05222,
      0.0553,
      0.26931,
      0.07379,
      0.06144
    ]
  }
}