{
  "gpu": "NVIDIA RTX 4000 Ada Generation",
  "sm": "SM89",
  "timing": "cuda_events_median_ms",
  "warmup": 50,
  "jit_warmup": 150,
  "iters": 300,
  "configs": [
    "BS=32, 0% pruned",
    "BS=32, 50% pruned",
    "BS=32, 80% pruned",
    "BS=64, 0% pruned",
    "BS=64, 50% pruned",
    "BS=64, 80% pruned"
  ],
  "kernels": {
    "SDPA (math, padded)": [
      5.36883,
      2.65318,
      2.15859,
      10.99008,
      5.93707,
      4.25666
    ],
    "SDPA (efficient, padded)": [
      2.22334,
      1.99782,
      1.91693,
      4.33718,
      4.08064,
      3.83949
    ],
    "SDPA (flash, padded)": [
      2.10622,
      1.99741,
      1.88973,
      4.13958,
      4.06216,
      3.98326
    ],
    "NestedTensor + SDPA": [
      9.34387,
      9.22829,
      9.25402,
      17.70861,
      17.55234,
      17.41414
    ],
    "Triton Ragged (ours)": [
      0.13722,
      0.04198,
      0.02562,
      0.34322,
      0.07987,
      0.02765
    ],
    "FlashAttention-2 (varlen)": [
      0.11469,
      0.05334,
      0.05325,
      0.26522,
      0.07168,
      0.06042
    ]
  },
  "p5": {
    "SDPA (math, padded)": [
      5.2992,
      2.58163,
      2.07974,
      10.6455,
      5.74653,
      4.10848
    ],
    "SDPA (efficient, padded)": [
      2.15245,
      1.97859,
      1.84218,
      4.19021,
      3.89942,
      3.68435
    ],
    "SDPA (flash, padded)": [
      2.03357,
      1.92922,
      1.84509,
      3.98755,
      3.88534,
      3.79267
    ],
    "NestedTensor + SDPA": [
      8.89027,
      8.81357,
      8.77632,
      16.77821,
      16.58173,
      16.63613
    ],
    "Triton Ragged (ours)": [
      0.13619,
      0.04198,
      0.02458,
      0.33587,
      0.07885,
      0.02662
    ],
    "FlashAttention-2 (varlen)": [
      0.11264,
      0.05222,
      0.03379,
      0.25293,
      0.07066,
      0.05974
    ]
  },
  "p95": {
    "SDPA (math, padded)": [
      5.89626,
      3.1744,
      2.71542,
      11.39302,
      6.49306,
      4.80973
    ],
    "SDPA (efficient, padded)": [
      2.65293,
      2.54669,
      2.39072,
      4.94045,
      4.612,
      4.39792
    ],
    "SDPA (flash, padded)": [
      2.61296,
      2.53872,
      2.39514,
      4.73498,
      4.62234,
      4.52198
    ],
    "NestedTensor + SDPA": [
      9.82358,
      9.69728,
      9.6904,
      18.18112,
      18.13811,
      18.04512
    ],
    "Triton Ragged (ours)": [
      0.14234,
      0.04301,
      0.02704,
      0.34621,
      0.07987,
      0.02768
    ],
    "FlashAttention-2 (varlen)": [
      0.11776,
      0.05632,
      0.05632,
      0.26931,
      0.0727,
      0.06144
    ]
  }
}