{
  "gpu": "NVIDIA RTX 4000 Ada Generation",
  "sm": "SM89",
  "timing": "cuda_events_median_ms",
  "warmup": 50,
  "jit_warmup": 150,
  "iters": 300,
  "configs": [
    "BS=32, 0% pruned",
    "BS=32, 50% pruned",
    "BS=32, 80% pruned",
    "BS=64, 0% pruned",
    "BS=64, 50% pruned",
    "BS=64, 80% pruned"
  ],
  "kernels": {
    "SDPA (math, padded)": [
      5.43638,
      2.60608,
      2.12992,
      10.63322,
      5.69442,
      4.09501
    ],
    "SDPA (efficient, padded)": [
      2.23954,
      2.01323,
      1.88008,
      4.26507,
      3.74243,
      3.54582
    ],
    "SDPA (flash, padded)": [
      2.17293,
      1.9588,
      1.88626,
      3.99118,
      3.63674,
      3.56557
    ],
    "NestedTensor + SDPA": [
      8.82802,
      8.70573,
      8.71171,
      17.28502,
      16.46702,
      16.4295
    ],
    "Triton Ragged (ours)": [
      0.13517,
      0.04198,
      0.02458,
      0.34202,
      0.07987,
      0.02765
    ],
    "FlashAttention-2 (varlen)": [
      0.11264,
      0.04915,
      0.04915,
      0.25395,
      0.07168,
      0.06042
    ]
  },
  "p5": {
    "SDPA (math, padded)": [
      5.39302,
      2.57126,
      2.05517,
      10.57894,
      5.66301,
      4.03968
    ],
    "SDPA (efficient, padded)": [
      2.22173,
      1.99373,
      1.81453,
      4.13085,
      3.73078,
      3.47338
    ],
    "SDPA (flash, padded)": [
      2.07146,
      1.94458,
      1.87805,
      3.92304,
      3.58189,
      3.50371
    ],
    "NestedTensor + SDPA": [
      8.77056,
      8.48166,
      8.62749,
      16.53043,
      16.32141,
      16.22768
    ],
    "Triton Ragged (ours)": [
      0.13517,
      0.04198,
      0.02355,
      0.33178,
      0.07885,
      0.02662
    ],
    "FlashAttention-2 (varlen)": [
      0.11059,
      0.04608,
      0.04813,
      0.2519,
      0.07066,
      0.05939
    ]
  },
  "p95": {
    "SDPA (math, padded)": [
      5.46912,
      2.67776,
      2.16371,
      10.73459,
      5.78701,
      4.20352
    ],
    "SDPA (efficient, padded)": [
      2.30701,
      2.07872,
      1.89747,
      4.28237,
      3.88198,
      3.75632
    ],
    "SDPA (flash, padded)": [
      2.18931,
      2.02355,
      1.92614,
      4.08371,
      3.68986,
      3.62003
    ],
    "NestedTensor + SDPA": [
      9.23462,
      9.16614,
      9.128,
      17.76054,
      17.63818,
      17.29824
    ],
    "Triton Ragged (ours)": [
      0.13648,
      0.04301,
      0.0256,
      0.34406,
      0.07987,
      0.02774
    ],
    "FlashAttention-2 (varlen)": [
      0.11878,
      0.05222,
      0.0512,
      0.26864,
      0.07181,
      0.06144
    ]
  }
}