{
  "gpu": "NVIDIA RTX 4000 Ada Generation",
  "sm": "SM89",
  "timing": "cuda_events_median_ms",
  "warmup": 50,
  "jit_warmup": 150,
  "iters": 300,
  "configs": [
    "BS=32, 0% pruned",
    "BS=32, 50% pruned",
    "BS=32, 80% pruned",
    "BS=64, 0% pruned",
    "BS=64, 50% pruned",
    "BS=64, 80% pruned"
  ],
  "kernels": {
    "SDPA (math, padded)": [
      5.40434,
      2.53899,
      2.06136,
      10.6941,
      5.71971,
      4.05808
    ],
    "SDPA (efficient, padded)": [
      2.09923,
      1.98312,
      1.78995,
      4.15949,
      3.77288,
      3.57581
    ],
    "SDPA (flash, padded)": [
      1.98093,
      1.93638,
      1.82061,
      3.95533,
      3.6884,
      3.5879
    ],
    "NestedTensor + SDPA": [
      9.10746,
      9.08902,
      9.0551,
      17.33611,
      17.25629,
      17.14997
    ],
    "Triton Ragged (ours)": [
      0.13619,
      0.04198,
      0.02355,
      0.34099,
      0.07987,
      0.02765
    ],
    "FlashAttention-2 (varlen)": [
      0.11162,
      0.04915,
      0.05018,
      0.26317,
      0.07168,
      0.06042
    ]
  },
  "p5": {
    "SDPA (math, padded)": [
      5.32275,
      2.51821,
      2.0265,
      10.58803,
      5.65987,
      4.04173
    ],
    "SDPA (efficient, padded)": [
      2.08717,
      1.94643,
      1.78211,
      4.14208,
      3.75171,
      3.55526
    ],
    "SDPA (flash, padded)": [
      1.96915,
      1.89952,
      1.8135,
      3.94035,
      3.67274,
      3.5625
    ],
    "NestedTensor + SDPA": [
      8.93984,
      8.86157,
      8.8583,
      16.98816,
      17.07043,
      16.91648
    ],
    "Triton Ragged (ours)": [
      0.13517,
      0.04122,
      0.02253,
      0.33178,
      0.07885,
      0.02662
    ],
    "FlashAttention-2 (varlen)": [
      0.11059,
      0.04813,
      0.04813,
      0.2519,
      0.07066,
      0.05939
    ]
  },
  "p95": {
    "SDPA (math, padded)": [
      5.78253,
      2.58048,
      2.0736,
      10.75331,
      5.88083,
      4.20563
    ],
    "SDPA (efficient, padded)": [
      2.11382,
      1.99568,
      1.8247,
      4.3008,
      3.91066,
      3.71581
    ],
    "SDPA (flash, padded)": [
      2.04698,
      1.94992,
      1.82886,
      3.97619,
      3.8176,
      3.72019
    ],
    "NestedTensor + SDPA": [
      9.596,
      9.5744,
      9.48426,
      18.16982,
      18.35744,
      17.952
    ],
    "Triton Ragged (ours)": [
      0.13722,
      0.04301,
      0.02458,
      0.34323,
      0.07987,
      0.02797
    ],
    "FlashAttention-2 (varlen)": [
      0.11264,
      0.05222,
      0.05222,
      0.26931,
      0.07475,
      0.06144
    ]
  }
}