{
  "batch_sizes": [
    1,
    4,
    8,
    16,
    32,
    64,
    128,
    256,
    512
  ],
  "unpruned": [
    147.10981135738695,
    434.80196116371854,
    507.3308553950474,
    488.48944328234813,
    488.6693264891678,
    481.48709257825584,
    468.03032088215565,
    412.311114539896,
    0.0
  ],
  "pytorch_pruned": [
    148.0742571196079,
    312.24829518558306,
    352.37665393953426,
    334.28758873414876,
    333.7536539937002,
    322.06014587092477,
    295.73435687713885,
    285.94365325201795,
    289.0385796492016
  ],
  "triton_ragged": [
    147.20130876803654,
    425.3221894269735,
    482.0326046226812,
    516.5463263739275,
    498.2213733625607,
    485.0787293047749,
    453.8605100863302,
    470.66293540255356,
    456.74122913244025
  ],
  "dynamicvit_pytorch": [
    154.38183172610505,
    280.76460664626376,
    311.7502316813108,
    296.6012037618427,
    297.48110176976724,
    294.96121651011146,
    294.77441236078846,
    283.6036235241168,
    286.1847783608015
  ],
  "dynamicvit_triton": [
    161.84339209273497,
    404.95779707009666,
    467.482152428442,
    492.65725976750485,
    484.4795084846731,
    481.3299641958639,
    482.73782404768485,
    457.63006416494693,
    448.1348201630061
  ],
  "evit_pytorch": [
    149.96413967500018,
    275.3247565633594,
    303.1614922618068,
    288.6698233498935,
    289.00294471584954,
    288.05922333437616,
    287.3192973057763,
    281.11110678917225,
    283.32867197884866
  ],
  "evit_triton": [
    155.96701393730382,
    395.7942930090756,
    460.0846097438274,
    485.5531469426929,
    474.4982033442082,
    467.905504998848,
    460.40510072928925,
    448.6247726486081,
    440.57901431223104
  ],
  "ats_pytorch": [
    149.8247734849011,
    273.1430097970789,
    304.20779692349396,
    288.77833356917057,
    290.55127062722113,
    287.861306542769,
    287.0303410992241,
    276.1401971399757,
    282.0428205358686
  ],
  "ats_triton": [
    150.46041941594203,
    395.11095551303936,
    451.05560452918445,
    485.3209356610273,
    471.85626991422464,
    452.5343878049452,
    465.7079502578349,
    448.10432544437805,
    441.18958813449626
  ],
  "tome_pytorch": [
    94.63595262875643,
    289.3900365153982,
    360.0794221783022,
    351.15677384068533,
    351.5372166726814,
    350.98251352140284,
    350.68686141831756,
    337.09188460134874,
    334.1982080307621
  ]
}