{
  "gpu": "NVIDIA RTX 4000 Ada Generation",
  "sm": "SM89",
  "timing": "cuda_events_median_ms",
  "warmup": 50,
  "jit_warmup": 150,
  "iters": 300,
  "configs": [
    "BS=32, 0% pruned",
    "BS=32, 50% pruned",
    "BS=32, 80% pruned",
    "BS=64, 0% pruned",
    "BS=64, 50% pruned",
    "BS=64, 80% pruned"
  ],
  "kernels": {
    "SDPA (math, padded)": [
      5.34854,
      2.63566,
      2.07883,
      10.6347,
      5.79835,
      4.06118
    ],
    "SDPA (efficient, padded)": [
      2.08176,
      1.88621,
      1.83296,
      4.14958,
      3.98909,
      3.55533
    ],
    "SDPA (flash, padded)": [
      2.05405,
      1.84611,
      1.83437,
      3.97107,
      3.93267,
      3.57507
    ],
    "NestedTensor + SDPA": [
      9.19754,
      9.48426,
      9.08517,
      17.28378,
      17.77088,
      16.94461
    ],
    "Triton Ragged (ours)": [
      0.13619,
      0.04198,
      0.02355,
      0.34304,
      0.07987,
      0.02765
    ],
    "FlashAttention-2 (varlen)": [
      0.11162,
      0.05018,
      0.05018,
      0.26726,
      0.07168,
      0.06042
    ]
  },
  "p5": {
    "SDPA (math, padded)": [
      5.29715,
      2.56387,
      2.07075,
      10.59011,
      5.74054,
      3.98934
    ],
    "SDPA (efficient, padded)": [
      2.05917,
      1.87715,
      1.82477,
      4.06307,
      3.79606,
      3.47837
    ],
    "SDPA (flash, padded)": [
      1.98982,
      1.83091,
      1.82272,
      3.95059,
      3.91354,
      3.5584
    ],
    "NestedTensor + SDPA": [
      9.12582,
      9.03702,
      9.02653,
      17.09386,
      16.97091,
      16.83251
    ],
    "Triton Ragged (ours)": [
      0.13517,
      0.04096,
      0.02253,
      0.3328,
      0.07885,
      0.02765
    ],
    "FlashAttention-2 (varlen)": [
      0.11059,
      0.04813,
      0.04813,
      0.25293,
      0.07066,
      0.05946
    ]
  },
  "p95": {
    "SDPA (math, padded)": [
      5.40262,
      2.65107,
      2.08893,
      10.75814,
      5.95379,
      4.20694
    ],
    "SDPA (efficient, padded)": [
      2.15347,
      1.96086,
      1.90864,
      4.30314,
      4.0151,
      3.69664
    ],
    "SDPA (flash, padded)": [
      2.07296,
      1.91706,
      1.90566,
      4.11542,
      4.06835,
      3.70586
    ],
    "NestedTensor + SDPA": [
      9.65011,
      9.7497,
      9.1415,
      18.31219,
      18.28166,
      17.82614
    ],
    "Triton Ragged (ours)": [
      0.13722,
      0.04301,
      0.02458,
      0.34509,
      0.07987,
      0.02867
    ],
    "FlashAttention-2 (varlen)": [
      0.1199,
      0.05222,
      0.05222,
      0.27034,
      0.07203,
      0.06144
    ]
  }
}