{
  "gpu": "NVIDIA RTX 4000 Ada Generation",
  "sm": "SM89",
  "timing": "cuda_events_median_ms",
  "warmup": 50,
  "jit_warmup": 150,
  "iters": 300,
  "configs": [
    "BS=32, 0% pruned",
    "BS=32, 50% pruned",
    "BS=32, 80% pruned",
    "BS=64, 0% pruned",
    "BS=64, 50% pruned",
    "BS=64, 80% pruned"
  ],
  "kernels": {
    "SDPA (math, padded)": [
      5.40166,
      2.61458,
      2.08286,
      10.73115,
      5.70726,
      4.21206
    ],
    "SDPA (efficient, padded)": [
      2.22536,
      2.02139,
      1.84258,
      4.30134,
      3.78166,
      3.70482
    ],
    "SDPA (flash, padded)": [
      2.08992,
      1.97928,
      1.84251,
      3.98822,
      3.7079,
      3.60227
    ],
    "NestedTensor + SDPA": [
      9.32048,
      9.26669,
      9.1939,
      17.5988,
      17.31629,
      17.2595
    ],
    "Triton Ragged (ours)": [
      0.13619,
      0.04198,
      0.02355,
      0.34306,
      0.07987,
      0.02765
    ],
    "FlashAttention-2 (varlen)": [
      0.11469,
      0.05632,
      0.05462,
      0.26755,
      0.07168,
      0.06042
    ]
  },
  "p5": {
    "SDPA (math, padded)": [
      5.33606,
      2.57677,
      2.03507,
      10.6127,
      5.68099,
      4.07277
    ],
    "SDPA (efficient, padded)": [
      2.21386,
      1.9928,
      1.79917,
      4.16544,
      3.69974,
      3.58298
    ],
    "SDPA (flash, padded)": [
      1.96934,
      1.96698,
      1.83498,
      3.96163,
      3.68864,
      3.58912
    ],
    "NestedTensor + SDPA": [
      9.25882,
      9.18314,
      9.12144,
      17.4551,
      17.18067,
      17.11923
    ],
    "Triton Ragged (ours)": [
      0.13517,
      0.04115,
      0.02253,
      0.33178,
      0.07885,
      0.02662
    ],
    "FlashAttention-2 (varlen)": [
      0.11059,
      0.05427,
      0.05325,
      0.25293,
      0.07066,
      0.05965
    ]
  },
  "p95": {
    "SDPA (math, padded)": [
      5.46099,
      2.63565,
      2.16067,
      10.80218,
      5.84058,
      4.23773
    ],
    "SDPA (efficient, padded)": [
      2.25674,
      2.03466,
      1.91891,
      4.37965,
      3.92192,
      3.74579
    ],
    "SDPA (flash, padded)": [
      2.13811,
      2.05238,
      1.92042,
      4.12877,
      3.88198,
      3.75738
    ],
    "NestedTensor + SDPA": [
      9.70138,
      9.72826,
      9.63667,
      18.83853,
      18.19034,
      18.44224
    ],
    "Triton Ragged (ours)": [
      0.13722,
      0.04301,
      0.0256,
      0.34611,
      0.07987,
      0.02867
    ],
    "FlashAttention-2 (varlen)": [
      0.11571,
      0.05939,
      0.05734,
      0.27034,
      0.07475,
      0.06144
    ]
  }
}