{
  "gpu": "NVIDIA RTX 4000 Ada Generation",
  "sm": "SM89",
  "timing": "cuda_events_median_ms",
  "warmup": 50,
  "jit_warmup": 150,
  "iters": 300,
  "configs": [
    "BS=32, 0% pruned",
    "BS=32, 50% pruned",
    "BS=32, 80% pruned",
    "BS=64, 0% pruned",
    "BS=64, 50% pruned",
    "BS=64, 80% pruned"
  ],
  "kernels": {
    "SDPA (math, padded)": [
      5.3503,
      2.65933,
      2.17013,
      10.73579,
      5.72741,
      4.24066
    ],
    "SDPA (efficient, padded)": [
      2.20379,
      2.09205,
      1.9559,
      4.18611,
      3.79392,
      3.6091
    ],
    "SDPA (flash, padded)": [
      2.08674,
      1.96302,
      2.02315,
      4.00464,
      3.85027,
      3.95725
    ],
    "NestedTensor + SDPA": [
      8.93579,
      9.1729,
      9.14661,
      16.92739,
      17.04547,
      16.63082
    ],
    "Triton Ragged (ours)": [
      0.13722,
      0.04198,
      0.02458,
      0.34509,
      0.07987,
      0.02765
    ],
    "FlashAttention-2 (varlen)": [
      0.11162,
      0.04813,
      0.05222,
      0.26726,
      0.07168,
      0.06042
    ]
  },
  "p5": {
    "SDPA (math, padded)": [
      5.3009,
      2.6368,
      2.11904,
      10.63117,
      5.70902,
      4.0881
    ],
    "SDPA (efficient, padded)": [
      2.13504,
      2.01344,
      1.94662,
      4.12672,
      3.77651,
      3.59024
    ],
    "SDPA (flash, padded)": [
      2.01216,
      1.88278,
      1.95043,
      3.94957,
      3.70995,
      3.8239
    ],
    "NestedTensor + SDPA": [
      8.84326,
      8.71219,
      8.72653,
      16.76288,
      16.57258,
      16.48538
    ],
    "Triton Ragged (ours)": [
      0.13619,
      0.04096,
      0.02355,
      0.3369,
      0.07885,
      0.02765
    ],
    "FlashAttention-2 (varlen)": [
      0.11088,
      0.0471,
      0.05018,
      0.256,
      0.07168,
      0.06042
    ]
  },
  "p95": {
    "SDPA (math, padded)": [
      5.40352,
      2.72282,
      2.21814,
      10.93837,
      5.86342,
      4.31821
    ],
    "SDPA (efficient, padded)": [
      2.21987,
      2.13725,
      2.02854,
      4.2064,
      3.93523,
      3.75091
    ],
    "SDPA (flash, padded)": [
      2.12902,
      2.07894,
      2.03674,
      4.20995,
      3.93933,
      4.05638
    ],
    "NestedTensor + SDPA": [
      9.38883,
      9.28285,
      9.46,
      17.8449,
      17.80627,
      17.42634
    ],
    "Triton Ragged (ours)": [
      0.13926,
      0.04224,
      0.02662,
      0.34714,
      0.07997,
      0.02867
    ],
    "FlashAttention-2 (varlen)": [
      0.11264,
      0.0512,
      0.0553,
      0.27034,
      0.07274,
      0.06144
    ]
  }
}