{
  "gpu": "NVIDIA RTX 4000 Ada Generation",
  "sm": "SM89",
  "timing": "cuda_events_median_ms",
  "warmup": 50,
  "jit_warmup": 150,
  "iters": 300,
  "configs": [
    "BS=32, 0% pruned",
    "BS=32, 50% pruned",
    "BS=32, 80% pruned",
    "BS=64, 0% pruned",
    "BS=64, 50% pruned",
    "BS=64, 80% pruned"
  ],
  "kernels": {
    "SDPA (math, padded)": [
      5.37054,
      2.59475,
      2.14056,
      10.8604,
      5.8464,
      4.18136
    ],
    "SDPA (efficient, padded)": [
      2.20211,
      1.96506,
      1.90398,
      4.26539,
      3.91488,
      3.71802
    ],
    "SDPA (flash, padded)": [
      2.06355,
      1.85344,
      1.8985,
      4.17034,
      3.78778,
      3.72493
    ],
    "NestedTensor + SDPA": [
      9.53534,
      9.58318,
      9.51278,
      18.1145,
      17.97685,
      17.70366
    ],
    "Triton Ragged (ours)": [
      0.13926,
      0.04198,
      0.02378,
      0.34509,
      0.07987,
      0.02765
    ],
    "FlashAttention-2 (varlen)": [
      0.11366,
      0.0553,
      0.05734,
      0.25293,
      0.0727,
      0.06042
    ]
  },
  "p5": {
    "SDPA (math, padded)": [
      5.29123,
      2.56922,
      2.0736,
      10.61581,
      5.68198,
      4.06221
    ],
    "SDPA (efficient, padded)": [
      2.14221,
      1.89018,
      1.83091,
      4.08781,
      3.77347,
      3.57171
    ],
    "SDPA (flash, padded)": [
      1.98032,
      1.83603,
      1.82784,
      3.97014,
      3.68336,
      3.58195
    ],
    "NestedTensor + SDPA": [
      9.13677,
      9.12077,
      9.06157,
      17.40288,
      17.19197,
      17.06394
    ],
    "Triton Ragged (ours)": [
      0.13619,
      0.04131,
      0.02253,
      0.33587,
      0.07885,
      0.02662
    ],
    "FlashAttention-2 (varlen)": [
      0.11264,
      0.03789,
      0.0553,
      0.2519,
      0.07168,
      0.05939
    ]
  },
  "p95": {
    "SDPA (math, padded)": [
      5.92003,
      3.14573,
      2.62858,
      11.35984,
      6.36886,
      4.73776
    ],
    "SDPA (efficient, padded)": [
      2.72042,
      2.47194,
      2.40138,
      4.81773,
      4.4567,
      4.28349
    ],
    "SDPA (flash, padded)": [
      2.60813,
      2.39206,
      2.41971,
      4.71766,
      4.40448,
      4.2456
    ],
    "NestedTensor + SDPA": [
      10.01382,
      10.00442,
      9.93101,
      18.75456,
      18.54566,
      18.43507
    ],
    "Triton Ragged (ours)": [
      0.14131,
      0.04301,
      0.02662,
      0.34918,
      0.07987,
      0.02787
    ],
    "FlashAttention-2 (varlen)": [
      0.11878,
      0.05734,
      0.05939,
      0.26624,
      0.07475,
      0.06144
    ]
  }
}