{
  "gpu": "NVIDIA RTX 4000 Ada Generation",
  "sm": "SM89",
  "timing": "cuda_events_median_ms",
  "warmup": 50,
  "jit_warmup": 150,
  "iters": 300,
  "configs": [
    "BS=32, 0% pruned",
    "BS=32, 50% pruned",
    "BS=32, 80% pruned",
    "BS=64, 0% pruned",
    "BS=64, 50% pruned",
    "BS=64, 80% pruned"
  ],
  "kernels": {
    "SDPA (math, padded)": [
      5.3748,
      2.61405,
      2.06746,
      10.70771,
      5.67477,
      4.05597
    ],
    "SDPA (efficient, padded)": [
      2.20629,
      2.00499,
      1.82672,
      4.28035,
      3.88608,
      3.5579
    ],
    "SDPA (flash, padded)": [
      2.21517,
      1.96518,
      1.82219,
      4.07962,
      3.81373,
      3.57714
    ],
    "NestedTensor + SDPA": [
      8.97944,
      8.91406,
      8.86066,
      17.01779,
      16.74138,
      16.64712
    ],
    "Triton Ragged (ours)": [
      0.13518,
      0.04198,
      0.02355,
      0.34426,
      0.07987,
      0.02765
    ],
    "FlashAttention-2 (varlen)": [
      0.11264,
      0.05018,
      0.05222,
      0.26931,
      0.07168,
      0.06042
    ]
  },
  "p5": {
    "SDPA (math, padded)": [
      5.32678,
      2.59789,
      2.02957,
      10.58931,
      5.65248,
      4.03731
    ],
    "SDPA (efficient, padded)": [
      2.09306,
      1.97939,
      1.81885,
      4.14643,
      3.74387,
      3.46931
    ],
    "SDPA (flash, padded)": [
      2.20045,
      1.9497,
      1.78995,
      3.89018,
      3.67802,
      3.5553
    ],
    "NestedTensor + SDPA": [
      8.84634,
      8.84448,
      8.66003,
      16.85264,
      16.62669,
      16.51507
    ],
    "Triton Ragged (ours)": [
      0.13517,
      0.04096,
      0.02253,
      0.33178,
      0.07885,
      0.02765
    ],
    "FlashAttention-2 (varlen)": [
      0.11059,
      0.04915,
      0.04915,
      0.25293,
      0.07066,
      0.05939
    ]
  },
  "p95": {
    "SDPA (math, padded)": [
      5.43562,
      2.6409,
      2.1033,
      10.81242,
      5.81018,
      4.19907
    ],
    "SDPA (efficient, padded)": [
      2.29376,
      2.08285,
      1.89542,
      4.3561,
      3.92499,
      3.64851
    ],
    "SDPA (flash, padded)": [
      2.22819,
      2.06029,
      1.83226,
      4.10624,
      3.82874,
      3.70406
    ],
    "NestedTensor + SDPA": [
      9.4167,
      9.40861,
      8.9344,
      17.85254,
      17.54544,
      17.45242
    ],
    "Triton Ragged (ours)": [
      0.13722,
      0.04301,
      0.02458,
      0.34714,
      0.07987,
      0.02867
    ],
    "FlashAttention-2 (varlen)": [
      0.11776,
      0.05325,
      0.05427,
      0.27136,
      0.07405,
      0.06144
    ]
  }
}