{
  "gpu": "NVIDIA RTX 4000 Ada Generation",
  "sm": "SM89",
  "timing": "cuda_events_median_ms",
  "warmup": 50,
  "jit_warmup": 150,
  "iters": 300,
  "configs": [
    "BS=32, 0% pruned",
    "BS=32, 50% pruned",
    "BS=32, 80% pruned",
    "BS=64, 0% pruned",
    "BS=64, 50% pruned",
    "BS=64, 80% pruned"
  ],
  "kernels": {
    "SDPA (math, padded)": [
      5.37506,
      2.66125,
      2.09408,
      10.6572,
      5.78827,
      4.09328
    ],
    "SDPA (efficient, padded)": [
      2.12078,
      1.90669,
      1.91392,
      4.17536,
      3.91909,
      3.72563
    ],
    "SDPA (flash, padded)": [
      2.00312,
      1.92486,
      1.91411,
      3.99354,
      3.84094,
      3.60038
    ],
    "NestedTensor + SDPA": [
      9.36838,
      9.31581,
      9.2681,
      17.65256,
      17.4863,
      17.46581
    ],
    "Triton Ragged (ours)": [
      0.13619,
      0.04198,
      0.02459,
      0.34406,
      0.07987,
      0.02765
    ],
    "FlashAttention-2 (varlen)": [
      0.11162,
      0.05939,
      0.05734,
      0.26829,
      0.07168,
      0.06042
    ]
  },
  "p5": {
    "SDPA (math, padded)": [
      5.29962,
      2.58461,
      2.08509,
      10.62502,
      5.7017,
      4.01066
    ],
    "SDPA (efficient, padded)": [
      2.07478,
      1.89645,
      1.84218,
      4.1023,
      3.77856,
      3.58224
    ],
    "SDPA (flash, padded)": [
      1.95875,
      1.85037,
      1.84195,
      3.97517,
      3.6984,
      3.54989
    ],
    "NestedTensor + SDPA": [
      9.28358,
      9.19578,
      9.17677,
      17.48042,
      17.28515,
      17.27178
    ],
    "Triton Ragged (ours)": [
      0.13517,
      0.04096,
      0.02355,
      0.33178,
      0.07885,
      0.02662
    ],
    "FlashAttention-2 (varlen)": [
      0.11059,
      0.05837,
      0.0553,
      0.25331,
      0.07066,
      0.05939
    ]
  },
  "p95": {
    "SDPA (math, padded)": [
      5.42512,
      2.7033,
      2.1033,
      10.78554,
      5.9248,
      4.1687
    ],
    "SDPA (efficient, padded)": [
      2.15142,
      1.98144,
      1.96285,
      4.20758,
      4.00592,
      3.81133
    ],
    "SDPA (flash, padded)": [
      2.01622,
      1.93571,
      1.95101,
      4.13978,
      3.92602,
      3.61574
    ],
    "NestedTensor + SDPA": [
      9.79632,
      9.81094,
      9.73514,
      18.47117,
      18.34906,
      18.45248
    ],
    "Triton Ragged (ours)": [
      0.13722,
      0.04218,
      0.02662,
      0.34611,
      0.07987,
      0.02867
    ],
    "FlashAttention-2 (varlen)": [
      0.11264,
      0.06246,
      0.05965,
      0.26963,
      0.07174,
      0.06144
    ]
  }
}