{
  "gpu": "NVIDIA RTX 4000 Ada Generation",
  "sm": "SM89",
  "timing": "cuda_events_median_ms",
  "warmup": 50,
  "jit_warmup": 150,
  "iters": 300,
  "configs": [
    "BS=32, 0% pruned",
    "BS=32, 50% pruned",
    "BS=32, 80% pruned",
    "BS=64, 0% pruned",
    "BS=64, 50% pruned",
    "BS=64, 80% pruned"
  ],
  "kernels": {
    "SDPA (math, padded)": [
      5.31664,
      2.61405,
      2.10534,
      10.62738,
      5.7464,
      4.19432
    ],
    "SDPA (efficient, padded)": [
      2.11374,
      2.00602,
      1.94978,
      4.52568,
      3.75816,
      3.69149
    ],
    "SDPA (flash, padded)": [
      1.9927,
      1.95893,
      1.94854,
      4.19984,
      3.8161,
      3.58909
    ],
    "NestedTensor + SDPA": [
      8.87296,
      9.18016,
      8.75771,
      16.7981,
      16.5593,
      16.44682
    ],
    "Triton Ragged (ours)": [
      0.13619,
      0.04198,
      0.02458,
      0.34509,
      0.07987,
      0.02765
    ],
    "FlashAttention-2 (varlen)": [
      0.11162,
      0.04915,
      0.0488,
      0.26931,
      0.07168,
      0.06042
    ]
  },
  "p5": {
    "SDPA (math, padded)": [
      5.26637,
      2.59446,
      2.08819,
      10.58406,
      5.61498,
      4.11021
    ],
    "SDPA (efficient, padded)": [
      2.0951,
      1.99485,
      1.94048,
      4.32678,
      3.69542,
      3.55238
    ],
    "SDPA (flash, padded)": [
      1.95914,
      1.94662,
      1.94048,
      4.17382,
      3.67485,
      3.5687
    ],
    "NestedTensor + SDPA": [
      8.80435,
      8.744,
      8.5688,
      16.42394,
      16.2415,
      16.32131
    ],
    "Triton Ragged (ours)": [
      0.13517,
      0.04096,
      0.02355,
      0.33178,
      0.07885,
      0.02765
    ],
    "FlashAttention-2 (varlen)": [
      0.11059,
      0.04813,
      0.0471,
      0.25395,
      0.07066,
      0.05968
    ]
  },
  "p95": {
    "SDPA (math, padded)": [
      5.3801,
      2.69434,
      2.18726,
      10.82368,
      5.89312,
      4.26864
    ],
    "SDPA (efficient, padded)": [
      2.12672,
      2.01523,
      1.96198,
      4.61434,
      3.90227,
      3.72122
    ],
    "SDPA (flash, padded)": [
      2.00358,
      2.0327,
      1.96083,
      4.21786,
      3.8441,
      3.72838
    ],
    "NestedTensor + SDPA": [
      9.29075,
      9.43344,
      9.41056,
      17.62739,
      17.37194,
      17.21581
    ],
    "Triton Ragged (ours)": [
      0.13722,
      0.04234,
      0.0256,
      0.34714,
      0.07987,
      0.02867
    ],
    "FlashAttention-2 (varlen)": [
      0.12288,
      0.05229,
      0.0512,
      0.27139,
      0.07475,
      0.06144
    ]
  }
}