{
  "gpu": "NVIDIA RTX 4000 Ada Generation",
  "sm": "SM89",
  "timing": "cuda_events_median_ms",
  "warmup": 50,
  "jit_warmup": 150,
  "iters": 300,
  "configs": [
    "BS=32, 0% pruned",
    "BS=32, 50% pruned",
    "BS=32, 80% pruned",
    "BS=64, 0% pruned",
    "BS=64, 50% pruned",
    "BS=64, 80% pruned"
  ],
  "kernels": {
    "SDPA (math, padded)": [
      5.33266,
      2.5624,
      2.10221,
      10.62198,
      5.72462,
      4.1963
    ],
    "SDPA (efficient, padded)": [
      2.16747,
      1.88014,
      1.82886,
      4.14272,
      3.70384,
      3.79802
    ],
    "SDPA (flash, padded)": [
      2.01051,
      1.83341,
      1.82886,
      4.08915,
      3.92909,
      3.74955
    ],
    "NestedTensor + SDPA": [
      8.91595,
      8.78909,
      8.75654,
      16.78653,
      16.55402,
      17.14629
    ],
    "Triton Ragged (ours)": [
      0.13619,
      0.04198,
      0.02355,
      0.34202,
      0.07987,
      0.02765
    ],
    "FlashAttention-2 (varlen)": [
      0.11162,
      0.05325,
      0.04835,
      0.26624,
      0.07168,
      0.06042
    ]
  },
  "p5": {
    "SDPA (math, padded)": [
      5.26029,
      2.55251,
      2.02995,
      10.58509,
      5.65158,
      4.1193
    ],
    "SDPA (efficient, padded)": [
      2.12723,
      1.85446,
      1.81965,
      4.12979,
      3.6671,
      3.72336
    ],
    "SDPA (flash, padded)": [
      1.98237,
      1.80461,
      1.81869,
      3.93821,
      3.68947,
      3.51165
    ],
    "NestedTensor + SDPA": [
      8.7767,
      8.50698,
      8.53504,
      16.51808,
      16.44118,
      16.39251
    ],
    "Triton Ragged (ours)": [
      0.13517,
      0.04096,
      0.02253,
      0.33075,
      0.07885,
      0.02662
    ],
    "FlashAttention-2 (varlen)": [
      0.11059,
      0.0512,
      0.0471,
      0.25498,
      0.07066,
      0.05939
    ]
  },
  "p95": {
    "SDPA (math, padded)": [
      5.35558,
      2.6327,
      2.18726,
      10.7305,
      5.78227,
      4.32307
    ],
    "SDPA (efficient, padded)": [
      2.18624,
      1.8911,
      1.90125,
      4.26269,
      3.77549,
      3.95258
    ],
    "SDPA (flash, padded)": [
      2.06122,
      1.84704,
      1.90026,
      4.18067,
      4.07414,
      3.82566
    ],
    "NestedTensor + SDPA": [
      9.29702,
      9.44637,
      9.18733,
      17.57901,
      17.37421,
      17.53306
    ],
    "Triton Ragged (ours)": [
      0.13722,
      0.04301,
      0.02458,
      0.34406,
      0.08006,
      0.02765
    ],
    "FlashAttention-2 (varlen)": [
      0.11264,
      0.05632,
      0.0512,
      0.26931,
      0.0721,
      0.06144
    ]
  }
}