{
  "gpu": "NVIDIA RTX 4000 Ada Generation",
  "sm": "SM89",
  "timing": "cuda_events_median_ms",
  "warmup": 50,
  "jit_warmup": 150,
  "iters": 300,
  "configs": [
    "BS=32, 0% pruned",
    "BS=32, 50% pruned",
    "BS=32, 80% pruned",
    "BS=64, 0% pruned",
    "BS=64, 50% pruned",
    "BS=64, 80% pruned"
  ],
  "kernels": {
    "SDPA (math, padded)": [
      5.33606,
      2.57414,
      2.13563,
      10.63075,
      5.81398,
      4.10648
    ],
    "SDPA (efficient, padded)": [
      2.21587,
      1.91342,
      1.83146,
      4.15442,
      3.8737,
      3.70026
    ],
    "SDPA (flash, padded)": [
      2.12173,
      1.85536,
      1.88352,
      4.09344,
      3.80211,
      3.69074
    ],
    "NestedTensor + SDPA": [
      8.96224,
      9.26706,
      8.86946,
      17.02296,
      16.6656,
      16.67018
    ],
    "Triton Ragged (ours)": [
      0.13619,
      0.04198,
      0.02355,
      0.34424,
      0.07987,
      0.02765
    ],
    "FlashAttention-2 (varlen)": [
      0.11181,
      0.04915,
      0.04915,
      0.25395,
      0.07168,
      0.06042
    ]
  },
  "p5": {
    "SDPA (math, padded)": [
      5.29613,
      2.55162,
      2.06438,
      10.57651,
      5.67178,
      4.04096
    ],
    "SDPA (efficient, padded)": [
      2.19546,
      1.8681,
      1.81789,
      4.13702,
      3.73248,
      3.55533
    ],
    "SDPA (flash, padded)": [
      2.08998,
      1.83926,
      1.81555,
      3.95949,
      3.67104,
      3.5593
    ],
    "NestedTensor + SDPA": [
      8.89037,
      8.83197,
      8.78733,
      16.81818,
      16.29568,
      16.30173
    ],
    "Triton Ragged (ours)": [
      0.13517,
      0.04096,
      0.02262,
      0.33178,
      0.07885,
      0.02662
    ],
    "FlashAttention-2 (varlen)": [
      0.11059,
      0.04813,
      0.04813,
      0.25293,
      0.07066,
      0.05939
    ]
  },
  "p95": {
    "SDPA (math, padded)": [
      5.40912,
      2.61018,
      2.1504,
      10.67898,
      6.01498,
      4.20458
    ],
    "SDPA (efficient, padded)": [
      2.24986,
      1.96442,
      1.908,
      4.30003,
      3.91085,
      3.78275
    ],
    "SDPA (flash, padded)": [
      2.13504,
      1.92102,
      1.89824,
      4.18006,
      3.82835,
      3.71434
    ],
    "NestedTensor + SDPA": [
      9.44538,
      9.51539,
      9.51181,
      17.85379,
      16.7887,
      17.50086
    ],
    "Triton Ragged (ours)": [
      0.13722,
      0.04301,
      0.0256,
      0.34714,
      0.0799,
      0.02784
    ],
    "FlashAttention-2 (varlen)": [
      0.12221,
      0.05222,
      0.05142,
      0.26931,
      0.0727,
      0.06144
    ]
  }
}