{
  "gpu": "NVIDIA RTX 4000 Ada Generation",
  "sm": "SM89",
  "timing": "cuda_events_median_ms",
  "warmup": 50,
  "jit_warmup": 150,
  "iters": 300,
  "configs": [
    "BS=32, 0% pruned",
    "BS=32, 50% pruned",
    "BS=32, 80% pruned",
    "BS=64, 0% pruned",
    "BS=64, 50% pruned",
    "BS=64, 80% pruned"
  ],
  "kernels": {
    "SDPA (math, padded)": [
      5.36173,
      2.65454,
      2.15054,
      10.86368,
      5.83662,
      4.0969
    ],
    "SDPA (efficient, padded)": [
      2.23843,
      1.98963,
      1.92594,
      4.31912,
      3.85178,
      3.6071
    ],
    "SDPA (flash, padded)": [
      2.11146,
      1.95899,
      1.94467,
      4.35405,
      3.8727,
      3.72139
    ],
    "NestedTensor + SDPA": [
      9.44248,
      9.53546,
      9.61331,
      18.27829,
      18.02989,
      18.04506
    ],
    "Triton Ragged (ours)": [
      0.13722,
      0.04198,
      0.0256,
      0.34714,
      0.07987,
      0.02765
    ],
    "FlashAttention-2 (varlen)": [
      0.11366,
      0.05632,
      0.0553,
      0.25395,
      0.0727,
      0.06042
    ]
  },
  "p5": {
    "SDPA (math, padded)": [
      5.28691,
      2.57638,
      2.0777,
      10.63834,
      5.69962,
      4.06221
    ],
    "SDPA (efficient, padded)": [
      2.15974,
      1.9159,
      1.85549,
      4.19453,
      3.7992,
      3.57507
    ],
    "SDPA (flash, padded)": [
      2.03674,
      1.87734,
      1.87392,
      4.18918,
      3.74246,
      3.59536
    ],
    "NestedTensor + SDPA": [
      9.22112,
      9.14758,
      9.14739,
      17.43469,
      17.25133,
      17.21357
    ],
    "Triton Ragged (ours)": [
      0.13619,
      0.04198,
      0.01539,
      0.3369,
      0.07885,
      0.02662
    ],
    "FlashAttention-2 (varlen)": [
      0.11264,
      0.03805,
      0.03379,
      0.2519,
      0.07168,
      0.05965
    ]
  },
  "p95": {
    "SDPA (math, padded)": [
      5.91904,
      3.18157,
      2.6847,
      11.33466,
      6.33853,
      4.68157
    ],
    "SDPA (efficient, padded)": [
      2.78346,
      2.52826,
      2.32102,
      4.84742,
      4.41446,
      4.18816
    ],
    "SDPA (flash, padded)": [
      2.61562,
      2.42781,
      2.37773,
      4.9111,
      4.37338,
      4.24637
    ],
    "NestedTensor + SDPA": [
      10.08723,
      10.0689,
      10.04573,
      18.78016,
      18.60813,
      18.66752
    ],
    "Triton Ragged (ours)": [
      0.14131,
      0.04301,
      0.02662,
      0.35021,
      0.0799,
      0.02787
    ],
    "FlashAttention-2 (varlen)": [
      0.11469,
      0.05939,
      0.05837,
      0.2696,
      0.07578,
      0.06144
    ]
  }
}