{
  "gpu": "NVIDIA RTX 4000 Ada Generation",
  "sm": "SM89",
  "timing": "cuda_events_median_ms",
  "warmup": 50,
  "jit_warmup": 150,
  "iters": 300,
  "configs": [
    "BS=32, 0% pruned",
    "BS=32, 50% pruned",
    "BS=32, 80% pruned",
    "BS=64, 0% pruned",
    "BS=64, 50% pruned",
    "BS=64, 80% pruned"
  ],
  "kernels": {
    "SDPA (math, padded)": [
      5.36678,
      2.59677,
      2.15123,
      10.83323,
      5.80648,
      4.18099
    ],
    "SDPA (efficient, padded)": [
      2.2231,
      2.0068,
      1.93816,
      4.53018,
      4.00878,
      3.55635
    ],
    "SDPA (flash, padded)": [
      2.10637,
      2.02046,
      1.91525,
      4.33634,
      3.90757,
      3.57274
    ],
    "NestedTensor + SDPA": [
      8.92712,
      8.95587,
      8.85768,
      16.99286,
      16.73216,
      16.64614
    ],
    "Triton Ragged (ours)": [
      0.13517,
      0.04198,
      0.02355,
      0.34509,
      0.07987,
      0.02765
    ],
    "FlashAttention-2 (varlen)": [
      0.11162,
      0.04915,
      0.04915,
      0.26736,
      0.07168,
      0.06042
    ]
  },
  "p5": {
    "SDPA (math, padded)": [
      5.28282,
      2.58058,
      2.07462,
      10.7663,
      5.74157,
      4.03456
    ],
    "SDPA (efficient, padded)": [
      2.18624,
      1.99568,
      1.90566,
      4.38861,
      3.99258,
      3.53859
    ],
    "SDPA (flash, padded)": [
      2.09613,
      1.95277,
      1.90493,
      4.2047,
      3.67514,
      3.55571
    ],
    "NestedTensor + SDPA": [
      8.69459,
      8.83213,
      8.65997,
      16.62259,
      16.60109,
      16.43814
    ],
    "Triton Ragged (ours)": [
      0.13414,
      0.04096,
      0.02256,
      0.33178,
      0.07885,
      0.02662
    ],
    "FlashAttention-2 (varlen)": [
      0.11059,
      0.04813,
      0.04813,
      0.25395,
      0.07066,
      0.05939
    ]
  },
  "p95": {
    "SDPA (math, padded)": [
      5.41734,
      2.67338,
      2.18109,
      10.94349,
      5.90848,
      4.26291
    ],
    "SDPA (efficient, padded)": [
      2.24154,
      2.08179,
      2.02275,
      4.608,
      4.14515,
      3.69658
    ],
    "SDPA (flash, padded)": [
      2.11968,
      2.05696,
      1.9497,
      4.41466,
      3.9383,
      3.70586
    ],
    "NestedTensor + SDPA": [
      9.41453,
      9.38944,
      9.13885,
      17.8217,
      17.52368,
      17.43475
    ],
    "Triton Ragged (ours)": [
      0.13619,
      0.04301,
      0.02458,
      0.34717,
      0.0801,
      0.02781
    ],
    "FlashAttention-2 (varlen)": [
      0.11264,
      0.05222,
      0.05146,
      0.27034,
      0.0727,
      0.06144
    ]
  }
}