{
  "gpu": "NVIDIA RTX 4000 Ada Generation",
  "sm": "SM89",
  "timing": "cuda_events_median_ms",
  "warmup": 50,
  "jit_warmup": 150,
  "iters": 300,
  "configs": [
    "BS=32, 0% pruned",
    "BS=32, 50% pruned",
    "BS=32, 80% pruned",
    "BS=64, 0% pruned",
    "BS=64, 50% pruned",
    "BS=64, 80% pruned"
  ],
  "kernels": {
    "SDPA (math, padded)": [
      5.44563,
      2.59755,
      2.10277,
      10.76176,
      5.75491,
      4.11547
    ],
    "SDPA (efficient, padded)": [
      2.2612,
      1.91178,
      1.85342,
      4.32843,
      3.79402,
      3.75398
    ],
    "SDPA (flash, padded)": [
      2.02141,
      1.86178,
      1.85549,
      4.00344,
      3.76874,
      3.74371
    ],
    "NestedTensor + SDPA": [
      9.24714,
      9.15845,
      9.1555,
      17.55955,
      17.23054,
      17.16936
    ],
    "Triton Ragged (ours)": [
      0.13619,
      0.04198,
      0.02355,
      0.34406,
      0.07987,
      0.02765
    ],
    "FlashAttention-2 (varlen)": [
      0.11162,
      0.05427,
      0.05325,
      0.25942,
      0.07168,
      0.06042
    ]
  },
  "p5": {
    "SDPA (math, padded)": [
      5.41696,
      2.58458,
      2.09408,
      10.64122,
      5.70368,
      4.03677
    ],
    "SDPA (efficient, padded)": [
      2.24653,
      1.90362,
      1.82477,
      4.19037,
      3.73965,
      3.59834
    ],
    "SDPA (flash, padded)": [
      2.00941,
      1.83462,
      1.84349,
      3.93328,
      3.71498,
      3.5392
    ],
    "NestedTensor + SDPA": [
      9.06547,
      9.09923,
      8.96621,
      17.39264,
      16.86765,
      17.03818
    ],
    "Triton Ragged (ours)": [
      0.13517,
      0.04096,
      0.02253,
      0.33178,
      0.07885,
      0.02662
    ],
    "FlashAttention-2 (varlen)": [
      0.11059,
      0.05222,
      0.0512,
      0.25395,
      0.07066,
      0.05939
    ]
  },
  "p95": {
    "SDPA (math, padded)": [
      5.50502,
      2.67571,
      2.11248,
      10.86906,
      5.82256,
      4.33459
    ],
    "SDPA (efficient, padded)": [
      2.27699,
      1.92122,
      1.86474,
      4.41318,
      3.81754,
      3.83712
    ],
    "SDPA (flash, padded)": [
      2.10499,
      1.87699,
      1.9272,
      4.02534,
      3.92595,
      3.82874
    ],
    "NestedTensor + SDPA": [
      9.75475,
      9.24672,
      9.60614,
      18.73613,
      17.75616,
      18.02221
    ],
    "Triton Ragged (ours)": [
      0.13722,
      0.04301,
      0.0256,
      0.34714,
      0.07987,
      0.02774
    ],
    "FlashAttention-2 (varlen)": [
      0.11264,
      0.05632,
      0.05632,
      0.26726,
      0.0721,
      0.06144
    ]
  }
}