{
  "gpu": "NVIDIA RTX 4000 Ada Generation",
  "sm": "SM89",
  "timing": "cuda_events_median_ms",
  "warmup": 50,
  "jit_warmup": 150,
  "iters": 300,
  "configs": [
    "BS=32, 0% pruned",
    "BS=32, 50% pruned",
    "BS=32, 80% pruned",
    "BS=64, 0% pruned",
    "BS=64, 50% pruned",
    "BS=64, 80% pruned"
  ],
  "kernels": {
    "SDPA (math, padded)": [
      5.3645,
      2.60827,
      2.09613,
      10.84357,
      5.93722,
      4.29422
    ],
    "SDPA (efficient, padded)": [
      2.25342,
      2.02246,
      2.02619,
      4.42475,
      4.02739,
      3.94803
    ],
    "SDPA (flash, padded)": [
      2.1301,
      1.97752,
      1.96686,
      4.35306,
      3.95773,
      3.95366
    ],
    "NestedTensor + SDPA": [
      9.65632,
      9.18109,
      9.57645,
      17.45702,
      17.212,
      17.1469
    ],
    "Triton Ragged (ours)": [
      0.13619,
      0.04198,
      0.0256,
      0.34714,
      0.07987,
      0.02765
    ],
    "FlashAttention-2 (varlen)": [
      0.11162,
      0.05734,
      0.05734,
      0.25702,
      0.0727,
      0.06042
    ]
  },
  "p5": {
    "SDPA (math, padded)": [
      5.32595,
      2.54557,
      2.06928,
      10.7479,
      5.79994,
      4.15229
    ],
    "SDPA (efficient, padded)": [
      2.21664,
      1.94867,
      1.94867,
      4.40422,
      3.96163,
      3.81315
    ],
    "SDPA (flash, padded)": [
      2.11142,
      1.96374,
      1.93744,
      4.21376,
      3.93114,
      3.80826
    ],
    "NestedTensor + SDPA": [
      9.23853,
      9.09005,
      9.13114,
      17.26643,
      16.96256,
      16.93872
    ],
    "Triton Ragged (ours)": [
      0.13619,
      0.04198,
      0.02458,
      0.3369,
      0.07885,
      0.02765
    ],
    "FlashAttention-2 (varlen)": [
      0.11162,
      0.0553,
      0.05632,
      0.256,
      0.07168,
      0.05981
    ]
  },
  "p95": {
    "SDPA (math, padded)": [
      5.45037,
      2.65421,
      2.1104,
      10.96602,
      6.04365,
      4.3735
    ],
    "SDPA (efficient, padded)": [
      2.27325,
      2.0992,
      2.07155,
      4.56106,
      4.16563,
      3.97283
    ],
    "SDPA (flash, padded)": [
      2.19882,
      2.04893,
      2.0375,
      4.40899,
      4.10298,
      3.97184
    ],
    "NestedTensor + SDPA": [
      9.92019,
      9.68595,
      9.82925,
      18.51578,
      18.38797,
      17.99066
    ],
    "Triton Ragged (ours)": [
      0.13926,
      0.04301,
      0.02746,
      0.35021,
      0.07997,
      0.02867
    ],
    "FlashAttention-2 (varlen)": [
      0.1128,
      0.06042,
      0.06042,
      0.27034,
      0.07475,
      0.06144
    ]
  }
}