{
  "gpu": "NVIDIA RTX 4000 Ada Generation",
  "sm": "SM89",
  "timing": "cuda_events_median_ms",
  "warmup": 50,
  "jit_warmup": 150,
  "iters": 300,
  "configs": [
    "BS=32, 0% pruned",
    "BS=32, 50% pruned",
    "BS=32, 80% pruned",
    "BS=64, 0% pruned",
    "BS=64, 50% pruned",
    "BS=64, 80% pruned"
  ],
  "kernels": {
    "SDPA (math, padded)": [
      5.39954,
      2.56469,
      2.1033,
      10.64008,
      5.7047,
      4.08848
    ],
    "SDPA (efficient, padded)": [
      2.11571,
      1.94765,
      1.89371,
      4.14413,
      3.88299,
      3.57077
    ],
    "SDPA (flash, padded)": [
      2.05326,
      1.90149,
      1.82323,
      4.07757,
      3.6913,
      3.57912
    ],
    "NestedTensor + SDPA": [
      9.25699,
      9.16838,
      9.12637,
      17.43266,
      17.35317,
      17.19914
    ],
    "Triton Ragged (ours)": [
      0.13619,
      0.04198,
      0.02355,
      0.34202,
      0.07987,
      0.02765
    ],
    "FlashAttention-2 (varlen)": [
      0.11162,
      0.05222,
      0.05325,
      0.26726,
      0.07168,
      0.06042
    ]
  },
  "p5": {
    "SDPA (math, padded)": [
      5.32282,
      2.53133,
      2.02957,
      10.58406,
      5.65568,
      4.05094
    ],
    "SDPA (efficient, padded)": [
      2.07667,
      1.87619,
      1.82067,
      4.0704,
      3.67104,
      3.47718
    ],
    "SDPA (flash, padded)": [
      1.94048,
      1.82973,
      1.81658,
      3.91168,
      3.67738,
      3.56147
    ],
    "NestedTensor + SDPA": [
      9.05318,
      9.05728,
      8.92826,
      17.29024,
      17.21542,
      17.08973
    ],
    "Triton Ragged (ours)": [
      0.13517,
      0.04096,
      0.02253,
      0.33178,
      0.07885,
      0.02662
    ],
    "FlashAttention-2 (varlen)": [
      0.11059,
      0.0512,
      0.0512,
      0.25293,
      0.07066,
      0.05939
    ]
  },
  "p95": {
    "SDPA (math, padded)": [
      5.44154,
      2.57907,
      2.14835,
      10.7687,
      5.8193,
      4.20966
    ],
    "SDPA (efficient, padded)": [
      2.16986,
      1.96128,
      1.90675,
      4.28259,
      3.96272,
      3.71626
    ],
    "SDPA (flash, padded)": [
      2.10109,
      1.9455,
      1.83366,
      4.16288,
      3.70586,
      3.6977
    ],
    "NestedTensor + SDPA": [
      9.3177,
      9.79866,
      9.57952,
      18.24566,
      18.18925,
      17.99043
    ],
    "Triton Ragged (ours)": [
      0.13722,
      0.04227,
      0.02458,
      0.34406,
      0.0799,
      0.02784
    ],
    "FlashAttention-2 (varlen)": [
      0.12083,
      0.05427,
      0.05542,
      0.26931,
      0.0727,
      0.06144
    ]
  }
}