{
  "gpu": "NVIDIA RTX 4000 Ada Generation",
  "sm": "SM89",
  "timing": "cuda_events_median_ms",
  "warmup": 50,
  "jit_warmup": 150,
  "iters": 300,
  "configs": [
    "BS=32, 0% pruned",
    "BS=32, 50% pruned",
    "BS=32, 80% pruned",
    "BS=64, 0% pruned",
    "BS=64, 50% pruned",
    "BS=64, 80% pruned"
  ],
  "kernels": {
    "SDPA (math, padded)": [
      5.28486,
      2.67549,
      2.14042,
      10.68787,
      5.70483,
      4.0673
    ],
    "SDPA (efficient, padded)": [
      2.12022,
      1.98758,
      1.82963,
      4.28549,
      3.74886,
      3.5799
    ],
    "SDPA (flash, padded)": [
      1.99771,
      1.91574,
      1.83251,
      3.96182,
      3.69216,
      3.71302
    ],
    "NestedTensor + SDPA": [
      9.0571,
      8.96154,
      8.82958,
      16.9684,
      16.80539,
      16.79715
    ],
    "Triton Ragged (ours)": [
      0.13619,
      0.04198,
      0.02458,
      0.34304,
      0.07987,
      0.02765
    ],
    "FlashAttention-2 (varlen)": [
      0.11162,
      0.0512,
      0.04928,
      0.26214,
      0.07098,
      0.06042
    ]
  },
  "p5": {
    "SDPA (math, padded)": [
      5.26848,
      2.63782,
      2.06858,
      10.59107,
      5.65453,
      3.99462
    ],
    "SDPA (efficient, padded)": [
      2.10576,
      1.9569,
      1.8217,
      4.14221,
      3.69158,
      3.5543
    ],
    "SDPA (flash, padded)": [
      1.98781,
      1.84218,
      1.82477,
      3.94714,
      3.67411,
      3.57683
    ],
    "NestedTensor + SDPA": [
      8.94947,
      8.82278,
      8.77363,
      16.81891,
      16.6521,
      16.37069
    ],
    "Triton Ragged (ours)": [
      0.13517,
      0.04096,
      0.02355,
      0.33178,
      0.07885,
      0.02662
    ],
    "FlashAttention-2 (varlen)": [
      0.11059,
      0.04915,
      0.04813,
      0.2521,
      0.07066,
      0.05939
    ]
  },
  "p95": {
    "SDPA (math, padded)": [
      5.348,
      2.69517,
      2.15322,
      10.76838,
      5.78662,
      4.23184
    ],
    "SDPA (efficient, padded)": [
      2.18726,
      2.00806,
      1.90173,
      4.36624,
      3.76848,
      3.71501
    ],
    "SDPA (flash, padded)": [
      2.06115,
      1.95686,
      1.90464,
      4.09939,
      3.88506,
      3.79699
    ],
    "NestedTensor + SDPA": [
      9.48109,
      9.56211,
      9.26528,
      17.76506,
      17.84346,
      17.85523
    ],
    "Triton Ragged (ours)": [
      0.13722,
      0.04301,
      0.0256,
      0.34611,
      0.07987,
      0.02781
    ],
    "FlashAttention-2 (varlen)": [
      0.11264,
      0.0553,
      0.05222,
      0.27136,
      0.07181,
      0.06144
    ]
  }
}