{
  "gpu": "NVIDIA RTX 4000 Ada Generation",
  "sm": "SM89",
  "timing": "cuda_events_median_ms",
  "warmup": 50,
  "jit_warmup": 150,
  "iters": 300,
  "configs": [
    "BS=32, 0% pruned",
    "BS=32, 50% pruned",
    "BS=32, 80% pruned",
    "BS=64, 0% pruned",
    "BS=64, 50% pruned",
    "BS=64, 80% pruned"
  ],
  "kernels": {
    "SDPA (math, padded)": [
      5.34746,
      2.61133,
      2.09498,
      10.86362,
      5.94739,
      4.16046
    ],
    "SDPA (efficient, padded)": [
      2.24494,
      2.01824,
      2.02821,
      4.41344,
      4.03374,
      3.8185
    ],
    "SDPA (flash, padded)": [
      2.19341,
      1.96403,
      2.02758,
      4.22502,
      4.07774,
      3.61058
    ],
    "NestedTensor + SDPA": [
      8.86163,
      8.8263,
      8.81456,
      16.83968,
      16.962,
      16.50123
    ],
    "Triton Ragged (ours)": [
      0.13619,
      0.04198,
      0.02355,
      0.34304,
      0.07987,
      0.02765
    ],
    "FlashAttention-2 (varlen)": [
      0.11162,
      0.0512,
      0.04915,
      0.26931,
      0.07138,
      0.06042
    ]
  },
  "p5": {
    "SDPA (math, padded)": [
      5.30957,
      2.59686,
      2.07789,
      10.61274,
      5.78794,
      4.1111
    ],
    "SDPA (efficient, padded)": [
      2.23059,
      2.00502,
      1.95283,
      4.34877,
      4.01731,
      3.74784
    ],
    "SDPA (flash, padded)": [
      2.12403,
      1.83296,
      1.95584,
      4.2097,
      3.93661,
      3.58102
    ],
    "NestedTensor + SDPA": [
      8.64035,
      8.75139,
      8.63459,
      16.59904,
      16.49997,
      16.31334
    ],
    "Triton Ragged (ours)": [
      0.13517,
      0.04096,
      0.02253,
      0.33088,
      0.07885,
      0.02662
    ],
    "FlashAttention-2 (varlen)": [
      0.11059,
      0.05018,
      0.0471,
      0.25395,
      0.07066,
      0.05939
    ]
  },
  "p95": {
    "SDPA (math, padded)": [
      5.40467,
      2.69021,
      2.1727,
      10.97917,
      6.03443,
      4.21078
    ],
    "SDPA (efficient, padded)": [
      2.316,
      2.09104,
      2.04067,
      4.44208,
      4.16768,
      3.8359
    ],
    "SDPA (flash, padded)": [
      2.20774,
      1.98144,
      2.07286,
      4.24474,
      4.09843,
      3.77242
    ],
    "NestedTensor + SDPA": [
      9.52432,
      9.26822,
      9.25194,
      17.78982,
      17.42336,
      17.30579
    ],
    "Triton Ragged (ours)": [
      0.13722,
      0.0424,
      0.02458,
      0.34611,
      0.0799,
      0.02787
    ],
    "FlashAttention-2 (varlen)": [
      0.12186,
      0.05427,
      0.0512,
      0.27136,
      0.0727,
      0.06144
    ]
  }
}