{
  "gpu": "NVIDIA RTX 4000 Ada Generation",
  "sm": "SM89",
  "timing": "cuda_events_median_ms",
  "warmup": 50,
  "jit_warmup": 150,
  "iters": 300,
  "configs": [
    "BS=32, 0% pruned",
    "BS=32, 50% pruned",
    "BS=32, 80% pruned",
    "BS=64, 0% pruned",
    "BS=64, 50% pruned",
    "BS=64, 80% pruned"
  ],
  "kernels": {
    "SDPA (math, padded)": [
      5.38266,
      2.59584,
      2.08947,
      10.80642,
      5.76768,
      4.11434
    ],
    "SDPA (efficient, padded)": [
      2.20467,
      1.99317,
      1.93536,
      4.36224,
      3.98288,
      3.78176
    ],
    "SDPA (flash, padded)": [
      2.01421,
      1.89747,
      1.98608,
      4.3561,
      3.89619,
      3.8267
    ],
    "NestedTensor + SDPA": [
      9.26848,
      9.13451,
      9.1039,
      17.36674,
      17.20482,
      17.04763
    ],
    "Triton Ragged (ours)": [
      0.13619,
      0.04198,
      0.02355,
      0.34714,
      0.07987,
      0.02765
    ],
    "FlashAttention-2 (varlen)": [
      0.11202,
      0.0512,
      0.05254,
      0.26214,
      0.07171,
      0.06042
    ]
  },
  "p5": {
    "SDPA (math, padded)": [
      5.29933,
      2.58253,
      2.05702,
      10.60352,
      5.72506,
      4.07859
    ],
    "SDPA (efficient, padded)": [
      2.13402,
      1.95789,
      1.89334,
      4.25402,
      3.9383,
      3.74272
    ],
    "SDPA (flash, padded)": [
      1.99814,
      1.82579,
      1.9159,
      4.30285,
      3.86051,
      3.76022
    ],
    "NestedTensor + SDPA": [
      9.17901,
      9.06333,
      9.03405,
      17.02378,
      16.99123,
      16.66867
    ],
    "Triton Ragged (ours)": [
      0.13539,
      0.04096,
      0.02253,
      0.33792,
      0.07885,
      0.02662
    ],
    "FlashAttention-2 (varlen)": [
      0.11162,
      0.04934,
      0.0512,
      0.25293,
      0.07168,
      0.05962
    ]
  },
  "p95": {
    "SDPA (math, padded)": [
      5.83709,
      2.66957,
      2.0992,
      10.94144,
      5.89085,
      4.30899
    ],
    "SDPA (efficient, padded)": [
      2.21699,
      2.07562,
      2.00602,
      4.6104,
      4.1431,
      3.94138
    ],
    "SDPA (flash, padded)": [
      2.08486,
      1.97939,
      2.04083,
      4.4544,
      4.07523,
      4.0416
    ],
    "NestedTensor + SDPA": [
      9.77418,
      9.55104,
      9.5703,
      18.69414,
      18.06131,
      17.92406
    ],
    "Triton Ragged (ours)": [
      0.13824,
      0.04301,
      0.02458,
      0.35021,
      0.07987,
      0.02803
    ],
    "FlashAttention-2 (varlen)": [
      0.12288,
      0.05325,
      0.0553,
      0.26931,
      0.07309,
      0.06144
    ]
  }
}