{
  "gpu": "NVIDIA RTX 4000 Ada Generation",
  "sm": "SM89",
  "timing": "cuda_events_median_ms",
  "warmup": 50,
  "jit_warmup": 150,
  "iters": 300,
  "configs": [
    "BS=32, 0% pruned",
    "BS=32, 50% pruned",
    "BS=32, 80% pruned",
    "BS=64, 0% pruned",
    "BS=64, 50% pruned",
    "BS=64, 80% pruned"
  ],
  "kernels": {
    "SDPA (math, padded)": [
      5.29611,
      3.02982,
      2.05213,
      10.6956,
      5.71205,
      4.042
    ],
    "SDPA (efficient, padded)": [
      2.11763,
      1.93979,
      1.81658,
      4.14822,
      3.76046,
      3.57077
    ],
    "SDPA (flash, padded)": [
      1.99885,
      1.84744,
      1.81562,
      3.95682,
      3.67245,
      3.70403
    ],
    "NestedTensor + SDPA": [
      9.2043,
      8.72648,
      8.71206,
      16.72346,
      16.47523,
      16.9663
    ],
    "Triton Ragged (ours)": [
      0.13619,
      0.04198,
      0.02355,
      0.34406,
      0.07987,
      0.02765
    ],
    "FlashAttention-2 (varlen)": [
      0.11162,
      0.04813,
      0.04813,
      0.26624,
      0.07168,
      0.06042
    ]
  },
  "p5": {
    "SDPA (math, padded)": [
      5.26029,
      2.64259,
      2.01728,
      10.5728,
      5.64547,
      3.97414
    ],
    "SDPA (efficient, padded)": [
      2.10598,
      1.86778,
      1.7879,
      4.12768,
      3.74179,
      3.55357
    ],
    "SDPA (flash, padded)": [
      1.98637,
      1.83094,
      1.80838,
      3.93728,
      3.65859,
      3.56643
    ],
    "NestedTensor + SDPA": [
      8.76253,
      8.66182,
      8.5871,
      16.58352,
      16.21709,
      16.31539
    ],
    "Triton Ragged (ours)": [
      0.13517,
      0.04096,
      0.02253,
      0.33178,
      0.07885,
      0.02662
    ],
    "FlashAttention-2 (varlen)": [
      0.11059,
      0.04608,
      0.0471,
      0.25395,
      0.07066,
      0.05939
    ]
  },
  "p95": {
    "SDPA (math, padded)": [
      5.34528,
      3.0464,
      2.12173,
      10.78762,
      5.8961,
      4.05811
    ],
    "SDPA (efficient, padded)": [
      2.18563,
      1.99155,
      1.82886,
      4.27523,
      3.89632,
      3.7161
    ],
    "SDPA (flash, padded)": [
      2.07654,
      1.90467,
      1.88944,
      4.09514,
      3.81734,
      3.72621
    ],
    "NestedTensor + SDPA": [
      9.47917,
      9.37494,
      9.2505,
      17.74182,
      17.30077,
      17.56365
    ],
    "Triton Ragged (ours)": [
      0.13722,
      0.04301,
      0.02458,
      0.34714,
      0.07987,
      0.02781
    ],
    "FlashAttention-2 (varlen)": [
      0.11264,
      0.05325,
      0.0512,
      0.26829,
      0.07187,
      0.06144
    ]
  }
}