{
  "gpu": "NVIDIA RTX 4000 Ada Generation",
  "sm": "SM89",
  "timing": "cuda_events_median_ms",
  "warmup": 50,
  "jit_warmup": 150,
  "iters": 300,
  "configs": [
    "BS=32, 0% pruned",
    "BS=32, 50% pruned",
    "BS=32, 80% pruned",
    "BS=64, 0% pruned",
    "BS=64, 50% pruned",
    "BS=64, 80% pruned"
  ],
  "kernels": {
    "SDPA (math, padded)": [
      5.396,
      2.58224,
      2.10546,
      10.85645,
      5.73464,
      4.14994
    ],
    "SDPA (efficient, padded)": [
      2.24456,
      1.89125,
      1.90158,
      4.41856,
      3.76522,
      3.59435
    ],
    "SDPA (flash, padded)": [
      1.9752,
      1.86419,
      2.05312,
      4.16042,
      4.06221,
      3.60402
    ],
    "NestedTensor + SDPA": [
      8.89053,
      8.77835,
      8.79,
      16.74694,
      16.54074,
      16.50995
    ],
    "Triton Ragged (ours)": [
      0.13619,
      0.04198,
      0.02355,
      0.34406,
      0.07987,
      0.02765
    ],
    "FlashAttention-2 (varlen)": [
      0.11162,
      0.04749,
      0.04813,
      0.2601,
      0.07168,
      0.06042
    ]
  },
  "p5": {
    "SDPA (math, padded)": [
      5.3207,
      2.56102,
      2.04083,
      10.78774,
      5.67194,
      4.11648
    ],
    "SDPA (efficient, padded)": [
      2.23248,
      1.88211,
      1.78586,
      4.40115,
      3.68845,
      3.57376
    ],
    "SDPA (flash, padded)": [
      1.94893,
      1.83603,
      1.97507,
      3.91168,
      3.92397,
      3.51971
    ],
    "NestedTensor + SDPA": [
      8.7991,
      8.5801,
      8.70621,
      16.62938,
      16.32256,
      16.37747
    ],
    "Triton Ragged (ours)": [
      0.13517,
      0.04138,
      0.02253,
      0.33178,
      0.07885,
      0.02765
    ],
    "FlashAttention-2 (varlen)": [
      0.11059,
      0.04608,
      0.04608,
      0.25293,
      0.07066,
      0.05939
    ]
  },
  "p95": {
    "SDPA (math, padded)": [
      5.46106,
      2.65152,
      2.1832,
      10.93939,
      5.85114,
      4.29334
    ],
    "SDPA (efficient, padded)": [
      2.31117,
      1.96314,
      2.06947,
      4.56294,
      3.90781,
      3.73338
    ],
    "SDPA (flash, padded)": [
      2.10637,
      1.9159,
      2.06931,
      4.23219,
      4.08678,
      3.73958
    ],
    "NestedTensor + SDPA": [
      9.42899,
      9.12794,
      9.29674,
      17.50518,
      17.31686,
      17.30944
    ],
    "Triton Ragged (ours)": [
      0.13722,
      0.04301,
      0.02461,
      0.34714,
      0.08006,
      0.02867
    ],
    "FlashAttention-2 (varlen)": [
      0.12288,
      0.05018,
      0.05018,
      0.27136,
      0.07197,
      0.06144
    ]
  }
}