{
  "gpu": "NVIDIA RTX 4000 Ada Generation",
  "sm": "SM89",
  "timing": "cuda_events_median_ms",
  "warmup": 50,
  "jit_warmup": 150,
  "iters": 300,
  "configs": [
    "BS=32, 0% pruned",
    "BS=32, 50% pruned",
    "BS=32, 80% pruned",
    "BS=64, 0% pruned",
    "BS=64, 50% pruned",
    "BS=64, 80% pruned"
  ],
  "kernels": {
    "SDPA (math, padded)": [
      5.4044,
      2.61554,
      2.17331,
      10.89682,
      5.7108,
      4.05397
    ],
    "SDPA (efficient, padded)": [
      2.30494,
      2.02762,
      1.96221,
      4.16528,
      3.77651,
      3.55963
    ],
    "SDPA (flash, padded)": [
      2.16576,
      1.9753,
      2.02674,
      3.97312,
      3.69851,
      3.71616
    ],
    "NestedTensor + SDPA": [
      9.11494,
      9.28867,
      9.0071,
      17.11008,
      16.97226,
      16.81376
    ],
    "Triton Ragged (ours)": [
      0.13619,
      0.04198,
      0.02355,
      0.34304,
      0.07987,
      0.02765
    ],
    "FlashAttention-2 (varlen)": [
      0.11162,
      0.05325,
      0.05018,
      0.26829,
      0.07168,
      0.06042
    ]
  },
  "p5": {
    "SDPA (math, padded)": [
      5.30739,
      2.58634,
      2.16064,
      10.80525,
      5.67398,
      3.96902
    ],
    "SDPA (efficient, padded)": [
      2.23968,
      2.01434,
      1.94867,
      4.14528,
      3.76147,
      3.544
    ],
    "SDPA (flash, padded)": [
      2.11965,
      1.96506,
      1.9561,
      3.95466,
      3.63315,
      3.58483
    ],
    "NestedTensor + SDPA": [
      8.90573,
      9.0112,
      8.92416,
      16.74483,
      16.73011,
      16.39738
    ],
    "Triton Ragged (ours)": [
      0.13517,
      0.04096,
      0.02269,
      0.33107,
      0.07885,
      0.02765
    ],
    "FlashAttention-2 (varlen)": [
      0.11059,
      0.0512,
      0.04813,
      0.25293,
      0.07066,
      0.06042
    ]
  },
  "p95": {
    "SDPA (math, padded)": [
      5.45997,
      2.69312,
      2.20771,
      11.07149,
      5.8256,
      4.94794
    ],
    "SDPA (efficient, padded)": [
      2.32659,
      2.1033,
      1.97424,
      4.44416,
      3.91578,
      3.70672
    ],
    "SDPA (flash, padded)": [
      2.20365,
      2.04595,
      2.04221,
      4.11341,
      3.84,
      3.79709
    ],
    "NestedTensor + SDPA": [
      9.22211,
      9.54778,
      9.06928,
      17.93741,
      17.78278,
      17.70106
    ],
    "Triton Ragged (ours)": [
      0.13722,
      0.04301,
      0.02477,
      0.34611,
      0.07997,
      0.02867
    ],
    "FlashAttention-2 (varlen)": [
      0.12186,
      0.05632,
      0.05325,
      0.27136,
      0.07402,
      0.06144
    ]
  }
}