{
  "gpu": "NVIDIA RTX 4000 Ada Generation",
  "sm": "SM89",
  "timing": "cuda_events_median_ms",
  "warmup": 50,
  "jit_warmup": 150,
  "iters": 300,
  "configs": [
    "BS=32, 0% pruned",
    "BS=32, 50% pruned",
    "BS=32, 80% pruned",
    "BS=64, 0% pruned",
    "BS=64, 50% pruned",
    "BS=64, 80% pruned"
  ],
  "kernels": {
    "SDPA (math, padded)": [
      5.32176,
      2.68658,
      2.08195,
      10.65462,
      5.69822,
      4.07856
    ],
    "SDPA (efficient, padded)": [
      2.11558,
      2.00269,
      1.93843,
      4.1676,
      3.76525,
      3.58262
    ],
    "SDPA (flash, padded)": [
      1.99373,
      1.9549,
      1.94678,
      3.97722,
      3.69357,
      3.59322
    ],
    "NestedTensor + SDPA": [
      8.92006,
      8.82368,
      8.75984,
      16.82906,
      16.58053,
      16.59365
    ],
    "Triton Ragged (ours)": [
      0.13619,
      0.04198,
      0.02458,
      0.34406,
      0.07987,
      0.02765
    ],
    "FlashAttention-2 (varlen)": [
      0.11162,
      0.04813,
      0.04813,
      0.26522,
      0.07168,
      0.06042
    ]
  },
  "p5": {
    "SDPA (math, padded)": [
      5.2695,
      2.65216,
      2.07027,
      10.59712,
      5.67091,
      4.06016
    ],
    "SDPA (efficient, padded)": [
      2.1033,
      1.95994,
      1.89459,
      4.15005,
      3.69357,
      3.56454
    ],
    "SDPA (flash, padded)": [
      1.98547,
      1.92413,
      1.93514,
      3.9648,
      3.67808,
      3.58093
    ],
    "NestedTensor + SDPA": [
      8.8143,
      8.7319,
      8.69274,
      16.69914,
      16.39629,
      16.42086
    ],
    "Triton Ragged (ours)": [
      0.13517,
      0.04096,
      0.02355,
      0.33178,
      0.07885,
      0.02694
    ],
    "FlashAttention-2 (varlen)": [
      0.11059,
      0.04608,
      0.0471,
      0.25498,
      0.07066,
      0.06042
    ]
  },
  "p95": {
    "SDPA (math, padded)": [
      5.45168,
      2.72794,
      2.15757,
      10.76531,
      5.82349,
      4.22336
    ],
    "SDPA (efficient, padded)": [
      2.18003,
      2.12378,
      1.9929,
      4.30874,
      3.91027,
      3.73146
    ],
    "SDPA (flash, padded)": [
      2.00192,
      2.02752,
      2.02026,
      4.06134,
      3.71235,
      3.72128
    ],
    "NestedTensor + SDPA": [
      9.35437,
      9.19245,
      9.16883,
      17.60995,
      17.36192,
      17.80138
    ],
    "Triton Ragged (ours)": [
      0.13722,
      0.04301,
      0.0256,
      0.34714,
      0.07987,
      0.02867
    ],
    "FlashAttention-2 (varlen)": [
      0.11264,
      0.05018,
      0.05018,
      0.26726,
      0.07184,
      0.06144
    ]
  }
}