{
  "gpu": "NVIDIA RTX 4000 Ada Generation",
  "sm": "SM89",
  "timing": "cuda_events_median_ms",
  "warmup": 50,
  "jit_warmup": 150,
  "iters": 300,
  "configs": [
    "BS=32, 0% pruned",
    "BS=32, 50% pruned",
    "BS=32, 80% pruned",
    "BS=64, 0% pruned",
    "BS=64, 50% pruned",
    "BS=64, 80% pruned"
  ],
  "kernels": {
    "SDPA (math, padded)": [
      5.39221,
      2.6733,
      2.06435,
      10.83426,
      5.7712,
      4.07778
    ],
    "SDPA (efficient, padded)": [
      2.23856,
      1.9611,
      1.90448,
      4.43187,
      3.77554,
      3.76174
    ],
    "SDPA (flash, padded)": [
      2.02074,
      1.85744,
      1.82771,
      4.20421,
      3.68582,
      3.73254
    ],
    "NestedTensor + SDPA": [
      8.90174,
      8.82011,
      8.77717,
      16.83202,
      16.65267,
      16.60784
    ],
    "Triton Ragged (ours)": [
      0.13619,
      0.04198,
      0.02458,
      0.34099,
      0.07987,
      0.02765
    ],
    "FlashAttention-2 (varlen)": [
      0.11131,
      0.04813,
      0.04813,
      0.26886,
      0.07168,
      0.06042
    ]
  },
  "p5": {
    "SDPA (math, padded)": [
      5.31952,
      2.57014,
      2.02208,
      10.78579,
      5.68909,
      4.05888
    ],
    "SDPA (efficient, padded)": [
      2.18726,
      1.90054,
      1.85856,
      4.40934,
      3.6823,
      3.70893
    ],
    "SDPA (flash, padded)": [
      1.95581,
      1.83603,
      1.79523,
      4.03594,
      3.62118,
      3.60624
    ],
    "NestedTensor + SDPA": [
      8.70816,
      8.76646,
      8.71843,
      16.42496,
      16.34922,
      16.4608
    ],
    "Triton Ragged (ours)": [
      0.13517,
      0.04096,
      0.02355,
      0.33178,
      0.07885,
      0.02662
    ],
    "FlashAttention-2 (varlen)": [
      0.11059,
      0.0471,
      0.04634,
      0.25395,
      0.07066,
      0.05939
    ]
  },
  "p95": {
    "SDPA (math, padded)": [
      5.44256,
      2.72896,
      2.08486,
      10.94256,
      5.90234,
      4.22416
    ],
    "SDPA (efficient, padded)": [
      2.31834,
      2.00218,
      1.9479,
      4.572,
      3.90963,
      3.80611
    ],
    "SDPA (flash, padded)": [
      2.12602,
      1.91309,
      1.89952,
      4.37469,
      3.70675,
      3.81235
    ],
    "NestedTensor + SDPA": [
      9.34842,
      9.19136,
      8.83405,
      17.6152,
      17.42941,
      17.38858
    ],
    "Triton Ragged (ours)": [
      0.13722,
      0.04301,
      0.0256,
      0.34714,
      0.0809,
      0.02774
    ],
    "FlashAttention-2 (varlen)": [
      0.11197,
      0.0504,
      0.05018,
      0.27136,
      0.07187,
      0.06144
    ]
  }
}