{
  "gpu": "NVIDIA RTX 4000 Ada Generation",
  "sm": "SM89",
  "timing": "cuda_events_median_ms",
  "warmup": 50,
  "jit_warmup": 150,
  "iters": 300,
  "configs": [
    "BS=32, 0% pruned",
    "BS=32, 50% pruned",
    "BS=32, 80% pruned",
    "BS=64, 0% pruned",
    "BS=64, 50% pruned",
    "BS=64, 80% pruned"
  ],
  "kernels": {
    "SDPA (math, padded)": [
      5.3688,
      2.56629,
      2.08282,
      10.64702,
      5.6917,
      4.09427
    ],
    "SDPA (efficient, padded)": [
      2.30605,
      1.88056,
      1.83624,
      4.15555,
      3.89584,
      3.57514
    ],
    "SDPA (flash, padded)": [
      2.13725,
      1.81658,
      1.83808,
      3.96611,
      3.69314,
      3.72429
    ],
    "NestedTensor + SDPA": [
      9.00037,
      9.11554,
      8.87136,
      16.9385,
      16.75427,
      16.77376
    ],
    "Triton Ragged (ours)": [
      0.13619,
      0.04198,
      0.02355,
      0.34413,
      0.07987,
      0.02765
    ],
    "FlashAttention-2 (varlen)": [
      0.11162,
      0.05427,
      0.05018,
      0.25395,
      0.07168,
      0.06042
    ]
  },
  "p5": {
    "SDPA (math, padded)": [
      5.32685,
      2.53363,
      2.07462,
      10.53286,
      5.66886,
      4.06042
    ],
    "SDPA (efficient, padded)": [
      2.23744,
      1.85226,
      1.828,
      4.14003,
      3.75286,
      3.55533
    ],
    "SDPA (flash, padded)": [
      2.10518,
      1.79814,
      1.83162,
      3.91066,
      3.6791,
      3.58944
    ],
    "NestedTensor + SDPA": [
      8.93478,
      8.87194,
      8.80947,
      16.54752,
      16.5745,
      16.55706
    ],
    "Triton Ragged (ours)": [
      0.13517,
      0.04096,
      0.02253,
      0.33216,
      0.07885,
      0.02662
    ],
    "FlashAttention-2 (varlen)": [
      0.11059,
      0.05245,
      0.04845,
      0.25293,
      0.07066,
      0.05939
    ]
  },
  "p95": {
    "SDPA (math, padded)": [
      5.4313,
      2.5807,
      2.09318,
      10.75616,
      5.82656,
      4.2271
    ],
    "SDPA (efficient, padded)": [
      2.3296,
      1.89101,
      1.89962,
      4.29363,
      3.98406,
      3.71302
    ],
    "SDPA (flash, padded)": [
      2.23334,
      1.85264,
      1.90659,
      3.98438,
      3.72118,
      4.49142
    ],
    "NestedTensor + SDPA": [
      9.42554,
      9.4167,
      9.29786,
      17.57718,
      17.54419,
      17.55773
    ],
    "Triton Ragged (ours)": [
      0.13722,
      0.04301,
      0.0256,
      0.34714,
      0.07987,
      0.02778
    ],
    "FlashAttention-2 (varlen)": [
      0.11264,
      0.05632,
      0.05325,
      0.26931,
      0.0727,
      0.06144
    ]
  }
}