{
  "gpu": "NVIDIA RTX 4000 Ada Generation",
  "sm": "SM89",
  "timing": "cuda_events_median_ms",
  "warmup": 50,
  "jit_warmup": 150,
  "iters": 300,
  "configs": [
    "BS=32, 0% pruned",
    "BS=32, 50% pruned",
    "BS=32, 80% pruned",
    "BS=64, 0% pruned",
    "BS=64, 50% pruned",
    "BS=64, 80% pruned"
  ],
  "kernels": {
    "SDPA (math, padded)": [
      5.35122,
      2.62771,
      2.10432,
      10.87181,
      5.98282,
      4.29608
    ],
    "SDPA (efficient, padded)": [
      2.18574,
      2.01774,
      1.95482,
      4.41979,
      4.03456,
      3.72
    ],
    "SDPA (flash, padded)": [
      1.99885,
      1.97427,
      1.94685,
      4.2433,
      3.93506,
      3.59203
    ],
    "NestedTensor + SDPA": [
      8.90382,
      9.06939,
      8.77107,
      16.70758,
      17.12594,
      16.70754
    ],
    "Triton Ragged (ours)": [
      0.13619,
      0.04198,
      0.02355,
      0.34611,
      0.07987,
      0.02765
    ],
    "FlashAttention-2 (varlen)": [
      0.11171,
      0.04813,
      0.05018,
      0.26829,
      0.0727,
      0.06042
    ]
  },
  "p5": {
    "SDPA (math, padded)": [
      5.28384,
      2.60496,
      2.0625,
      10.77728,
      5.83885,
      4.09568
    ],
    "SDPA (efficient, padded)": [
      2.11866,
      1.98141,
      1.91898,
      4.34995,
      4.01994,
      3.584
    ],
    "SDPA (flash, padded)": [
      1.96486,
      1.96,
      1.86086,
      4.21888,
      3.78787,
      3.53382
    ],
    "NestedTensor + SDPA": [
      8.74189,
      8.69286,
      8.64906,
      16.5376,
      16.37354,
      16.23962
    ],
    "Triton Ragged (ours)": [
      0.13517,
      0.04096,
      0.02278,
      0.33792,
      0.07885,
      0.02765
    ],
    "FlashAttention-2 (varlen)": [
      0.11162,
      0.04608,
      0.04915,
      0.25293,
      0.07168,
      0.06042
    ]
  },
  "p95": {
    "SDPA (math, padded)": [
      5.37693,
      2.70234,
      2.12275,
      11.02029,
      6.04461,
      4.41539
    ],
    "SDPA (efficient, padded)": [
      2.19786,
      2.09197,
      2.03264,
      4.57216,
      4.17456,
      3.80416
    ],
    "SDPA (flash, padded)": [
      2.06749,
      2.044,
      2.01216,
      4.424,
      4.08362,
      3.72634
    ],
    "NestedTensor + SDPA": [
      9.41875,
      9.23472,
      9.35424,
      17.60048,
      17.62099,
      17.52576
    ],
    "Triton Ragged (ours)": [
      0.13722,
      0.04301,
      0.0256,
      0.34918,
      0.07987,
      0.02867
    ],
    "FlashAttention-2 (varlen)": [
      0.11571,
      0.05021,
      0.05325,
      0.27034,
      0.07373,
      0.06144
    ]
  }
}