{
  "gpu": "NVIDIA RTX 4000 Ada Generation",
  "sm": "SM89",
  "timing": "cuda_events_median_ms",
  "warmup": 50,
  "jit_warmup": 150,
  "iters": 300,
  "configs": [
    "BS=32, 0% pruned",
    "BS=32, 50% pruned",
    "BS=32, 80% pruned",
    "BS=64, 0% pruned",
    "BS=64, 50% pruned",
    "BS=64, 80% pruned"
  ],
  "kernels": {
    "SDPA (math, padded)": [
      5.33856,
      2.62042,
      2.0777,
      10.64742,
      5.71971,
      4.13082
    ],
    "SDPA (efficient, padded)": [
      2.25382,
      2.06987,
      1.91163,
      4.28954,
      3.79802,
      3.82566
    ],
    "SDPA (flash, padded)": [
      2.1407,
      1.96506,
      1.84634,
      4.09658,
      3.9565,
      3.8296
    ],
    "NestedTensor + SDPA": [
      9.21189,
      9.14634,
      9.08259,
      17.39469,
      17.2073,
      17.12099
    ],
    "Triton Ragged (ours)": [
      0.13517,
      0.04198,
      0.02355,
      0.34509,
      0.07987,
      0.02765
    ],
    "FlashAttention-2 (varlen)": [
      0.11162,
      0.05339,
      0.0512,
      0.26422,
      0.07168,
      0.06042
    ]
  },
  "p5": {
    "SDPA (math, padded)": [
      5.30534,
      2.59795,
      2.03571,
      10.60966,
      5.67104,
      4.05402
    ],
    "SDPA (efficient, padded)": [
      2.23709,
      2.00704,
      1.84627,
      4.15664,
      3.68346,
      3.64237
    ],
    "SDPA (flash, padded)": [
      2.11187,
      1.95376,
      1.83581,
      3.96163,
      3.92704,
      3.808
    ],
    "NestedTensor + SDPA": [
      9.02288,
      9.09005,
      8.87472,
      17.17744,
      17.09549,
      17.02093
    ],
    "Triton Ragged (ours)": [
      0.13437,
      0.04096,
      0.02189,
      0.3328,
      0.07885,
      0.02662
    ],
    "FlashAttention-2 (varlen)": [
      0.11059,
      0.05222,
      0.05018,
      0.25293,
      0.07066,
      0.05939
    ]
  },
  "p95": {
    "SDPA (math, padded)": [
      5.40192,
      2.68822,
      2.12074,
      10.71712,
      5.79277,
      4.37331
    ],
    "SDPA (efficient, padded)": [
      2.32349,
      2.09786,
      1.93056,
      4.31411,
      4.0337,
      3.96483
    ],
    "SDPA (flash, padded)": [
      2.19443,
      2.03571,
      1.91898,
      4.17344,
      4.16246,
      3.97347
    ],
    "NestedTensor + SDPA": [
      9.64301,
      9.50784,
      9.15558,
      18.10538,
      18.43731,
      18.00397
    ],
    "Triton Ragged (ours)": [
      0.13619,
      0.04301,
      0.02458,
      0.34717,
      0.07987,
      0.02784
    ],
    "FlashAttention-2 (varlen)": [
      0.11264,
      0.05632,
      0.05325,
      0.26829,
      0.07475,
      0.06144
    ]
  }
}