{
  "gpu": "NVIDIA RTX 4000 Ada Generation",
  "sm": "SM89",
  "timing": "cuda_events_median_ms",
  "warmup": 50,
  "jit_warmup": 150,
  "iters": 300,
  "configs": [
    "BS=32, 0% pruned",
    "BS=32, 50% pruned",
    "BS=32, 80% pruned",
    "BS=64, 0% pruned",
    "BS=64, 50% pruned",
    "BS=64, 80% pruned"
  ],
  "kernels": {
    "SDPA (math, padded)": [
      5.29026,
      2.5641,
      2.06848,
      10.61048,
      5.78206,
      4.17643
    ],
    "SDPA (efficient, padded)": [
      2.11018,
      1.88304,
      1.83094,
      4.14574,
      3.87339,
      3.68014
    ],
    "SDPA (flash, padded)": [
      2.08387,
      1.89518,
      1.81949,
      3.93413,
      3.79949,
      3.57138
    ],
    "NestedTensor + SDPA": [
      8.9344,
      9.07181,
      9.09038,
      16.69501,
      16.46064,
      16.4127
    ],
    "Triton Ragged (ours)": [
      0.13619,
      0.04198,
      0.02378,
      0.34304,
      0.07987,
      0.02765
    ],
    "FlashAttention-2 (varlen)": [
      0.11162,
      0.04813,
      0.0471,
      0.26931,
      0.07168,
      0.06042
    ]
  },
  "p5": {
    "SDPA (math, padded)": [
      5.2521,
      2.5519,
      2.06048,
      10.5297,
      5.63917,
      4.03763
    ],
    "SDPA (efficient, padded)": [
      2.09715,
      1.8688,
      1.81216,
      4.11648,
      3.73862,
      3.53664
    ],
    "SDPA (flash, padded)": [
      2.04707,
      1.83296,
      1.81165,
      3.87402,
      3.65862,
      3.54435
    ],
    "NestedTensor + SDPA": [
      8.83923,
      8.7313,
      8.66333,
      16.31043,
      16.08192,
      16.18022
    ],
    "Triton Ragged (ours)": [
      0.13517,
      0.04096,
      0.02355,
      0.33178,
      0.07885,
      0.02765
    ],
    "FlashAttention-2 (varlen)": [
      0.11059,
      0.04608,
      0.04608,
      0.25293,
      0.07066,
      0.06042
    ]
  },
  "p95": {
    "SDPA (math, padded)": [
      5.36342,
      2.63363,
      2.14016,
      10.66582,
      5.81427,
      4.2561
    ],
    "SDPA (efficient, padded)": [
      2.18112,
      1.98074,
      1.89418,
      4.33843,
      3.95469,
      3.76243
    ],
    "SDPA (flash, padded)": [
      2.0992,
      1.90682,
      1.82787,
      4.06848,
      3.81776,
      3.69894
    ],
    "NestedTensor + SDPA": [
      9.55053,
      9.30608,
      9.17619,
      17.54931,
      17.26662,
      17.22061
    ],
    "Triton Ragged (ours)": [
      0.13722,
      0.04301,
      0.0256,
      0.34509,
      0.07987,
      0.02867
    ],
    "FlashAttention-2 (varlen)": [
      0.12288,
      0.05018,
      0.05018,
      0.27136,
      0.0719,
      0.06144
    ]
  }
}