{
  "gpu": "NVIDIA RTX 4000 Ada Generation",
  "sm": "SM89",
  "timing": "cuda_events_median_ms",
  "warmup": 50,
  "jit_warmup": 150,
  "iters": 300,
  "configs": [
    "BS=32, 0% pruned",
    "BS=32, 50% pruned",
    "BS=32, 80% pruned",
    "BS=64, 0% pruned",
    "BS=64, 50% pruned",
    "BS=64, 80% pruned"
  ],
  "kernels": {
    "SDPA (math, padded)": [
      5.29454,
      2.57952,
      2.08555,
      10.86416,
      5.85421,
      4.29363
    ],
    "SDPA (efficient, padded)": [
      2.11886,
      1.89338,
      1.82994,
      4.4124,
      4.02944,
      3.82874
    ],
    "SDPA (flash, padded)": [
      2.03266,
      1.8496,
      1.82718,
      4.22603,
      3.94803,
      3.83448
    ],
    "NestedTensor + SDPA": [
      8.94925,
      8.94371,
      8.9164,
      17.04632,
      16.83798,
      16.76378
    ],
    "Triton Ragged (ours)": [
      0.13619,
      0.04198,
      0.02355,
      0.34406,
      0.07987,
      0.02765
    ],
    "FlashAttention-2 (varlen)": [
      0.11264,
      0.04926,
      0.05018,
      0.2601,
      0.07168,
      0.06043
    ]
  },
  "p5": {
    "SDPA (math, padded)": [
      5.27158,
      2.56902,
      2.07565,
      10.77238,
      5.7849,
      4.12979
    ],
    "SDPA (efficient, padded)": [
      2.10742,
      1.88438,
      1.79613,
      4.39091,
      4.01306,
      3.77162
    ],
    "SDPA (flash, padded)": [
      1.99373,
      1.83706,
      1.8207,
      4.2064,
      3.92934,
      3.81619
    ],
    "NestedTensor + SDPA": [
      8.86477,
      8.68314,
      8.79277,
      16.7168,
      16.65024,
      16.59155
    ],
    "Triton Ragged (ours)": [
      0.13517,
      0.04096,
      0.02253,
      0.33098,
      0.07885,
      0.02765
    ],
    "FlashAttention-2 (varlen)": [
      0.11059,
      0.04813,
      0.04848,
      0.25293,
      0.07066,
      0.06042
    ]
  },
  "p95": {
    "SDPA (math, padded)": [
      5.36096,
      2.65485,
      2.09715,
      10.9576,
      5.97299,
      4.34726
    ],
    "SDPA (efficient, padded)": [
      2.13174,
      1.96774,
      1.84125,
      4.54554,
      4.2207,
      4.05011
    ],
    "SDPA (flash, padded)": [
      2.07565,
      1.91488,
      1.83517,
      4.36224,
      4.07552,
      3.98144
    ],
    "NestedTensor + SDPA": [
      9.57629,
      9.36429,
      9.41939,
      17.79917,
      17.64864,
      17.61178
    ],
    "Triton Ragged (ours)": [
      0.13722,
      0.04301,
      0.02464,
      0.34714,
      0.0809,
      0.02867
    ],
    "FlashAttention-2 (varlen)": [
      0.11469,
      0.05222,
      0.05325,
      0.26934,
      0.072,
      0.06144
    ]
  }
}