{
  "gpu": "NVIDIA RTX 4000 Ada Generation",
  "sm": "SM89",
  "timing": "cuda_events_median_ms",
  "warmup": 50,
  "jit_warmup": 150,
  "iters": 300,
  "configs": [
    "BS=32, 0% pruned",
    "BS=32, 50% pruned",
    "BS=32, 80% pruned",
    "BS=64, 0% pruned",
    "BS=64, 50% pruned",
    "BS=64, 80% pruned"
  ],
  "kernels": {
    "SDPA (math, padded)": [
      5.4016,
      2.59902,
      2.14155,
      10.79314,
      5.65445,
      4.02821
    ],
    "SDPA (efficient, padded)": [
      2.23846,
      1.97821,
      2.00805,
      4.14198,
      3.73366,
      3.55226
    ],
    "SDPA (flash, padded)": [
      2.10733,
      2.00683,
      2.00709,
      3.94856,
      3.65461,
      3.60229
    ],
    "NestedTensor + SDPA": [
      8.88115,
      8.8067,
      8.74752,
      16.66853,
      16.39995,
      16.3749
    ],
    "Triton Ragged (ours)": [
      0.13619,
      0.04198,
      0.02355,
      0.34406,
      0.0792,
      0.02765
    ],
    "FlashAttention-2 (varlen)": [
      0.11162,
      0.05018,
      0.04813,
      0.26624,
      0.07168,
      0.06042
    ]
  },
  "p5": {
    "SDPA (math, padded)": [
      5.31766,
      2.53261,
      2.07498,
      10.57776,
      5.6337,
      4.01101
    ],
    "SDPA (efficient, padded)": [
      2.22298,
      1.95498,
      1.94794,
      4.12262,
      3.70074,
      3.5328
    ],
    "SDPA (flash, padded)": [
      2.09418,
      1.9415,
      1.92614,
      3.93216,
      3.63754,
      3.4799
    ],
    "NestedTensor + SDPA": [
      8.67533,
      8.7081,
      8.6551,
      16.52326,
      16.02458,
      16.12189
    ],
    "Triton Ragged (ours)": [
      0.13517,
      0.04096,
      0.02253,
      0.33178,
      0.07885,
      0.02662
    ],
    "FlashAttention-2 (varlen)": [
      0.11059,
      0.04915,
      0.04608,
      0.25395,
      0.07066,
      0.05974
    ]
  },
  "p95": {
    "SDPA (math, padded)": [
      5.45187,
      2.62032,
      2.18112,
      10.98445,
      5.79037,
      4.05088
    ],
    "SDPA (efficient, padded)": [
      2.30726,
      2.00368,
      2.01853,
      4.28646,
      3.75091,
      3.68746
    ],
    "SDPA (flash, padded)": [
      2.17907,
      2.04269,
      2.05005,
      4.08474,
      3.68029,
      3.69869
    ],
    "NestedTensor + SDPA": [
      8.96806,
      9.25088,
      9.09027,
      17.51757,
      16.99328,
      17.17571
    ],
    "Triton Ragged (ours)": [
      0.13722,
      0.0424,
      0.02483,
      0.34714,
      0.07987,
      0.02867
    ],
    "FlashAttention-2 (varlen)": [
      0.11264,
      0.05325,
      0.0512,
      0.27034,
      0.0727,
      0.06144
    ]
  }
}