{
  "gpu": "NVIDIA RTX 4000 Ada Generation",
  "sm": "SM89",
  "timing": "cuda_events_median_ms",
  "warmup": 50,
  "jit_warmup": 150,
  "iters": 300,
  "configs": [
    "BS=32, 0% pruned",
    "BS=32, 50% pruned",
    "BS=32, 80% pruned",
    "BS=64, 0% pruned",
    "BS=64, 50% pruned",
    "BS=64, 80% pruned"
  ],
  "kernels": {
    "SDPA (math, padded)": [
      5.38285,
      2.56922,
      2.0609,
      10.97125,
      5.93306,
      4.15334
    ],
    "SDPA (efficient, padded)": [
      2.23707,
      1.89147,
      2.01739,
      4.41651,
      4.00725,
      3.75658
    ],
    "SDPA (flash, padded)": [
      2.09598,
      1.89952,
      1.95789,
      4.21491,
      3.93936,
      3.9689
    ],
    "NestedTensor + SDPA": [
      8.90779,
      8.78381,
      9.13763,
      16.88376,
      17.29434,
      16.44954
    ],
    "Triton Ragged (ours)": [
      0.13518,
      0.04198,
      0.02458,
      0.34474,
      0.07987,
      0.02765
    ],
    "FlashAttention-2 (varlen)": [
      0.11162,
      0.05018,
      0.0512,
      0.25395,
      0.07107,
      0.06042
    ]
  },
  "p5": {
    "SDPA (math, padded)": [
      5.30634,
      2.55773,
      2.0385,
      10.75613,
      5.77728,
      4.12179
    ],
    "SDPA (efficient, padded)": [
      2.11955,
      1.87802,
      1.92835,
      4.38784,
      3.70499,
      3.64749
    ],
    "SDPA (flash, padded)": [
      2.00704,
      1.83533,
      1.94355,
      4.03347,
      3.87891,
      3.84102
    ],
    "NestedTensor + SDPA": [
      8.81869,
      8.58317,
      8.70528,
      16.6912,
      16.47184,
      16.128
    ],
    "Triton Ragged (ours)": [
      0.13434,
      0.04096,
      0.02381,
      0.3328,
      0.07885,
      0.02662
    ],
    "FlashAttention-2 (varlen)": [
      0.11059,
      0.04915,
      0.04915,
      0.25293,
      0.07066,
      0.05939
    ]
  },
  "p95": {
    "SDPA (math, padded)": [
      5.44259,
      2.64026,
      2.16698,
      11.06022,
      6.01472,
      4.28925
    ],
    "SDPA (efficient, padded)": [
      2.30502,
      1.96096,
      2.03264,
      4.55475,
      4.03456,
      3.95434
    ],
    "SDPA (flash, padded)": [
      2.15245,
      1.91475,
      2.03158,
      4.35814,
      3.96083,
      4.0448
    ],
    "NestedTensor + SDPA": [
      9.32957,
      9.23741,
      9.26822,
      18.06106,
      17.76864,
      17.34486
    ],
    "Triton Ragged (ours)": [
      0.13622,
      0.04218,
      0.02592,
      0.34749,
      0.07987,
      0.0279
    ],
    "FlashAttention-2 (varlen)": [
      0.12288,
      0.05325,
      0.05334,
      0.26931,
      0.0727,
      0.06144
    ]
  }
}