{
  "gpu": "NVIDIA RTX 4000 Ada Generation",
  "sm": "SM89",
  "timing": "cuda_events_median_ms",
  "warmup": 50,
  "jit_warmup": 150,
  "iters": 300,
  "configs": [
    "BS=32, 0% pruned",
    "BS=32, 50% pruned",
    "BS=32, 80% pruned",
    "BS=64, 0% pruned",
    "BS=64, 50% pruned",
    "BS=64, 80% pruned"
  ],
  "kernels": {
    "SDPA (math, padded)": [
      5.40262,
      2.63803,
      2.1709,
      11.02893,
      5.88278,
      4.21862
    ],
    "SDPA (efficient, padded)": [
      2.25709,
      1.9919,
      1.92819,
      4.32432,
      3.9485,
      3.74282
    ],
    "SDPA (flash, padded)": [
      2.08406,
      1.87712,
      1.92299,
      4.21158,
      3.84939,
      3.74176
    ],
    "NestedTensor + SDPA": [
      9.65366,
      9.52832,
      9.50426,
      18.2609,
      17.85261,
      17.63534
    ],
    "Triton Ragged (ours)": [
      0.13755,
      0.04198,
      0.02387,
      0.34714,
      0.07987,
      0.02765
    ],
    "FlashAttention-2 (varlen)": [
      0.11366,
      0.05334,
      0.05435,
      0.26419,
      0.0727,
      0.06042
    ]
  },
  "p5": {
    "SDPA (math, padded)": [
      5.30637,
      2.59203,
      2.05581,
      10.64758,
      5.75053,
      4.07654
    ],
    "SDPA (efficient, padded)": [
      2.15962,
      1.90835,
      1.84934,
      4.11853,
      3.79126,
      3.59526
    ],
    "SDPA (flash, padded)": [
      2.0113,
      1.85974,
      1.8473,
      4.10851,
      3.71795,
      3.61053
    ],
    "NestedTensor + SDPA": [
      9.11974,
      9.0592,
      9.05498,
      17.48864,
      17.05558,
      16.99824
    ],
    "Triton Ragged (ours)": [
      0.13619,
      0.04096,
      0.01536,
      0.33587,
      0.07885,
      0.02662
    ],
    "FlashAttention-2 (varlen)": [
      0.11264,
      0.05222,
      0.03299,
      0.25395,
      0.07168,
      0.05968
    ]
  },
  "p95": {
    "SDPA (math, padded)": [
      5.93917,
      3.20102,
      2.66518,
      11.3713,
      6.4503,
      4.74726
    ],
    "SDPA (efficient, padded)": [
      2.77914,
      2.52813,
      2.46698,
      4.88653,
      4.49981,
      4.32128
    ],
    "SDPA (flash, padded)": [
      2.62531,
      2.45555,
      2.39658,
      4.76099,
      4.38163,
      4.28032
    ],
    "NestedTensor + SDPA": [
      10.12736,
      9.99834,
      9.95821,
      18.87104,
      18.49856,
      18.26202
    ],
    "Triton Ragged (ours)": [
      0.14234,
      0.04301,
      0.0256,
      0.35021,
      0.0809,
      0.02867
    ],
    "FlashAttention-2 (varlen)": [
      0.11674,
      0.05734,
      0.05837,
      0.26931,
      0.0768,
      0.06144
    ]
  }
}