{
  "gpu": "NVIDIA RTX 4000 Ada Generation",
  "sm": "SM89",
  "timing": "cuda_events_median_ms",
  "warmup": 50,
  "jit_warmup": 150,
  "iters": 300,
  "configs": [
    "BS=32, 0% pruned",
    "BS=32, 50% pruned",
    "BS=32, 80% pruned",
    "BS=64, 0% pruned",
    "BS=64, 50% pruned",
    "BS=64, 80% pruned"
  ],
  "kernels": {
    "SDPA (math, padded)": [
      5.41299,
      2.59674,
      2.16402,
      10.85454,
      5.83661,
      4.06075
    ],
    "SDPA (efficient, padded)": [
      2.33171,
      2.01211,
      2.0265,
      4.44979,
      3.77531,
      3.70688
    ],
    "SDPA (flash, padded)": [
      2.18624,
      1.97645,
      1.9567,
      4.21581,
      3.70298,
      3.58957
    ],
    "NestedTensor + SDPA": [
      9.23483,
      9.46194,
      9.12242,
      17.43411,
      17.16627,
      17.13966
    ],
    "Triton Ragged (ours)": [
      0.13624,
      0.04198,
      0.0256,
      0.34406,
      0.07987,
      0.02765
    ],
    "FlashAttention-2 (varlen)": [
      0.11181,
      0.05342,
      0.05837,
      0.26317,
      0.07178,
      0.06042
    ]
  },
  "p5": {
    "SDPA (math, padded)": [
      5.33686,
      2.53542,
      2.08282,
      10.7777,
      5.69747,
      3.99974
    ],
    "SDPA (efficient, padded)": [
      2.24902,
      1.93229,
      1.94877,
      4.34995,
      3.76214,
      3.5625
    ],
    "SDPA (flash, padded)": [
      2.11661,
      1.96301,
      1.92813,
      4.17702,
      3.68742,
      3.56579
    ],
    "NestedTensor + SDPA": [
      9.12467,
      9.11962,
      9.06026,
      17.28,
      16.77901,
      16.89469
    ],
    "Triton Ragged (ours)": [
      0.13619,
      0.04128,
      0.02458,
      0.33587,
      0.07885,
      0.02662
    ],
    "FlashAttention-2 (varlen)": [
      0.11162,
      0.05222,
      0.05632,
      0.2519,
      0.07168,
      0.05968
    ]
  },
  "p95": {
    "SDPA (math, padded)": [
      5.47405,
      2.62592,
      2.21866,
      10.9609,
      5.91056,
      4.21302
    ],
    "SDPA (efficient, padded)": [
      2.36477,
      2.03264,
      2.07155,
      4.62029,
      3.80518,
      3.78672
    ],
    "SDPA (flash, padded)": [
      2.2231,
      2.04528,
      2.03046,
      4.35712,
      3.8439,
      3.72333
    ],
    "NestedTensor + SDPA": [
      9.33568,
      9.69523,
      9.57168,
      18.24256,
      18.04621,
      17.95174
    ],
    "Triton Ragged (ours)": [
      0.13824,
      0.04301,
      0.02678,
      0.34611,
      0.0809,
      0.02781
    ],
    "FlashAttention-2 (varlen)": [
      0.1239,
      0.05632,
      0.06144,
      0.27034,
      0.07277,
      0.06144
    ]
  }
}