{
  "gpu": "NVIDIA RTX 4000 Ada Generation",
  "sm": "SM89",
  "timing": "cuda_events_median_ms",
  "warmup": 50,
  "jit_warmup": 150,
  "iters": 300,
  "configs": [
    "BS=32, 0% pruned",
    "BS=32, 50% pruned",
    "BS=32, 80% pruned",
    "BS=64, 0% pruned",
    "BS=64, 50% pruned",
    "BS=64, 80% pruned"
  ],
  "kernels": {
    "SDPA (math, padded)": [
      5.36069,
      2.57475,
      2.06643,
      10.70378,
      5.81366,
      4.02096
    ],
    "SDPA (efficient, padded)": [
      2.29475,
      1.87883,
      1.82579,
      4.26202,
      3.7573,
      3.6885
    ],
    "SDPA (flash, padded)": [
      2.10827,
      1.83702,
      1.81965,
      3.94752,
      3.80832,
      3.57574
    ],
    "NestedTensor + SDPA": [
      8.82568,
      9.01277,
      8.68608,
      16.77946,
      16.65845,
      16.42506
    ],
    "Triton Ragged (ours)": [
      0.13619,
      0.04198,
      0.02355,
      0.34509,
      0.07987,
      0.02765
    ],
    "FlashAttention-2 (varlen)": [
      0.11162,
      0.04813,
      0.04622,
      0.26624,
      0.07168,
      0.06042
    ]
  },
  "p5": {
    "SDPA (math, padded)": [
      5.28506,
      2.52422,
      2.05734,
      10.57072,
      5.65779,
      3.97936
    ],
    "SDPA (efficient, padded)": [
      2.23037,
      1.87155,
      1.81731,
      4.11856,
      3.69328,
      3.54816
    ],
    "SDPA (flash, padded)": [
      2.08595,
      1.82579,
      1.81248,
      3.93104,
      3.67181,
      3.56045
    ],
    "NestedTensor + SDPA": [
      8.74906,
      8.6496,
      8.45523,
      16.35821,
      16.36256,
      16.0256
    ],
    "Triton Ragged (ours)": [
      0.13517,
      0.04096,
      0.02253,
      0.33178,
      0.07885,
      0.02765
    ],
    "FlashAttention-2 (varlen)": [
      0.11059,
      0.04608,
      0.04506,
      0.25498,
      0.07066,
      0.05962
    ]
  },
  "p95": {
    "SDPA (math, padded)": [
      5.41491,
      2.64192,
      2.14323,
      10.80234,
      5.89824,
      4.06221
    ],
    "SDPA (efficient, padded)": [
      2.30912,
      1.88928,
      1.8359,
      4.34688,
      3.90074,
      3.72122
    ],
    "SDPA (flash, padded)": [
      2.17821,
      1.84832,
      1.8904,
      4.0881,
      3.83181,
      3.71376
    ],
    "NestedTensor + SDPA": [
      9.13181,
      9.37792,
      8.75619,
      17.408,
      17.63872,
      17.35782
    ],
    "Triton Ragged (ours)": [
      0.13722,
      0.04301,
      0.02458,
      0.34714,
      0.07987,
      0.02867
    ],
    "FlashAttention-2 (varlen)": [
      0.11264,
      0.05018,
      0.04915,
      0.26726,
      0.07373,
      0.06144
    ]
  }
}