{
  "gpu": "NVIDIA RTX 4000 Ada Generation",
  "sm": "SM89",
  "timing": "cuda_events_median_ms",
  "warmup": 50,
  "jit_warmup": 150,
  "iters": 300,
  "configs": [
    "BS=32, 0% pruned",
    "BS=32, 50% pruned",
    "BS=32, 80% pruned",
    "BS=64, 0% pruned",
    "BS=64, 50% pruned",
    "BS=64, 80% pruned"
  ],
  "kernels": {
    "SDPA (math, padded)": [
      5.32685,
      2.67069,
      2.08109,
      10.86301,
      5.8204,
      4.13082
    ],
    "SDPA (efficient, padded)": [
      2.2067,
      2.07565,
      1.94867,
      4.33918,
      3.9977,
      3.72843
    ],
    "SDPA (flash, padded)": [
      2.12182,
      1.96762,
      2.00357,
      4.20811,
      3.9395,
      3.8209
    ],
    "NestedTensor + SDPA": [
      9.01947,
      8.94362,
      8.95234,
      17.11421,
      16.81013,
      16.78642
    ],
    "Triton Ragged (ours)": [
      0.13619,
      0.04198,
      0.02355,
      0.34304,
      0.07987,
      0.02765
    ],
    "FlashAttention-2 (varlen)": [
      0.11162,
      0.0512,
      0.0512,
      0.26931,
      0.07168,
      0.06042
    ]
  },
  "p5": {
    "SDPA (math, padded)": [
      5.27594,
      2.58854,
      2.03021,
      10.77965,
      5.66602,
      4.07075
    ],
    "SDPA (efficient, padded)": [
      2.1463,
      2.01104,
      1.9159,
      4.06938,
      3.67795,
      3.48774
    ],
    "SDPA (flash, padded)": [
      2.10365,
      1.95174,
      1.91078,
      4.18906,
      3.88096,
      3.80621
    ],
    "NestedTensor + SDPA": [
      8.9344,
      8.87501,
      8.86682,
      16.68723,
      16.41574,
      16.35533
    ],
    "Triton Ragged (ours)": [
      0.13517,
      0.04096,
      0.02253,
      0.3312,
      0.07885,
      0.02662
    ],
    "FlashAttention-2 (varlen)": [
      0.11059,
      0.04941,
      0.0495,
      0.25293,
      0.07066,
      0.05939
    ]
  },
  "p95": {
    "SDPA (math, padded)": [
      5.38394,
      2.71907,
      2.15776,
      11.0072,
      5.91974,
      4.25638
    ],
    "SDPA (efficient, padded)": [
      2.24979,
      2.12182,
      2.02624,
      4.53926,
      4.12672,
      3.9231
    ],
    "SDPA (flash, padded)": [
      2.18624,
      2.03546,
      2.05229,
      4.22947,
      4.0745,
      3.95792
    ],
    "NestedTensor + SDPA": [
      9.48326,
      9.35338,
      9.37878,
      18.10813,
      17.14278,
      17.64221
    ],
    "Triton Ragged (ours)": [
      0.13722,
      0.04301,
      0.0249,
      0.3463,
      0.07987,
      0.02781
    ],
    "FlashAttention-2 (varlen)": [
      0.11264,
      0.05427,
      0.05325,
      0.27136,
      0.072,
      0.06144
    ]
  }
}