{
  "gpu": "NVIDIA RTX 4000 Ada Generation",
  "sm": "SM89",
  "timing": "cuda_events_median_ms",
  "warmup": 50,
  "jit_warmup": 150,
  "iters": 300,
  "configs": [
    "BS=32, 0% pruned",
    "BS=32, 50% pruned",
    "BS=32, 80% pruned",
    "BS=64, 0% pruned",
    "BS=64, 50% pruned",
    "BS=64, 80% pruned"
  ],
  "kernels": {
    "SDPA (math, padded)": [
      5.27667,
      2.61872,
      2.13072,
      10.66901,
      5.71891,
      4.0432
    ],
    "SDPA (efficient, padded)": [
      2.10547,
      1.87802,
      1.82067,
      4.14014,
      3.86326,
      3.54035
    ],
    "SDPA (flash, padded)": [
      1.982,
      1.83501,
      1.8155,
      3.96288,
      3.66646,
      3.57624
    ],
    "NestedTensor + SDPA": [
      9.2389,
      8.74701,
      8.77773,
      16.80133,
      16.54685,
      16.44736
    ],
    "Triton Ragged (ours)": [
      0.13517,
      0.04198,
      0.0256,
      0.34406,
      0.07987,
      0.02765
    ],
    "FlashAttention-2 (varlen)": [
      0.11366,
      0.05018,
      0.0512,
      0.25395,
      0.07168,
      0.06042
    ]
  },
  "p5": {
    "SDPA (math, padded)": [
      5.23469,
      2.54669,
      2.10125,
      10.58198,
      5.64451,
      4.02835
    ],
    "SDPA (efficient, padded)": [
      2.09114,
      1.86778,
      1.80736,
      4.04582,
      3.73005,
      3.45498
    ],
    "SDPA (flash, padded)": [
      1.97251,
      1.82272,
      1.80736,
      3.9424,
      3.65363,
      3.55712
    ],
    "NestedTensor + SDPA": [
      8.83901,
      8.66202,
      8.69414,
      16.68198,
      16.19542,
      16.34909
    ],
    "Triton Ragged (ours)": [
      0.13517,
      0.04096,
      0.02458,
      0.3328,
      0.07885,
      0.02662
    ],
    "FlashAttention-2 (varlen)": [
      0.11059,
      0.04915,
      0.04842,
      0.25293,
      0.07066,
      0.05939
    ]
  },
  "p95": {
    "SDPA (math, padded)": [
      5.37395,
      2.6304,
      2.17398,
      10.76413,
      5.87264,
      4.18205
    ],
    "SDPA (efficient, padded)": [
      2.20496,
      1.8903,
      1.88621,
      4.26906,
      3.95571,
      3.67616
    ],
    "SDPA (flash, padded)": [
      1.99373,
      1.84858,
      1.89235,
      4.08986,
      3.78179,
      3.71123
    ],
    "NestedTensor + SDPA": [
      9.3184,
      9.16275,
      9.19869,
      17.60563,
      17.75002,
      16.90522
    ],
    "Triton Ragged (ours)": [
      0.13722,
      0.04237,
      0.02662,
      0.34714,
      0.07994,
      0.02774
    ],
    "FlashAttention-2 (varlen)": [
      0.11571,
      0.05338,
      0.0553,
      0.26931,
      0.0727,
      0.06144
    ]
  }
}