{
  "gpu": "NVIDIA RTX 4000 Ada Generation",
  "sm": "SM89",
  "timing": "cuda_events_median_ms",
  "warmup": 50,
  "jit_warmup": 150,
  "iters": 300,
  "configs": [
    "BS=32, 0% pruned",
    "BS=32, 50% pruned",
    "BS=32, 80% pruned",
    "BS=64, 0% pruned",
    "BS=64, 50% pruned",
    "BS=64, 80% pruned"
  ],
  "kernels": {
    "SDPA (math, padded)": [
      5.35286,
      2.58861,
      2.0973,
      10.9901,
      5.85322,
      4.15763
    ],
    "SDPA (efficient, padded)": [
      2.26051,
      1.9059,
      1.85242,
      4.57938,
      4.04384,
      3.84107
    ],
    "SDPA (flash, padded)": [
      2.13123,
      1.85438,
      1.84832,
      4.37862,
      3.97622,
      3.8513
    ],
    "NestedTensor + SDPA": [
      9.24736,
      9.14707,
      9.12046,
      17.48446,
      17.23019,
      17.14139
    ],
    "Triton Ragged (ours)": [
      0.13619,
      0.04198,
      0.02355,
      0.34509,
      0.07987,
      0.02765
    ],
    "FlashAttention-2 (varlen)": [
      0.11162,
      0.05325,
      0.05325,
      0.26624,
      0.07168,
      0.06042
    ]
  },
  "p5": {
    "SDPA (math, padded)": [
      5.31968,
      2.57946,
      2.09101,
      10.78579,
      5.7815,
      4.11341
    ],
    "SDPA (efficient, padded)": [
      2.24682,
      1.87187,
      1.84525,
      4.43728,
      3.97619,
      3.77568
    ],
    "SDPA (flash, padded)": [
      2.11872,
      1.82141,
      1.84179,
      4.23491,
      3.95894,
      3.78579
    ],
    "NestedTensor + SDPA": [
      9.09315,
      9.05181,
      9.05072,
      17.31482,
      16.86822,
      16.74138
    ],
    "Triton Ragged (ours)": [
      0.13517,
      0.04096,
      0.02253,
      0.33178,
      0.07885,
      0.02662
    ],
    "FlashAttention-2 (varlen)": [
      0.11059,
      0.0512,
      0.0512,
      0.25293,
      0.07066,
      0.05939
    ]
  },
  "p95": {
    "SDPA (math, padded)": [
      5.42413,
      2.66342,
      2.16166,
      11.10938,
      5.93715,
      4.29978
    ],
    "SDPA (efficient, padded)": [
      2.33062,
      1.97738,
      1.92694,
      4.64998,
      4.1392,
      3.85974
    ],
    "SDPA (flash, padded)": [
      2.20061,
      1.86502,
      1.92832,
      4.39728,
      4.11533,
      3.99683
    ],
    "NestedTensor + SDPA": [
      9.82541,
      9.58534,
      9.56621,
      18.40947,
      18.40742,
      17.9159
    ],
    "Triton Ragged (ours)": [
      0.13722,
      0.0424,
      0.02458,
      0.34714,
      0.07987,
      0.02784
    ],
    "FlashAttention-2 (varlen)": [
      0.11264,
      0.05632,
      0.05546,
      0.26726,
      0.0727,
      0.06144
    ]
  }
}