{
  "gpu": "NVIDIA RTX 4000 Ada Generation",
  "sm": "SM89",
  "timing": "cuda_events_median_ms",
  "warmup": 50,
  "jit_warmup": 150,
  "iters": 300,
  "configs": [
    "BS=32, 0% pruned",
    "BS=32, 50% pruned",
    "BS=32, 80% pruned",
    "BS=64, 0% pruned",
    "BS=64, 50% pruned",
    "BS=64, 80% pruned"
  ],
  "kernels": {
    "SDPA (math, padded)": [
      5.31034,
      2.62144,
      2.1033,
      10.86363,
      5.84264,
      4.21515
    ],
    "SDPA (efficient, padded)": [
      2.13296,
      2.01421,
      1.94525,
      4.38869,
      3.7821,
      3.57986
    ],
    "SDPA (flash, padded)": [
      2.10944,
      1.96608,
      1.95174,
      4.22096,
      3.82888,
      3.59523
    ],
    "NestedTensor + SDPA": [
      8.88037,
      8.86021,
      8.81139,
      16.78645,
      17.12142,
      16.50189
    ],
    "Triton Ragged (ours)": [
      0.13619,
      0.04198,
      0.02355,
      0.34424,
      0.07987,
      0.02765
    ],
    "FlashAttention-2 (varlen)": [
      0.11264,
      0.0512,
      0.04813,
      0.26829,
      0.07168,
      0.06042
    ]
  },
  "p5": {
    "SDPA (math, padded)": [
      5.26131,
      2.58848,
      2.09094,
      10.77555,
      5.73738,
      4.0705
    ],
    "SDPA (efficient, padded)": [
      2.06746,
      2.00064,
      1.91386,
      4.10438,
      3.75808,
      3.55738
    ],
    "SDPA (flash, padded)": [
      2.09731,
      1.9535,
      1.94253,
      4.19805,
      3.62189,
      3.57584
    ],
    "NestedTensor + SDPA": [
      8.68864,
      8.67942,
      8.61117,
      16.65434,
      16.46211,
      16.128
    ],
    "Triton Ragged (ours)": [
      0.13517,
      0.04096,
      0.02253,
      0.33178,
      0.07885,
      0.02662
    ],
    "FlashAttention-2 (varlen)": [
      0.11059,
      0.04915,
      0.0471,
      0.25293,
      0.07066,
      0.05939
    ]
  },
  "p95": {
    "SDPA (math, padded)": [
      5.38832,
      2.70374,
      2.12173,
      10.99878,
      5.9881,
      4.29606
    ],
    "SDPA (efficient, padded)": [
      2.20774,
      2.08794,
      1.96163,
      4.54234,
      3.99046,
      3.71856
    ],
    "SDPA (flash, padded)": [
      2.176,
      1.97939,
      1.964,
      4.36224,
      3.90864,
      3.73152
    ],
    "NestedTensor + SDPA": [
      9.31037,
      9.2535,
      8.89987,
      17.6073,
      17.78358,
      17.32394
    ],
    "Triton Ragged (ours)": [
      0.13722,
      0.04301,
      0.02458,
      0.34714,
      0.07987,
      0.02787
    ],
    "FlashAttention-2 (varlen)": [
      0.11469,
      0.0553,
      0.0512,
      0.27136,
      0.0727,
      0.06144
    ]
  }
}