{
  "gpu": "NVIDIA RTX 4000 Ada Generation",
  "sm": "SM89",
  "timing": "cuda_events_median_ms",
  "warmup": 50,
  "jit_warmup": 150,
  "iters": 300,
  "configs": [
    "BS=32, 0% pruned",
    "BS=32, 50% pruned",
    "BS=32, 80% pruned",
    "BS=64, 0% pruned",
    "BS=64, 50% pruned",
    "BS=64, 80% pruned"
  ],
  "kernels": {
    "SDPA (math, padded)": [
      5.36816,
      2.68376,
      2.17214,
      11.01818,
      5.83664,
      4.24827
    ],
    "SDPA (efficient, padded)": [
      2.16165,
      2.00507,
      1.86778,
      4.34174,
      3.79701,
      3.66893
    ],
    "SDPA (flash, padded)": [
      2.0376,
      1.89542,
      1.92819,
      4.05042,
      3.74168,
      3.6947
    ],
    "NestedTensor + SDPA": [
      9.17426,
      9.25606,
      9.27589,
      17.42229,
      17.08659,
      17.41218
    ],
    "Triton Ragged (ours)": [
      0.13722,
      0.04198,
      0.0256,
      0.34714,
      0.07987,
      0.02765
    ],
    "FlashAttention-2 (varlen)": [
      0.11531,
      0.04915,
      0.05222,
      0.26829,
      0.0727,
      0.06042
    ]
  },
  "p5": {
    "SDPA (math, padded)": [
      5.28998,
      2.60506,
      2.07898,
      10.62794,
      5.7129,
      4.09059
    ],
    "SDPA (efficient, padded)": [
      2.12883,
      1.93261,
      1.79405,
      4.19626,
      3.69664,
      3.51405
    ],
    "SDPA (flash, padded)": [
      1.99478,
      1.87597,
      1.85242,
      3.91078,
      3.70624,
      3.61574
    ],
    "NestedTensor + SDPA": [
      8.89837,
      8.86096,
      8.86374,
      16.86454,
      16.61968,
      16.66899
    ],
    "Triton Ragged (ours)": [
      0.13619,
      0.04096,
      0.01536,
      0.33587,
      0.07885,
      0.02662
    ],
    "FlashAttention-2 (varlen)": [
      0.11264,
      0.03686,
      0.03379,
      0.25293,
      0.07168,
      0.05955
    ]
  },
  "p95": {
    "SDPA (math, padded)": [
      5.92691,
      3.21437,
      2.68272,
      11.3879,
      6.34755,
      4.8151
    ],
    "SDPA (efficient, padded)": [
      2.6913,
      2.5256,
      1.95482,
      4.88755,
      4.39904,
      4.25674
    ],
    "SDPA (flash, padded)": [
      2.61418,
      2.43635,
      2.41766,
      4.65094,
      4.35603,
      4.25968
    ],
    "NestedTensor + SDPA": [
      9.74858,
      9.75462,
      9.78534,
      18.38899,
      17.91181,
      17.99856
    ],
    "Triton Ragged (ours)": [
      0.14234,
      0.04301,
      0.02682,
      0.35021,
      0.07987,
      0.02774
    ],
    "FlashAttention-2 (varlen)": [
      0.11981,
      0.05222,
      0.05632,
      0.27136,
      0.07373,
      0.06144
    ]
  }
}