{
  "gpu": "NVIDIA RTX 4000 Ada Generation",
  "sm": "SM89",
  "timing": "cuda_events_median_ms",
  "warmup": 50,
  "jit_warmup": 150,
  "iters": 300,
  "configs": [
    "BS=32, 0% pruned",
    "BS=32, 50% pruned",
    "BS=32, 80% pruned",
    "BS=64, 0% pruned",
    "BS=64, 50% pruned",
    "BS=64, 80% pruned"
  ],
  "kernels": {
    "SDPA (math, padded)": [
      5.35973,
      2.5989,
      2.15326,
      11.01346,
      5.86643,
      4.22866
    ],
    "SDPA (efficient, padded)": [
      2.13264,
      1.89867,
      1.9325,
      4.42675,
      3.90766,
      3.73157
    ],
    "SDPA (flash, padded)": [
      2.02602,
      1.91181,
      1.83824,
      4.34594,
      3.73139,
      3.73002
    ],
    "NestedTensor + SDPA": [
      9.10029,
      9.28779,
      9.15101,
      17.60051,
      17.38853,
      17.41032
    ],
    "Triton Ragged (ours)": [
      0.13722,
      0.04198,
      0.02458,
      0.34509,
      0.07987,
      0.02765
    ],
    "FlashAttention-2 (varlen)": [
      0.11469,
      0.05158,
      0.04915,
      0.26317,
      0.0727,
      0.06042
    ]
  },
  "p5": {
    "SDPA (math, padded)": [
      5.28186,
      2.57619,
      2.07536,
      10.65744,
      5.71904,
      4.07654
    ],
    "SDPA (efficient, padded)": [
      2.11648,
      1.88589,
      1.82266,
      4.23546,
      3.76765,
      3.5921
    ],
    "SDPA (flash, padded)": [
      2.00842,
      1.84525,
      1.80224,
      4.20387,
      3.70192,
      3.59197
    ],
    "NestedTensor + SDPA": [
      8.79693,
      8.80845,
      8.73677,
      16.91773,
      16.59904,
      16.65434
    ],
    "Triton Ragged (ours)": [
      0.13619,
      0.04141,
      0.01536,
      0.3369,
      0.07885,
      0.02662
    ],
    "FlashAttention-2 (varlen)": [
      0.11264,
      0.05018,
      0.03277,
      0.25293,
      0.07168,
      0.05939
    ]
  },
  "p95": {
    "SDPA (math, padded)": [
      5.91037,
      3.16416,
      2.67142,
      11.38595,
      6.43379,
      4.78592
    ],
    "SDPA (efficient, padded)": [
      2.70746,
      2.44838,
      2.44259,
      4.99574,
      4.46163,
      4.28544
    ],
    "SDPA (flash, padded)": [
      2.59258,
      2.4617,
      2.34701,
      4.91622,
      4.34006,
      4.26701
    ],
    "NestedTensor + SDPA": [
      9.7216,
      9.78038,
      9.58054,
      18.20163,
      18.09088,
      18.03053
    ],
    "Triton Ragged (ours)": [
      0.1383,
      0.04301,
      0.02662,
      0.34918,
      0.07997,
      0.02778
    ],
    "FlashAttention-2 (varlen)": [
      0.11776,
      0.0545,
      0.05325,
      0.27034,
      0.07379,
      0.06144
    ]
  }
}