{
  "gpu": "NVIDIA RTX 4000 Ada Generation",
  "sm": "SM89",
  "timing": "cuda_events_median_ms",
  "warmup": 50,
  "jit_warmup": 150,
  "iters": 300,
  "configs": [
    "BS=32, 0% pruned",
    "BS=32, 50% pruned",
    "BS=32, 80% pruned",
    "BS=64, 0% pruned",
    "BS=64, 50% pruned",
    "BS=64, 80% pruned"
  ],
  "kernels": {
    "SDPA (math, padded)": [
      5.33133,
      2.61902,
      2.09306,
      10.7467,
      5.70163,
      4.21022
    ],
    "SDPA (efficient, padded)": [
      2.11149,
      2.00294,
      1.94674,
      4.1513,
      3.89734,
      3.57976
    ],
    "SDPA (flash, padded)": [
      1.99373,
      2.05312,
      1.91805,
      3.96789,
      3.68736,
      3.58187
    ],
    "NestedTensor + SDPA": [
      8.83098,
      9.12189,
      8.68974,
      16.67584,
      16.5079,
      16.41309
    ],
    "Triton Ragged (ours)": [
      0.13629,
      0.04198,
      0.02355,
      0.34509,
      0.07987,
      0.02765
    ],
    "FlashAttention-2 (varlen)": [
      0.11162,
      0.04813,
      0.0471,
      0.25395,
      0.07168,
      0.06042
    ]
  },
  "p5": {
    "SDPA (math, padded)": [
      5.25926,
      2.59034,
      2.0777,
      10.60269,
      5.66403,
      4.13798
    ],
    "SDPA (efficient, padded)": [
      2.10125,
      1.99168,
      1.93843,
      4.13798,
      3.7495,
      3.56045
    ],
    "SDPA (flash, padded)": [
      1.98349,
      1.95162,
      1.90464,
      3.89491,
      3.67405,
      3.50822
    ],
    "NestedTensor + SDPA": [
      8.72832,
      8.61248,
      8.51331,
      16.32358,
      16.31456,
      16.03891
    ],
    "Triton Ragged (ours)": [
      0.13619,
      0.04096,
      0.02253,
      0.33075,
      0.07885,
      0.02662
    ],
    "FlashAttention-2 (varlen)": [
      0.11059,
      0.0471,
      0.04518,
      0.25293,
      0.07066,
      0.05939
    ]
  },
  "p95": {
    "SDPA (math, padded)": [
      5.35178,
      2.72672,
      2.11152,
      10.99674,
      5.81843,
      4.29056
    ],
    "SDPA (efficient, padded)": [
      2.12086,
      2.0985,
      1.95699,
      4.28438,
      3.98234,
      3.79478
    ],
    "SDPA (flash, padded)": [
      2.0655,
      2.06746,
      1.95462,
      4.11376,
      3.8137,
      3.60461
    ],
    "NestedTensor + SDPA": [
      9.092,
      9.41363,
      8.79088,
      16.79603,
      17.34051,
      17.42128
    ],
    "Triton Ragged (ours)": [
      0.13741,
      0.04301,
      0.02467,
      0.34714,
      0.07987,
      0.02797
    ],
    "FlashAttention-2 (varlen)": [
      0.12294,
      0.05018,
      0.04915,
      0.26931,
      0.0727,
      0.06144
    ]
  }
}