{
  "gpu": "NVIDIA RTX 4000 Ada Generation",
  "sm": "SM89",
  "timing": "cuda_events_median_ms",
  "warmup": 50,
  "jit_warmup": 150,
  "iters": 300,
  "configs": [
    "BS=32, 0% pruned",
    "BS=32, 50% pruned",
    "BS=32, 80% pruned",
    "BS=64, 0% pruned",
    "BS=64, 50% pruned",
    "BS=64, 80% pruned"
  ],
  "kernels": {
    "SDPA (math, padded)": [
      5.35462,
      2.65318,
      2.12656,
      10.89173,
      5.86845,
      4.48931
    ],
    "SDPA (efficient, padded)": [
      2.19853,
      1.91283,
      1.85493,
      4.34074,
      3.92806,
      3.89818
    ],
    "SDPA (flash, padded)": [
      2.0471,
      1.92728,
      1.91286,
      4.09293,
      3.87072,
      3.90707
    ],
    "NestedTensor + SDPA": [
      9.4379,
      9.34598,
      9.27842,
      17.85998,
      17.79312,
      17.91488
    ],
    "Triton Ragged (ours)": [
      0.13824,
      0.04198,
      0.0256,
      0.34509,
      0.07987,
      0.02765
    ],
    "FlashAttention-2 (varlen)": [
      0.11366,
      0.0512,
      0.05325,
      0.26547,
      0.0727,
      0.06042
    ]
  },
  "p5": {
    "SDPA (math, padded)": [
      5.28726,
      2.58355,
      2.07971,
      10.6496,
      5.71597,
      4.10301
    ],
    "SDPA (efficient, padded)": [
      2.14125,
      1.90054,
      1.81411,
      4.18816,
      3.77037,
      3.61696
    ],
    "SDPA (flash, padded)": [
      1.96717,
      1.85242,
      1.83808,
      3.97619,
      3.71814,
      3.62986
    ],
    "NestedTensor + SDPA": [
      8.96531,
      8.90662,
      8.86045,
      17.0927,
      16.89779,
      16.87757
    ],
    "Triton Ragged (ours)": [
      0.13619,
      0.04198,
      0.02458,
      0.3369,
      0.07885,
      0.02662
    ],
    "FlashAttention-2 (varlen)": [
      0.11264,
      0.03686,
      0.03379,
      0.25216,
      0.07168,
      0.05939
    ]
  },
  "p95": {
    "SDPA (math, padded)": [
      5.91462,
      3.14653,
      2.64298,
      11.42803,
      6.38854,
      5.00717
    ],
    "SDPA (efficient, padded)": [
      2.74861,
      2.48288,
      2.11456,
      4.89882,
      4.47014,
      4.55971
    ],
    "SDPA (flash, padded)": [
      2.56102,
      2.43821,
      2.41766,
      4.64893,
      4.45542,
      4.44742
    ],
    "NestedTensor + SDPA": [
      9.92358,
      9.81402,
      9.6871,
      18.51206,
      19.07274,
      18.83648
    ],
    "Triton Ragged (ours)": [
      0.14234,
      0.04301,
      0.02662,
      0.35021,
      0.08602,
      0.02797
    ],
    "FlashAttention-2 (varlen)": [
      0.11469,
      0.05427,
      0.05632,
      0.26726,
      0.07578,
      0.06144
    ]
  }
}