{
  "gpu": "NVIDIA RTX 4000 Ada Generation",
  "sm": "SM89",
  "timing": "cuda_events_median_ms",
  "warmup": 50,
  "jit_warmup": 150,
  "iters": 300,
  "configs": [
    "BS=32, 0% pruned",
    "BS=32, 50% pruned",
    "BS=32, 80% pruned",
    "BS=64, 0% pruned",
    "BS=64, 50% pruned",
    "BS=64, 80% pruned"
  ],
  "kernels": {
    "SDPA (math, padded)": [
      5.33691,
      2.55381,
      2.06368,
      10.62042,
      5.8,
      4.18816
    ],
    "SDPA (efficient, padded)": [
      2.10739,
      1.87085,
      1.88106,
      4.14925,
      4.00699,
      3.55152
    ],
    "SDPA (flash, padded)": [
      2.04933,
      1.81342,
      1.81534,
      4.07909,
      3.93438,
      3.56352
    ],
    "NestedTensor + SDPA": [
      8.94771,
      8.8407,
      8.81483,
      16.89659,
      16.64883,
      16.67891
    ],
    "Triton Ragged (ours)": [
      0.13619,
      0.04198,
      0.02355,
      0.33382,
      0.07987,
      0.02765
    ],
    "FlashAttention-2 (varlen)": [
      0.11162,
      0.0512,
      0.04813,
      0.26829,
      0.07168,
      0.06042
    ]
  },
  "p5": {
    "SDPA (math, padded)": [
      5.27974,
      2.52006,
      2.05414,
      10.58115,
      5.65891,
      4.04339
    ],
    "SDPA (efficient, padded)": [
      2.07264,
      1.8408,
      1.81043,
      4.0584,
      3.80314,
      3.456
    ],
    "SDPA (flash, padded)": [
      1.95395,
      1.79405,
      1.80736,
      3.94957,
      3.91578,
      3.51338
    ],
    "NestedTensor + SDPA": [
      8.74301,
      8.74493,
      8.60365,
      16.74739,
      16.25485,
      16.52634
    ],
    "Triton Ragged (ours)": [
      0.13517,
      0.04096,
      0.02253,
      0.33075,
      0.07885,
      0.02765
    ],
    "FlashAttention-2 (varlen)": [
      0.11059,
      0.04915,
      0.0471,
      0.25398,
      0.07066,
      0.05939
    ]
  },
  "p95": {
    "SDPA (math, padded)": [
      5.38419,
      2.57677,
      2.13824,
      10.74806,
      5.8904,
      4.25654
    ],
    "SDPA (efficient, padded)": [
      2.17926,
      1.88416,
      1.89635,
      4.28237,
      4.15334,
      3.62496
    ],
    "SDPA (flash, padded)": [
      2.09101,
      1.836,
      1.82506,
      4.16134,
      4.06816,
      3.58298
    ],
    "NestedTensor + SDPA": [
      9.02042,
      9.48224,
      8.88941,
      17.756,
      17.51837,
      17.84525
    ],
    "Triton Ragged (ours)": [
      0.13722,
      0.04301,
      0.02458,
      0.34611,
      0.07987,
      0.02867
    ],
    "FlashAttention-2 (varlen)": [
      0.11264,
      0.05334,
      0.05056,
      0.27034,
      0.07578,
      0.06144
    ]
  }
}