{
  "gpu": "NVIDIA RTX 4000 Ada Generation",
  "sm": "SM89",
  "timing": "cuda_events_median_ms",
  "warmup": 50,
  "jit_warmup": 150,
  "iters": 300,
  "configs": [
    "BS=32, 0% pruned",
    "BS=32, 50% pruned",
    "BS=32, 80% pruned",
    "BS=64, 0% pruned",
    "BS=64, 50% pruned",
    "BS=64, 80% pruned"
  ],
  "kernels": {
    "SDPA (math, padded)": [
      5.28869,
      2.56102,
      2.0553,
      10.82267,
      5.83078,
      4.08418
    ],
    "SDPA (efficient, padded)": [
      2.10718,
      1.87392,
      1.82043,
      4.37146,
      3.97106,
      3.77242
    ],
    "SDPA (flash, padded)": [
      1.98246,
      1.83808,
      1.88282,
      4.17131,
      3.90274,
      3.77754
    ],
    "NestedTensor + SDPA": [
      8.91536,
      8.81363,
      9.06869,
      16.72531,
      16.61808,
      16.48366
    ],
    "Triton Ragged (ours)": [
      0.13619,
      0.04198,
      0.02355,
      0.34509,
      0.07987,
      0.02765
    ],
    "FlashAttention-2 (varlen)": [
      0.11162,
      0.04813,
      0.04813,
      0.26726,
      0.07168,
      0.06042
    ]
  },
  "p5": {
    "SDPA (math, padded)": [
      5.25005,
      2.54976,
      2.04531,
      10.72557,
      5.7128,
      4.05408
    ],
    "SDPA (efficient, padded)": [
      2.0897,
      1.86547,
      1.80954,
      4.32214,
      3.91373,
      3.7377
    ],
    "SDPA (flash, padded)": [
      1.97395,
      1.8239,
      1.80566,
      4.15037,
      3.88317,
      3.72429
    ],
    "NestedTensor + SDPA": [
      8.75843,
      8.65046,
      8.71331,
      16.40755,
      16.27242,
      16.28877
    ],
    "Triton Ragged (ours)": [
      0.13517,
      0.04096,
      0.02355,
      0.3328,
      0.07885,
      0.02662
    ],
    "FlashAttention-2 (varlen)": [
      0.11059,
      0.04608,
      0.04608,
      0.25395,
      0.07066,
      0.05939
    ]
  },
  "p95": {
    "SDPA (math, padded)": [
      5.33936,
      2.6279,
      2.12963,
      10.93632,
      5.92179,
      4.22176
    ],
    "SDPA (efficient, padded)": [
      2.12262,
      1.94272,
      1.82925,
      4.51587,
      3.98643,
      3.80314
    ],
    "SDPA (flash, padded)": [
      1.9935,
      1.90566,
      1.89306,
      4.30522,
      4.09395,
      3.79392
    ],
    "NestedTensor + SDPA": [
      9.32682,
      8.98288,
      9.45597,
      17.61664,
      17.41514,
      17.28512
    ],
    "Triton Ragged (ours)": [
      0.13722,
      0.04301,
      0.0256,
      0.34816,
      0.07987,
      0.02787
    ],
    "FlashAttention-2 (varlen)": [
      0.11264,
      0.0504,
      0.05222,
      0.27034,
      0.0727,
      0.06144
    ]
  }
}