{
  "gpu": "NVIDIA RTX 4000 Ada Generation",
  "sm": "SM89",
  "timing": "cuda_events_median_ms",
  "warmup": 50,
  "jit_warmup": 150,
  "iters": 300,
  "configs": [
    "BS=32, 0% pruned",
    "BS=32, 50% pruned",
    "BS=32, 80% pruned",
    "BS=64, 0% pruned",
    "BS=64, 50% pruned",
    "BS=64, 80% pruned"
  ],
  "kernels": {
    "SDPA (math, padded)": [
      5.36981,
      2.60338,
      2.07885,
      10.72338,
      5.69139,
      4.21877
    ],
    "SDPA (efficient, padded)": [
      2.24438,
      2.11662,
      1.83402,
      4.28544,
      3.76645,
      3.71534
    ],
    "SDPA (flash, padded)": [
      2.12024,
      1.96301,
      1.83773,
      4.0989,
      3.70278,
      3.72541
    ],
    "NestedTensor + SDPA": [
      8.92965,
      8.91146,
      8.85507,
      17.47499,
      16.71099,
      16.62466
    ],
    "Triton Ragged (ours)": [
      0.13619,
      0.04198,
      0.02355,
      0.34304,
      0.07987,
      0.02765
    ],
    "FlashAttention-2 (varlen)": [
      0.11162,
      0.04813,
      0.04813,
      0.26624,
      0.07168,
      0.06042
    ]
  },
  "p5": {
    "SDPA (math, padded)": [
      5.29619,
      2.58765,
      2.0695,
      10.59773,
      5.63302,
      3.99581
    ],
    "SDPA (efficient, padded)": [
      2.23024,
      2.07866,
      1.82579,
      4.1471,
      3.7488,
      3.69859
    ],
    "SDPA (flash, padded)": [
      2.10829,
      1.94154,
      1.82474,
      3.95699,
      3.6864,
      3.71178
    ],
    "NestedTensor + SDPA": [
      8.71046,
      8.7729,
      8.76954,
      16.72192,
      16.48838,
      16.21094
    ],
    "Triton Ragged (ours)": [
      0.13517,
      0.04096,
      0.02253,
      0.33178,
      0.07885,
      0.02662
    ],
    "FlashAttention-2 (varlen)": [
      0.11059,
      0.0471,
      0.0471,
      0.25293,
      0.07066,
      0.05939
    ]
  },
  "p95": {
    "SDPA (math, padded)": [
      5.41818,
      2.66774,
      2.15744,
      10.8247,
      5.82061,
      4.30118
    ],
    "SDPA (efficient, padded)": [
      2.25894,
      2.13421,
      1.90864,
      4.30112,
      3.90861,
      3.7929
    ],
    "SDPA (flash, padded)": [
      2.13914,
      2.06029,
      1.90787,
      4.11642,
      3.84307,
      3.74368
    ],
    "NestedTensor + SDPA": [
      9.08301,
      9.28179,
      9.27062,
      17.91693,
      17.53578,
      17.60669
    ],
    "Triton Ragged (ours)": [
      0.13722,
      0.04224,
      0.02496,
      0.34611,
      0.07987,
      0.028
    ],
    "FlashAttention-2 (varlen)": [
      0.11264,
      0.0512,
      0.0512,
      0.26931,
      0.0719,
      0.06144
    ]
  }
}