{
  "gpu": "NVIDIA RTX 4000 Ada Generation",
  "sm": "SM89",
  "timing": "cuda_events_median_ms",
  "warmup": 50,
  "jit_warmup": 150,
  "iters": 300,
  "configs": [
    "BS=32, 0% pruned",
    "BS=32, 50% pruned",
    "BS=32, 80% pruned",
    "BS=64, 0% pruned",
    "BS=64, 50% pruned",
    "BS=64, 80% pruned"
  ],
  "kernels": {
    "SDPA (math, padded)": [
      5.38266,
      2.62758,
      2.07544,
      10.6748,
      5.83376,
      4.07246
    ],
    "SDPA (efficient, padded)": [
      2.25221,
      2.0172,
      1.84058,
      4.16768,
      3.78429,
      3.74374
    ],
    "SDPA (flash, padded)": [
      2.11558,
      1.98261,
      1.83323,
      3.97221,
      3.70581,
      3.84
    ],
    "NestedTensor + SDPA": [
      8.90421,
      9.1327,
      9.14619,
      17.04533,
      16.66512,
      16.87802
    ],
    "Triton Ragged (ours)": [
      0.13619,
      0.04198,
      0.02458,
      0.34714,
      0.07987,
      0.02765
    ],
    "FlashAttention-2 (varlen)": [
      0.11162,
      0.04915,
      0.0512,
      0.25702,
      0.07181,
      0.06042
    ]
  },
  "p5": {
    "SDPA (math, padded)": [
      5.3248,
      2.60506,
      2.03962,
      10.5711,
      5.69981,
      4.048
    ],
    "SDPA (efficient, padded)": [
      2.23661,
      2.00019,
      1.83056,
      4.10829,
      3.72019,
      3.57888
    ],
    "SDPA (flash, padded)": [
      2.10234,
      1.964,
      1.82496,
      3.95434,
      3.68435,
      3.81315
    ],
    "NestedTensor + SDPA": [
      8.82483,
      8.7767,
      8.7272,
      16.7576,
      16.40131,
      16.27405
    ],
    "Triton Ragged (ours)": [
      0.13517,
      0.04198,
      0.02355,
      0.3369,
      0.07885,
      0.02662
    ],
    "FlashAttention-2 (varlen)": [
      0.11088,
      0.0471,
      0.04941,
      0.25498,
      0.07168,
      0.05939
    ]
  },
  "p95": {
    "SDPA (math, padded)": [
      5.43846,
      2.7096,
      2.08915,
      10.76941,
      5.92077,
      4.21274
    ],
    "SDPA (efficient, padded)": [
      2.34736,
      2.08406,
      1.91162,
      4.32947,
      3.9745,
      3.9465
    ],
    "SDPA (flash, padded)": [
      2.18998,
      2.0521,
      1.94048,
      4.10944,
      3.85834,
      4.03149
    ],
    "NestedTensor + SDPA": [
      9.11872,
      9.35936,
      9.44842,
      17.67946,
      17.4601,
      17.72051
    ],
    "Triton Ragged (ours)": [
      0.13926,
      0.04301,
      0.02582,
      0.34931,
      0.07987,
      0.02774
    ],
    "FlashAttention-2 (varlen)": [
      0.11267,
      0.0512,
      0.05347,
      0.26829,
      0.0729,
      0.06144
    ]
  }
}