{
  "gpu": "NVIDIA RTX 4000 Ada Generation",
  "sm": "SM89",
  "timing": "cuda_events_median_ms",
  "warmup": 50,
  "jit_warmup": 150,
  "iters": 300,
  "configs": [
    "BS=32, 0% pruned",
    "BS=32, 50% pruned",
    "BS=32, 80% pruned",
    "BS=64, 0% pruned",
    "BS=64, 50% pruned",
    "BS=64, 80% pruned"
  ],
  "kernels": {
    "SDPA (math, padded)": [
      5.31158,
      2.59685,
      2.07982,
      10.87093,
      5.76018,
      4.20013
    ],
    "SDPA (efficient, padded)": [
      2.12053,
      2.0788,
      1.95277,
      4.39405,
      3.7545,
      3.71477
    ],
    "SDPA (flash, padded)": [
      1.9975,
      1.95952,
      1.94867,
      3.97453,
      3.68813,
      3.57834
    ],
    "NestedTensor + SDPA": [
      8.88934,
      8.80325,
      8.79706,
      17.34094,
      16.53797,
      16.58822
    ],
    "Triton Ragged (ours)": [
      0.13517,
      0.04198,
      0.02469,
      0.34509,
      0.07987,
      0.02765
    ],
    "FlashAttention-2 (varlen)": [
      0.11162,
      0.04813,
      0.05018,
      0.26624,
      0.07168,
      0.06042
    ]
  },
  "p5": {
    "SDPA (math, padded)": [
      5.27178,
      2.54771,
      2.06845,
      10.7488,
      5.67117,
      4.05197
    ],
    "SDPA (efficient, padded)": [
      2.11018,
      2.00621,
      1.90877,
      4.16461,
      3.69459,
      3.68531
    ],
    "SDPA (flash, padded)": [
      1.98845,
      1.92614,
      1.94032,
      3.91578,
      3.62566,
      3.55635
    ],
    "NestedTensor + SDPA": [
      8.75248,
      8.73664,
      8.69171,
      16.64742,
      16.16922,
      16.36352
    ],
    "Triton Ragged (ours)": [
      0.13414,
      0.04128,
      0.02368,
      0.33178,
      0.07885,
      0.02662
    ],
    "FlashAttention-2 (varlen)": [
      0.11059,
      0.0471,
      0.04813,
      0.25702,
      0.07066,
      0.05939
    ]
  },
  "p95": {
    "SDPA (math, padded)": [
      5.36483,
      2.63888,
      2.11379,
      11.01619,
      5.82758,
      4.22586
    ],
    "SDPA (efficient, padded)": [
      2.18726,
      2.09392,
      2.02547,
      4.42592,
      3.76912,
      3.78573
    ],
    "SDPA (flash, padded)": [
      2.07162,
      1.9744,
      1.95987,
      3.99053,
      3.70176,
      3.71302
    ],
    "NestedTensor + SDPA": [
      9.32147,
      9.16058,
      9.18566,
      17.99373,
      17.34144,
      17.34752
    ],
    "Triton Ragged (ours)": [
      0.13619,
      0.04301,
      0.02662,
      0.34714,
      0.07987,
      0.02778
    ],
    "FlashAttention-2 (varlen)": [
      0.11264,
      0.0512,
      0.05222,
      0.26726,
      0.07498,
      0.06144
    ]
  }
}