{
  "gpu": "NVIDIA RTX 4000 Ada Generation",
  "sm": "SM89",
  "timing": "cuda_events_median_ms",
  "warmup": 50,
  "jit_warmup": 150,
  "iters": 300,
  "configs": [
    "BS=32, 0% pruned",
    "BS=32, 50% pruned",
    "BS=32, 80% pruned",
    "BS=64, 0% pruned",
    "BS=64, 50% pruned",
    "BS=64, 80% pruned"
  ],
  "kernels": {
    "SDPA (math, padded)": [
      5.36371,
      2.67072,
      2.1561,
      10.86142,
      5.85906,
      4.2261
    ],
    "SDPA (efficient, padded)": [
      2.20402,
      1.91587,
      1.84267,
      4.32829,
      3.79483,
      3.73992
    ],
    "SDPA (flash, padded)": [
      2.07565,
      1.85157,
      1.91283,
      4.02154,
      3.84598,
      3.73296
    ],
    "NestedTensor + SDPA": [
      9.64357,
      9.41312,
      9.58886,
      18.00342,
      18.03133,
      17.6599
    ],
    "Triton Ragged (ours)": [
      0.13926,
      0.04198,
      0.02355,
      0.34611,
      0.07987,
      0.02765
    ],
    "FlashAttention-2 (varlen)": [
      0.11366,
      0.05256,
      0.05331,
      0.25293,
      0.07168,
      0.06042
    ]
  },
  "p5": {
    "SDPA (math, padded)": [
      5.28045,
      2.58333,
      2.08486,
      10.64442,
      5.68605,
      4.08794
    ],
    "SDPA (efficient, padded)": [
      2.1279,
      1.8975,
      1.83421,
      4.1793,
      3.77139,
      3.58912
    ],
    "SDPA (flash, padded)": [
      2.00499,
      1.84195,
      1.83878,
      3.97888,
      3.7079,
      3.60154
    ],
    "NestedTensor + SDPA": [
      9.19232,
      9.06138,
      9.12688,
      17.41005,
      17.30765,
      17.13946
    ],
    "Triton Ragged (ours)": [
      0.13619,
      0.04096,
      0.02253,
      0.33587,
      0.07885,
      0.02662
    ],
    "FlashAttention-2 (varlen)": [
      0.11264,
      0.03686,
      0.03482,
      0.2519,
      0.07066,
      0.05939
    ]
  },
  "p95": {
    "SDPA (math, padded)": [
      5.90131,
      3.14586,
      2.62954,
      11.3737,
      6.38566,
      4.73379
    ],
    "SDPA (efficient, padded)": [
      2.74429,
      2.45658,
      2.38086,
      4.88234,
      4.39738,
      4.31222
    ],
    "SDPA (flash, padded)": [
      2.62656,
      2.40678,
      2.40128,
      4.66637,
      4.41229,
      4.28032
    ],
    "NestedTensor + SDPA": [
      10.08947,
      9.94202,
      10.06464,
      18.80048,
      18.61309,
      18.42365
    ],
    "Triton Ragged (ours)": [
      0.14131,
      0.04301,
      0.02458,
      0.35021,
      0.08192,
      0.02774
    ],
    "FlashAttention-2 (varlen)": [
      0.11674,
      0.05939,
      0.05632,
      0.25395,
      0.07373,
      0.06144
    ]
  }
}