{
  "gpu": "NVIDIA RTX 4000 Ada Generation",
  "sm": "SM89",
  "timing": "cuda_events_median_ms",
  "warmup": 50,
  "jit_warmup": 150,
  "iters": 300,
  "configs": [
    "BS=32, 0% pruned",
    "BS=32, 50% pruned",
    "BS=32, 80% pruned",
    "BS=64, 0% pruned",
    "BS=64, 50% pruned",
    "BS=64, 80% pruned"
  ],
  "kernels": {
    "SDPA (math, padded)": [
      5.36166,
      2.66053,
      2.15107,
      11.00544,
      5.84125,
      4.24725
    ],
    "SDPA (efficient, padded)": [
      2.17611,
      1.95379,
      1.89338,
      4.29693,
      3.91005,
      3.76925
    ],
    "SDPA (flash, padded)": [
      2.03022,
      1.90874,
      1.90043,
      4.11902,
      3.82397,
      3.77552
    ],
    "NestedTensor + SDPA": [
      9.3373,
      9.2832,
      9.2423,
      17.54675,
      17.32923,
      17.27789
    ],
    "Triton Ragged (ours)": [
      0.13722,
      0.04198,
      0.02458,
      0.33792,
      0.07987,
      0.02765
    ],
    "FlashAttention-2 (varlen)": [
      0.11366,
      0.05018,
      0.05018,
      0.26419,
      0.0727,
      0.06042
    ]
  },
  "p5": {
    "SDPA (math, padded)": [
      5.28266,
      2.57434,
      2.0439,
      10.61376,
      5.6993,
      4.07747
    ],
    "SDPA (efficient, padded)": [
      2.12582,
      1.8799,
      1.82272,
      4.15363,
      3.76755,
      3.6041
    ],
    "SDPA (flash, padded)": [
      2.00688,
      1.83706,
      1.82438,
      3.97142,
      3.68742,
      3.62678
    ],
    "NestedTensor + SDPA": [
      8.88,
      8.81699,
      8.72758,
      16.88477,
      16.54365,
      16.51907
    ],
    "Triton Ragged (ours)": [
      0.13619,
      0.04096,
      0.02355,
      0.33485,
      0.07885,
      0.02662
    ],
    "FlashAttention-2 (varlen)": [
      0.11264,
      0.03686,
      0.04813,
      0.25293,
      0.07168,
      0.05939
    ]
  },
  "p95": {
    "SDPA (math, padded)": [
      5.92589,
      3.16109,
      2.66352,
      11.34182,
      6.37408,
      4.80461
    ],
    "SDPA (efficient, padded)": [
      2.7136,
      2.46067,
      2.39718,
      4.86093,
      4.48307,
      4.3008
    ],
    "SDPA (flash, padded)": [
      2.60221,
      2.4424,
      2.36954,
      4.69402,
      4.36838,
      4.3305
    ],
    "NestedTensor + SDPA": [
      9.84986,
      9.84781,
      9.6975,
      18.22634,
      17.94765,
      17.95994
    ],
    "Triton Ragged (ours)": [
      0.14234,
      0.04301,
      0.02662,
      0.35021,
      0.07994,
      0.02774
    ],
    "FlashAttention-2 (varlen)": [
      0.1239,
      0.05222,
      0.05232,
      0.27034,
      0.07578,
      0.06144
    ]
  }
}