{
  "gpu": "NVIDIA RTX 4000 Ada Generation",
  "sm": "SM89",
  "timing": "cuda_events_median_ms",
  "warmup": 50,
  "jit_warmup": 150,
  "iters": 300,
  "configs": [
    "BS=32, 0% pruned",
    "BS=32, 50% pruned",
    "BS=32, 80% pruned",
    "BS=64, 0% pruned",
    "BS=64, 50% pruned",
    "BS=64, 80% pruned"
  ],
  "kernels": {
    "SDPA (math, padded)": [
      5.3099,
      2.56102,
      2.0657,
      10.70106,
      5.6924,
      4.04992
    ],
    "SDPA (efficient, padded)": [
      2.10227,
      1.88109,
      1.82573,
      4.13528,
      3.88333,
      3.54624
    ],
    "SDPA (flash, padded)": [
      1.97734,
      1.8391,
      1.8896,
      3.9527,
      3.80213,
      3.57341
    ],
    "NestedTensor + SDPA": [
      8.88779,
      8.71221,
      8.76442,
      16.82659,
      16.80074,
      16.33037
    ],
    "Triton Ragged (ours)": [
      0.13619,
      0.04198,
      0.02355,
      0.34406,
      0.07987,
      0.02765
    ],
    "FlashAttention-2 (varlen)": [
      0.11162,
      0.04813,
      0.04813,
      0.26726,
      0.07168,
      0.0608
    ]
  },
  "p5": {
    "SDPA (math, padded)": [
      5.248,
      2.52416,
      2.05805,
      10.57046,
      5.65936,
      4.03149
    ],
    "SDPA (efficient, padded)": [
      2.08794,
      1.86573,
      1.81376,
      4.12262,
      3.74374,
      3.53466
    ],
    "SDPA (flash, padded)": [
      1.95043,
      1.82646,
      1.81757,
      3.93597,
      3.6681,
      3.55597
    ],
    "NestedTensor + SDPA": [
      8.76646,
      8.60221,
      8.63949,
      16.61274,
      16.35923,
      16.01229
    ],
    "Triton Ragged (ours)": [
      0.13517,
      0.04118,
      0.02253,
      0.3328,
      0.07885,
      0.02765
    ],
    "FlashAttention-2 (varlen)": [
      0.11059,
      0.0463,
      0.04608,
      0.25293,
      0.07066,
      0.06042
    ]
  },
  "p95": {
    "SDPA (math, padded)": [
      5.40342,
      3.02797,
      2.07654,
      10.73878,
      5.80371,
      4.18195
    ],
    "SDPA (efficient, padded)": [
      2.11354,
      1.94941,
      1.89674,
      4.26294,
      3.96208,
      3.68211
    ],
    "SDPA (flash, padded)": [
      2.04698,
      1.90256,
      1.8991,
      4.096,
      3.87789,
      3.70691
    ],
    "NestedTensor + SDPA": [
      9.34515,
      8.8576,
      9.18237,
      17.7872,
      17.31482,
      17.19706
    ],
    "Triton Ragged (ours)": [
      0.13722,
      0.04301,
      0.0256,
      0.34714,
      0.07987,
      0.02867
    ],
    "FlashAttention-2 (varlen)": [
      0.11571,
      0.0512,
      0.05222,
      0.27034,
      0.0727,
      0.06147
    ]
  }
}