{
  "gpu": "NVIDIA RTX 4000 Ada Generation",
  "sm": "SM89",
  "timing": "cuda_events_median_ms",
  "warmup": 50,
  "jit_warmup": 150,
  "iters": 300,
  "configs": [
    "BS=32, 0% pruned",
    "BS=32, 50% pruned",
    "BS=32, 80% pruned",
    "BS=64, 0% pruned",
    "BS=64, 50% pruned",
    "BS=64, 80% pruned"
  ],
  "kernels": {
    "SDPA (math, padded)": [
      5.37762,
      2.6785,
      2.07053,
      10.82938,
      5.78408,
      4.05821
    ],
    "SDPA (efficient, padded)": [
      2.22195,
      2.00499,
      1.93843,
      4.38272,
      3.78982,
      3.56454
    ],
    "SDPA (flash, padded)": [
      2.10637,
      2.01662,
      1.93787,
      4.19739,
      3.67651,
      3.56597
    ],
    "NestedTensor + SDPA": [
      8.84386,
      8.72554,
      8.7564,
      16.8161,
      16.60314,
      16.50338
    ],
    "Triton Ragged (ours)": [
      0.13619,
      0.04198,
      0.02355,
      0.34406,
      0.07987,
      0.02765
    ],
    "FlashAttention-2 (varlen)": [
      0.11162,
      0.04813,
      0.04725,
      0.2601,
      0.07101,
      0.06042
    ]
  },
  "p5": {
    "SDPA (math, padded)": [
      5.31251,
      2.66115,
      2.03965,
      10.61888,
      5.6576,
      4.04205
    ],
    "SDPA (efficient, padded)": [
      2.21018,
      1.87683,
      1.90349,
      4.36346,
      3.74682,
      3.55104
    ],
    "SDPA (flash, padded)": [
      2.09408,
      1.88826,
      1.91053,
      4.18189,
      3.66048,
      3.5031
    ],
    "NestedTensor + SDPA": [
      8.76646,
      8.64902,
      8.68762,
      16.68397,
      16.3639,
      16.08003
    ],
    "Triton Ragged (ours)": [
      0.13517,
      0.04096,
      0.02253,
      0.33075,
      0.07885,
      0.02662
    ],
    "FlashAttention-2 (varlen)": [
      0.11059,
      0.0471,
      0.04608,
      0.25395,
      0.07066,
      0.05939
    ]
  },
  "p95": {
    "SDPA (math, padded)": [
      5.42515,
      2.72346,
      2.11354,
      10.96896,
      5.90643,
      4.20864
    ],
    "SDPA (efficient, padded)": [
      2.23744,
      2.08179,
      1.96826,
      4.51962,
      3.90982,
      3.584
    ],
    "SDPA (flash, padded)": [
      2.1593,
      2.04698,
      1.9497,
      4.22474,
      3.77648,
      3.58605
    ],
    "NestedTensor + SDPA": [
      9.36755,
      9.00198,
      9.1904,
      17.98531,
      17.44794,
      17.3073
    ],
    "Triton Ragged (ours)": [
      0.13722,
      0.04243,
      0.02458,
      0.34611,
      0.07987,
      0.02781
    ],
    "FlashAttention-2 (varlen)": [
      0.11197,
      0.0512,
      0.05018,
      0.26112,
      0.07181,
      0.06144
    ]
  }
}