{
  "gpu": "NVIDIA RTX 4000 Ada Generation",
  "sm": "SM89",
  "timing": "cuda_events_median_ms",
  "warmup": 50,
  "jit_warmup": 150,
  "iters": 300,
  "configs": [
    "BS=32, 0% pruned",
    "BS=32, 50% pruned",
    "BS=32, 80% pruned",
    "BS=64, 0% pruned",
    "BS=64, 50% pruned",
    "BS=64, 80% pruned"
  ],
  "kernels": {
    "SDPA (math, padded)": [
      5.32666,
      2.57126,
      2.1417,
      10.61979,
      5.74374,
      4.06614
    ],
    "SDPA (efficient, padded)": [
      2.17936,
      1.88438,
      1.90259,
      4.15613,
      3.8927,
      3.69654
    ],
    "SDPA (flash, padded)": [
      1.98968,
      1.83981,
      1.82579,
      4.10624,
      3.81747,
      3.71238
    ],
    "NestedTensor + SDPA": [
      8.95587,
      8.93317,
      8.85658,
      16.95267,
      16.72482,
      17.35885
    ],
    "Triton Ragged (ours)": [
      0.13619,
      0.04198,
      0.02355,
      0.34304,
      0.07914,
      0.02765
    ],
    "FlashAttention-2 (varlen)": [
      0.11162,
      0.04915,
      0.04813,
      0.26624,
      0.07168,
      0.06042
    ]
  },
  "p5": {
    "SDPA (math, padded)": [
      5.23389,
      2.56,
      2.06944,
      10.58845,
      5.65965,
      3.99974
    ],
    "SDPA (efficient, padded)": [
      2.0992,
      1.87498,
      1.82784,
      4.06554,
      3.74989,
      3.55942
    ],
    "SDPA (flash, padded)": [
      1.97837,
      1.83018,
      1.78922,
      3.96499,
      3.6823,
      3.57491
    ],
    "NestedTensor + SDPA": [
      8.87194,
      8.8024,
      8.80234,
      16.8367,
      16.35146,
      16.52656
    ],
    "Triton Ragged (ours)": [
      0.13517,
      0.04122,
      0.02253,
      0.33178,
      0.07885,
      0.02662
    ],
    "FlashAttention-2 (varlen)": [
      0.11059,
      0.0471,
      0.0471,
      0.25293,
      0.07066,
      0.05939
    ]
  },
  "p95": {
    "SDPA (math, padded)": [
      5.40176,
      2.64192,
      2.15363,
      10.67418,
      5.83677,
      4.2088
    ],
    "SDPA (efficient, padded)": [
      2.25075,
      1.95514,
      1.94851,
      4.29706,
      3.98022,
      3.72326
    ],
    "SDPA (flash, padded)": [
      2.05843,
      1.86554,
      1.90157,
      4.18634,
      3.84205,
      3.79171
    ],
    "NestedTensor + SDPA": [
      9.36461,
      9.39194,
      9.27226,
      17.9808,
      17.96195,
      17.81453
    ],
    "Triton Ragged (ours)": [
      0.13722,
      0.04301,
      0.02458,
      0.34611,
      0.07987,
      0.02778
    ],
    "FlashAttention-2 (varlen)": [
      0.11264,
      0.0512,
      0.0512,
      0.26829,
      0.0727,
      0.06144
    ]
  }
}