{
  "gpu": "NVIDIA RTX 4000 Ada Generation",
  "sm": "SM89",
  "timing": "cuda_events_median_ms",
  "warmup": 50,
  "jit_warmup": 150,
  "iters": 300,
  "configs": [
    "BS=32, 0% pruned",
    "BS=32, 50% pruned",
    "BS=32, 80% pruned",
    "BS=64, 0% pruned",
    "BS=64, 50% pruned",
    "BS=64, 80% pruned"
  ],
  "kernels": {
    "SDPA (math, padded)": [
      5.38376,
      2.61206,
      2.07618,
      11.06483,
      5.83374,
      4.21662
    ],
    "SDPA (efficient, padded)": [
      2.18365,
      1.94662,
      1.89488,
      4.29357,
      4.00278,
      3.69861
    ],
    "SDPA (flash, padded)": [
      2.0183,
      1.92997,
      1.83098,
      4.09451,
      4.04701,
      3.62147
    ],
    "NestedTensor + SDPA": [
      9.33218,
      9.26715,
      9.26147,
      17.57578,
      17.57035,
      17.62714
    ],
    "Triton Ragged (ours)": [
      0.13722,
      0.04198,
      0.0256,
      0.34714,
      0.07987,
      0.02765
    ],
    "FlashAttention-2 (varlen)": [
      0.11366,
      0.04816,
      0.05222,
      0.26829,
      0.0727,
      0.06042
    ]
  },
  "p5": {
    "SDPA (math, padded)": [
      5.31245,
      2.57661,
      2.06272,
      10.62093,
      5.68941,
      4.0625
    ],
    "SDPA (efficient, padded)": [
      2.12582,
      1.90042,
      1.81933,
      4.14925,
      3.87584,
      3.56656
    ],
    "SDPA (flash, padded)": [
      2.00189,
      1.88928,
      1.81898,
      3.95776,
      3.90221,
      3.57293
    ],
    "NestedTensor + SDPA": [
      8.92483,
      8.90288,
      8.82074,
      16.99715,
      16.85914,
      16.73626
    ],
    "Triton Ragged (ours)": [
      0.13619,
      0.04096,
      0.01536,
      0.33597,
      0.07885,
      0.02662
    ],
    "FlashAttention-2 (varlen)": [
      0.11264,
      0.03686,
      0.03315,
      0.25293,
      0.07168,
      0.05939
    ]
  },
  "p95": {
    "SDPA (math, padded)": [
      5.9169,
      3.17322,
      2.59718,
      11.38586,
      6.38358,
      4.76541
    ],
    "SDPA (efficient, padded)": [
      2.70029,
      2.48627,
      2.40026,
      4.81981,
      4.56704,
      4.23834
    ],
    "SDPA (flash, padded)": [
      2.60026,
      2.46067,
      2.37466,
      4.65101,
      4.60698,
      4.25958
    ],
    "NestedTensor + SDPA": [
      9.84986,
      9.76282,
      9.6809,
      18.42608,
      18.1615,
      18.2192
    ],
    "Triton Ragged (ours)": [
      0.13824,
      0.04301,
      0.02662,
      0.35021,
      0.0799,
      0.0279
    ],
    "FlashAttention-2 (varlen)": [
      0.12493,
      0.05222,
      0.05632,
      0.27034,
      0.07475,
      0.06144
    ]
  }
}