{
  "gpu": "NVIDIA RTX 4000 Ada Generation",
  "sm": "SM89",
  "timing": "cuda_events_median_ms",
  "warmup": 50,
  "jit_warmup": 150,
  "iters": 300,
  "configs": [
    "BS=32, 0% pruned",
    "BS=32, 50% pruned",
    "BS=32, 80% pruned",
    "BS=64, 0% pruned",
    "BS=64, 50% pruned",
    "BS=64, 80% pruned"
  ],
  "kernels": {
    "SDPA (math, padded)": [
      5.34667,
      2.57946,
      2.14653,
      10.75317,
      5.93222,
      4.16666
    ],
    "SDPA (efficient, padded)": [
      2.2487,
      1.96538,
      1.89754,
      4.1812,
      4.13992,
      3.81952
    ],
    "SDPA (flash, padded)": [
      2.12254,
      1.90701,
      1.9037,
      3.98702,
      3.93893,
      3.87938
    ],
    "NestedTensor + SDPA": [
      9.27358,
      9.30926,
      9.13258,
      17.51219,
      17.2985,
      17.16254
    ],
    "Triton Ragged (ours)": [
      0.13619,
      0.04198,
      0.02266,
      0.34304,
      0.07987,
      0.02765
    ],
    "FlashAttention-2 (varlen)": [
      0.11162,
      0.0553,
      0.0512,
      0.26624,
      0.07168,
      0.06042
    ]
  },
  "p5": {
    "SDPA (math, padded)": [
      5.31968,
      2.56614,
      2.07635,
      10.62093,
      5.7848,
      4.07245
    ],
    "SDPA (efficient, padded)": [
      2.23648,
      1.89238,
      1.82682,
      4.10317,
      4.01306,
      3.80314
    ],
    "SDPA (flash, padded)": [
      2.10304,
      1.8391,
      1.83363,
      3.96368,
      3.91786,
      3.81542
    ],
    "NestedTensor + SDPA": [
      9.18115,
      9.10838,
      8.92928,
      17.29562,
      17.08368,
      16.89395
    ],
    "Triton Ragged (ours)": [
      0.13517,
      0.04109,
      0.02253,
      0.33178,
      0.07885,
      0.02662
    ],
    "FlashAttention-2 (varlen)": [
      0.11059,
      0.05325,
      0.04915,
      0.25395,
      0.07066,
      0.05939
    ]
  },
  "p95": {
    "SDPA (math, padded)": [
      5.4272,
      2.65302,
      2.15757,
      10.8439,
      5.9791,
      4.3223
    ],
    "SDPA (efficient, padded)": [
      2.2825,
      1.97632,
      1.90771,
      4.38285,
      4.16166,
      3.96467
    ],
    "SDPA (flash, padded)": [
      2.19005,
      1.92109,
      1.91405,
      4.19677,
      4.07958,
      3.97501
    ],
    "NestedTensor + SDPA": [
      9.74038,
      9.66957,
      9.65955,
      18.38106,
      18.27942,
      17.81926
    ],
    "Triton Ragged (ours)": [
      0.13722,
      0.04301,
      0.02458,
      0.34611,
      0.0799,
      0.02781
    ],
    "FlashAttention-2 (varlen)": [
      0.11264,
      0.05734,
      0.05325,
      0.26957,
      0.0719,
      0.06144
    ]
  }
}