{
  "gpu": "NVIDIA RTX 4000 Ada Generation",
  "sm": "SM89",
  "timing": "cuda_events_median_ms",
  "warmup": 50,
  "jit_warmup": 150,
  "iters": 300,
  "configs": [
    "BS=32, 0% pruned",
    "BS=32, 50% pruned",
    "BS=32, 80% pruned",
    "BS=64, 0% pruned",
    "BS=64, 50% pruned",
    "BS=64, 80% pruned"
  ],
  "kernels": {
    "SDPA (math, padded)": [
      5.28077,
      2.57024,
      2.0736,
      10.66074,
      5.75936,
      4.20976
    ],
    "SDPA (efficient, padded)": [
      2.11256,
      1.88928,
      1.82717,
      4.16048,
      3.86654,
      3.81778
    ],
    "SDPA (flash, padded)": [
      1.99782,
      1.84872,
      1.79858,
      3.98245,
      3.69357,
      3.83101
    ],
    "NestedTensor + SDPA": [
      9.03253,
      8.91733,
      8.89144,
      16.9765,
      16.79232,
      16.73669
    ],
    "Triton Ragged (ours)": [
      0.13619,
      0.04198,
      0.02355,
      0.34304,
      0.07987,
      0.02765
    ],
    "FlashAttention-2 (varlen)": [
      0.11162,
      0.04915,
      0.04915,
      0.25907,
      0.07168,
      0.06042
    ]
  },
  "p5": {
    "SDPA (math, padded)": [
      5.22957,
      2.55818,
      2.03997,
      10.60762,
      5.64634,
      4.06426
    ],
    "SDPA (efficient, padded)": [
      2.08077,
      1.88102,
      1.81722,
      4.0817,
      3.76422,
      3.52339
    ],
    "SDPA (flash, padded)": [
      1.98454,
      1.83603,
      1.78714,
      3.9639,
      3.63174,
      3.7736
    ],
    "NestedTensor + SDPA": [
      8.94627,
      8.79101,
      8.80118,
      16.62957,
      16.67789,
      16.61645
    ],
    "Triton Ragged (ours)": [
      0.13517,
      0.04096,
      0.02253,
      0.33178,
      0.07885,
      0.02765
    ],
    "FlashAttention-2 (varlen)": [
      0.11059,
      0.04749,
      0.0471,
      0.25293,
      0.07066,
      0.06042
    ]
  },
  "p95": {
    "SDPA (math, padded)": [
      5.35245,
      2.59341,
      2.08778,
      10.71901,
      5.84912,
      4.23629
    ],
    "SDPA (efficient, padded)": [
      2.13094,
      1.9591,
      1.83994,
      4.22784,
      3.92365,
      3.96186
    ],
    "SDPA (flash, padded)": [
      2.06438,
      1.91789,
      1.8313,
      4.12038,
      3.83184,
      3.95878
    ],
    "NestedTensor + SDPA": [
      9.49066,
      9.33478,
      9.31738,
      17.87632,
      17.60138,
      17.71936
    ],
    "Triton Ragged (ours)": [
      0.13722,
      0.04301,
      0.02458,
      0.34611,
      0.07987,
      0.02867
    ],
    "FlashAttention-2 (varlen)": [
      0.11264,
      0.05222,
      0.0512,
      0.27034,
      0.0727,
      0.06144
    ]
  }
}