{
  "gpu": "NVIDIA RTX 4000 Ada Generation",
  "sm": "SM89",
  "timing": "cuda_events_median_ms",
  "warmup": 50,
  "jit_warmup": 150,
  "iters": 300,
  "configs": [
    "BS=32, 0% pruned",
    "BS=32, 50% pruned",
    "BS=32, 80% pruned",
    "BS=64, 0% pruned",
    "BS=64, 50% pruned",
    "BS=64, 80% pruned"
  ],
  "kernels": {
    "SDPA (math, padded)": [
      5.28282,
      2.6409,
      2.07213,
      10.61592,
      5.7075,
      4.18699
    ],
    "SDPA (efficient, padded)": [
      2.1257,
      1.95915,
      1.83253,
      4.29363,
      3.75422,
      3.78461
    ],
    "SDPA (flash, padded)": [
      1.99752,
      1.83898,
      1.83398,
      4.09206,
      3.80693,
      3.584
    ],
    "NestedTensor + SDPA": [
      9.21608,
      9.17186,
      9.0495,
      17.41957,
      17.13613,
      17.14899
    ],
    "Triton Ragged (ours)": [
      0.13619,
      0.04198,
      0.02355,
      0.34202,
      0.07987,
      0.02765
    ],
    "FlashAttention-2 (varlen)": [
      0.11162,
      0.05243,
      0.05018,
      0.26624,
      0.07168,
      0.0607
    ]
  },
  "p5": {
    "SDPA (math, padded)": [
      5.22688,
      2.56522,
      2.06131,
      10.53901,
      5.59318,
      4.03661
    ],
    "SDPA (efficient, padded)": [
      2.10867,
      1.88291,
      1.82074,
      4.14429,
      3.74067,
      3.55907
    ],
    "SDPA (flash, padded)": [
      1.98758,
      1.82989,
      1.81974,
      3.95533,
      3.6801,
      3.5328
    ],
    "NestedTensor + SDPA": [
      9.13898,
      9.03885,
      8.99277,
      17.21888,
      16.98646,
      16.78426
    ],
    "Triton Ragged (ours)": [
      0.13517,
      0.04096,
      0.02253,
      0.33075,
      0.07885,
      0.02765
    ],
    "FlashAttention-2 (varlen)": [
      0.11059,
      0.0512,
      0.04915,
      0.2519,
      0.07066,
      0.06042
    ]
  },
  "p95": {
    "SDPA (math, padded)": [
      5.39536,
      2.6879,
      2.1841,
      10.67622,
      5.78765,
      4.38493
    ],
    "SDPA (efficient, padded)": [
      2.18912,
      2.00592,
      1.90275,
      4.3767,
      3.89034,
      4.57517
    ],
    "SDPA (flash, padded)": [
      2.06762,
      1.90365,
      1.90179,
      4.11126,
      3.89632,
      3.70688
    ],
    "NestedTensor + SDPA": [
      9.64902,
      11.85178,
      9.4976,
      18.3583,
      17.87802,
      18.04922
    ],
    "Triton Ragged (ours)": [
      0.13722,
      0.04237,
      0.02458,
      0.34406,
      0.07987,
      0.02867
    ],
    "FlashAttention-2 (varlen)": [
      0.11264,
      0.0553,
      0.05325,
      0.26829,
      0.0727,
      0.06144
    ]
  }
}