{
  "gpu": "NVIDIA RTX 4000 Ada Generation",
  "sm": "SM89",
  "timing": "cuda_events_median_ms",
  "warmup": 50,
  "jit_warmup": 150,
  "iters": 300,
  "configs": [
    "BS=32, 0% pruned",
    "BS=32, 50% pruned",
    "BS=32, 80% pruned",
    "BS=64, 0% pruned",
    "BS=64, 50% pruned",
    "BS=64, 80% pruned"
  ],
  "kernels": {
    "SDPA (math, padded)": [
      5.28797,
      2.56931,
      2.13098,
      10.63131,
      5.79482,
      4.04875
    ],
    "SDPA (efficient, padded)": [
      2.11046,
      1.94048,
      1.88826,
      4.13152,
      3.86632,
      3.5584
    ],
    "SDPA (flash, padded)": [
      2.05722,
      1.84627,
      1.82067,
      3.94445,
      3.6608,
      3.76165
    ],
    "NestedTensor + SDPA": [
      9.21094,
      8.72003,
      9.10757,
      16.60885,
      16.75218,
      16.34957
    ],
    "Triton Ragged (ours)": [
      0.13619,
      0.04198,
      0.0247,
      0.34307,
      0.07987,
      0.02765
    ],
    "FlashAttention-2 (varlen)": [
      0.11162,
      0.04813,
      0.05018,
      0.26624,
      0.07168,
      0.06042
    ]
  },
  "p5": {
    "SDPA (math, padded)": [
      5.27155,
      2.5505,
      2.05235,
      10.57792,
      5.64637,
      4.02333
    ],
    "SDPA (efficient, padded)": [
      2.09408,
      1.86061,
      1.81955,
      4.08445,
      3.73248,
      3.54099
    ],
    "SDPA (flash, padded)": [
      1.98554,
      1.82067,
      1.75098,
      3.91782,
      3.63952,
      3.69066
    ],
    "NestedTensor + SDPA": [
      8.77978,
      8.64666,
      8.66531,
      16.20198,
      16.05622,
      16.15974
    ],
    "Triton Ragged (ours)": [
      0.13517,
      0.04096,
      0.02458,
      0.33178,
      0.07885,
      0.02662
    ],
    "FlashAttention-2 (varlen)": [
      0.11059,
      0.04646,
      0.04813,
      0.25702,
      0.07066,
      0.05939
    ]
  },
  "p95": {
    "SDPA (math, padded)": [
      5.36138,
      2.60202,
      2.14221,
      10.72947,
      5.88186,
      4.21683
    ],
    "SDPA (efficient, padded)": [
      2.17715,
      1.96083,
      1.8985,
      4.26906,
      3.88845,
      3.70381
    ],
    "SDPA (flash, padded)": [
      2.06746,
      1.85754,
      2.62064,
      3.97514,
      3.68006,
      3.78326
    ],
    "NestedTensor + SDPA": [
      9.45011,
      9.19421,
      9.36627,
      17.4407,
      17.61485,
      17.16496
    ],
    "Triton Ragged (ours)": [
      0.13722,
      0.04301,
      0.02598,
      0.34714,
      0.07987,
      0.02787
    ],
    "FlashAttention-2 (varlen)": [
      0.11264,
      0.05053,
      0.05325,
      0.26726,
      0.07197,
      0.06144
    ]
  }
}