{
  "batch_sizes": [
    1,
    4,
    8,
    16,
    32
  ],
  "unpruned": [
    33.3842384212701,
    36.67436890942987,
    41.505640501768255,
    42.73286217661951,
    42.55455217908941
  ],
  "pytorch_pruned": [
    30.981516156089487,
    34.08155855197095,
    38.198539095724165,
    39.330718616411744,
    40.137917260310395
  ],
  "triton_ragged": [
    47.277323030658465,
    53.9372880762886,
    57.197407879609216,
    61.971727504039336,
    63.28974339622975
  ],
  "dynamicvit_pytorch": [
    30.258397699340442,
    33.38397660328294,
    37.700270688748994,
    38.80018828823678,
    39.512327389864616
  ],
  "dynamicvit_triton": [
    45.04915689664999,
    52.923004975472736,
    55.632658881907986,
    60.53121440145846,
    62.34585947005451
  ],
  "evit_pytorch": [
    30.833538924737773,
    33.56257569340436,
    37.93888728689413,
    39.421651458007005,
    39.95351624433342
  ],
  "evit_triton": [
    45.943493149493456,
    53.57043685828708,
    56.65631782459904,
    61.475037978236095,
    62.95520788542756
  ],
  "ats_pytorch": [
    30.443779163671223,
    33.810362972505764,
    38.14949240676531,
    39.33718357406056,
    39.879125109615984
  ],
  "ats_triton": [
    45.11545238260832,
    53.40907151280331,
    56.54581249474773,
    60.68872116377885,
    61.40881237701255
  ],
  "tome_pytorch": [
    30.27389729131433,
    37.44674329082919,
    40.597700601159254,
    42.89297514611961,
    44.228339560864974
  ]
}