{
  "numerical_equivalence": {
    "Threshold-L2": {
      "max_abs_diff": 0.007812,
      "mean_abs_diff": 0.000735,
      "predictions_match": true
    },
    "DynamicViT": {
      "max_abs_diff": 0.007812,
      "mean_abs_diff": 0.000788,
      "predictions_match": true
    },
    "EViT": {
      "max_abs_diff": 0.005859,
      "mean_abs_diff": 0.000787,
      "predictions_match": true
    }
  },
  "pareto": {
    "ratios": [
      0.0,
      0.25,
      0.5,
      0.75,
      0.9
    ],
    "variants": {
      "Unpruned DeiT-S": {
        "top1": [
          79.7,
          79.7,
          79.7,
          79.7,
          79.7
        ],
        "top5": [
          94.4,
          94.4,
          94.4,
          94.4,
          94.4
        ],
        "throughput": [
          41.0,
          41.0,
          41.0,
          41.0,
          41.0
        ]
      },
      "Threshold-L2 \u00b7 PyTorch": {
        "top1": [
          79.7,
          79.3,
          77.8,
          71.4,
          43.9
        ],
        "top5": [
          94.4,
          94.2,
          93.0,
          89.1,
          70.2
        ],
        "throughput": [
          39.0,
          39.1,
          39.3,
          39.6,
          39.1
        ]
      },
      "Threshold-L2 \u00b7 Triton": {
        "top1": [
          79.7,
          79.3,
          77.8,
          71.4,
          43.8
        ],
        "top5": [
          94.4,
          94.2,
          93.0,
          89.1,
          70.2
        ],
        "throughput": [
          41.5,
          51.5,
          61.8,
          81.7,
          102.9
        ]
      },
      "EViT \u00b7 PyTorch": {
        "top1": [
          79.7,
          79.2,
          77.1,
          69.8,
          46.5
        ],
        "top5": [
          94.4,
          94.4,
          93.9,
          88.9,
          68.7
        ],
        "throughput": [
          39.2,
          39.2,
          39.2,
          39.5,
          39.1
        ]
      },
      "EViT \u00b7 Triton": {
        "top1": [
          79.7,
          79.2,
          77.2,
          69.8,
          46.5
        ],
        "top5": [
          94.4,
          94.4,
          93.9,
          88.9,
          68.7
        ],
        "throughput": [
          40.9,
          50.9,
          61.5,
          81.3,
          101.6
        ]
      },
      "ATS \u00b7 PyTorch": {
        "top1": [
          79.7,
          79.5,
          77.9,
          70.3,
          47.3
        ],
        "top5": [
          94.4,
          94.3,
          93.8,
          88.5,
          71.9
        ],
        "throughput": [
          39.1,
          39.6,
          39.6,
          39.2,
          39.3
        ]
      },
      "ATS \u00b7 Triton": {
        "top1": [
          79.7,
          79.5,
          77.9,
          70.3,
          47.4
        ],
        "top5": [
          94.4,
          94.3,
          93.8,
          88.5,
          71.9
        ],
        "throughput": [
          41.2,
          50.3,
          61.2,
          80.4,
          102.2
        ]
      },
      "ToMe \u00b7 PyTorch": {
        "top1": [
          79.7,
          79.4,
          79.8,
          77.9,
          77.0
        ],
        "top5": [
          94.4,
          94.0,
          94.1,
          93.2,
          91.9
        ],
        "throughput": [
          41.4,
          39.7,
          43.9,
          49.0,
          53.4
        ]
      }
    }
  }
}