{
  "gpu": "NVIDIA RTX 4000 Ada Generation",
  "sm": "SM89",
  "timing": "cuda_events_median_ms",
  "warmup": 50,
  "jit_warmup": 150,
  "iters": 300,
  "configs": [
    "BS=32, 0% pruned",
    "BS=32, 50% pruned",
    "BS=32, 80% pruned",
    "BS=64, 0% pruned",
    "BS=64, 50% pruned",
    "BS=64, 80% pruned"
  ],
  "kernels": {
    "SDPA (math, padded)": [
      5.36098,
      2.60742,
      2.08014,
      10.85552,
      5.68131,
      4.04101
    ],
    "SDPA (efficient, padded)": [
      2.23027,
      1.99318,
      1.92904,
      4.38843,
      3.73766,
      3.54334
    ],
    "SDPA (flash, padded)": [
      2.09923,
      1.95555,
      1.99885,
      4.1765,
      3.66525,
      3.55275
    ],
    "NestedTensor + SDPA": [
      9.09816,
      8.75213,
      8.72715,
      16.65058,
      17.18682,
      16.38554
    ],
    "Triton Ragged (ours)": [
      0.13619,
      0.04198,
      0.02355,
      0.34509,
      0.07987,
      0.02765
    ],
    "FlashAttention-2 (varlen)": [
      0.11162,
      0.04813,
      0.04813,
      0.25426,
      0.07168,
      0.06042
    ]
  },
  "p5": {
    "SDPA (math, padded)": [
      5.28979,
      2.57946,
      2.06541,
      10.78714,
      5.63094,
      3.98032
    ],
    "SDPA (efficient, padded)": [
      2.21702,
      1.96093,
      1.8432,
      4.36531,
      3.67747,
      3.47229
    ],
    "SDPA (flash, padded)": [
      2.06938,
      1.93978,
      1.85994,
      3.95226,
      3.58198,
      3.47206
    ],
    "NestedTensor + SDPA": [
      8.76298,
      8.52378,
      8.59421,
      16.54045,
      16.13312,
      16.26214
    ],
    "Triton Ragged (ours)": [
      0.13517,
      0.04096,
      0.02253,
      0.33178,
      0.07885,
      0.02662
    ],
    "FlashAttention-2 (varlen)": [
      0.11059,
      0.04643,
      0.0471,
      0.25293,
      0.07066,
      0.05939
    ]
  },
  "p95": {
    "SDPA (math, padded)": [
      5.41984,
      2.6784,
      2.16285,
      10.95712,
      5.76013,
      4.06221
    ],
    "SDPA (efficient, padded)": [
      2.2999,
      2.00602,
      1.95686,
      4.53251,
      3.77139,
      3.56454
    ],
    "SDPA (flash, padded)": [
      2.11152,
      2.02362,
      2.01018,
      4.32538,
      3.72541,
      3.61683
    ],
    "NestedTensor + SDPA": [
      9.29898,
      9.17402,
      9.05306,
      17.38838,
      17.67635,
      17.55955
    ],
    "Triton Ragged (ours)": [
      0.13722,
      0.04224,
      0.02458,
      0.34714,
      0.08013,
      0.02781
    ],
    "FlashAttention-2 (varlen)": [
      0.12288,
      0.0512,
      0.05018,
      0.2695,
      0.07309,
      0.06144
    ]
  }
}