{
  "gpu": "NVIDIA RTX 4000 Ada Generation",
  "sm": "SM89",
  "timing": "cuda_events_median_ms",
  "warmup": 50,
  "jit_warmup": 150,
  "iters": 300,
  "configs": [
    "BS=32, 0% pruned",
    "BS=32, 50% pruned",
    "BS=32, 80% pruned",
    "BS=64, 0% pruned",
    "BS=64, 50% pruned",
    "BS=64, 80% pruned"
  ],
  "kernels": {
    "SDPA (math, padded)": [
      5.30842,
      2.57024,
      2.07565,
      10.66643,
      5.78112,
      4.0519
    ],
    "SDPA (efficient, padded)": [
      2.0867,
      1.88498,
      1.83074,
      4.50723,
      3.76026,
      3.56437
    ],
    "SDPA (flash, padded)": [
      2.00192,
      1.85133,
      1.8217,
      4.20661,
      3.69659,
      3.58216
    ],
    "NestedTensor + SDPA": [
      9.21907,
      8.76397,
      8.7113,
      16.75466,
      16.56469,
      16.4536
    ],
    "Triton Ragged (ours)": [
      0.13619,
      0.04198,
      0.02458,
      0.34406,
      0.07987,
      0.02765
    ],
    "FlashAttention-2 (varlen)": [
      0.11162,
      0.0471,
      0.05018,
      0.25498,
      0.07107,
      0.06042
    ]
  },
  "p5": {
    "SDPA (math, padded)": [
      5.2671,
      2.5593,
      2.06259,
      10.58525,
      5.66579,
      3.98307
    ],
    "SDPA (efficient, padded)": [
      2.07453,
      1.87802,
      1.82093,
      4.3776,
      3.70483,
      3.54586
    ],
    "SDPA (flash, padded)": [
      1.96205,
      1.8351,
      1.78688,
      4.13402,
      3.68509,
      3.51811
    ],
    "NestedTensor + SDPA": [
      8.81078,
      8.60803,
      8.58813,
      16.4864,
      16.46461,
      16.30125
    ],
    "Triton Ragged (ours)": [
      0.13517,
      0.04096,
      0.02355,
      0.33178,
      0.07885,
      0.02662
    ],
    "FlashAttention-2 (varlen)": [
      0.11059,
      0.04608,
      0.04826,
      0.25325,
      0.07066,
      0.05939
    ]
  },
  "p95": {
    "SDPA (math, padded)": [
      5.34653,
      2.68349,
      2.14733,
      10.8505,
      5.84909,
      4.0745
    ],
    "SDPA (efficient, padded)": [
      2.09818,
      1.95264,
      1.90054,
      4.57523,
      3.77958,
      3.5831
    ],
    "SDPA (flash, padded)": [
      2.07258,
      1.91907,
      1.83296,
      4.35296,
      3.836,
      3.59814
    ],
    "NestedTensor + SDPA": [
      9.3297,
      9.29357,
      9.15046,
      17.54714,
      17.25952,
      17.24723
    ],
    "Triton Ragged (ours)": [
      0.13722,
      0.0423,
      0.02592,
      0.34714,
      0.07987,
      0.0281
    ],
    "FlashAttention-2 (varlen)": [
      0.11194,
      0.05018,
      0.05325,
      0.256,
      0.072,
      0.06144
    ]
  }
}