{
  "gpu": "NVIDIA RTX 4000 Ada Generation",
  "sm": "SM89",
  "timing": "cuda_events_median_ms",
  "warmup": 50,
  "jit_warmup": 150,
  "iters": 300,
  "configs": [
    "BS=32, 0% pruned",
    "BS=32, 50% pruned",
    "BS=32, 80% pruned",
    "BS=64, 0% pruned",
    "BS=64, 50% pruned",
    "BS=64, 80% pruned"
  ],
  "kernels": {
    "SDPA (math, padded)": [
      5.38136,
      2.67222,
      2.05646,
      10.67469,
      5.7708,
      4.22202
    ],
    "SDPA (efficient, padded)": [
      2.30298,
      2.02035,
      1.84099,
      4.19635,
      3.79595,
      3.5921
    ],
    "SDPA (flash, padded)": [
      2.20166,
      1.9727,
      1.83814,
      4.1419,
      3.7259,
      3.60346
    ],
    "NestedTensor + SDPA": [
      8.9144,
      8.8733,
      8.7827,
      16.85398,
      16.64587,
      16.67584
    ],
    "Triton Ragged (ours)": [
      0.13619,
      0.04198,
      0.0256,
      0.34714,
      0.07987,
      0.02765
    ],
    "FlashAttention-2 (varlen)": [
      0.11162,
      0.0471,
      0.0512,
      0.25907,
      0.07197,
      0.06042
    ]
  },
  "p5": {
    "SDPA (math, padded)": [
      5.3289,
      2.60592,
      2.04669,
      10.62406,
      5.70797,
      4.07552
    ],
    "SDPA (efficient, padded)": [
      2.24998,
      1.9816,
      1.83296,
      4.17181,
      3.77146,
      3.57158
    ],
    "SDPA (flash, padded)": [
      2.18317,
      1.94582,
      1.80931,
      3.95872,
      3.70195,
      3.53485
    ],
    "NestedTensor + SDPA": [
      8.74013,
      8.74496,
      8.63232,
      16.71168,
      16.39306,
      16.41165
    ],
    "Triton Ragged (ours)": [
      0.13517,
      0.04122,
      0.02458,
      0.3369,
      0.07885,
      0.02765
    ],
    "FlashAttention-2 (varlen)": [
      0.11162,
      0.04608,
      0.04915,
      0.25395,
      0.07168,
      0.06042
    ]
  },
  "p95": {
    "SDPA (math, padded)": [
      5.46093,
      2.70256,
      2.09203,
      10.8623,
      5.86355,
      4.30086
    ],
    "SDPA (efficient, padded)": [
      2.36445,
      2.09747,
      1.91469,
      4.40013,
      4.00118,
      3.73786
    ],
    "SDPA (flash, padded)": [
      2.24051,
      1.98861,
      1.84931,
      4.21802,
      3.86048,
      3.62317
    ],
    "NestedTensor + SDPA": [
      9.41363,
      9.24374,
      9.20883,
      18.00771,
      17.81043,
      17.58208
    ],
    "Triton Ragged (ours)": [
      0.13827,
      0.04301,
      0.02662,
      0.35021,
      0.07994,
      0.02867
    ],
    "FlashAttention-2 (varlen)": [
      0.1128,
      0.05018,
      0.05354,
      0.26534,
      0.07293,
      0.06144
    ]
  }
}