{
  "gpu": "NVIDIA RTX 4000 Ada Generation",
  "sm": "SM89",
  "timing": "cuda_events_median_ms",
  "warmup": 50,
  "jit_warmup": 150,
  "iters": 300,
  "configs": [
    "BS=32, 0% pruned",
    "BS=32, 50% pruned",
    "BS=32, 80% pruned",
    "BS=64, 0% pruned",
    "BS=64, 50% pruned",
    "BS=64, 80% pruned"
  ],
  "kernels": {
    "SDPA (math, padded)": [
      5.40296,
      2.7433,
      2.14317,
      10.63235,
      5.71802,
      4.05094
    ],
    "SDPA (efficient, padded)": [
      2.21786,
      2.06411,
      1.9065,
      4.1473,
      3.76813,
      3.56147
    ],
    "SDPA (flash, padded)": [
      2.10125,
      1.882,
      1.83187,
      3.96368,
      3.68947,
      3.57291
    ],
    "NestedTensor + SDPA": [
      8.82688,
      8.71008,
      8.73362,
      17.48616,
      17.16166,
      16.43144
    ],
    "Triton Ragged (ours)": [
      0.13517,
      0.04198,
      0.02458,
      0.34406,
      0.07987,
      0.02765
    ],
    "FlashAttention-2 (varlen)": [
      0.11162,
      0.0471,
      0.0512,
      0.26829,
      0.07168,
      0.06042
    ]
  },
  "p5": {
    "SDPA (math, padded)": [
      5.3607,
      2.66941,
      2.03469,
      10.58694,
      5.67706,
      4.03629
    ],
    "SDPA (efficient, padded)": [
      2.20448,
      1.98861,
      1.89747,
      4.08045,
      3.75277,
      3.54886
    ],
    "SDPA (flash, padded)": [
      2.08998,
      1.79229,
      1.82397,
      3.94746,
      3.67613,
      3.56067
    ],
    "NestedTensor + SDPA": [
      8.76522,
      8.50432,
      8.67296,
      16.59395,
      16.45056,
      16.06246
    ],
    "Triton Ragged (ours)": [
      0.13414,
      0.04122,
      0.02355,
      0.33194,
      0.07885,
      0.02662
    ],
    "FlashAttention-2 (varlen)": [
      0.11059,
      0.04608,
      0.04915,
      0.25322,
      0.07066,
      0.05939
    ]
  },
  "p95": {
    "SDPA (math, padded)": [
      5.46304,
      2.75661,
      2.19536,
      10.7375,
      5.90336,
      4.07315
    ],
    "SDPA (efficient, padded)": [
      2.29376,
      2.07462,
      1.94867,
      4.1687,
      3.78778,
      3.70406
    ],
    "SDPA (flash, padded)": [
      2.1737,
      1.94669,
      1.90464,
      4.1063,
      3.70858,
      3.70064
    ],
    "NestedTensor + SDPA": [
      9.27437,
      8.77568,
      9.21466,
      17.99594,
      17.82138,
      17.31174
    ],
    "Triton Ragged (ours)": [
      0.13619,
      0.04234,
      0.02662,
      0.34714,
      0.07987,
      0.02784
    ],
    "FlashAttention-2 (varlen)": [
      0.11264,
      0.05018,
      0.05325,
      0.27136,
      0.07373,
      0.06144
    ]
  }
}