{
  "gpu": "NVIDIA RTX 4000 Ada Generation",
  "sm": "SM89",
  "timing": "cuda_events_median_ms",
  "warmup": 50,
  "jit_warmup": 150,
  "iters": 300,
  "configs": [
    "BS=32, 0% pruned",
    "BS=32, 50% pruned",
    "BS=32, 80% pruned",
    "BS=64, 0% pruned",
    "BS=64, 50% pruned",
    "BS=64, 80% pruned"
  ],
  "kernels": {
    "SDPA (math, padded)": [
      5.36582,
      2.64806,
      2.0916,
      11.14107,
      5.93758,
      4.27525
    ],
    "SDPA (efficient, padded)": [
      2.12992,
      1.90464,
      1.90094,
      4.44432,
      4.0755,
      3.74256
    ],
    "SDPA (flash, padded)": [
      2.00826,
      1.90718,
      1.84115,
      4.2067,
      4.06328,
      3.73318
    ],
    "NestedTensor + SDPA": [
      9.36658,
      9.14979,
      9.26064,
      17.69987,
      17.5315,
      17.39234
    ],
    "Triton Ragged (ours)": [
      0.13722,
      0.04198,
      0.02355,
      0.34406,
      0.07987,
      0.02765
    ],
    "FlashAttention-2 (varlen)": [
      0.11366,
      0.0512,
      0.04813,
      0.25293,
      0.0727,
      0.06042
    ]
  },
  "p5": {
    "SDPA (math, padded)": [
      5.28602,
      2.57722,
      2.07162,
      10.74602,
      5.74566,
      4.08915
    ],
    "SDPA (efficient, padded)": [
      2.09536,
      1.88086,
      1.82982,
      4.2544,
      3.87699,
      3.59021
    ],
    "SDPA (flash, padded)": [
      1.98451,
      1.8464,
      1.82851,
      4.10858,
      3.85552,
      3.56566
    ],
    "NestedTensor + SDPA": [
      8.92611,
      8.84122,
      8.80026,
      16.9511,
      16.77312,
      16.69939
    ],
    "Triton Ragged (ours)": [
      0.13619,
      0.04198,
      0.02253,
      0.33587,
      0.07885,
      0.02662
    ],
    "FlashAttention-2 (varlen)": [
      0.11264,
      0.05018,
      0.03277,
      0.2519,
      0.07168,
      0.05939
    ]
  },
  "p95": {
    "SDPA (math, padded)": [
      5.89926,
      3.16109,
      2.65658,
      11.45165,
      6.49626,
      4.83104
    ],
    "SDPA (efficient, padded)": [
      2.69414,
      2.44288,
      2.41539,
      4.98474,
      4.60698,
      4.28957
    ],
    "SDPA (flash, padded)": [
      2.56013,
      2.44429,
      2.3336,
      4.82608,
      4.66534,
      4.29978
    ],
    "NestedTensor + SDPA": [
      9.87562,
      9.69702,
      9.74541,
      18.31914,
      18.12371,
      18.07322
    ],
    "Triton Ragged (ours)": [
      0.14234,
      0.04301,
      0.02467,
      0.34714,
      0.07994,
      0.02784
    ],
    "FlashAttention-2 (varlen)": [
      0.11674,
      0.05427,
      0.0512,
      0.26624,
      0.07475,
      0.06144
    ]
  }
}