{
  "gpu": "NVIDIA RTX 4000 Ada Generation",
  "sm": "SM89",
  "timing": "cuda_events_median_ms",
  "warmup": 50,
  "jit_warmup": 150,
  "iters": 300,
  "configs": [
    "BS=32, 0% pruned",
    "BS=32, 50% pruned",
    "BS=32, 80% pruned",
    "BS=64, 0% pruned",
    "BS=64, 50% pruned",
    "BS=64, 80% pruned"
  ],
  "kernels": {
    "SDPA (math, padded)": [
      5.36365,
      2.58152,
      2.07435,
      10.66786,
      5.70474,
      4.07758
    ],
    "SDPA (efficient, padded)": [
      2.1289,
      1.89429,
      1.83376,
      4.17803,
      3.78371,
      3.72134
    ],
    "SDPA (flash, padded)": [
      2.06336,
      1.87189,
      1.83085,
      4.11547,
      3.70859,
      3.59731
    ],
    "NestedTensor + SDPA": [
      9.06349,
      8.95826,
      8.92406,
      17.02898,
      16.87843,
      16.73939
    ],
    "Triton Ragged (ours)": [
      0.13517,
      0.04198,
      0.02458,
      0.34304,
      0.07987,
      0.02765
    ],
    "FlashAttention-2 (varlen)": [
      0.11264,
      0.04915,
      0.04813,
      0.26214,
      0.07168,
      0.06042
    ]
  },
  "p5": {
    "SDPA (math, padded)": [
      5.28282,
      2.56717,
      2.06477,
      10.59942,
      5.67808,
      4.05622
    ],
    "SDPA (efficient, padded)": [
      2.1144,
      1.85978,
      1.82682,
      4.15437,
      3.77242,
      3.5801
    ],
    "SDPA (flash, padded)": [
      1.99699,
      1.8,
      1.82477,
      3.97139,
      3.69328,
      3.58298
    ],
    "NestedTensor + SDPA": [
      8.98896,
      8.88528,
      8.85043,
      16.63194,
      16.4864,
      16.43763
    ],
    "Triton Ragged (ours)": [
      0.13414,
      0.04096,
      0.02355,
      0.33178,
      0.07885,
      0.02765
    ],
    "FlashAttention-2 (varlen)": [
      0.11059,
      0.0471,
      0.0471,
      0.25293,
      0.07066,
      0.05958
    ]
  },
  "p95": {
    "SDPA (math, padded)": [
      5.41622,
      2.65686,
      2.13946,
      10.7817,
      5.90749,
      4.2185
    ],
    "SDPA (efficient, padded)": [
      2.19955,
      1.91078,
      1.8424,
      4.31718,
      3.80723,
      3.73997
    ],
    "SDPA (flash, padded)": [
      2.07702,
      1.92512,
      1.8392,
      4.19734,
      3.84819,
      3.73539
    ],
    "NestedTensor + SDPA": [
      9.66688,
      9.42387,
      9.3952,
      18.36646,
      17.75293,
      17.35389
    ],
    "Triton Ragged (ours)": [
      0.13722,
      0.0424,
      0.0256,
      0.34611,
      0.07987,
      0.02867
    ],
    "FlashAttention-2 (varlen)": [
      0.11366,
      0.05229,
      0.05222,
      0.27034,
      0.0727,
      0.06144
    ]
  }
}