{
  "gpu": "NVIDIA RTX 4000 Ada Generation",
  "sm": "SM89",
  "timing": "cuda_events_median_ms",
  "warmup": 50,
  "jit_warmup": 150,
  "iters": 300,
  "configs": [
    "BS=32, 0% pruned",
    "BS=32, 50% pruned",
    "BS=32, 80% pruned",
    "BS=64, 0% pruned",
    "BS=64, 50% pruned",
    "BS=64, 80% pruned"
  ],
  "kernels": {
    "SDPA (math, padded)": [
      5.37933,
      2.60965,
      2.14778,
      10.86976,
      5.7657,
      4.20448
    ],
    "SDPA (efficient, padded)": [
      2.26456,
      1.90054,
      1.90533,
      4.31854,
      3.87699,
      3.70211
    ],
    "SDPA (flash, padded)": [
      2.15904,
      1.91725,
      1.83851,
      3.98851,
      3.74528,
      3.72442
    ],
    "NestedTensor + SDPA": [
      9.0976,
      9.16314,
      9.13066,
      17.20166,
      17.34554,
      17.1375
    ],
    "Triton Ragged (ours)": [
      0.13824,
      0.04198,
      0.02458,
      0.34611,
      0.07987,
      0.02765
    ],
    "FlashAttention-2 (varlen)": [
      0.11366,
      0.05018,
      0.04835,
      0.26829,
      0.0727,
      0.06042
    ]
  },
  "p5": {
    "SDPA (math, padded)": [
      5.30762,
      2.5344,
      2.07062,
      10.62528,
      5.67827,
      4.06102
    ],
    "SDPA (efficient, padded)": [
      2.19955,
      1.84934,
      1.83165,
      4.16234,
      3.74989,
      3.5121
    ],
    "SDPA (flash, padded)": [
      2.06131,
      1.84147,
      1.78986,
      3.92192,
      3.67821,
      3.58499
    ],
    "NestedTensor + SDPA": [
      8.828,
      8.76227,
      8.73267,
      16.75574,
      16.55501,
      16.44749
    ],
    "Triton Ragged (ours)": [
      0.13619,
      0.04198,
      0.01536,
      0.33587,
      0.07885,
      0.02662
    ],
    "FlashAttention-2 (varlen)": [
      0.11264,
      0.0471,
      0.03277,
      0.25293,
      0.07168,
      0.05939
    ]
  },
  "p95": {
    "SDPA (math, padded)": [
      5.94349,
      3.14595,
      2.7023,
      11.35277,
      6.30365,
      4.77258
    ],
    "SDPA (efficient, padded)": [
      2.79523,
      2.46269,
      2.4063,
      4.87834,
      4.43382,
      4.25882
    ],
    "SDPA (flash, padded)": [
      2.65107,
      2.48317,
      2.31869,
      4.62438,
      4.35126,
      4.29174
    ],
    "NestedTensor + SDPA": [
      9.69194,
      9.59386,
      9.6215,
      17.7888,
      17.95789,
      17.7431
    ],
    "Triton Ragged (ours)": [
      0.14131,
      0.04301,
      0.0256,
      0.35021,
      0.07987,
      0.02784
    ],
    "FlashAttention-2 (varlen)": [
      0.11878,
      0.05334,
      0.05325,
      0.27034,
      0.07517,
      0.06144
    ]
  }
}