{
  "gpu": "NVIDIA RTX 4000 Ada Generation",
  "sm": "SM89",
  "timing": "cuda_events_median_ms",
  "warmup": 50,
  "jit_warmup": 150,
  "iters": 300,
  "configs": [
    "BS=32, 0% pruned",
    "BS=32, 50% pruned",
    "BS=32, 80% pruned",
    "BS=64, 0% pruned",
    "BS=64, 50% pruned",
    "BS=64, 80% pruned"
  ],
  "kernels": {
    "SDPA (math, padded)": [
      5.33512,
      2.59482,
      2.07821,
      10.85901,
      5.9087,
      4.0299
    ],
    "SDPA (efficient, padded)": [
      2.22954,
      1.99475,
      1.93453,
      4.37661,
      4.1257,
      3.54518
    ],
    "SDPA (flash, padded)": [
      2.11456,
      1.94571,
      1.93536,
      4.26771,
      4.03963,
      3.57349
    ],
    "NestedTensor + SDPA": [
      9.2663,
      8.84261,
      8.8659,
      16.97842,
      16.65578,
      16.59174
    ],
    "Triton Ragged (ours)": [
      0.13619,
      0.04198,
      0.02458,
      0.34509,
      0.07987,
      0.02765
    ],
    "FlashAttention-2 (varlen)": [
      0.11162,
      0.04813,
      0.04813,
      0.26829,
      0.07168,
      0.06042
    ]
  },
  "p5": {
    "SDPA (math, padded)": [
      5.28406,
      2.57126,
      2.06438,
      10.75507,
      5.77859,
      3.96493
    ],
    "SDPA (efficient, padded)": [
      2.19546,
      1.97939,
      1.92134,
      4.3609,
      4.10819,
      3.52666
    ],
    "SDPA (flash, padded)": [
      2.10416,
      1.91898,
      1.90259,
      4.17485,
      3.67923,
      3.54918
    ],
    "NestedTensor + SDPA": [
      8.85824,
      8.7647,
      8.77558,
      16.76419,
      16.27936,
      16.19968
    ],
    "Triton Ragged (ours)": [
      0.13517,
      0.04096,
      0.02355,
      0.3328,
      0.07885,
      0.02662
    ],
    "FlashAttention-2 (varlen)": [
      0.11059,
      0.04608,
      0.0471,
      0.25293,
      0.07066,
      0.05939
    ]
  },
  "p95": {
    "SDPA (math, padded)": [
      5.44563,
      2.66669,
      2.09728,
      11.03338,
      5.94022,
      4.05574
    ],
    "SDPA (efficient, padded)": [
      2.24848,
      2.00637,
      1.9456,
      4.39501,
      4.19536,
      3.67309
    ],
    "SDPA (flash, padded)": [
      2.12582,
      1.95965,
      1.94858,
      4.34403,
      4.06221,
      3.70176
    ],
    "NestedTensor + SDPA": [
      9.57005,
      9.25168,
      9.48592,
      17.75091,
      17.25651,
      17.62294
    ],
    "Triton Ragged (ours)": [
      0.13722,
      0.04301,
      0.0256,
      0.34714,
      0.08003,
      0.02781
    ],
    "FlashAttention-2 (varlen)": [
      0.12186,
      0.05056,
      0.05325,
      0.27034,
      0.07373,
      0.06144
    ]
  }
}