{
  "gpu": "NVIDIA RTX 4000 Ada Generation",
  "sm": "SM89",
  "timing": "cuda_events_median_ms",
  "warmup": 50,
  "jit_warmup": 150,
  "iters": 300,
  "configs": [
    "BS=32, 0% pruned",
    "BS=32, 50% pruned",
    "BS=32, 80% pruned",
    "BS=64, 0% pruned",
    "BS=64, 50% pruned",
    "BS=64, 80% pruned"
  ],
  "kernels": {
    "SDPA (math, padded)": [
      5.33146,
      2.56403,
      2.14426,
      10.62805,
      5.68218,
      4.04643
    ],
    "SDPA (efficient, padded)": [
      2.10842,
      1.87494,
      1.85445,
      4.13286,
      3.88301,
      3.54619
    ],
    "SDPA (flash, padded)": [
      2.00909,
      1.89264,
      1.89046,
      3.97232,
      3.68498,
      3.55653
    ],
    "NestedTensor + SDPA": [
      8.97243,
      9.12226,
      8.8417,
      16.95197,
      16.76458,
      16.70501
    ],
    "Triton Ragged (ours)": [
      0.13619,
      0.04198,
      0.02355,
      0.34406,
      0.0792,
      0.02765
    ],
    "FlashAttention-2 (varlen)": [
      0.11162,
      0.05325,
      0.0471,
      0.26112,
      0.07168,
      0.06042
    ]
  },
  "p5": {
    "SDPA (math, padded)": [
      5.2583,
      2.55386,
      2.08282,
      10.58211,
      5.65744,
      3.97926
    ],
    "SDPA (efficient, padded)": [
      2.09715,
      1.84717,
      1.78307,
      4.06614,
      3.74582,
      3.47949
    ],
    "SDPA (flash, padded)": [
      1.94317,
      1.82589,
      1.81862,
      3.87379,
      3.59731,
      3.47158
    ],
    "NestedTensor + SDPA": [
      8.90778,
      8.80742,
      8.77146,
      16.62051,
      16.64022,
      16.55808
    ],
    "Triton Ragged (ours)": [
      0.13517,
      0.04096,
      0.02253,
      0.33178,
      0.07885,
      0.02765
    ],
    "FlashAttention-2 (varlen)": [
      0.11059,
      0.0512,
      0.04506,
      0.25293,
      0.07066,
      0.05958
    ]
  },
  "p95": {
    "SDPA (math, padded)": [
      5.38419,
      2.57638,
      2.1897,
      10.72845,
      5.80813,
      4.18595
    ],
    "SDPA (efficient, padded)": [
      2.1248,
      1.89133,
      1.89709,
      4.16016,
      3.90029,
      3.56112
    ],
    "SDPA (flash, padded)": [
      2.04698,
      1.90362,
      1.93331,
      4.1032,
      3.72736,
      3.68835
    ],
    "NestedTensor + SDPA": [
      9.0624,
      9.34912,
      9.29712,
      17.85446,
      17.5761,
      17.50634
    ],
    "Triton Ragged (ours)": [
      0.13722,
      0.04301,
      0.02458,
      0.34714,
      0.07987,
      0.02867
    ],
    "FlashAttention-2 (varlen)": [
      0.12288,
      0.0553,
      0.04915,
      0.27034,
      0.072,
      0.06144
    ]
  }
}