{
  "gpu": "NVIDIA RTX 4000 Ada Generation",
  "sm": "SM89",
  "timing": "cuda_events_median_ms",
  "warmup": 50,
  "jit_warmup": 150,
  "iters": 300,
  "configs": [
    "BS=32, 0% pruned",
    "BS=32, 50% pruned",
    "BS=32, 80% pruned",
    "BS=64, 0% pruned",
    "BS=64, 50% pruned",
    "BS=64, 80% pruned"
  ],
  "kernels": {
    "SDPA (math, padded)": [
      5.34011,
      2.59379,
      2.0651,
      10.62186,
      5.75168,
      4.04685
    ],
    "SDPA (efficient, padded)": [
      2.17443,
      2.02613,
      1.82198,
      4.20826,
      3.75866,
      3.55411
    ],
    "SDPA (flash, padded)": [
      2.10528,
      1.95806,
      1.8175,
      4.18816,
      3.68219,
      3.56147
    ],
    "NestedTensor + SDPA": [
      8.86016,
      8.71858,
      8.76237,
      17.41619,
      16.47045,
      16.40034
    ],
    "Triton Ragged (ours)": [
      0.13619,
      0.04198,
      0.0248,
      0.34406,
      0.07987,
      0.02765
    ],
    "FlashAttention-2 (varlen)": [
      0.11162,
      0.04813,
      0.05018,
      0.2643,
      0.07168,
      0.06042
    ]
  },
  "p5": {
    "SDPA (math, padded)": [
      5.27898,
      2.58269,
      2.05546,
      10.58422,
      5.65974,
      4.03354
    ],
    "SDPA (efficient, padded)": [
      2.07142,
      1.99891,
      1.81475,
      4.0704,
      3.6576,
      3.47142
    ],
    "SDPA (flash, padded)": [
      2.0695,
      1.9303,
      1.81037,
      4.1216,
      3.66899,
      3.54816
    ],
    "NestedTensor + SDPA": [
      8.77069,
      8.49306,
      8.68966,
      16.46288,
      16.38691,
      16.0
    ],
    "Triton Ragged (ours)": [
      0.13517,
      0.04096,
      0.02458,
      0.33178,
      0.07885,
      0.02662
    ],
    "FlashAttention-2 (varlen)": [
      0.11059,
      0.04624,
      0.04813,
      0.25293,
      0.07066,
      0.05939
    ]
  },
  "p95": {
    "SDPA (math, padded)": [
      5.4057,
      2.62038,
      2.08384,
      10.75136,
      5.82451,
      4.18624
    ],
    "SDPA (efficient, padded)": [
      2.24032,
      2.08694,
      1.83194,
      4.36224,
      3.88198,
      3.62182
    ],
    "SDPA (flash, padded)": [
      2.18214,
      1.97338,
      1.82557,
      4.21046,
      3.82259,
      3.58614
    ],
    "NestedTensor + SDPA": [
      8.94874,
      9.13206,
      9.19859,
      17.79731,
      17.28,
      17.13184
    ],
    "Triton Ragged (ours)": [
      0.13722,
      0.04234,
      0.02662,
      0.34714,
      0.07987,
      0.02771
    ],
    "FlashAttention-2 (varlen)": [
      0.11264,
      0.05018,
      0.05325,
      0.26624,
      0.07203,
      0.06144
    ]
  }
}