{
  "gpu": "NVIDIA RTX 4000 Ada Generation",
  "sm": "SM89",
  "timing": "cuda_events_median_ms",
  "warmup": 50,
  "jit_warmup": 150,
  "iters": 300,
  "configs": [
    "BS=32, 0% pruned",
    "BS=32, 50% pruned",
    "BS=32, 80% pruned",
    "BS=64, 0% pruned",
    "BS=64, 50% pruned",
    "BS=64, 80% pruned"
  ],
  "kernels": {
    "SDPA (math, padded)": [
      5.28645,
      2.56976,
      2.06029,
      10.72224,
      5.93501,
      4.19205
    ],
    "SDPA (efficient, padded)": [
      2.11227,
      1.88211,
      1.8188,
      4.15142,
      4.01306,
      3.82371
    ],
    "SDPA (flash, padded)": [
      1.98554,
      1.84733,
      1.81965,
      4.33056,
      3.9715,
      3.83304
    ],
    "NestedTensor + SDPA": [
      9.26581,
      8.82136,
      8.78142,
      17.6256,
      16.64306,
      16.63838
    ],
    "Triton Ragged (ours)": [
      0.13722,
      0.04198,
      0.02458,
      0.34714,
      0.07987,
      0.02765
    ],
    "FlashAttention-2 (varlen)": [
      0.11264,
      0.04813,
      0.0512,
      0.2601,
      0.07206,
      0.06042
    ]
  },
  "p5": {
    "SDPA (math, padded)": [
      5.2335,
      2.556,
      2.02867,
      10.60454,
      5.81018,
      4.00179
    ],
    "SDPA (efficient, padded)": [
      2.0992,
      1.86906,
      1.79098,
      4.05798,
      3.99674,
      3.79494
    ],
    "SDPA (flash, padded)": [
      1.97734,
      1.83626,
      1.81245,
      4.20054,
      3.91712,
      3.81315
    ],
    "NestedTensor + SDPA": [
      8.85453,
      8.72755,
      8.71859,
      16.81645,
      16.45286,
      16.3929
    ],
    "Triton Ragged (ours)": [
      0.13619,
      0.04096,
      0.02253,
      0.3369,
      0.07885,
      0.02662
    ],
    "FlashAttention-2 (varlen)": [
      0.11162,
      0.0471,
      0.05018,
      0.25293,
      0.07168,
      0.05939
    ]
  },
  "p95": {
    "SDPA (math, padded)": [
      5.34022,
      2.6456,
      2.12669,
      10.82339,
      6.0201,
      4.38589
    ],
    "SDPA (efficient, padded)": [
      2.17293,
      1.94422,
      1.83296,
      4.41958,
      4.14518,
      3.95674
    ],
    "SDPA (flash, padded)": [
      2.05418,
      1.86915,
      1.8896,
      4.36736,
      4.1001,
      4.02438
    ],
    "NestedTensor + SDPA": [
      9.49043,
      9.26189,
      9.24688,
      18.10646,
      17.43952,
      17.45318
    ],
    "Triton Ragged (ours)": [
      0.13926,
      0.04301,
      0.0256,
      0.35021,
      0.07987,
      0.02867
    ],
    "FlashAttention-2 (varlen)": [
      0.11373,
      0.0512,
      0.05427,
      0.27136,
      0.07373,
      0.06144
    ]
  }
}