{
  "gpu": "NVIDIA RTX 4000 Ada Generation",
  "sm": "SM89",
  "timing": "cuda_events_median_ms",
  "warmup": 50,
  "jit_warmup": 150,
  "iters": 300,
  "configs": [
    "BS=32, 0% pruned",
    "BS=32, 50% pruned",
    "BS=32, 80% pruned",
    "BS=64, 0% pruned",
    "BS=64, 50% pruned",
    "BS=64, 80% pruned"
  ],
  "kernels": {
    "SDPA (math, padded)": [
      5.33504,
      2.61675,
      2.10024,
      10.89726,
      5.68514,
      4.14925
    ],
    "SDPA (efficient, padded)": [
      2.23846,
      2.08896,
      1.95174,
      4.43133,
      3.77341,
      3.80346
    ],
    "SDPA (flash, padded)": [
      2.11427,
      2.03448,
      1.95072,
      4.22445,
      3.69691,
      3.76318
    ],
    "NestedTensor + SDPA": [
      9.23296,
      9.5381,
      9.14114,
      17.51704,
      17.20624,
      17.10499
    ],
    "Triton Ragged (ours)": [
      0.13619,
      0.04198,
      0.02355,
      0.34509,
      0.07987,
      0.02765
    ],
    "FlashAttention-2 (varlen)": [
      0.11162,
      0.05558,
      0.05325,
      0.26741,
      0.07168,
      0.06042
    ]
  },
  "p5": {
    "SDPA (math, padded)": [
      5.30534,
      2.59958,
      2.0856,
      10.72128,
      5.66298,
      4.0824
    ],
    "SDPA (efficient, padded)": [
      2.22822,
      2.01318,
      1.94253,
      4.40102,
      3.75418,
      3.74182
    ],
    "SDPA (flash, padded)": [
      2.10304,
      1.96,
      1.93117,
      4.20454,
      3.6311,
      3.74579
    ],
    "NestedTensor + SDPA": [
      9.15696,
      9.11872,
      8.9577,
      17.35792,
      16.91619,
      16.91648
    ],
    "Triton Ragged (ours)": [
      0.13517,
      0.04096,
      0.02253,
      0.3328,
      0.07885,
      0.02662
    ],
    "FlashAttention-2 (varlen)": [
      0.11059,
      0.05427,
      0.05222,
      0.25293,
      0.07066,
      0.05939
    ]
  },
  "p95": {
    "SDPA (math, padded)": [
      5.39923,
      2.66973,
      2.18419,
      11.01414,
      5.82042,
      4.27734
    ],
    "SDPA (efficient, padded)": [
      2.25587,
      2.12899,
      1.96234,
      4.63056,
      3.79085,
      3.82566
    ],
    "SDPA (flash, padded)": [
      2.1281,
      2.07667,
      1.96381,
      4.41043,
      3.8351,
      3.82566
    ],
    "NestedTensor + SDPA": [
      9.66656,
      9.80675,
      9.58781,
      18.35315,
      18.05312,
      17.91898
    ],
    "Triton Ragged (ours)": [
      0.13722,
      0.04301,
      0.02458,
      0.34714,
      0.07987,
      0.02787
    ],
    "FlashAttention-2 (varlen)": [
      0.11264,
      0.05837,
      0.05632,
      0.27034,
      0.07475,
      0.06144
    ]
  }
}