{
  "gpu": "NVIDIA RTX 4000 Ada Generation",
  "sm": "SM89",
  "timing": "cuda_events_median_ms",
  "warmup": 50,
  "jit_warmup": 150,
  "iters": 300,
  "configs": [
    "BS=32, 0% pruned",
    "BS=32, 50% pruned",
    "BS=32, 80% pruned",
    "BS=64, 0% pruned",
    "BS=64, 50% pruned",
    "BS=64, 80% pruned"
  ],
  "kernels": {
    "SDPA (math, padded)": [
      5.2844,
      2.55146,
      2.12794,
      10.62509,
      5.78752,
      4.03635
    ],
    "SDPA (efficient, padded)": [
      2.16083,
      1.88134,
      1.81506,
      4.13155,
      3.74789,
      3.54205
    ],
    "SDPA (flash, padded)": [
      2.04803,
      1.89338,
      1.88293,
      3.94555,
      3.71872,
      3.61043
    ],
    "NestedTensor + SDPA": [
      8.89069,
      9.20078,
      8.80829,
      17.45152,
      16.57614,
      16.56533
    ],
    "Triton Ragged (ours)": [
      0.13619,
      0.04198,
      0.02458,
      0.34304,
      0.07987,
      0.02765
    ],
    "FlashAttention-2 (varlen)": [
      0.11162,
      0.0512,
      0.05038,
      0.26214,
      0.07168,
      0.06042
    ]
  },
  "p5": {
    "SDPA (math, padded)": [
      5.24918,
      2.51904,
      2.08675,
      10.57114,
      5.66477,
      3.97712
    ],
    "SDPA (efficient, padded)": [
      2.09792,
      1.87085,
      1.77264,
      4.09606,
      3.6864,
      3.49142
    ],
    "SDPA (flash, padded)": [
      2.0183,
      1.83619,
      1.81126,
      3.85331,
      3.59936,
      3.53587
    ],
    "NestedTensor + SDPA": [
      8.68752,
      8.79101,
      8.58419,
      16.38074,
      16.36979,
      16.36147
    ],
    "Triton Ragged (ours)": [
      0.13517,
      0.04109,
      0.02355,
      0.33114,
      0.07885,
      0.02662
    ],
    "FlashAttention-2 (varlen)": [
      0.11059,
      0.04915,
      0.04915,
      0.25293,
      0.07066,
      0.05939
    ]
  },
  "p95": {
    "SDPA (math, padded)": [
      5.34451,
      2.59392,
      2.1753,
      10.72944,
      5.87917,
      4.05213
    ],
    "SDPA (efficient, padded)": [
      2.17744,
      1.98656,
      1.83091,
      4.14803,
      3.79085,
      3.55738
    ],
    "SDPA (flash, padded)": [
      2.06006,
      1.92922,
      1.90451,
      4.00589,
      3.82272,
      3.6984
    ],
    "NestedTensor + SDPA": [
      8.97331,
      9.45162,
      9.25104,
      18.07053,
      17.32368,
      17.36835
    ],
    "Triton Ragged (ours)": [
      0.13722,
      0.04301,
      0.02573,
      0.34611,
      0.07994,
      0.02784
    ],
    "FlashAttention-2 (varlen)": [
      0.11197,
      0.05325,
      0.05427,
      0.26931,
      0.07373,
      0.06144
    ]
  }
}