{
  "gpu": "NVIDIA RTX 4000 Ada Generation",
  "sm": "SM89",
  "timing": "cuda_events_median_ms",
  "warmup": 50,
  "jit_warmup": 150,
  "iters": 300,
  "configs": [
    "BS=32, 0% pruned",
    "BS=32, 50% pruned",
    "BS=32, 80% pruned",
    "BS=64, 0% pruned",
    "BS=64, 50% pruned",
    "BS=64, 80% pruned"
  ],
  "kernels": {
    "SDPA (math, padded)": [
      5.39702,
      2.61101,
      2.09058,
      10.88669,
      5.82514,
      4.25062
    ],
    "SDPA (efficient, padded)": [
      2.24362,
      2.0123,
      1.8267,
      4.54349,
      4.01406,
      3.62802
    ],
    "SDPA (flash, padded)": [
      1.97888,
      1.97422,
      1.88906,
      4.21075,
      3.924,
      3.56672
    ],
    "NestedTensor + SDPA": [
      9.27074,
      9.21707,
      8.75517,
      16.8331,
      16.97949,
      16.49981
    ],
    "Triton Ragged (ours)": [
      0.13619,
      0.04198,
      0.02355,
      0.34611,
      0.07987,
      0.02765
    ],
    "FlashAttention-2 (varlen)": [
      0.11162,
      0.05222,
      0.0512,
      0.26483,
      0.0727,
      0.06144
    ]
  },
  "p5": {
    "SDPA (math, padded)": [
      5.31325,
      2.58179,
      2.01933,
      10.76941,
      5.7641,
      4.10922
    ],
    "SDPA (efficient, padded)": [
      2.15546,
      1.99782,
      1.81843,
      4.41037,
      3.83795,
      3.47018
    ],
    "SDPA (flash, padded)": [
      1.91283,
      1.95254,
      1.81661,
      4.04685,
      3.87178,
      3.50739
    ],
    "NestedTensor + SDPA": [
      8.88563,
      8.77037,
      8.69808,
      16.68365,
      16.52531,
      16.10445
    ],
    "Triton Ragged (ours)": [
      0.13517,
      0.04096,
      0.02253,
      0.3369,
      0.07885,
      0.02765
    ],
    "FlashAttention-2 (varlen)": [
      0.11059,
      0.0512,
      0.05018,
      0.2519,
      0.07168,
      0.06042
    ]
  },
  "p95": {
    "SDPA (math, padded)": [
      5.45792,
      2.684,
      2.15853,
      11.04186,
      6.01053,
      4.3049
    ],
    "SDPA (efficient, padded)": [
      2.31606,
      2.08563,
      1.84157,
      4.62438,
      4.13866,
      3.81965
    ],
    "SDPA (flash, padded)": [
      2.15139,
      2.04083,
      1.89722,
      4.35382,
      4.0543,
      3.58112
    ],
    "NestedTensor + SDPA": [
      9.40406,
      9.49453,
      9.39622,
      17.90336,
      17.53098,
      17.2759
    ],
    "Triton Ragged (ours)": [
      0.13722,
      0.04301,
      0.02458,
      0.34858,
      0.07987,
      0.02867
    ],
    "FlashAttention-2 (varlen)": [
      0.12288,
      0.05443,
      0.05427,
      0.26829,
      0.07395,
      0.06147
    ]
  }
}