{
  "gpu": "NVIDIA RTX 4000 Ada Generation",
  "sm": "SM89",
  "timing": "cuda_events_median_ms",
  "warmup": 50,
  "jit_warmup": 150,
  "iters": 300,
  "configs": [
    "BS=32, 0% pruned",
    "BS=32, 50% pruned",
    "BS=32, 80% pruned",
    "BS=64, 0% pruned",
    "BS=64, 50% pruned",
    "BS=64, 80% pruned"
  ],
  "kernels": {
    "SDPA (math, padded)": [
      5.34528,
      2.57794,
      2.14477,
      10.6167,
      5.79603,
      4.32339
    ],
    "SDPA (efficient, padded)": [
      2.17005,
      1.88248,
      1.89133,
      4.15334,
      4.12259,
      3.94162
    ],
    "SDPA (flash, padded)": [
      2.05619,
      1.83997,
      1.85034,
      3.96595,
      3.91475,
      3.94554
    ],
    "NestedTensor + SDPA": [
      8.96701,
      8.85194,
      8.84019,
      16.93434,
      16.57306,
      16.53485
    ],
    "Triton Ragged (ours)": [
      0.13619,
      0.04198,
      0.02362,
      0.34304,
      0.07987,
      0.02765
    ],
    "FlashAttention-2 (varlen)": [
      0.11162,
      0.0512,
      0.04827,
      0.26931,
      0.07168,
      0.06042
    ]
  },
  "p5": {
    "SDPA (math, padded)": [
      5.27763,
      2.55763,
      2.13606,
      10.59046,
      5.75005,
      4.20272
    ],
    "SDPA (efficient, padded)": [
      2.10445,
      1.85421,
      1.82141,
      4.13914,
      3.98848,
      3.79882
    ],
    "SDPA (flash, padded)": [
      1.98554,
      1.82896,
      1.77766,
      3.91158,
      3.65117,
      3.66813
    ],
    "NestedTensor + SDPA": [
      8.84838,
      8.79181,
      8.77568,
      16.6889,
      16.1751,
      16.37853
    ],
    "Triton Ragged (ours)": [
      0.13517,
      0.04096,
      0.02355,
      0.33178,
      0.07885,
      0.02662
    ],
    "FlashAttention-2 (varlen)": [
      0.11059,
      0.04954,
      0.0471,
      0.25498,
      0.07066,
      0.05939
    ]
  },
  "p95": {
    "SDPA (math, padded)": [
      5.37498,
      2.64915,
      2.18726,
      10.74176,
      5.92419,
      4.40422
    ],
    "SDPA (efficient, padded)": [
      2.21082,
      1.89402,
      1.90259,
      4.16854,
      4.14093,
      4.0225
    ],
    "SDPA (flash, padded)": [
      2.06819,
      1.85139,
      1.8993,
      4.09971,
      4.0663,
      4.03251
    ],
    "NestedTensor + SDPA": [
      9.38701,
      9.22358,
      9.29382,
      17.6288,
      17.35344,
      17.65085
    ],
    "Triton Ragged (ours)": [
      0.13722,
      0.04301,
      0.02477,
      0.34611,
      0.07987,
      0.02867
    ],
    "FlashAttention-2 (varlen)": [
      0.12288,
      0.05427,
      0.0512,
      0.27136,
      0.07187,
      0.06144
    ]
  }
}