{
  "gpu": "NVIDIA RTX 4000 Ada Generation",
  "sm": "SM89",
  "timing": "cuda_events_median_ms",
  "warmup": 50,
  "jit_warmup": 150,
  "iters": 300,
  "configs": [
    "BS=32, 0% pruned",
    "BS=32, 50% pruned",
    "BS=32, 80% pruned",
    "BS=64, 0% pruned",
    "BS=64, 50% pruned",
    "BS=64, 80% pruned"
  ],
  "kernels": {
    "SDPA (math, padded)": [
      5.3688,
      2.63872,
      2.07664,
      10.85235,
      5.80403,
      4.04381
    ],
    "SDPA (efficient, padded)": [
      2.23552,
      1.99885,
      1.93008,
      4.39803,
      4.00963,
      3.54136
    ],
    "SDPA (flash, padded)": [
      2.17134,
      1.9447,
      1.93827,
      4.19282,
      3.9333,
      3.55629
    ],
    "NestedTensor + SDPA": [
      8.86526,
      8.83134,
      8.77722,
      16.71259,
      16.58363,
      16.39653
    ],
    "Triton Ragged (ours)": [
      0.13619,
      0.04198,
      0.0256,
      0.34406,
      0.07987,
      0.02765
    ],
    "FlashAttention-2 (varlen)": [
      0.11162,
      0.05222,
      0.05026,
      0.26726,
      0.07168,
      0.06042
    ]
  },
  "p5": {
    "SDPA (math, padded)": [
      5.3033,
      2.57613,
      2.06509,
      10.77562,
      5.74848,
      4.0192
    ],
    "SDPA (efficient, padded)": [
      2.22413,
      1.96877,
      1.89952,
      4.32221,
      3.99053,
      3.47472
    ],
    "SDPA (flash, padded)": [
      2.10432,
      1.91898,
      1.90778,
      4.12877,
      3.90656,
      3.48774
    ],
    "NestedTensor + SDPA": [
      8.68864,
      8.59853,
      8.54426,
      16.34931,
      16.37885,
      16.00486
    ],
    "Triton Ragged (ours)": [
      0.13517,
      0.04096,
      0.02458,
      0.33178,
      0.07885,
      0.02765
    ],
    "FlashAttention-2 (varlen)": [
      0.11059,
      0.0503,
      0.04813,
      0.25395,
      0.07066,
      0.05939
    ]
  },
  "p95": {
    "SDPA (math, padded)": [
      5.40979,
      2.69827,
      2.14432,
      10.99395,
      5.91571,
      4.06518
    ],
    "SDPA (efficient, padded)": [
      2.24768,
      2.0753,
      1.95482,
      4.42266,
      4.03866,
      3.56387
    ],
    "SDPA (flash, padded)": [
      2.21184,
      1.96589,
      1.95382,
      4.21683,
      4.05984,
      3.57654
    ],
    "NestedTensor + SDPA": [
      9.28125,
      9.43894,
      9.26106,
      17.06781,
      17.39571,
      17.36634
    ],
    "Triton Ragged (ours)": [
      0.13722,
      0.04224,
      0.02662,
      0.34714,
      0.07987,
      0.02867
    ],
    "FlashAttention-2 (varlen)": [
      0.12186,
      0.0553,
      0.05427,
      0.27034,
      0.0727,
      0.06144
    ]
  }
}