{
  "gpu": "NVIDIA RTX 4000 Ada Generation",
  "sm": "SM89",
  "timing": "cuda_events_median_ms",
  "warmup": 50,
  "jit_warmup": 150,
  "iters": 300,
  "configs": [
    "BS=32, 0% pruned",
    "BS=32, 50% pruned",
    "BS=32, 80% pruned",
    "BS=64, 0% pruned",
    "BS=64, 50% pruned",
    "BS=64, 80% pruned"
  ],
  "kernels": {
    "SDPA (math, padded)": [
      5.29589,
      2.5925,
      2.06717,
      10.65496,
      5.67595,
      4.10931
    ],
    "SDPA (efficient, padded)": [
      2.10515,
      2.00499,
      1.89253,
      4.15437,
      3.75194,
      3.7888
    ],
    "SDPA (flash, padded)": [
      2.0009,
      1.84205,
      1.82483,
      3.95645,
      3.66501,
      3.67758
    ],
    "NestedTensor + SDPA": [
      9.04139,
      8.81867,
      8.79658,
      16.83666,
      16.63171,
      16.50283
    ],
    "Triton Ragged (ours)": [
      0.13517,
      0.04198,
      0.02458,
      0.34509,
      0.07987,
      0.02765
    ],
    "FlashAttention-2 (varlen)": [
      0.11162,
      0.04915,
      0.05325,
      0.2688,
      0.07107,
      0.06042
    ]
  },
  "p5": {
    "SDPA (math, padded)": [
      5.2553,
      2.57843,
      2.02445,
      10.58202,
      5.6576,
      4.08166
    ],
    "SDPA (efficient, padded)": [
      2.09341,
      1.98227,
      1.85142,
      4.12634,
      3.69248,
      3.56938
    ],
    "SDPA (flash, padded)": [
      1.93126,
      1.82784,
      1.81555,
      3.8697,
      3.57898,
      3.48486
    ],
    "NestedTensor + SDPA": [
      8.84429,
      8.68864,
      8.6313,
      16.63181,
      16.2855,
      16.11674
    ],
    "Triton Ragged (ours)": [
      0.13517,
      0.04096,
      0.02355,
      0.3328,
      0.07885,
      0.02765
    ],
    "FlashAttention-2 (varlen)": [
      0.11059,
      0.04813,
      0.0512,
      0.25293,
      0.07066,
      0.06042
    ]
  },
  "p95": {
    "SDPA (math, padded)": [
      5.38624,
      2.61632,
      2.1248,
      10.752,
      5.81427,
      4.15856
    ],
    "SDPA (efficient, padded)": [
      2.16979,
      2.07974,
      1.90387,
      4.29085,
      3.90435,
      3.8121
    ],
    "SDPA (flash, padded)": [
      2.08384,
      1.90762,
      1.89747,
      4.02,
      3.6864,
      3.80928
    ],
    "NestedTensor + SDPA": [
      9.3624,
      9.02634,
      9.22659,
      17.71315,
      17.22163,
      17.29837
    ],
    "Triton Ragged (ours)": [
      0.13651,
      0.04301,
      0.0256,
      0.34714,
      0.07987,
      0.02867
    ],
    "FlashAttention-2 (varlen)": [
      0.12288,
      0.05222,
      0.0553,
      0.27136,
      0.07184,
      0.06144
    ]
  }
}