{
  "gpu": "NVIDIA RTX 4000 Ada Generation",
  "sm": "SM89",
  "timing": "cuda_events_median_ms",
  "warmup": 50,
  "jit_warmup": 150,
  "iters": 300,
  "configs": [
    "BS=32, 0% pruned",
    "BS=32, 50% pruned",
    "BS=32, 80% pruned",
    "BS=64, 0% pruned",
    "BS=64, 50% pruned",
    "BS=64, 80% pruned"
  ],
  "kernels": {
    "SDPA (math, padded)": [
      5.34746,
      2.64541,
      2.08886,
      10.90546,
      5.71541,
      4.23141
    ],
    "SDPA (efficient, padded)": [
      2.29888,
      1.89734,
      1.83707,
      4.17178,
      3.77443,
      3.58414
    ],
    "SDPA (flash, padded)": [
      2.12582,
      1.84837,
      1.83998,
      4.09299,
      3.70582,
      3.60141
    ],
    "NestedTensor + SDPA": [
      9.3459,
      8.93542,
      9.31018,
      17.19194,
      16.86528,
      16.70696
    ],
    "Triton Ragged (ours)": [
      0.13619,
      0.04198,
      0.0256,
      0.34304,
      0.07987,
      0.02765
    ],
    "FlashAttention-2 (varlen)": [
      0.11162,
      0.0512,
      0.05427,
      0.26829,
      0.07168,
      0.06048
    ]
  },
  "p5": {
    "SDPA (math, padded)": [
      5.30922,
      2.57248,
      2.07798,
      10.65978,
      5.69037,
      4.07661
    ],
    "SDPA (efficient, padded)": [
      2.23619,
      1.88826,
      1.83091,
      4.15338,
      3.71507,
      3.56966
    ],
    "SDPA (flash, padded)": [
      2.11456,
      1.8391,
      1.83331,
      3.96083,
      3.63827,
      3.58317
    ],
    "NestedTensor + SDPA": [
      8.92214,
      8.87062,
      8.85939,
      16.83149,
      16.65533,
      16.32256
    ],
    "Triton Ragged (ours)": [
      0.13517,
      0.04096,
      0.02458,
      0.33178,
      0.07885,
      0.02765
    ],
    "FlashAttention-2 (varlen)": [
      0.11059,
      0.04915,
      0.05222,
      0.25395,
      0.07066,
      0.06042
    ]
  },
  "p95": {
    "SDPA (math, padded)": [
      5.4231,
      2.67187,
      2.16371,
      11.09811,
      5.8216,
      4.31846
    ],
    "SDPA (efficient, padded)": [
      2.3552,
      1.9712,
      1.9145,
      4.31322,
      3.79222,
      3.7225
    ],
    "SDPA (flash, padded)": [
      2.1977,
      1.91994,
      1.9095,
      4.1769,
      3.84384,
      3.74435
    ],
    "NestedTensor + SDPA": [
      9.5191,
      9.33478,
      9.55699,
      18.25178,
      17.66227,
      17.32112
    ],
    "Triton Ragged (ours)": [
      0.13722,
      0.04218,
      0.02662,
      0.34714,
      0.07987,
      0.02867
    ],
    "FlashAttention-2 (varlen)": [
      0.11197,
      0.05325,
      0.05632,
      0.26931,
      0.07181,
      0.06144
    ]
  }
}