{
  "gpu": "NVIDIA RTX 4000 Ada Generation",
  "sm": "SM89",
  "timing": "cuda_events_median_ms",
  "warmup": 50,
  "jit_warmup": 150,
  "iters": 300,
  "configs": [
    "BS=32, 0% pruned",
    "BS=32, 50% pruned",
    "BS=32, 80% pruned",
    "BS=64, 0% pruned",
    "BS=64, 50% pruned",
    "BS=64, 80% pruned"
  ],
  "kernels": {
    "SDPA (math, padded)": [
      5.39341,
      2.57638,
      2.09085,
      10.82349,
      5.75965,
      4.07968
    ],
    "SDPA (efficient, padded)": [
      2.31384,
      2.00704,
      1.95584,
      4.40008,
      3.7703,
      3.58246
    ],
    "SDPA (flash, padded)": [
      2.12474,
      2.01947,
      1.95174,
      4.34899,
      3.69459,
      3.59333
    ],
    "NestedTensor + SDPA": [
      8.93846,
      8.81901,
      8.7965,
      17.22294,
      16.62523,
      16.48715
    ],
    "Triton Ragged (ours)": [
      0.13619,
      0.04198,
      0.02355,
      0.34406,
      0.07987,
      0.02765
    ],
    "FlashAttention-2 (varlen)": [
      0.11162,
      0.0512,
      0.04813,
      0.26829,
      0.07096,
      0.06042
    ]
  },
  "p5": {
    "SDPA (math, padded)": [
      5.31085,
      2.55354,
      2.05901,
      10.75405,
      5.68147,
      4.06634
    ],
    "SDPA (efficient, padded)": [
      2.29085,
      1.96813,
      1.91693,
      4.33459,
      3.75398,
      3.56454
    ],
    "SDPA (flash, padded)": [
      2.10867,
      1.95072,
      1.9415,
      4.20659,
      3.68013,
      3.57059
    ],
    "NestedTensor + SDPA": [
      8.76432,
      8.75283,
      8.63139,
      16.68912,
      16.45645,
      16.30925
    ],
    "Triton Ragged (ours)": [
      0.13517,
      0.04096,
      0.02253,
      0.33178,
      0.07885,
      0.02662
    ],
    "FlashAttention-2 (varlen)": [
      0.11059,
      0.05018,
      0.0471,
      0.25293,
      0.07066,
      0.05939
    ]
  },
  "p95": {
    "SDPA (math, padded)": [
      5.44291,
      2.6583,
      2.10739,
      10.92826,
      5.89834,
      4.224
    ],
    "SDPA (efficient, padded)": [
      2.35136,
      2.08384,
      2.03069,
      4.43779,
      3.90246,
      3.72019
    ],
    "SDPA (flash, padded)": [
      2.20467,
      2.06198,
      2.0265,
      4.43056,
      3.81734,
      3.73453
    ],
    "NestedTensor + SDPA": [
      9.00822,
      9.24986,
      9.22829,
      17.90157,
      17.72778,
      17.43565
    ],
    "Triton Ragged (ours)": [
      0.13722,
      0.04301,
      0.0256,
      0.34714,
      0.07987,
      0.02778
    ],
    "FlashAttention-2 (varlen)": [
      0.11571,
      0.05427,
      0.05018,
      0.27034,
      0.07206,
      0.06144
    ]
  }
}