{
  "gpu": "NVIDIA RTX 4000 Ada Generation",
  "sm": "SM89",
  "timing": "cuda_events_median_ms",
  "warmup": 50,
  "jit_warmup": 150,
  "iters": 300,
  "configs": [
    "BS=32, 0% pruned",
    "BS=32, 50% pruned",
    "BS=32, 80% pruned",
    "BS=64, 0% pruned",
    "BS=64, 50% pruned",
    "BS=64, 80% pruned"
  ],
  "kernels": {
    "SDPA (math, padded)": [
      5.38051,
      2.61707,
      2.1028,
      10.9125,
      5.78867,
      4.16571
    ],
    "SDPA (efficient, padded)": [
      2.24051,
      2.00984,
      1.96102,
      4.54963,
      4.01842,
      3.62565
    ],
    "SDPA (flash, padded)": [
      2.11355,
      1.96096,
      1.94834,
      4.23058,
      4.04853,
      3.71406
    ],
    "NestedTensor + SDPA": [
      9.17342,
      8.74771,
      8.69038,
      16.65136,
      16.34213,
      16.26982
    ],
    "Triton Ragged (ours)": [
      0.13619,
      0.04198,
      0.02458,
      0.34304,
      0.07987,
      0.02765
    ],
    "FlashAttention-2 (varlen)": [
      0.11162,
      0.04813,
      0.04915,
      0.26443,
      0.07107,
      0.06042
    ]
  },
  "p5": {
    "SDPA (math, padded)": [
      5.31456,
      2.5897,
      2.05619,
      10.81546,
      5.74259,
      4.06016
    ],
    "SDPA (efficient, padded)": [
      2.22208,
      1.98442,
      1.9415,
      4.40749,
      3.99664,
      3.56454
    ],
    "SDPA (flash, padded)": [
      2.10227,
      1.9497,
      1.9385,
      4.20477,
      3.91805,
      3.57674
    ],
    "NestedTensor + SDPA": [
      8.75482,
      8.68029,
      8.61507,
      16.37459,
      16.00922,
      15.98464
    ],
    "Triton Ragged (ours)": [
      0.13517,
      0.04096,
      0.02355,
      0.33178,
      0.07885,
      0.02765
    ],
    "FlashAttention-2 (varlen)": [
      0.11059,
      0.04608,
      0.04608,
      0.25293,
      0.07066,
      0.05939
    ]
  },
  "p95": {
    "SDPA (math, padded)": [
      5.42016,
      2.63696,
      2.19229,
      11.00883,
      5.9384,
      4.97152
    ],
    "SDPA (efficient, padded)": [
      2.30813,
      2.08349,
      2.02963,
      4.62963,
      4.14925,
      3.72186
    ],
    "SDPA (flash, padded)": [
      2.1823,
      1.9753,
      1.96506,
      4.38134,
      4.14086,
      3.79635
    ],
    "NestedTensor + SDPA": [
      9.42592,
      9.16173,
      9.11462,
      17.48109,
      17.16899,
      17.14109
    ],
    "Triton Ragged (ours)": [
      0.13722,
      0.04227,
      0.0256,
      0.34509,
      0.07987,
      0.02867
    ],
    "FlashAttention-2 (varlen)": [
      0.11264,
      0.05018,
      0.05222,
      0.27034,
      0.07181,
      0.06144
    ]
  }
}