{
  "gpu": "NVIDIA RTX 4000 Ada Generation",
  "sm": "SM89",
  "timing": "cuda_events_median_ms",
  "warmup": 50,
  "jit_warmup": 150,
  "iters": 300,
  "configs": [
    "BS=32, 0% pruned",
    "BS=32, 50% pruned",
    "BS=32, 80% pruned",
    "BS=64, 0% pruned",
    "BS=64, 50% pruned",
    "BS=64, 80% pruned"
  ],
  "kernels": {
    "SDPA (math, padded)": [
      5.34627,
      2.67264,
      2.0717,
      10.7541,
      5.82829,
      4.19547
    ],
    "SDPA (efficient, padded)": [
      2.11965,
      1.95768,
      1.82579,
      4.29478,
      3.77243,
      3.70501
    ],
    "SDPA (flash, padded)": [
      1.98578,
      1.85035,
      1.82661,
      3.98901,
      3.73862,
      3.65018
    ],
    "NestedTensor + SDPA": [
      9.10486,
      9.27958,
      8.83603,
      17.19896,
      16.83006,
      16.79915
    ],
    "Triton Ragged (ours)": [
      0.13722,
      0.04198,
      0.02355,
      0.34509,
      0.07987,
      0.02765
    ],
    "FlashAttention-2 (varlen)": [
      0.1119,
      0.0512,
      0.04915,
      0.26726,
      0.07171,
      0.06042
    ]
  },
  "p5": {
    "SDPA (math, padded)": [
      5.28067,
      2.63379,
      2.06131,
      10.63731,
      5.69101,
      4.05299
    ],
    "SDPA (efficient, padded)": [
      2.07872,
      1.88698,
      1.76022,
      4.16086,
      3.75472,
      3.5633
    ],
    "SDPA (flash, padded)": [
      1.95174,
      1.83706,
      1.78278,
      3.90131,
      3.59766,
      3.50618
    ],
    "NestedTensor + SDPA": [
      8.90547,
      8.84634,
      8.63722,
      16.89498,
      16.4055,
      16.64026
    ],
    "Triton Ragged (ours)": [
      0.13619,
      0.04096,
      0.02253,
      0.33792,
      0.07885,
      0.02765
    ],
    "FlashAttention-2 (varlen)": [
      0.11094,
      0.04915,
      0.0471,
      0.25293,
      0.07168,
      0.05984
    ]
  },
  "p95": {
    "SDPA (math, padded)": [
      5.3905,
      2.68832,
      2.14221,
      10.83402,
      5.91219,
      4.27622
    ],
    "SDPA (efficient, padded)": [
      2.18624,
      1.9671,
      1.86061,
      4.31718,
      3.96595,
      3.78675
    ],
    "SDPA (flash, padded)": [
      2.00051,
      1.91693,
      1.89808,
      4.11574,
      3.87686,
      3.74282
    ],
    "NestedTensor + SDPA": [
      9.60746,
      9.53789,
      8.93235,
      17.87203,
      17.65658,
      17.59402
    ],
    "Triton Ragged (ours)": [
      0.13926,
      0.04301,
      0.02458,
      0.34816,
      0.08,
      0.02867
    ],
    "FlashAttention-2 (varlen)": [
      0.12317,
      0.05427,
      0.0512,
      0.27034,
      0.07373,
      0.06144
    ]
  }
}