{
  "gpu": "NVIDIA RTX 4000 Ada Generation",
  "sm": "SM89",
  "timing": "cuda_events_median_ms",
  "warmup": 50,
  "jit_warmup": 150,
  "iters": 300,
  "configs": [
    "BS=32, 0% pruned",
    "BS=32, 50% pruned",
    "BS=32, 80% pruned",
    "BS=64, 0% pruned",
    "BS=64, 50% pruned",
    "BS=64, 80% pruned"
  ],
  "kernels": {
    "SDPA (math, padded)": [
      5.32696,
      2.67344,
      2.08946,
      10.85045,
      5.7471,
      4.17539
    ],
    "SDPA (efficient, padded)": [
      2.25392,
      2.0291,
      1.94043,
      4.43202,
      3.84531,
      3.57562
    ],
    "SDPA (flash, padded)": [
      2.13309,
      1.9625,
      1.95155,
      4.21517,
      3.70075,
      3.63709
    ],
    "NestedTensor + SDPA": [
      9.26938,
      9.168,
      9.18813,
      17.47357,
      17.2608,
      17.21139
    ],
    "Triton Ragged (ours)": [
      0.13619,
      0.04198,
      0.02355,
      0.34406,
      0.07987,
      0.02765
    ],
    "FlashAttention-2 (varlen)": [
      0.11162,
      0.05325,
      0.0553,
      0.26829,
      0.07168,
      0.06042
    ]
  },
  "p5": {
    "SDPA (math, padded)": [
      5.28998,
      2.59386,
      2.07674,
      10.77725,
      5.66467,
      4.05299
    ],
    "SDPA (efficient, padded)": [
      2.23046,
      2.00909,
      1.84525,
      4.39734,
      3.71325,
      3.55226
    ],
    "SDPA (flash, padded)": [
      2.10125,
      1.93338,
      1.91488,
      3.9711,
      3.67021,
      3.56352
    ],
    "NestedTensor + SDPA": [
      9.20096,
      9.08608,
      9.1177,
      17.20022,
      16.8624,
      17.07293
    ],
    "Triton Ragged (ours)": [
      0.13517,
      0.04096,
      0.02253,
      0.3328,
      0.07885,
      0.02662
    ],
    "FlashAttention-2 (varlen)": [
      0.11059,
      0.05222,
      0.05222,
      0.25293,
      0.07066,
      0.06042
    ]
  },
  "p95": {
    "SDPA (math, padded)": [
      5.41696,
      2.70429,
      2.16346,
      10.96422,
      5.82349,
      4.27648
    ],
    "SDPA (efficient, padded)": [
      2.31968,
      2.09747,
      1.99917,
      4.56525,
      3.97312,
      3.71581
    ],
    "SDPA (flash, padded)": [
      2.19034,
      1.97827,
      1.96218,
      4.36659,
      3.84,
      3.72634
    ],
    "NestedTensor + SDPA": [
      9.74131,
      9.344,
      9.65526,
      18.27008,
      18.12976,
      18.05203
    ],
    "Triton Ragged (ours)": [
      0.13722,
      0.04221,
      0.02458,
      0.34714,
      0.07987,
      0.02867
    ],
    "FlashAttention-2 (varlen)": [
      0.11264,
      0.05632,
      0.05734,
      0.26954,
      0.07197,
      0.06144
    ]
  }
}