{
  "gpu": "NVIDIA RTX 4000 Ada Generation",
  "sm": "SM89",
  "timing": "cuda_events_median_ms",
  "warmup": 50,
  "jit_warmup": 150,
  "iters": 300,
  "configs": [
    "BS=32, 0% pruned",
    "BS=32, 50% pruned",
    "BS=32, 80% pruned",
    "BS=64, 0% pruned",
    "BS=64, 50% pruned",
    "BS=64, 80% pruned"
  ],
  "kernels": {
    "SDPA (math, padded)": [
      5.34192,
      2.57778,
      2.12947,
      10.80832,
      5.82552,
      4.11957
    ],
    "SDPA (efficient, padded)": [
      2.1375,
      1.95584,
      1.85242,
      4.27832,
      3.76986,
      3.74784
    ],
    "SDPA (flash, padded)": [
      2.0131,
      1.94346,
      1.88723,
      4.07648,
      3.83235,
      3.67778
    ],
    "NestedTensor + SDPA": [
      9.19552,
      9.07315,
      9.05318,
      17.39262,
      16.9129,
      17.108
    ],
    "Triton Ragged (ours)": [
      0.13926,
      0.04198,
      0.02355,
      0.34509,
      0.07987,
      0.02765
    ],
    "FlashAttention-2 (varlen)": [
      0.11366,
      0.04915,
      0.05018,
      0.25395,
      0.0727,
      0.06042
    ]
  },
  "p5": {
    "SDPA (math, padded)": [
      5.26438,
      2.55078,
      2.05725,
      10.59446,
      5.67837,
      4.0656
    ],
    "SDPA (efficient, padded)": [
      2.1055,
      1.8855,
      1.7767,
      4.14003,
      3.6928,
      3.61062
    ],
    "SDPA (flash, padded)": [
      1.96506,
      1.87725,
      1.81677,
      3.88378,
      3.70278,
      3.51718
    ],
    "NestedTensor + SDPA": [
      8.8095,
      8.66304,
      8.65501,
      16.65923,
      16.34509,
      16.3841
    ],
    "Triton Ragged (ours)": [
      0.13619,
      0.04198,
      0.01536,
      0.33792,
      0.07885,
      0.02662
    ],
    "FlashAttention-2 (varlen)": [
      0.11264,
      0.0471,
      0.03277,
      0.25222,
      0.07168,
      0.05939
    ]
  },
  "p95": {
    "SDPA (math, padded)": [
      5.9176,
      3.12646,
      2.67146,
      11.30189,
      6.36109,
      4.70426
    ],
    "SDPA (efficient, padded)": [
      2.73408,
      2.45376,
      2.23642,
      4.77267,
      4.43261,
      4.32195
    ],
    "SDPA (flash, padded)": [
      2.58234,
      2.5096,
      2.29565,
      4.59869,
      4.42749,
      4.28173
    ],
    "NestedTensor + SDPA": [
      9.65827,
      9.49024,
      9.45229,
      18.10125,
      17.62522,
      17.69062
    ],
    "Triton Ragged (ours)": [
      0.14131,
      0.04301,
      0.0256,
      0.35123,
      0.07987,
      0.02787
    ],
    "FlashAttention-2 (varlen)": [
      0.12314,
      0.05222,
      0.05427,
      0.26726,
      0.07475,
      0.06144
    ]
  }
}