{
  "gpu": "NVIDIA RTX 4000 Ada Generation",
  "sm": "SM89",
  "timing": "cuda_events_median_ms",
  "warmup": 50,
  "jit_warmup": 150,
  "iters": 300,
  "configs": [
    "BS=32, 0% pruned",
    "BS=32, 50% pruned",
    "BS=32, 80% pruned",
    "BS=64, 0% pruned",
    "BS=64, 50% pruned",
    "BS=64, 80% pruned"
  ],
  "kernels": {
    "SDPA (math, padded)": [
      5.3729,
      2.58656,
      2.07667,
      10.6644,
      5.75416,
      4.12877
    ],
    "SDPA (efficient, padded)": [
      2.24563,
      2.01541,
      1.82714,
      4.2923,
      3.7765,
      3.80229
    ],
    "SDPA (flash, padded)": [
      2.12626,
      1.97176,
      1.82707,
      3.97414,
      3.68619,
      3.82654
    ],
    "NestedTensor + SDPA": [
      8.95904,
      8.94166,
      8.80134,
      16.90152,
      16.74178,
      16.62925
    ],
    "Triton Ragged (ours)": [
      0.13619,
      0.04198,
      0.02458,
      0.34304,
      0.07958,
      0.02765
    ],
    "FlashAttention-2 (varlen)": [
      0.11162,
      0.04938,
      0.05325,
      0.26726,
      0.07168,
      0.06042
    ]
  },
  "p5": {
    "SDPA (math, padded)": [
      5.32685,
      2.56394,
      2.06438,
      10.59021,
      5.68627,
      4.09891
    ],
    "SDPA (efficient, padded)": [
      2.23216,
      1.97939,
      1.81862,
      4.16051,
      3.75629,
      3.73965
    ],
    "SDPA (flash, padded)": [
      2.11354,
      1.95651,
      1.79178,
      3.95776,
      3.67411,
      3.72205
    ],
    "NestedTensor + SDPA": [
      8.75213,
      8.87091,
      8.58534,
      16.78944,
      16.58083,
      16.39731
    ],
    "Triton Ragged (ours)": [
      0.13517,
      0.04096,
      0.02355,
      0.33178,
      0.07885,
      0.02765
    ],
    "FlashAttention-2 (varlen)": [
      0.11059,
      0.04813,
      0.05222,
      0.25293,
      0.07066,
      0.05974
    ]
  },
  "p95": {
    "SDPA (math, padded)": [
      5.4137,
      2.62758,
      2.1504,
      10.76013,
      5.84867,
      4.20083
    ],
    "SDPA (efficient, padded)": [
      2.30605,
      2.02752,
      1.84109,
      4.31802,
      3.9088,
      3.82362
    ],
    "SDPA (flash, padded)": [
      2.1953,
      2.04483,
      1.83603,
      4.1207,
      3.71098,
      3.96003
    ],
    "NestedTensor + SDPA": [
      9.04397,
      9.41158,
      9.0368,
      17.648,
      17.60461,
      17.53626
    ],
    "Triton Ragged (ours)": [
      0.13722,
      0.04237,
      0.02662,
      0.34714,
      0.07987,
      0.02867
    ],
    "FlashAttention-2 (varlen)": [
      0.11264,
      0.05245,
      0.05552,
      0.27034,
      0.07194,
      0.06144
    ]
  }
}