{
  "gpu": "NVIDIA RTX 4000 Ada Generation",
  "sm": "SM89",
  "timing": "cuda_events_median_ms",
  "warmup": 50,
  "jit_warmup": 150,
  "iters": 300,
  "configs": [
    "BS=32, 0% pruned",
    "BS=32, 50% pruned",
    "BS=32, 80% pruned",
    "BS=64, 0% pruned",
    "BS=64, 50% pruned",
    "BS=64, 80% pruned"
  ],
  "kernels": {
    "SDPA (math, padded)": [
      5.36714,
      2.65797,
      2.16022,
      10.86262,
      5.85066,
      4.2281
    ],
    "SDPA (efficient, padded)": [
      2.17928,
      1.96398,
      1.90275,
      4.32995,
      3.98701,
      3.82566
    ],
    "SDPA (flash, padded)": [
      2.15069,
      1.90686,
      1.90334,
      4.17379,
      3.8947,
      3.87686
    ],
    "NestedTensor + SDPA": [
      9.31326,
      9.20798,
      9.25838,
      17.46904,
      17.33986,
      17.30786
    ],
    "Triton Ragged (ours)": [
      0.14029,
      0.04198,
      0.0256,
      0.34509,
      0.07987,
      0.02765
    ],
    "FlashAttention-2 (varlen)": [
      0.11366,
      0.05222,
      0.05018,
      0.25702,
      0.07168,
      0.06042
    ]
  },
  "p5": {
    "SDPA (math, padded)": [
      5.2887,
      2.57872,
      2.08403,
      10.64371,
      5.70861,
      4.09395
    ],
    "SDPA (efficient, padded)": [
      2.1297,
      1.89235,
      1.82989,
      4.18816,
      3.88502,
      3.69066
    ],
    "SDPA (flash, padded)": [
      2.10957,
      1.84128,
      1.82886,
      4.10122,
      3.71197,
      3.64445
    ],
    "NestedTensor + SDPA": [
      8.85142,
      8.78253,
      8.8361,
      16.9808,
      16.66349,
      16.62477
    ],
    "Triton Ragged (ours)": [
      0.13619,
      0.04096,
      0.02458,
      0.33587,
      0.07885,
      0.02662
    ],
    "FlashAttention-2 (varlen)": [
      0.11264,
      0.03686,
      0.03379,
      0.25498,
      0.07066,
      0.05939
    ]
  },
  "p95": {
    "SDPA (math, padded)": [
      5.9096,
      3.18662,
      2.69037,
      11.34403,
      6.36787,
      4.73363
    ],
    "SDPA (efficient, padded)": [
      2.72589,
      2.49686,
      2.3631,
      4.91008,
      4.5592,
      4.36531
    ],
    "SDPA (flash, padded)": [
      2.67158,
      2.4241,
      2.42688,
      4.7217,
      4.50349,
      4.42163
    ],
    "NestedTensor + SDPA": [
      9.81197,
      9.72493,
      9.77018,
      18.1975,
      18.06762,
      17.97229
    ],
    "Triton Ragged (ours)": [
      0.14131,
      0.04301,
      0.02662,
      0.35021,
      0.07997,
      0.02781
    ],
    "FlashAttention-2 (varlen)": [
      0.11469,
      0.0553,
      0.05427,
      0.26829,
      0.07578,
      0.06144
    ]
  }
}