{
  "gpu": "NVIDIA RTX 4000 Ada Generation",
  "sm": "SM89",
  "timing": "cuda_events_median_ms",
  "warmup": 50,
  "jit_warmup": 150,
  "iters": 300,
  "configs": [
    "BS=32, 0% pruned",
    "BS=32, 50% pruned",
    "BS=32, 80% pruned",
    "BS=64, 0% pruned",
    "BS=64, 50% pruned",
    "BS=64, 80% pruned"
  ],
  "kernels": {
    "SDPA (math, padded)": [
      5.37088,
      2.62042,
      2.0897,
      10.63914,
      5.77312,
      4.08882
    ],
    "SDPA (efficient, padded)": [
      2.23042,
      2.03651,
      1.84762,
      4.18304,
      3.79922,
      3.60114
    ],
    "SDPA (flash, padded)": [
      2.11866,
      2.05978,
      1.85442,
      3.99557,
      3.84198,
      3.61238
    ],
    "NestedTensor + SDPA": [
      9.2529,
      9.08203,
      9.09931,
      17.41514,
      17.93027,
      17.16234
    ],
    "Triton Ragged (ours)": [
      0.13619,
      0.04198,
      0.0256,
      0.34406,
      0.07987,
      0.02765
    ],
    "FlashAttention-2 (varlen)": [
      0.11162,
      0.05325,
      0.05325,
      0.25318,
      0.07168,
      0.06042
    ]
  },
  "p5": {
    "SDPA (math, padded)": [
      5.31859,
      2.6071,
      2.07878,
      10.56563,
      5.69235,
      4.02368
    ],
    "SDPA (efficient, padded)": [
      2.21584,
      2.02349,
      1.84045,
      4.13072,
      3.78854,
      3.53402
    ],
    "SDPA (flash, padded)": [
      2.09306,
      2.04694,
      1.84099,
      3.92294,
      3.7121,
      3.59936
    ],
    "NestedTensor + SDPA": [
      9.17994,
      8.89139,
      9.0368,
      17.28096,
      17.10899,
      16.80253
    ],
    "Triton Ragged (ours)": [
      0.13517,
      0.04112,
      0.02458,
      0.33178,
      0.07885,
      0.02662
    ],
    "FlashAttention-2 (varlen)": [
      0.11059,
      0.05222,
      0.05222,
      0.25293,
      0.07066,
      0.05939
    ]
  },
  "p95": {
    "SDPA (math, padded)": [
      5.42208,
      2.70848,
      2.16704,
      10.76806,
      5.85216,
      4.1145
    ],
    "SDPA (efficient, padded)": [
      2.26707,
      2.11149,
      1.85936,
      4.31514,
      3.81299,
      3.62368
    ],
    "SDPA (flash, padded)": [
      2.14704,
      2.10022,
      1.92211,
      4.13891,
      3.86669,
      3.65158
    ],
    "NestedTensor + SDPA": [
      9.35936,
      9.51613,
      9.5959,
      18.28659,
      18.35638,
      18.00806
    ],
    "Triton Ragged (ours)": [
      0.13722,
      0.04301,
      0.02662,
      0.34611,
      0.07987,
      0.0279
    ],
    "FlashAttention-2 (varlen)": [
      0.12186,
      0.05632,
      0.05542,
      0.25437,
      0.0727,
      0.06144
    ]
  }
}