{
  "gpu": "NVIDIA RTX 4000 Ada Generation",
  "sm": "SM89",
  "timing": "cuda_events_median_ms",
  "warmup": 50,
  "jit_warmup": 150,
  "iters": 300,
  "configs": [
    "BS=32, 0% pruned",
    "BS=32, 50% pruned",
    "BS=32, 80% pruned",
    "BS=64, 0% pruned",
    "BS=64, 50% pruned",
    "BS=64, 80% pruned"
  ],
  "kernels": {
    "SDPA (math, padded)": [
      5.34738,
      2.62086,
      2.11251,
      10.8375,
      5.78909,
      4.10522
    ],
    "SDPA (efficient, padded)": [
      2.32346,
      2.03517,
      1.97018,
      4.56762,
      3.82362,
      3.62435
    ],
    "SDPA (flash, padded)": [
      2.20058,
      1.97579,
      1.96389,
      4.24357,
      3.73702,
      3.62475
    ],
    "NestedTensor + SDPA": [
      9.18277,
      9.27595,
      9.13459,
      17.4411,
      17.1772,
      17.09043
    ],
    "Triton Ragged (ours)": [
      0.13619,
      0.04198,
      0.02355,
      0.34304,
      0.07987,
      0.02765
    ],
    "FlashAttention-2 (varlen)": [
      0.11264,
      0.05427,
      0.05427,
      0.25805,
      0.07168,
      0.06042
    ]
  },
  "p5": {
    "SDPA (math, padded)": [
      5.31776,
      2.59994,
      2.10022,
      10.58099,
      5.7129,
      4.03568
    ],
    "SDPA (efficient, padded)": [
      2.24768,
      2.02138,
      1.95674,
      4.4288,
      3.79795,
      3.6055
    ],
    "SDPA (flash, padded)": [
      2.13302,
      1.96576,
      1.92906,
      4.21974,
      3.72003,
      3.6095
    ],
    "NestedTensor + SDPA": [
      8.98432,
      9.08582,
      9.07059,
      17.25133,
      16.97894,
      16.9216
    ],
    "Triton Ragged (ours)": [
      0.13517,
      0.04096,
      0.02253,
      0.33178,
      0.07885,
      0.02662
    ],
    "FlashAttention-2 (varlen)": [
      0.11059,
      0.05222,
      0.05222,
      0.256,
      0.07066,
      0.05939
    ]
  },
  "p95": {
    "SDPA (math, padded)": [
      5.83264,
      2.65437,
      2.14528,
      10.94246,
      5.94022,
      4.12486
    ],
    "SDPA (efficient, padded)": [
      2.37165,
      2.10973,
      1.98339,
      4.59366,
      3.96285,
      3.7696
    ],
    "SDPA (flash, padded)": [
      2.2424,
      2.01728,
      1.97632,
      4.41568,
      3.87482,
      3.76512
    ],
    "NestedTensor + SDPA": [
      9.2704,
      9.75802,
      9.60717,
      18.24768,
      18.02134,
      17.94528
    ],
    "Triton Ragged (ours)": [
      0.13722,
      0.04224,
      0.02461,
      0.34714,
      0.07987,
      0.02794
    ],
    "FlashAttention-2 (varlen)": [
      0.11366,
      0.05632,
      0.05632,
      0.26931,
      0.0727,
      0.06144
    ]
  }
}