{
  "gpu": "NVIDIA RTX 4000 Ada Generation",
  "sm": "SM89",
  "timing": "cuda_events_median_ms",
  "warmup": 50,
  "jit_warmup": 150,
  "iters": 300,
  "configs": [
    "BS=32, 0% pruned",
    "BS=32, 50% pruned",
    "BS=32, 80% pruned",
    "BS=64, 0% pruned",
    "BS=64, 50% pruned",
    "BS=64, 80% pruned"
  ],
  "kernels": {
    "SDPA (math, padded)": [
      5.34522,
      2.61624,
      2.10227,
      10.88662,
      5.91246,
      4.1651
    ],
    "SDPA (efficient, padded)": [
      2.2508,
      2.01202,
      1.95072,
      4.42784,
      4.02739,
      3.83283
    ],
    "SDPA (flash, padded)": [
      2.12931,
      1.95891,
      1.92819,
      4.22571,
      4.07498,
      3.83413
    ],
    "NestedTensor + SDPA": [
      8.92115,
      8.7609,
      8.77365,
      16.76304,
      16.69338,
      17.02554
    ],
    "Triton Ragged (ours)": [
      0.13619,
      0.04198,
      0.02355,
      0.34304,
      0.07987,
      0.02765
    ],
    "FlashAttention-2 (varlen)": [
      0.11162,
      0.0512,
      0.04813,
      0.25907,
      0.07168,
      0.06042
    ]
  },
  "p5": {
    "SDPA (math, padded)": [
      5.31456,
      2.58262,
      2.08877,
      10.57882,
      5.8071,
      4.1255
    ],
    "SDPA (efficient, padded)": [
      2.23344,
      2.00192,
      1.91402,
      4.3561,
      4.0089,
      3.81549
    ],
    "SDPA (flash, padded)": [
      2.11158,
      1.94746,
      1.91277,
      4.20771,
      3.93626,
      3.82224
    ],
    "NestedTensor + SDPA": [
      8.8473,
      8.56474,
      8.61184,
      16.38896,
      16.48557,
      16.37581
    ],
    "Triton Ragged (ours)": [
      0.13517,
      0.04096,
      0.02253,
      0.33178,
      0.07885,
      0.02765
    ],
    "FlashAttention-2 (varlen)": [
      0.11059,
      0.04845,
      0.0471,
      0.25293,
      0.07066,
      0.06042
    ]
  },
  "p95": {
    "SDPA (math, padded)": [
      5.41891,
      2.6912,
      2.20758,
      11.0273,
      6.02211,
      4.35005
    ],
    "SDPA (efficient, padded)": [
      2.33267,
      2.02445,
      1.96586,
      4.56205,
      4.17251,
      3.96685
    ],
    "SDPA (flash, padded)": [
      2.20243,
      2.02342,
      1.96198,
      4.36531,
      4.14822,
      3.84819
    ],
    "NestedTensor + SDPA": [
      9.32784,
      8.83117,
      9.16384,
      17.6073,
      17.79738,
      17.46195
    ],
    "Triton Ragged (ours)": [
      0.13722,
      0.04227,
      0.02486,
      0.34714,
      0.07987,
      0.02867
    ],
    "FlashAttention-2 (varlen)": [
      0.12202,
      0.05427,
      0.0512,
      0.2601,
      0.07373,
      0.06144
    ]
  }
}