{
  "gpu": "NVIDIA RTX 4000 Ada Generation",
  "sm": "SM89",
  "timing": "cuda_events_median_ms",
  "warmup": 50,
  "jit_warmup": 150,
  "iters": 300,
  "configs": [
    "BS=32, 0% pruned",
    "BS=32, 50% pruned",
    "BS=32, 80% pruned",
    "BS=64, 0% pruned",
    "BS=64, 50% pruned",
    "BS=64, 80% pruned"
  ],
  "kernels": {
    "SDPA (math, padded)": [
      5.34266,
      2.56315,
      2.05926,
      10.74258,
      5.83184,
      4.04432
    ],
    "SDPA (efficient, padded)": [
      2.19971,
      1.87462,
      1.82501,
      4.50675,
      4.1001,
      3.55328
    ],
    "SDPA (flash, padded)": [
      2.09322,
      1.7972,
      1.88515,
      4.178,
      3.81963,
      3.57171
    ],
    "NestedTensor + SDPA": [
      8.82437,
      8.73934,
      8.72448,
      16.71622,
      16.43693,
      16.36272
    ],
    "Triton Ragged (ours)": [
      0.13619,
      0.04198,
      0.02355,
      0.34304,
      0.07987,
      0.02765
    ],
    "FlashAttention-2 (varlen)": [
      0.11102,
      0.04813,
      0.04813,
      0.26931,
      0.07168,
      0.06042
    ]
  },
  "p5": {
    "SDPA (math, padded)": [
      5.26336,
      2.55181,
      2.02138,
      10.57894,
      5.72518,
      3.98758
    ],
    "SDPA (efficient, padded)": [
      2.176,
      1.84422,
      1.79814,
      4.36531,
      3.95994,
      3.53875
    ],
    "SDPA (flash, padded)": [
      2.0641,
      1.77898,
      1.81555,
      4.11104,
      3.79936,
      3.55738
    ],
    "NestedTensor + SDPA": [
      8.73792,
      8.64358,
      8.65674,
      16.4935,
      16.10547,
      15.98976
    ],
    "Triton Ragged (ours)": [
      0.13517,
      0.04096,
      0.02253,
      0.33075,
      0.07885,
      0.02765
    ],
    "FlashAttention-2 (varlen)": [
      0.11059,
      0.0471,
      0.0471,
      0.25395,
      0.07066,
      0.05939
    ]
  },
  "p95": {
    "SDPA (math, padded)": [
      5.4071,
      2.63059,
      2.07165,
      11.00704,
      5.93603,
      4.16256
    ],
    "SDPA (efficient, padded)": [
      2.26893,
      1.89955,
      1.8864,
      4.59158,
      4.12698,
      3.69254
    ],
    "SDPA (flash, padded)": [
      2.16886,
      1.88826,
      1.8984,
      4.19843,
      4.05578,
      3.71338
    ],
    "NestedTensor + SDPA": [
      9.26003,
      9.31533,
      9.29709,
      17.55648,
      17.27488,
      17.24109
    ],
    "Triton Ragged (ours)": [
      0.13722,
      0.04301,
      0.02458,
      0.34611,
      0.0809,
      0.02867
    ],
    "FlashAttention-2 (varlen)": [
      0.11203,
      0.0512,
      0.05018,
      0.27136,
      0.07475,
      0.06144
    ]
  }
}