{
  "gpu": "NVIDIA RTX 4000 Ada Generation",
  "sm": "SM89",
  "timing": "cuda_events_median_ms",
  "warmup": 50,
  "jit_warmup": 150,
  "iters": 300,
  "configs": [
    "BS=32, 0% pruned",
    "BS=32, 50% pruned",
    "BS=32, 80% pruned",
    "BS=64, 0% pruned",
    "BS=64, 50% pruned",
    "BS=64, 80% pruned"
  ],
  "kernels": {
    "SDPA (math, padded)": [
      5.30085,
      2.56491,
      2.11675,
      10.82914,
      5.73354,
      4.08778
    ],
    "SDPA (efficient, padded)": [
      2.11251,
      1.90963,
      1.85562,
      4.31923,
      3.85536,
      3.55771
    ],
    "SDPA (flash, padded)": [
      2.09006,
      1.89971,
      1.85958,
      4.32037,
      3.85475,
      3.68442
    ],
    "NestedTensor + SDPA": [
      8.94678,
      9.19123,
      9.1364,
      17.45626,
      17.08646,
      16.99122
    ],
    "Triton Ragged (ours)": [
      0.13722,
      0.04198,
      0.02355,
      0.34406,
      0.07987,
      0.02765
    ],
    "FlashAttention-2 (varlen)": [
      0.11366,
      0.05018,
      0.05018,
      0.2635,
      0.0727,
      0.06042
    ]
  },
  "p5": {
    "SDPA (math, padded)": [
      5.2265,
      2.54896,
      2.04794,
      10.60147,
      5.5927,
      3.95776
    ],
    "SDPA (efficient, padded)": [
      2.09715,
      1.8729,
      1.82675,
      4.08947,
      3.8216,
      3.52787
    ],
    "SDPA (flash, padded)": [
      1.99779,
      1.84115,
      1.83498,
      4.17261,
      3.67174,
      3.54333
    ],
    "NestedTensor + SDPA": [
      8.73984,
      8.7089,
      8.69914,
      16.66928,
      16.36723,
      16.31949
    ],
    "Triton Ragged (ours)": [
      0.13619,
      0.04198,
      0.01536,
      0.33587,
      0.07885,
      0.02662
    ],
    "FlashAttention-2 (varlen)": [
      0.11264,
      0.0471,
      0.03277,
      0.2519,
      0.07168,
      0.05939
    ]
  },
  "p95": {
    "SDPA (math, padded)": [
      5.78253,
      3.02694,
      2.64054,
      11.31213,
      6.29043,
      4.58778
    ],
    "SDPA (efficient, padded)": [
      2.6583,
      2.41286,
      2.37027,
      4.97254,
      4.43357,
      4.21472
    ],
    "SDPA (flash, padded)": [
      2.56579,
      2.39834,
      2.36442,
      4.86192,
      4.42778,
      4.25965
    ],
    "NestedTensor + SDPA": [
      9.45882,
      9.62048,
      9.59168,
      18.24595,
      17.71725,
      17.6128
    ],
    "Triton Ragged (ours)": [
      0.14234,
      0.04301,
      0.0256,
      0.34918,
      0.07994,
      0.02781
    ],
    "FlashAttention-2 (varlen)": [
      0.1239,
      0.05325,
      0.05328,
      0.26931,
      0.07504,
      0.06144
    ]
  }
}