{
  "gpu": "NVIDIA RTX 4000 Ada Generation",
  "sm": "SM89",
  "timing": "cuda_events_median_ms",
  "warmup": 50,
  "jit_warmup": 150,
  "iters": 300,
  "configs": [
    "BS=32, 0% pruned",
    "BS=32, 50% pruned",
    "BS=32, 80% pruned",
    "BS=64, 0% pruned",
    "BS=64, 50% pruned",
    "BS=64, 80% pruned"
  ],
  "kernels": {
    "SDPA (math, padded)": [
      5.35653,
      2.57741,
      2.10125,
      10.70389,
      5.75758,
      4.12784
    ],
    "SDPA (efficient, padded)": [
      2.1321,
      1.90565,
      1.85856,
      4.21046,
      3.81621,
      3.60379
    ],
    "SDPA (flash, padded)": [
      2.01195,
      1.85651,
      1.86206,
      4.01434,
      3.74069,
      3.62165
    ],
    "NestedTensor + SDPA": [
      9.20667,
      9.1781,
      9.12837,
      17.53306,
      17.30699,
      17.22123
    ],
    "Triton Ragged (ours)": [
      0.13107,
      0.04198,
      0.02355,
      0.34509,
      0.07987,
      0.02765
    ],
    "FlashAttention-2 (varlen)": [
      0.11162,
      0.05325,
      0.05222,
      0.26214,
      0.07168,
      0.06042
    ]
  },
  "p5": {
    "SDPA (math, padded)": [
      5.27942,
      2.54259,
      2.09101,
      10.64013,
      5.72134,
      4.10701
    ],
    "SDPA (efficient, padded)": [
      2.12173,
      1.89066,
      1.84832,
      4.16666,
      3.74579,
      3.54406
    ],
    "SDPA (flash, padded)": [
      2.00077,
      1.8473,
      1.85139,
      3.99667,
      3.72755,
      3.55757
    ],
    "NestedTensor + SDPA": [
      9.12195,
      8.98653,
      8.98253,
      17.38138,
      17.15114,
      17.04448
    ],
    "Triton Ragged (ours)": [
      0.12931,
      0.04096,
      0.02253,
      0.33075,
      0.07885,
      0.02662
    ],
    "FlashAttention-2 (varlen)": [
      0.11059,
      0.0512,
      0.0512,
      0.25315,
      0.07066,
      0.05939
    ]
  },
  "p95": {
    "SDPA (math, padded)": [
      5.37587,
      2.59603,
      2.11664,
      10.82573,
      5.86035,
      4.27725
    ],
    "SDPA (efficient, padded)": [
      2.14451,
      1.91869,
      1.86704,
      4.25984,
      3.8359,
      3.64134
    ],
    "SDPA (flash, padded)": [
      2.08106,
      1.8688,
      1.93638,
      4.22227,
      3.76211,
      3.64237
    ],
    "NestedTensor + SDPA": [
      9.62995,
      9.78432,
      9.79354,
      18.36458,
      18.11843,
      18.08874
    ],
    "Triton Ragged (ours)": [
      0.13722,
      0.04301,
      0.02461,
      0.34714,
      0.0809,
      0.02784
    ],
    "FlashAttention-2 (varlen)": [
      0.11264,
      0.05632,
      0.0544,
      0.26931,
      0.07475,
      0.06144
    ]
  }
}