{
  "gpu": "NVIDIA RTX 4000 Ada Generation",
  "sm": "SM89",
  "timing": "cuda_events_median_ms",
  "warmup": 50,
  "jit_warmup": 150,
  "iters": 300,
  "configs": [
    "BS=32, 0% pruned",
    "BS=32, 50% pruned",
    "BS=32, 80% pruned",
    "BS=64, 0% pruned",
    "BS=64, 50% pruned",
    "BS=64, 80% pruned"
  ],
  "kernels": {
    "SDPA (math, padded)": [
      5.35765,
      2.60349,
      2.07803,
      10.78189,
      5.78458,
      4.19328
    ],
    "SDPA (efficient, padded)": [
      2.24,
      1.99485,
      1.82886,
      4.28642,
      3.88197,
      3.56389
    ],
    "SDPA (flash, padded)": [
      2.12275,
      1.86226,
      1.87141,
      3.97824,
      3.67323,
      3.69594
    ],
    "NestedTensor + SDPA": [
      8.98541,
      9.49315,
      8.88891,
      17.12026,
      16.75066,
      16.58112
    ],
    "Triton Ragged (ours)": [
      0.13619,
      0.04198,
      0.02355,
      0.34408,
      0.07987,
      0.02765
    ],
    "FlashAttention-2 (varlen)": [
      0.11162,
      0.05018,
      0.04915,
      0.26829,
      0.07168,
      0.06042
    ]
  },
  "p5": {
    "SDPA (math, padded)": [
      5.31456,
      2.55517,
      2.04464,
      10.56973,
      5.66784,
      4.04182
    ],
    "SDPA (efficient, padded)": [
      2.2272,
      1.94666,
      1.80019,
      4.15094,
      3.7561,
      3.54509
    ],
    "SDPA (flash, padded)": [
      2.11053,
      1.7991,
      1.82618,
      3.95162,
      3.65699,
      3.56147
    ],
    "NestedTensor + SDPA": [
      8.93152,
      8.67738,
      8.66685,
      16.80416,
      16.57958,
      16.16915
    ],
    "Triton Ragged (ours)": [
      0.13517,
      0.04096,
      0.02253,
      0.33178,
      0.07885,
      0.02662
    ],
    "FlashAttention-2 (varlen)": [
      0.11059,
      0.04915,
      0.04813,
      0.25293,
      0.07066,
      0.05939
    ]
  },
  "p95": {
    "SDPA (math, padded)": [
      5.39773,
      2.64784,
      2.09088,
      11.02838,
      5.83066,
      4.27418
    ],
    "SDPA (efficient, padded)": [
      2.25802,
      2.00534,
      1.83808,
      4.3143,
      4.63974,
      3.70586
    ],
    "SDPA (flash, padded)": [
      2.13523,
      1.90867,
      1.95994,
      4.16659,
      3.81158,
      3.72224
    ],
    "NestedTensor + SDPA": [
      9.42285,
      9.59078,
      9.32045,
      17.80195,
      17.74797,
      17.82784
    ],
    "Triton Ragged (ours)": [
      0.13722,
      0.0423,
      0.0247,
      0.34714,
      0.07987,
      0.02778
    ],
    "FlashAttention-2 (varlen)": [
      0.11264,
      0.05325,
      0.05222,
      0.27136,
      0.07299,
      0.06144
    ]
  }
}