{
  "gpu": "NVIDIA RTX 4000 Ada Generation",
  "sm": "SM89",
  "timing": "cuda_events_median_ms",
  "warmup": 50,
  "jit_warmup": 150,
  "iters": 300,
  "configs": [
    "BS=32, 0% pruned",
    "BS=32, 50% pruned",
    "BS=32, 80% pruned",
    "BS=64, 0% pruned",
    "BS=64, 50% pruned",
    "BS=64, 80% pruned"
  ],
  "kernels": {
    "SDPA (math, padded)": [
      5.35142,
      2.63165,
      2.13728,
      11.02339,
      5.82842,
      4.19635
    ],
    "SDPA (efficient, padded)": [
      2.15134,
      1.96192,
      1.89902,
      4.21677,
      3.8859,
      3.71699
    ],
    "SDPA (flash, padded)": [
      2.05392,
      1.90738,
      1.88757,
      4.08664,
      3.74475,
      3.84989
    ],
    "NestedTensor + SDPA": [
      9.28686,
      9.30512,
      9.2353,
      17.3305,
      17.29886,
      17.41144
    ],
    "Triton Ragged (ours)": [
      0.13824,
      0.04198,
      0.02278,
      0.34406,
      0.07987,
      0.02765
    ],
    "FlashAttention-2 (varlen)": [
      0.11366,
      0.05018,
      0.04813,
      0.25702,
      0.0727,
      0.06042
    ]
  },
  "p5": {
    "SDPA (math, padded)": [
      5.27155,
      2.55898,
      2.06448,
      10.61312,
      5.66784,
      4.05309
    ],
    "SDPA (efficient, padded)": [
      2.09382,
      1.95085,
      1.8176,
      4.07142,
      3.74784,
      3.56627
    ],
    "SDPA (flash, padded)": [
      1.98448,
      1.8439,
      1.8176,
      3.95674,
      3.67206,
      3.68598
    ],
    "NestedTensor + SDPA": [
      8.87808,
      8.84531,
      8.81043,
      16.81747,
      16.61542,
      16.59494
    ],
    "Triton Ragged (ours)": [
      0.13619,
      0.04096,
      0.02253,
      0.3369,
      0.07885,
      0.02662
    ],
    "FlashAttention-2 (varlen)": [
      0.11264,
      0.03686,
      0.03277,
      0.25293,
      0.07168,
      0.05939
    ]
  },
  "p95": {
    "SDPA (math, padded)": [
      5.90336,
      3.15802,
      2.66659,
      11.36413,
      6.37331,
      4.75245
    ],
    "SDPA (efficient, padded)": [
      2.22006,
      2.5129,
      2.4064,
      4.77798,
      4.44618,
      4.32413
    ],
    "SDPA (flash, padded)": [
      2.51101,
      2.4105,
      2.36032,
      4.64614,
      4.3519,
      4.41037
    ],
    "NestedTensor + SDPA": [
      9.74621,
      9.75888,
      9.66752,
      17.98794,
      17.936,
      18.08998
    ],
    "Triton Ragged (ours)": [
      0.14234,
      0.04301,
      0.0256,
      0.35021,
      0.07994,
      0.02768
    ],
    "FlashAttention-2 (varlen)": [
      0.11469,
      0.05325,
      0.0553,
      0.26931,
      0.07709,
      0.06144
    ]
  }
}