{
  "gpu": "NVIDIA RTX 4000 Ada Generation",
  "sm": "SM89",
  "timing": "cuda_events_median_ms",
  "warmup": 50,
  "jit_warmup": 150,
  "iters": 300,
  "configs": [
    "BS=32, 0% pruned",
    "BS=32, 50% pruned",
    "BS=32, 80% pruned",
    "BS=64, 0% pruned",
    "BS=64, 50% pruned",
    "BS=64, 80% pruned"
  ],
  "kernels": {
    "SDPA (math, padded)": [
      5.33762,
      2.60918,
      2.17123,
      10.94506,
      5.84166,
      4.08067
    ],
    "SDPA (efficient, padded)": [
      2.24347,
      2.01808,
      1.95686,
      4.43178,
      4.02214,
      3.70043
    ],
    "SDPA (flash, padded)": [
      2.12378,
      1.97067,
      1.95435,
      4.22298,
      3.70552,
      3.70875
    ],
    "NestedTensor + SDPA": [
      8.93085,
      8.89179,
      8.85699,
      16.91717,
      16.72034,
      16.56326
    ],
    "Triton Ragged (ours)": [
      0.13619,
      0.04198,
      0.02381,
      0.34304,
      0.07987,
      0.02765
    ],
    "FlashAttention-2 (varlen)": [
      0.11162,
      0.05018,
      0.04915,
      0.26318,
      0.07168,
      0.06048
    ]
  },
  "p5": {
    "SDPA (math, padded)": [
      5.31251,
      2.59466,
      2.09293,
      10.84109,
      5.78624,
      4.06614
    ],
    "SDPA (efficient, padded)": [
      2.23232,
      2.00429,
      1.94637,
      4.41242,
      3.96698,
      3.56864
    ],
    "SDPA (flash, padded)": [
      2.11226,
      1.95786,
      1.91283,
      4.07536,
      3.60547,
      3.5105
    ],
    "NestedTensor + SDPA": [
      8.74282,
      8.83002,
      8.67226,
      16.51888,
      16.58752,
      16.21603
    ],
    "Triton Ragged (ours)": [
      0.13517,
      0.04096,
      0.02355,
      0.33075,
      0.07885,
      0.02765
    ],
    "FlashAttention-2 (varlen)": [
      0.11059,
      0.04915,
      0.0471,
      0.25293,
      0.07066,
      0.06042
    ]
  },
  "p95": {
    "SDPA (math, padded)": [
      5.40986,
      2.68368,
      2.2016,
      11.0551,
      5.94842,
      4.22589
    ],
    "SDPA (efficient, padded)": [
      2.28064,
      2.08998,
      2.0295,
      4.57328,
      4.08381,
      3.72224
    ],
    "SDPA (flash, padded)": [
      2.18829,
      2.04304,
      2.02061,
      4.34704,
      4.08538,
      3.79843
    ],
    "NestedTensor + SDPA": [
      9.35734,
      9.37267,
      9.30112,
      17.78246,
      17.54826,
      17.44282
    ],
    "Triton Ragged (ours)": [
      0.13722,
      0.04301,
      0.02486,
      0.34509,
      0.07987,
      0.02867
    ],
    "FlashAttention-2 (varlen)": [
      0.11264,
      0.05427,
      0.0512,
      0.26829,
      0.0727,
      0.06144
    ]
  }
}