{
  "gpu": "NVIDIA RTX 4000 Ada Generation",
  "sm": "SM89",
  "timing": "cuda_events_median_ms",
  "warmup": 50,
  "jit_warmup": 150,
  "iters": 300,
  "configs": [
    "BS=32, 0% pruned",
    "BS=32, 50% pruned",
    "BS=32, 80% pruned",
    "BS=64, 0% pruned",
    "BS=64, 50% pruned",
    "BS=64, 80% pruned"
  ],
  "kernels": {
    "SDPA (math, padded)": [
      5.3575,
      2.59882,
      2.07472,
      10.81566,
      5.70805,
      4.17936
    ],
    "SDPA (efficient, padded)": [
      2.2305,
      2.01197,
      1.8572,
      4.40525,
      3.89731,
      3.56326
    ],
    "SDPA (flash, padded)": [
      2.01029,
      1.9633,
      1.95066,
      4.08349,
      3.68427,
      3.54773
    ],
    "NestedTensor + SDPA": [
      8.87078,
      8.8079,
      8.79714,
      16.69896,
      16.56854,
      16.45195
    ],
    "Triton Ragged (ours)": [
      0.13619,
      0.04198,
      0.02477,
      0.34509,
      0.07987,
      0.02765
    ],
    "FlashAttention-2 (varlen)": [
      0.11162,
      0.04915,
      0.05222,
      0.26726,
      0.07168,
      0.06042
    ]
  },
  "p5": {
    "SDPA (math, padded)": [
      5.27754,
      2.57962,
      2.06029,
      10.72947,
      5.64246,
      4.04202
    ],
    "SDPA (efficient, padded)": [
      2.19526,
      1.99805,
      1.78346,
      4.34176,
      3.74966,
      3.48877
    ],
    "SDPA (flash, padded)": [
      1.93674,
      1.94947,
      1.93741,
      3.87072,
      3.59526,
      3.4775
    ],
    "NestedTensor + SDPA": [
      8.80403,
      8.59552,
      8.7272,
      16.32029,
      16.33677,
      16.33485
    ],
    "Triton Ragged (ours)": [
      0.13517,
      0.04128,
      0.02458,
      0.33178,
      0.07885,
      0.02662
    ],
    "FlashAttention-2 (varlen)": [
      0.11059,
      0.0471,
      0.0512,
      0.25293,
      0.07066,
      0.05939
    ]
  },
  "p95": {
    "SDPA (math, padded)": [
      5.39149,
      2.6687,
      2.16371,
      10.89661,
      5.7849,
      4.20557
    ],
    "SDPA (efficient, padded)": [
      2.24973,
      2.09021,
      1.95379,
      4.54227,
      3.98739,
      3.77254
    ],
    "SDPA (flash, padded)": [
      2.13606,
      2.03398,
      2.02342,
      4.35917,
      3.73542,
      3.63622
    ],
    "NestedTensor + SDPA": [
      9.2992,
      9.24883,
      9.37267,
      17.59846,
      17.31875,
      17.5616
    ],
    "Triton Ragged (ours)": [
      0.13722,
      0.04234,
      0.02573,
      0.34714,
      0.07987,
      0.0279
    ],
    "FlashAttention-2 (varlen)": [
      0.12083,
      0.05123,
      0.05632,
      0.27034,
      0.07197,
      0.06144
    ]
  }
}