{
  "gpu": "NVIDIA RTX 4000 Ada Generation",
  "sm": "SM89",
  "timing": "cuda_events_median_ms",
  "warmup": 50,
  "jit_warmup": 150,
  "iters": 300,
  "configs": [
    "BS=32, 0% pruned",
    "BS=32, 50% pruned",
    "BS=32, 80% pruned",
    "BS=64, 0% pruned",
    "BS=64, 50% pruned",
    "BS=64, 80% pruned"
  ],
  "kernels": {
    "SDPA (math, padded)": [
      5.36064,
      2.57741,
      2.04179,
      10.88154,
      5.8992,
      4.08899
    ],
    "SDPA (efficient, padded)": [
      2.24443,
      1.89256,
      1.95789,
      4.57184,
      3.85933,
      3.64858
    ],
    "SDPA (flash, padded)": [
      2.00726,
      1.92094,
      1.95789,
      4.22605,
      3.70835,
      3.59003
    ],
    "NestedTensor + SDPA": [
      8.9888,
      9.39616,
      8.86682,
      17.01478,
      16.78411,
      16.73832
    ],
    "Triton Ragged (ours)": [
      0.13619,
      0.04198,
      0.02355,
      0.34304,
      0.07987,
      0.02765
    ],
    "FlashAttention-2 (varlen)": [
      0.11162,
      0.0512,
      0.0512,
      0.26522,
      0.07096,
      0.06042
    ]
  },
  "p5": {
    "SDPA (math, padded)": [
      5.3167,
      2.5423,
      2.01952,
      10.79677,
      5.77334,
      4.06922
    ],
    "SDPA (efficient, padded)": [
      2.07462,
      1.88518,
      1.92307,
      4.48614,
      3.77549,
      3.55245
    ],
    "SDPA (flash, padded)": [
      1.96285,
      1.90976,
      1.94774,
      4.08758,
      3.69562,
      3.57245
    ],
    "NestedTensor + SDPA": [
      8.90976,
      8.89866,
      8.80554,
      16.89638,
      16.42294,
      16.60416
    ],
    "Triton Ragged (ours)": [
      0.13517,
      0.04118,
      0.02253,
      0.33101,
      0.07885,
      0.02765
    ],
    "FlashAttention-2 (varlen)": [
      0.11059,
      0.04931,
      0.04915,
      0.25293,
      0.07066,
      0.05939
    ]
  },
  "p95": {
    "SDPA (math, padded)": [
      5.41267,
      2.58787,
      2.1576,
      11.02438,
      6.00813,
      4.22995
    ],
    "SDPA (efficient, padded)": [
      2.26298,
      1.90352,
      1.9712,
      4.6503,
      4.1711,
      3.80726
    ],
    "SDPA (flash, padded)": [
      2.0305,
      1.96224,
      1.96813,
      4.37555,
      3.73536,
      3.72864
    ],
    "NestedTensor + SDPA": [
      9.37267,
      9.60282,
      8.95283,
      17.6537,
      17.66845,
      17.55443
    ],
    "Triton Ragged (ours)": [
      0.13722,
      0.04234,
      0.02458,
      0.34611,
      0.07987,
      0.02867
    ],
    "FlashAttention-2 (varlen)": [
      0.11264,
      0.05325,
      0.05427,
      0.26624,
      0.07187,
      0.06144
    ]
  }
}