{
  "gpu": "NVIDIA RTX 4000 Ada Generation",
  "sm": "SM89",
  "timing": "cuda_events_median_ms",
  "warmup": 50,
  "jit_warmup": 150,
  "iters": 300,
  "configs": [
    "BS=32, 0% pruned",
    "BS=32, 50% pruned",
    "BS=32, 80% pruned",
    "BS=64, 0% pruned",
    "BS=64, 50% pruned",
    "BS=64, 80% pruned"
  ],
  "kernels": {
    "SDPA (math, padded)": [
      5.37397,
      2.6496,
      2.16682,
      10.84011,
      5.85949,
      4.23651
    ],
    "SDPA (efficient, padded)": [
      2.20774,
      1.91747,
      1.9241,
      4.32381,
      3.96186,
      3.68707
    ],
    "SDPA (flash, padded)": [
      2.08122,
      1.9293,
      1.86814,
      4.13523,
      3.85374,
      3.66382
    ],
    "NestedTensor + SDPA": [
      9.67077,
      9.60306,
      9.50443,
      18.20534,
      17.68602,
      17.78331
    ],
    "Triton Ragged (ours)": [
      0.13541,
      0.04198,
      0.02355,
      0.34099,
      0.07912,
      0.02765
    ],
    "FlashAttention-2 (varlen)": [
      0.11059,
      0.05443,
      0.0553,
      0.2535,
      0.07168,
      0.06042
    ]
  },
  "p5": {
    "SDPA (math, padded)": [
      5.2888,
      2.58368,
      2.08989,
      10.61581,
      5.67494,
      4.09907
    ],
    "SDPA (efficient, padded)": [
      2.13402,
      1.90362,
      1.84832,
      4.16973,
      3.81952,
      3.60781
    ],
    "SDPA (flash, padded)": [
      2.00909,
      1.85539,
      1.84538,
      3.99491,
      3.72429,
      3.62019
    ],
    "NestedTensor + SDPA": [
      9.21366,
      9.14966,
      9.08378,
      17.51664,
      17.21866,
      17.13037
    ],
    "Triton Ragged (ours)": [
      0.13517,
      0.04096,
      0.01536,
      0.33485,
      0.07885,
      0.02765
    ],
    "FlashAttention-2 (varlen)": [
      0.10957,
      0.03789,
      0.03379,
      0.25088,
      0.07066,
      0.05939
    ]
  },
  "p95": {
    "SDPA (math, padded)": [
      5.87264,
      3.18874,
      2.6624,
      11.31846,
      6.41325,
      4.77008
    ],
    "SDPA (efficient, padded)": [
      2.67981,
      2.48726,
      2.32022,
      4.86643,
      4.52198,
      4.30403
    ],
    "SDPA (flash, padded)": [
      2.6112,
      2.41357,
      2.42064,
      4.68358,
      4.44723,
      4.28954
    ],
    "NestedTensor + SDPA": [
      10.1017,
      10.0312,
      10.01142,
      18.77094,
      18.40026,
      18.54563
    ],
    "Triton Ragged (ours)": [
      0.13722,
      0.0423,
      0.0256,
      0.34406,
      0.07987,
      0.02867
    ],
    "FlashAttention-2 (varlen)": [
      0.11981,
      0.05837,
      0.05837,
      0.26522,
      0.0727,
      0.06144
    ]
  }
}