{
  "gpu": "NVIDIA RTX 4000 Ada Generation",
  "sm": "SM89",
  "timing": "cuda_events_median_ms",
  "warmup": 50,
  "jit_warmup": 150,
  "iters": 300,
  "configs": [
    "BS=32, 0% pruned",
    "BS=32, 50% pruned",
    "BS=32, 80% pruned",
    "BS=64, 0% pruned",
    "BS=64, 50% pruned",
    "BS=64, 80% pruned"
  ],
  "kernels": {
    "SDPA (math, padded)": [
      5.36933,
      2.5695,
      2.07597,
      10.61851,
      5.70176,
      4.07355
    ],
    "SDPA (efficient, padded)": [
      2.2487,
      1.89338,
      1.90771,
      4.1687,
      3.77861,
      3.59691
    ],
    "SDPA (flash, padded)": [
      2.1289,
      1.9099,
      1.83501,
      4.11651,
      3.70883,
      3.69701
    ],
    "NestedTensor + SDPA": [
      8.85741,
      8.83762,
      8.9924,
      17.12205,
      16.69981,
      17.22941
    ],
    "Triton Ragged (ours)": [
      0.13619,
      0.04198,
      0.02458,
      0.34509,
      0.07987,
      0.02765
    ],
    "FlashAttention-2 (varlen)": [
      0.11162,
      0.0512,
      0.05222,
      0.25722,
      0.07168,
      0.06042
    ]
  },
  "p5": {
    "SDPA (math, padded)": [
      5.32192,
      2.55693,
      2.06528,
      10.59021,
      5.67104,
      4.02147
    ],
    "SDPA (efficient, padded)": [
      2.23626,
      1.88387,
      1.83194,
      4.15267,
      3.75523,
      3.57565
    ],
    "SDPA (flash, padded)": [
      2.09306,
      1.84115,
      1.7999,
      3.97219,
      3.6905,
      3.58285
    ],
    "NestedTensor + SDPA": [
      8.67942,
      8.75021,
      8.59034,
      16.73818,
      16.26003,
      16.46797
    ],
    "Triton Ragged (ours)": [
      0.13517,
      0.04122,
      0.02387,
      0.33178,
      0.07885,
      0.02662
    ],
    "FlashAttention-2 (varlen)": [
      0.11059,
      0.05018,
      0.05018,
      0.256,
      0.07066,
      0.05939
    ]
  },
  "p95": {
    "SDPA (math, padded)": [
      5.41971,
      2.59306,
      2.18112,
      10.74893,
      5.81725,
      4.09638
    ],
    "SDPA (efficient, padded)": [
      2.26429,
      1.96822,
      1.91693,
      4.31302,
      3.91994,
      3.7417
    ],
    "SDPA (flash, padded)": [
      2.14426,
      1.92118,
      1.91181,
      4.19821,
      3.84614,
      3.80928
    ],
    "NestedTensor + SDPA": [
      9.29901,
      9.2447,
      9.24147,
      17.98758,
      17.74451,
      17.42336
    ],
    "Triton Ragged (ours)": [
      0.13722,
      0.04301,
      0.02589,
      0.34714,
      0.0801,
      0.02787
    ],
    "FlashAttention-2 (varlen)": [
      0.11264,
      0.05427,
      0.05427,
      0.26829,
      0.07184,
      0.06144
    ]
  }
}