{
  "gpu": "NVIDIA RTX 4000 Ada Generation",
  "sm": "SM89",
  "timing": "cuda_events_median_ms",
  "warmup": 50,
  "jit_warmup": 150,
  "iters": 300,
  "configs": [
    "BS=32, 0% pruned",
    "BS=32, 50% pruned",
    "BS=32, 80% pruned",
    "BS=64, 0% pruned",
    "BS=64, 50% pruned",
    "BS=64, 80% pruned"
  ],
  "kernels": {
    "SDPA (math, padded)": [
      5.38149,
      2.59587,
      2.09517,
      10.65214,
      5.9689,
      4.08667
    ],
    "SDPA (efficient, padded)": [
      2.13606,
      1.89824,
      1.84219,
      4.1853,
      3.89939,
      3.57474
    ],
    "SDPA (flash, padded)": [
      2.01264,
      1.92307,
      1.83808,
      3.98954,
      3.82918,
      3.60141
    ],
    "NestedTensor + SDPA": [
      9.1923,
      9.06298,
      9.01904,
      17.28542,
      17.5453,
      16.93851
    ],
    "Triton Ragged (ours)": [
      0.13619,
      0.04198,
      0.02355,
      0.34734,
      0.07987,
      0.02765
    ],
    "FlashAttention-2 (varlen)": [
      0.11264,
      0.04915,
      0.05222,
      0.25395,
      0.07168,
      0.06042
    ]
  },
  "p5": {
    "SDPA (math, padded)": [
      5.29078,
      2.57626,
      2.0801,
      10.56285,
      5.80506,
      4.06096
    ],
    "SDPA (efficient, padded)": [
      2.12374,
      1.88826,
      1.83299,
      4.15549,
      3.75603,
      3.5177
    ],
    "SDPA (flash, padded)": [
      1.9745,
      1.85027,
      1.80416,
      3.96902,
      3.68435,
      3.5799
    ],
    "NestedTensor + SDPA": [
      9.08698,
      8.97056,
      8.9303,
      17.01581,
      16.8825,
      16.81306
    ],
    "Triton Ragged (ours)": [
      0.13517,
      0.04096,
      0.02253,
      0.3369,
      0.07885,
      0.02765
    ],
    "FlashAttention-2 (varlen)": [
      0.11162,
      0.04813,
      0.05018,
      0.25293,
      0.07168,
      0.05939
    ]
  },
  "p95": {
    "SDPA (math, padded)": [
      5.43744,
      2.66131,
      2.1975,
      10.78294,
      6.69696,
      4.23082
    ],
    "SDPA (efficient, padded)": [
      2.20877,
      1.91386,
      1.91808,
      4.32563,
      3.9209,
      3.59117
    ],
    "SDPA (flash, padded)": [
      2.08998,
      1.93318,
      1.90669,
      4.13696,
      3.90861,
      3.73155
    ],
    "NestedTensor + SDPA": [
      9.8089,
      9.52051,
      9.48531,
      18.08102,
      18.22822,
      17.80941
    ],
    "Triton Ragged (ours)": [
      0.13926,
      0.04301,
      0.02458,
      0.35021,
      0.0799,
      0.02867
    ],
    "FlashAttention-2 (varlen)": [
      0.1201,
      0.05158,
      0.0543,
      0.27034,
      0.07578,
      0.06144
    ]
  }
}