{
  "gpu": "NVIDIA RTX 4000 Ada Generation",
  "sm": "SM89",
  "timing": "cuda_events_median_ms",
  "warmup": 50,
  "jit_warmup": 150,
  "iters": 300,
  "configs": [
    "BS=32, 0% pruned",
    "BS=32, 50% pruned",
    "BS=32, 80% pruned",
    "BS=64, 0% pruned",
    "BS=64, 50% pruned",
    "BS=64, 80% pruned"
  ],
  "kernels": {
    "SDPA (math, padded)": [
      5.35661,
      2.56602,
      2.13842,
      10.64755,
      5.66682,
      4.04466
    ],
    "SDPA (efficient, padded)": [
      2.17397,
      1.95277,
      1.89605,
      4.14925,
      3.77118,
      3.56554
    ],
    "SDPA (flash, padded)": [
      1.99768,
      1.84424,
      1.82619,
      4.10411,
      3.68432,
      3.69562
    ],
    "NestedTensor + SDPA": [
      9.26413,
      9.4929,
      9.19346,
      17.5481,
      17.1699,
      17.1225
    ],
    "Triton Ragged (ours)": [
      0.13517,
      0.04198,
      0.02458,
      0.34304,
      0.07987,
      0.02765
    ],
    "FlashAttention-2 (varlen)": [
      0.11162,
      0.05837,
      0.05427,
      0.2601,
      0.07098,
      0.06042
    ]
  },
  "p5": {
    "SDPA (math, padded)": [
      5.32582,
      2.55568,
      2.06774,
      10.57997,
      5.64838,
      4.0233
    ],
    "SDPA (efficient, padded)": [
      2.10554,
      1.88192,
      1.8185,
      4.13046,
      3.74989,
      3.54816
    ],
    "SDPA (flash, padded)": [
      1.98451,
      1.83526,
      1.8177,
      3.97546,
      3.66902,
      3.55533
    ],
    "NestedTensor + SDPA": [
      9.10026,
      9.12294,
      9.04294,
      17.28752,
      17.00966,
      16.8959
    ],
    "Triton Ragged (ours)": [
      0.13414,
      0.04096,
      0.02355,
      0.33178,
      0.07885,
      0.02765
    ],
    "FlashAttention-2 (varlen)": [
      0.11059,
      0.05734,
      0.05222,
      0.25293,
      0.07066,
      0.06042
    ]
  },
  "p95": {
    "SDPA (math, padded)": [
      5.77965,
      2.68902,
      2.15142,
      10.73696,
      5.80608,
      4.18304
    ],
    "SDPA (efficient, padded)": [
      2.18803,
      1.96813,
      2.30093,
      4.28886,
      3.90144,
      3.70678
    ],
    "SDPA (flash, padded)": [
      2.10032,
      1.91789,
      1.89827,
      4.18208,
      3.82429,
      3.77722
    ],
    "NestedTensor + SDPA": [
      9.68499,
      9.85078,
      9.66138,
      18.52333,
      18.06848,
      17.9416
    ],
    "Triton Ragged (ours)": [
      0.13619,
      0.04301,
      0.02566,
      0.34611,
      0.07987,
      0.02867
    ],
    "FlashAttention-2 (varlen)": [
      0.11264,
      0.06144,
      0.05632,
      0.27136,
      0.07197,
      0.06144
    ]
  }
}