{
  "gpu": "NVIDIA RTX 4000 Ada Generation",
  "sm": "SM89",
  "timing": "cuda_events_median_ms",
  "warmup": 50,
  "jit_warmup": 150,
  "iters": 300,
  "configs": [
    "BS=32, 0% pruned",
    "BS=32, 50% pruned",
    "BS=32, 80% pruned",
    "BS=64, 0% pruned",
    "BS=64, 50% pruned",
    "BS=64, 80% pruned"
  ],
  "kernels": {
    "SDPA (math, padded)": [
      5.30022,
      2.63698,
      2.06622,
      10.83792,
      5.6792,
      4.05694
    ],
    "SDPA (efficient, padded)": [
      2.10128,
      1.9497,
      1.82806,
      4.37448,
      3.76038,
      3.57325
    ],
    "SDPA (flash, padded)": [
      2.05517,
      1.8096,
      1.8217,
      4.18611,
      3.82362,
      3.58322
    ],
    "NestedTensor + SDPA": [
      9.35741,
      8.8265,
      8.86426,
      16.91422,
      16.78448,
      16.82264
    ],
    "Triton Ragged (ours)": [
      0.13619,
      0.04198,
      0.0256,
      0.34304,
      0.07987,
      0.02765
    ],
    "FlashAttention-2 (varlen)": [
      0.11162,
      0.05222,
      0.0512,
      0.26726,
      0.07101,
      0.06042
    ]
  },
  "p5": {
    "SDPA (math, padded)": [
      5.25306,
      2.62349,
      2.05798,
      10.78989,
      5.65862,
      4.04038
    ],
    "SDPA (efficient, padded)": [
      2.06768,
      1.87494,
      1.81645,
      4.35712,
      3.74682,
      3.55728
    ],
    "SDPA (flash, padded)": [
      1.98214,
      1.79507,
      1.81264,
      4.16666,
      3.69418,
      3.51846
    ],
    "NestedTensor + SDPA": [
      8.88832,
      8.61197,
      8.76733,
      16.72381,
      16.41882,
      16.29798
    ],
    "Triton Ragged (ours)": [
      0.13517,
      0.04096,
      0.02458,
      0.33178,
      0.07885,
      0.02662
    ],
    "FlashAttention-2 (varlen)": [
      0.11059,
      0.04915,
      0.04915,
      0.25293,
      0.07066,
      0.05939
    ]
  },
  "p95": {
    "SDPA (math, padded)": [
      5.38624,
      2.65117,
      2.07974,
      10.96605,
      5.80989,
      4.07443
    ],
    "SDPA (efficient, padded)": [
      2.11558,
      1.98554,
      1.90157,
      4.5209,
      3.81306,
      3.71318
    ],
    "SDPA (flash, padded)": [
      2.06675,
      1.83315,
      1.97546,
      4.33078,
      3.89018,
      3.77456
    ],
    "NestedTensor + SDPA": [
      9.64384,
      9.18509,
      9.28461,
      17.71213,
      17.72966,
      17.57286
    ],
    "Triton Ragged (ours)": [
      0.13722,
      0.04301,
      0.02662,
      0.34611,
      0.07987,
      0.02787
    ],
    "FlashAttention-2 (varlen)": [
      0.12211,
      0.0553,
      0.05427,
      0.26931,
      0.07171,
      0.06144
    ]
  }
}