{
  "gpu": "NVIDIA RTX 4000 Ada Generation",
  "sm": "SM89",
  "timing": "cuda_events_median_ms",
  "warmup": 50,
  "jit_warmup": 150,
  "iters": 300,
  "configs": [
    "BS=32, 0% pruned",
    "BS=32, 50% pruned",
    "BS=32, 80% pruned",
    "BS=64, 0% pruned",
    "BS=64, 50% pruned",
    "BS=64, 80% pruned"
  ],
  "kernels": {
    "SDPA (math, padded)": [
      5.4067,
      2.6205,
      2.0521,
      10.60198,
      5.66749,
      4.02446
    ],
    "SDPA (efficient, padded)": [
      2.11253,
      1.87294,
      1.80765,
      4.1311,
      3.73267,
      3.66406
    ],
    "SDPA (flash, padded)": [
      2.09715,
      1.89046,
      1.80421,
      4.05274,
      3.66179,
      3.78627
    ],
    "NestedTensor + SDPA": [
      9.14851,
      8.75654,
      8.72342,
      16.99344,
      16.5801,
      16.54178
    ],
    "Triton Ragged (ours)": [
      0.13619,
      0.04198,
      0.0256,
      0.34406,
      0.07987,
      0.02765
    ],
    "FlashAttention-2 (varlen)": [
      0.11162,
      0.0512,
      0.04813,
      0.25395,
      0.07168,
      0.06042
    ]
  },
  "p5": {
    "SDPA (math, padded)": [
      5.34426,
      2.54762,
      2.04282,
      10.56435,
      5.63395,
      4.00691
    ],
    "SDPA (efficient, padded)": [
      2.05098,
      1.86253,
      1.77651,
      4.10733,
      3.63197,
      3.49389
    ],
    "SDPA (flash, padded)": [
      2.08566,
      1.82669,
      1.7961,
      3.92224,
      3.63552,
      3.76835
    ],
    "NestedTensor + SDPA": [
      8.76749,
      8.69338,
      8.66509,
      16.65741,
      16.46355,
      16.35043
    ],
    "Triton Ragged (ours)": [
      0.13517,
      0.04096,
      0.02458,
      0.33178,
      0.07885,
      0.02765
    ],
    "FlashAttention-2 (varlen)": [
      0.11059,
      0.04915,
      0.04608,
      0.25293,
      0.07066,
      0.05978
    ]
  },
  "p95": {
    "SDPA (math, padded)": [
      5.45478,
      2.66237,
      2.50982,
      10.71722,
      5.75901,
      4.16144
    ],
    "SDPA (efficient, padded)": [
      2.23027,
      1.94048,
      1.8752,
      4.25597,
      3.8912,
      3.77312
    ],
    "SDPA (flash, padded)": [
      2.15757,
      1.90058,
      1.87699,
      4.14109,
      4.50458,
      3.92704
    ],
    "NestedTensor + SDPA": [
      9.31398,
      9.23146,
      9.17411,
      17.66912,
      17.48886,
      17.32026
    ],
    "Triton Ragged (ours)": [
      0.13722,
      0.04301,
      0.02662,
      0.34714,
      0.07987,
      0.02867
    ],
    "FlashAttention-2 (varlen)": [
      0.12326,
      0.05427,
      0.0504,
      0.26931,
      0.0727,
      0.06144
    ]
  }
}