{
  "gpu": "NVIDIA RTX 4000 Ada Generation",
  "sm": "SM89",
  "timing": "cuda_events_median_ms",
  "warmup": 50,
  "jit_warmup": 150,
  "iters": 300,
  "configs": [
    "BS=32, 0% pruned",
    "BS=32, 50% pruned",
    "BS=32, 80% pruned",
    "BS=64, 0% pruned",
    "BS=64, 50% pruned",
    "BS=64, 80% pruned"
  ],
  "kernels": {
    "SDPA (math, padded)": [
      5.2777,
      2.55283,
      2.05619,
      10.60453,
      5.72315,
      4.04666
    ],
    "SDPA (efficient, padded)": [
      2.10842,
      1.87123,
      1.79803,
      4.13272,
      3.73542,
      3.5369
    ],
    "SDPA (flash, padded)": [
      1.97874,
      1.82893,
      1.83594,
      3.94957,
      3.78262,
      3.5485
    ],
    "NestedTensor + SDPA": [
      9.21466,
      8.74298,
      8.75246,
      16.8663,
      17.03032,
      16.52475
    ],
    "Triton Ragged (ours)": [
      0.13619,
      0.04198,
      0.02355,
      0.34509,
      0.07987,
      0.02765
    ],
    "FlashAttention-2 (varlen)": [
      0.11162,
      0.04746,
      0.04813,
      0.26419,
      0.07168,
      0.06042
    ]
  },
  "p5": {
    "SDPA (math, padded)": [
      5.25811,
      2.54362,
      2.04698,
      10.55437,
      5.63802,
      4.02022
    ],
    "SDPA (efficient, padded)": [
      2.09818,
      1.86035,
      1.76128,
      4.11341,
      3.7208,
      3.5201
    ],
    "SDPA (flash, padded)": [
      1.92717,
      1.81654,
      1.80224,
      3.9168,
      3.65373,
      3.45626
    ],
    "NestedTensor + SDPA": [
      8.8752,
      8.53197,
      8.68275,
      16.75168,
      16.20378,
      16.42048
    ],
    "Triton Ragged (ours)": [
      0.13517,
      0.04096,
      0.02253,
      0.3328,
      0.07885,
      0.02701
    ],
    "FlashAttention-2 (varlen)": [
      0.11059,
      0.04608,
      0.04608,
      0.25293,
      0.07066,
      0.06042
    ]
  },
  "p95": {
    "SDPA (math, padded)": [
      5.34768,
      2.56922,
      2.1248,
      10.70592,
      5.80403,
      4.35194
    ],
    "SDPA (efficient, padded)": [
      2.11978,
      1.93843,
      1.84144,
      4.27018,
      3.86669,
      3.68435
    ],
    "SDPA (flash, padded)": [
      2.41043,
      1.88954,
      1.88592,
      4.07552,
      3.88608,
      3.66502
    ],
    "NestedTensor + SDPA": [
      9.47126,
      8.84035,
      9.20064,
      17.73709,
      17.78106,
      17.33222
    ],
    "Triton Ragged (ours)": [
      0.13722,
      0.04227,
      0.02458,
      0.34714,
      0.07987,
      0.02867
    ],
    "FlashAttention-2 (varlen)": [
      0.11264,
      0.0512,
      0.05018,
      0.26624,
      0.0727,
      0.06144
    ]
  }
}