{
  "gpu": "NVIDIA RTX 4000 Ada Generation",
  "sm": "SM89",
  "timing": "cuda_events_median_ms",
  "warmup": 50,
  "jit_warmup": 150,
  "iters": 300,
  "configs": [
    "BS=32, 0% pruned",
    "BS=32, 50% pruned",
    "BS=32, 80% pruned",
    "BS=64, 0% pruned",
    "BS=64, 50% pruned",
    "BS=64, 80% pruned"
  ],
  "kernels": {
    "SDPA (math, padded)": [
      5.35037,
      2.63571,
      2.14221,
      10.75456,
      5.85298,
      4.20454
    ],
    "SDPA (efficient, padded)": [
      2.12944,
      1.91502,
      1.91523,
      4.29312,
      3.8871,
      3.72794
    ],
    "SDPA (flash, padded)": [
      2.05642,
      1.90981,
      1.84659,
      4.20962,
      3.80646,
      3.72331
    ],
    "NestedTensor + SDPA": [
      9.15549,
      9.14664,
      9.09376,
      17.20784,
      17.19179,
      17.18283
    ],
    "Triton Ragged (ours)": [
      0.13824,
      0.04198,
      0.02355,
      0.34304,
      0.07987,
      0.02765
    ],
    "FlashAttention-2 (varlen)": [
      0.11366,
      0.05018,
      0.0471,
      0.26214,
      0.07168,
      0.06042
    ]
  },
  "p5": {
    "SDPA (math, padded)": [
      5.27155,
      2.56685,
      2.06029,
      10.56256,
      5.70061,
      4.06154
    ],
    "SDPA (efficient, padded)": [
      2.1073,
      1.83917,
      1.81958,
      4.15024,
      3.74477,
      3.57274
    ],
    "SDPA (flash, padded)": [
      1.98262,
      1.84013,
      1.78515,
      4.01101,
      3.66899,
      3.58093
    ],
    "NestedTensor + SDPA": [
      8.74499,
      8.68458,
      8.66528,
      16.65533,
      16.41267,
      16.34592
    ],
    "Triton Ragged (ours)": [
      0.13619,
      0.04096,
      0.01536,
      0.33587,
      0.07885,
      0.02662
    ],
    "FlashAttention-2 (varlen)": [
      0.11264,
      0.04845,
      0.03379,
      0.2519,
      0.07066,
      0.05939
    ]
  },
  "p95": {
    "SDPA (math, padded)": [
      5.88698,
      3.12822,
      2.69619,
      11.34189,
      6.36307,
      4.74605
    ],
    "SDPA (efficient, padded)": [
      2.7127,
      2.42586,
      2.39206,
      4.84995,
      4.43907,
      4.29446
    ],
    "SDPA (flash, padded)": [
      2.58886,
      2.46134,
      2.32253,
      4.73395,
      4.35808,
      4.2752
    ],
    "NestedTensor + SDPA": [
      9.59718,
      9.73926,
      9.59347,
      17.87987,
      17.73152,
      17.73997
    ],
    "Triton Ragged (ours)": [
      0.14131,
      0.04224,
      0.02458,
      0.34611,
      0.08013,
      0.02787
    ],
    "FlashAttention-2 (varlen)": [
      0.11776,
      0.05325,
      0.0512,
      0.26419,
      0.07373,
      0.06144
    ]
  }
}