{
  "gpu": "NVIDIA RTX 4000 Ada Generation",
  "sm": "SM89",
  "timing": "cuda_events_median_ms",
  "warmup": 50,
  "jit_warmup": 150,
  "iters": 300,
  "configs": [
    "BS=32, 0% pruned",
    "BS=32, 50% pruned",
    "BS=32, 80% pruned",
    "BS=64, 0% pruned",
    "BS=64, 50% pruned",
    "BS=64, 80% pruned"
  ],
  "kernels": {
    "SDPA (math, padded)": [
      5.37278,
      2.67394,
      2.15654,
      11.02734,
      5.87211,
      4.28629
    ],
    "SDPA (efficient, padded)": [
      2.16851,
      2.00566,
      1.91603,
      4.25939,
      3.94976,
      3.84448
    ],
    "SDPA (flash, padded)": [
      2.11786,
      1.98963,
      1.94733,
      4.14842,
      4.05173,
      3.98346
    ],
    "NestedTensor + SDPA": [
      9.81486,
      9.75467,
      9.70589,
      18.36597,
      18.06278,
      18.26986
    ],
    "Triton Ragged (ours)": [
      0.13722,
      0.04198,
      0.02458,
      0.34509,
      0.07987,
      0.02765
    ],
    "FlashAttention-2 (varlen)": [
      0.11371,
      0.06042,
      0.05734,
      0.25317,
      0.0727,
      0.06042
    ]
  },
  "p5": {
    "SDPA (math, padded)": [
      5.29651,
      2.5911,
      2.07974,
      10.66291,
      5.68499,
      4.13568
    ],
    "SDPA (efficient, padded)": [
      2.09398,
      1.93347,
      1.84525,
      4.11322,
      3.81226,
      3.62291
    ],
    "SDPA (flash, padded)": [
      2.04182,
      1.88118,
      1.87299,
      4.00099,
      3.73952,
      3.78982
    ],
    "NestedTensor + SDPA": [
      9.32147,
      9.27846,
      9.22749,
      17.69178,
      17.52496,
      17.45194
    ],
    "Triton Ragged (ours)": [
      0.13619,
      0.04198,
      0.02355,
      0.33587,
      0.07885,
      0.02662
    ],
    "FlashAttention-2 (varlen)": [
      0.11264,
      0.03789,
      0.0553,
      0.2519,
      0.07168,
      0.05939
    ]
  },
  "p95": {
    "SDPA (math, padded)": [
      5.92451,
      3.23133,
      2.66918,
      11.40122,
      6.41558,
      4.85245
    ],
    "SDPA (efficient, padded)": [
      2.66854,
      2.52845,
      2.36758,
      4.88266,
      4.51072,
      4.43187
    ],
    "SDPA (flash, padded)": [
      2.66678,
      2.4865,
      2.44448,
      4.71475,
      4.6121,
      4.54531
    ],
    "NestedTensor + SDPA": [
      10.28275,
      10.25328,
      10.17754,
      19.06726,
      18.83869,
      18.87251
    ],
    "Triton Ragged (ours)": [
      0.13926,
      0.04301,
      0.02662,
      0.35021,
      0.08192,
      0.02787
    ],
    "FlashAttention-2 (varlen)": [
      0.12429,
      0.06451,
      0.05939,
      0.26931,
      0.07578,
      0.06144
    ]
  }
}