{
  "gpu": "NVIDIA RTX 4000 Ada Generation",
  "sm": "SM89",
  "timing": "cuda_events_median_ms",
  "warmup": 50,
  "jit_warmup": 150,
  "iters": 300,
  "configs": [
    "BS=32, 0% pruned",
    "BS=32, 50% pruned",
    "BS=32, 80% pruned",
    "BS=64, 0% pruned",
    "BS=64, 50% pruned",
    "BS=64, 80% pruned"
  ],
  "kernels": {
    "SDPA (math, padded)": [
      5.38253,
      2.66718,
      2.17894,
      11.10118,
      5.88595,
      4.33875
    ],
    "SDPA (efficient, padded)": [
      2.21594,
      1.99474,
      1.90683,
      4.35904,
      3.95518,
      3.84443
    ],
    "SDPA (flash, padded)": [
      2.08597,
      1.90576,
      1.99586,
      4.15622,
      3.87533,
      4.01602
    ],
    "NestedTensor + SDPA": [
      9.74915,
      9.68397,
      9.69131,
      18.34883,
      18.1903,
      18.24824
    ],
    "Triton Ragged (ours)": [
      0.13722,
      0.04198,
      0.02592,
      0.34611,
      0.07987,
      0.02765
    ],
    "FlashAttention-2 (varlen)": [
      0.11366,
      0.05632,
      0.05632,
      0.26522,
      0.0727,
      0.06042
    ]
  },
  "p5": {
    "SDPA (math, padded)": [
      5.30419,
      2.59482,
      2.10666,
      10.67834,
      5.73238,
      4.17958
    ],
    "SDPA (efficient, padded)": [
      2.14419,
      1.91872,
      1.88826,
      4.20589,
      3.81046,
      3.65363
    ],
    "SDPA (flash, padded)": [
      2.01514,
      1.88314,
      1.89539,
      4.0151,
      3.73062,
      3.78576
    ],
    "NestedTensor + SDPA": [
      9.30445,
      9.21286,
      9.16998,
      17.62304,
      17.41898,
      17.36394
    ],
    "Triton Ragged (ours)": [
      0.13619,
      0.04128,
      0.01536,
      0.33587,
      0.07885,
      0.02662
    ],
    "FlashAttention-2 (varlen)": [
      0.11264,
      0.05325,
      0.03379,
      0.25293,
      0.07168,
      0.05939
    ]
  },
  "p95": {
    "SDPA (math, padded)": [
      5.92262,
      3.18771,
      2.71658,
      11.43072,
      6.43302,
      4.87834
    ],
    "SDPA (efficient, padded)": [
      2.7136,
      2.52227,
      2.44714,
      4.95002,
      4.54518,
      4.38173
    ],
    "SDPA (flash, padded)": [
      2.59894,
      2.48941,
      2.50266,
      4.69792,
      4.42445,
      4.53814
    ],
    "NestedTensor + SDPA": [
      10.29594,
      10.08829,
      10.12634,
      19.01837,
      18.8817,
      18.84198
    ],
    "Triton Ragged (ours)": [
      0.14234,
      0.04301,
      0.02765,
      0.35021,
      0.07997,
      0.02787
    ],
    "FlashAttention-2 (varlen)": [
      0.11878,
      0.05939,
      0.05974,
      0.27034,
      0.07475,
      0.06144
    ]
  }
}