{
  "gpu": "NVIDIA RTX 4000 Ada Generation",
  "sm": "SM89",
  "timing": "cuda_events_median_ms",
  "warmup": 50,
  "jit_warmup": 150,
  "iters": 300,
  "configs": [
    "BS=32, 0% pruned",
    "BS=32, 50% pruned",
    "BS=32, 80% pruned",
    "BS=64, 0% pruned",
    "BS=64, 50% pruned",
    "BS=64, 80% pruned"
  ],
  "kernels": {
    "SDPA (math, padded)": [
      5.35042,
      2.64485,
      2.10022,
      10.96915,
      5.71182,
      4.07298
    ],
    "SDPA (efficient, padded)": [
      2.2281,
      2.02333,
      1.96506,
      4.43834,
      3.78778,
      3.72218
    ],
    "SDPA (flash, padded)": [
      2.13485,
      1.97211,
      1.95994,
      4.23928,
      3.70147,
      3.72586
    ],
    "NestedTensor + SDPA": [
      9.34291,
      8.82592,
      8.85114,
      17.01834,
      16.65443,
      16.60077
    ],
    "Triton Ragged (ours)": [
      0.13619,
      0.04198,
      0.02458,
      0.34432,
      0.07987,
      0.02765
    ],
    "FlashAttention-2 (varlen)": [
      0.11162,
      0.04915,
      0.05018,
      0.25395,
      0.07168,
      0.06042
    ]
  },
  "p5": {
    "SDPA (math, padded)": [
      5.31558,
      2.61222,
      2.07229,
      10.69862,
      5.68765,
      4.05709
    ],
    "SDPA (efficient, padded)": [
      2.20979,
      2.00934,
      1.94662,
      4.37043,
      3.7673,
      3.57478
    ],
    "SDPA (flash, padded)": [
      2.09408,
      1.96006,
      1.93331,
      4.17299,
      3.68333,
      3.58374
    ],
    "NestedTensor + SDPA": [
      8.90253,
      8.71853,
      8.77978,
      16.63366,
      16.5193,
      16.23562
    ],
    "Triton Ragged (ours)": [
      0.13517,
      0.04198,
      0.02355,
      0.33178,
      0.07885,
      0.02662
    ],
    "FlashAttention-2 (varlen)": [
      0.11059,
      0.0471,
      0.04915,
      0.25293,
      0.07066,
      0.05939
    ]
  },
  "p95": {
    "SDPA (math, padded)": [
      5.42003,
      2.71325,
      2.12806,
      11.07558,
      5.83885,
      4.10317
    ],
    "SDPA (efficient, padded)": [
      2.26099,
      2.12787,
      1.97632,
      4.58256,
      3.93216,
      3.80211
    ],
    "SDPA (flash, padded)": [
      2.23654,
      2.01248,
      1.97235,
      4.26605,
      3.72326,
      3.80211
    ],
    "NestedTensor + SDPA": [
      9.64506,
      9.19485,
      9.31123,
      18.0473,
      17.41312,
      17.35437
    ],
    "Triton Ragged (ours)": [
      0.13722,
      0.04301,
      0.02563,
      0.34714,
      0.0809,
      0.02797
    ],
    "FlashAttention-2 (varlen)": [
      0.11264,
      0.05222,
      0.05325,
      0.26931,
      0.07187,
      0.06144
    ]
  }
}