{
  "gpu": "NVIDIA RTX 4000 Ada Generation",
  "sm": "SM89",
  "timing": "cuda_events_median_ms",
  "warmup": 50,
  "jit_warmup": 150,
  "iters": 300,
  "configs": [
    "BS=32, 0% pruned",
    "BS=32, 50% pruned",
    "BS=32, 80% pruned",
    "BS=64, 0% pruned",
    "BS=64, 50% pruned",
    "BS=64, 80% pruned"
  ],
  "kernels": {
    "SDPA (math, padded)": [
      5.36902,
      2.66834,
      2.09306,
      10.82675,
      5.85432,
      4.28656
    ],
    "SDPA (efficient, padded)": [
      2.2487,
      2.00654,
      1.95994,
      4.41955,
      4.02531,
      3.82978
    ],
    "SDPA (flash, padded)": [
      2.19032,
      2.03606,
      1.96813,
      4.22533,
      3.95112,
      3.85757
    ],
    "NestedTensor + SDPA": [
      9.41254,
      8.79461,
      9.32149,
      17.30781,
      16.79467,
      16.74771
    ],
    "Triton Ragged (ours)": [
      0.13619,
      0.04198,
      0.0256,
      0.34509,
      0.07987,
      0.02765
    ],
    "FlashAttention-2 (varlen)": [
      0.11162,
      0.0512,
      0.05427,
      0.26522,
      0.07168,
      0.06042
    ]
  },
  "p5": {
    "SDPA (math, padded)": [
      5.31786,
      2.59686,
      2.08298,
      10.71741,
      5.79174,
      4.13389
    ],
    "SDPA (efficient, padded)": [
      2.2367,
      1.92032,
      1.94122,
      4.40544,
      4.00995,
      3.76749
    ],
    "SDPA (flash, padded)": [
      2.13216,
      1.85862,
      1.95446,
      4.15533,
      3.88813,
      3.83488
    ],
    "NestedTensor + SDPA": [
      8.98554,
      8.71014,
      8.88752,
      16.90419,
      16.58266,
      16.45843
    ],
    "Triton Ragged (ours)": [
      0.13517,
      0.04198,
      0.02458,
      0.33178,
      0.07885,
      0.02701
    ],
    "FlashAttention-2 (varlen)": [
      0.11059,
      0.05018,
      0.05325,
      0.25293,
      0.07066,
      0.06042
    ]
  },
  "p95": {
    "SDPA (math, padded)": [
      5.41901,
      2.70131,
      2.12054,
      11.00522,
      5.95142,
      4.34688
    ],
    "SDPA (efficient, padded)": [
      2.31226,
      2.08998,
      2.02858,
      4.44086,
      4.15936,
      3.97005
    ],
    "SDPA (flash, padded)": [
      2.20253,
      2.0777,
      2.04067,
      4.2537,
      4.08883,
      3.98973
    ],
    "NestedTensor + SDPA": [
      9.63971,
      8.97946,
      9.57942,
      18.1199,
      17.40282,
      17.60461
    ],
    "Triton Ragged (ours)": [
      0.13722,
      0.04301,
      0.02682,
      0.34714,
      0.07987,
      0.02867
    ],
    "FlashAttention-2 (varlen)": [
      0.11264,
      0.05427,
      0.05734,
      0.27034,
      0.07389,
      0.06144
    ]
  }
}