{
  "gpu": "NVIDIA RTX 4000 Ada Generation",
  "sm": "SM89",
  "timing": "cuda_events_median_ms",
  "warmup": 50,
  "jit_warmup": 150,
  "iters": 300,
  "configs": [
    "BS=32, 0% pruned",
    "BS=32, 50% pruned",
    "BS=32, 80% pruned",
    "BS=64, 0% pruned",
    "BS=64, 50% pruned",
    "BS=64, 80% pruned"
  ],
  "kernels": {
    "SDPA (math, padded)": [
      5.28691,
      2.65318,
      2.19763,
      10.65424,
      5.74973,
      4.19288
    ],
    "SDPA (efficient, padded)": [
      2.1248,
      1.89381,
      1.9139,
      4.12182,
      3.77296,
      3.58093
    ],
    "SDPA (flash, padded)": [
      2.00411,
      1.83992,
      1.90781,
      3.9936,
      3.71096,
      3.602
    ],
    "NestedTensor + SDPA": [
      8.88464,
      8.74739,
      9.18733,
      16.88525,
      16.48368,
      16.46899
    ],
    "Triton Ragged (ours)": [
      0.13619,
      0.04198,
      0.02355,
      0.34509,
      0.07987,
      0.02765
    ],
    "FlashAttention-2 (varlen)": [
      0.11179,
      0.05325,
      0.04813,
      0.26317,
      0.07168,
      0.06042
    ]
  },
  "p5": {
    "SDPA (math, padded)": [
      5.27155,
      2.58221,
      2.15654,
      10.57091,
      5.67709,
      4.05402
    ],
    "SDPA (efficient, padded)": [
      2.11354,
      1.86368,
      1.84112,
      4.10416,
      3.7591,
      3.51437
    ],
    "SDPA (flash, padded)": [
      1.97018,
      1.81546,
      1.8352,
      3.968,
      3.69494,
      3.584
    ],
    "NestedTensor + SDPA": [
      8.80957,
      8.57578,
      8.75315,
      16.71987,
      16.12019,
      16.33981
    ],
    "Triton Ragged (ours)": [
      0.13517,
      0.04096,
      0.02253,
      0.3328,
      0.07885,
      0.02662
    ],
    "FlashAttention-2 (varlen)": [
      0.11059,
      0.0512,
      0.04608,
      0.25293,
      0.07066,
      0.05939
    ]
  },
  "p95": {
    "SDPA (math, padded)": [
      5.34326,
      2.66342,
      2.21283,
      10.80147,
      6.70106,
      4.27334
    ],
    "SDPA (efficient, padded)": [
      2.13629,
      1.90349,
      1.95546,
      4.18749,
      3.79779,
      3.71315
    ],
    "SDPA (flash, padded)": [
      2.01421,
      1.85754,
      1.91898,
      4.12243,
      3.85126,
      3.7417
    ],
    "NestedTensor + SDPA": [
      9.50477,
      9.24058,
      9.47104,
      17.71693,
      17.03117,
      17.24931
    ],
    "Triton Ragged (ours)": [
      0.13722,
      0.0423,
      0.02458,
      0.34714,
      0.07987,
      0.02784
    ],
    "FlashAttention-2 (varlen)": [
      0.11571,
      0.0553,
      0.0512,
      0.26458,
      0.07373,
      0.06144
    ]
  }
}