{
  "gpu": "NVIDIA RTX 4000 Ada Generation",
  "sm": "SM89",
  "timing": "cuda_events_median_ms",
  "warmup": 50,
  "jit_warmup": 150,
  "iters": 300,
  "configs": [
    "BS=32, 0% pruned",
    "BS=32, 50% pruned",
    "BS=32, 80% pruned",
    "BS=64, 0% pruned",
    "BS=64, 50% pruned",
    "BS=64, 80% pruned"
  ],
  "kernels": {
    "SDPA (math, padded)": [
      5.31928,
      2.56819,
      2.06643,
      10.7908,
      5.67827,
      4.06432
    ],
    "SDPA (efficient, padded)": [
      2.11661,
      1.88314,
      1.89739,
      4.16006,
      3.75262,
      3.56032
    ],
    "SDPA (flash, padded)": [
      1.98498,
      1.84293,
      1.82803,
      4.09582,
      3.67115,
      3.58214
    ],
    "NestedTensor + SDPA": [
      8.83054,
      8.74805,
      8.68659,
      16.7236,
      16.48939,
      16.37568
    ],
    "Triton Ragged (ours)": [
      0.13517,
      0.04198,
      0.02355,
      0.34304,
      0.07987,
      0.02765
    ],
    "FlashAttention-2 (varlen)": [
      0.11162,
      0.05018,
      0.0471,
      0.25907,
      0.07168,
      0.0608
    ]
  },
  "p5": {
    "SDPA (math, padded)": [
      5.27866,
      2.55386,
      2.05744,
      10.60557,
      5.6529,
      4.04717
    ],
    "SDPA (efficient, padded)": [
      2.10227,
      1.86154,
      1.82374,
      4.14208,
      3.7335,
      3.54506
    ],
    "SDPA (flash, padded)": [
      1.9753,
      1.81376,
      1.81565,
      3.95469,
      3.6185,
      3.57066
    ],
    "NestedTensor + SDPA": [
      8.7368,
      8.6784,
      8.52253,
      16.48128,
      16.22323,
      16.02477
    ],
    "Triton Ragged (ours)": [
      0.13517,
      0.04106,
      0.02253,
      0.33178,
      0.07885,
      0.02765
    ],
    "FlashAttention-2 (varlen)": [
      0.11059,
      0.04813,
      0.04608,
      0.25395,
      0.07066,
      0.06042
    ]
  },
  "p95": {
    "SDPA (math, padded)": [
      5.37088,
      2.63898,
      2.14493,
      10.97597,
      5.82656,
      4.20659
    ],
    "SDPA (efficient, padded)": [
      2.17498,
      1.95686,
      1.93971,
      4.35917,
      3.76659,
      3.70278
    ],
    "SDPA (flash, padded)": [
      1.99667,
      1.85363,
      1.90262,
      4.17248,
      3.8073,
      3.72019
    ],
    "NestedTensor + SDPA": [
      9.25318,
      9.22317,
      8.76544,
      17.55238,
      17.27878,
      16.50294
    ],
    "Triton Ragged (ours)": [
      0.13635,
      0.04301,
      0.02458,
      0.34611,
      0.07987,
      0.02867
    ],
    "FlashAttention-2 (varlen)": [
      0.11264,
      0.05325,
      0.04915,
      0.26112,
      0.0727,
      0.06144
    ]
  }
}