{
  "gpu": "NVIDIA RTX 4000 Ada Generation",
  "sm": "SM89",
  "timing": "cuda_events_median_ms",
  "warmup": 50,
  "jit_warmup": 150,
  "iters": 300,
  "configs": [
    "BS=32, 0% pruned",
    "BS=32, 50% pruned",
    "BS=32, 80% pruned",
    "BS=64, 0% pruned",
    "BS=64, 50% pruned",
    "BS=64, 80% pruned"
  ],
  "kernels": {
    "SDPA (math, padded)": [
      5.40118,
      2.63866,
      2.16403,
      10.8333,
      5.88698,
      4.25555
    ],
    "SDPA (efficient, padded)": [
      2.1831,
      1.95382,
      1.9159,
      4.33253,
      3.99478,
      3.81483
    ],
    "SDPA (flash, padded)": [
      2.09245,
      1.92474,
      1.85082,
      4.15277,
      3.85722,
      3.83758
    ],
    "NestedTensor + SDPA": [
      9.6799,
      9.6027,
      9.47046,
      18.10138,
      17.94976,
      17.8007
    ],
    "Triton Ragged (ours)": [
      0.13619,
      0.04198,
      0.02458,
      0.34509,
      0.07987,
      0.02765
    ],
    "FlashAttention-2 (varlen)": [
      0.11162,
      0.0553,
      0.05226,
      0.26522,
      0.07168,
      0.06042
    ]
  },
  "p5": {
    "SDPA (math, padded)": [
      5.30867,
      2.57776,
      2.09075,
      10.6281,
      5.72621,
      4.10829
    ],
    "SDPA (efficient, padded)": [
      2.16742,
      1.86698,
      1.84026,
      4.18982,
      3.80006,
      3.67104
    ],
    "SDPA (flash, padded)": [
      2.01011,
      1.85139,
      1.83686,
      4.00256,
      3.70278,
      3.65978
    ],
    "NestedTensor + SDPA": [
      9.22189,
      9.12915,
      9.09722,
      17.44794,
      17.19398,
      17.07488
    ],
    "Triton Ragged (ours)": [
      0.13517,
      0.04198,
      0.01536,
      0.33485,
      0.07885,
      0.02662
    ],
    "FlashAttention-2 (varlen)": [
      0.11059,
      0.03702,
      0.03379,
      0.25498,
      0.07066,
      0.05939
    ]
  },
  "p95": {
    "SDPA (math, padded)": [
      5.93648,
      3.17866,
      2.6961,
      11.37971,
      6.4185,
      4.77389
    ],
    "SDPA (efficient, padded)": [
      2.74157,
      2.42381,
      2.46051,
      4.85581,
      4.5248,
      4.36326
    ],
    "SDPA (flash, padded)": [
      2.59686,
      2.46614,
      2.36032,
      4.7247,
      4.4465,
      4.40701
    ],
    "NestedTensor + SDPA": [
      10.25677,
      10.08538,
      9.78349,
      18.7464,
      18.63814,
      18.50064
    ],
    "Triton Ragged (ours)": [
      0.13837,
      0.04301,
      0.02662,
      0.34816,
      0.0799,
      0.0279
    ],
    "FlashAttention-2 (varlen)": [
      0.11469,
      0.05939,
      0.05632,
      0.26624,
      0.07373,
      0.06144
    ]
  }
}