{
  "gpu": "NVIDIA RTX 4000 Ada Generation",
  "sm": "SM89",
  "timing": "cuda_events_median_ms",
  "warmup": 50,
  "jit_warmup": 150,
  "iters": 300,
  "configs": [
    "BS=32, 0% pruned",
    "BS=32, 50% pruned",
    "BS=32, 80% pruned",
    "BS=64, 0% pruned",
    "BS=64, 50% pruned",
    "BS=64, 80% pruned"
  ],
  "kernels": {
    "SDPA (math, padded)": [
      5.28038,
      2.54054,
      2.14216,
      10.65595,
      5.68886,
      4.06749
    ],
    "SDPA (efficient, padded)": [
      2.16781,
      1.86251,
      1.8308,
      4.16146,
      3.76496,
      3.56251
    ],
    "SDPA (flash, padded)": [
      1.99387,
      1.82277,
      1.82784,
      3.98131,
      3.69747,
      3.57699
    ],
    "NestedTensor + SDPA": [
      8.89618,
      8.84984,
      8.8233,
      16.83525,
      17.24838,
      17.26347
    ],
    "Triton Ragged (ours)": [
      0.13619,
      0.04198,
      0.02458,
      0.34422,
      0.07987,
      0.02765
    ],
    "FlashAttention-2 (varlen)": [
      0.11162,
      0.04813,
      0.05018,
      0.2649,
      0.07168,
      0.06042
    ]
  },
  "p5": {
    "SDPA (math, padded)": [
      5.26029,
      2.528,
      2.06858,
      10.60282,
      5.66989,
      3.98858
    ],
    "SDPA (efficient, padded)": [
      2.0855,
      1.8473,
      1.78698,
      4.14618,
      3.70669,
      3.49165
    ],
    "SDPA (flash, padded)": [
      1.9497,
      1.80867,
      1.81875,
      3.89434,
      3.6055,
      3.49213
    ],
    "NestedTensor + SDPA": [
      8.71226,
      8.63232,
      8.76336,
      16.70758,
      16.52013,
      16.39117
    ],
    "Triton Ragged (ours)": [
      0.13517,
      0.04096,
      0.02355,
      0.33178,
      0.07885,
      0.02707
    ],
    "FlashAttention-2 (varlen)": [
      0.11059,
      0.0463,
      0.04915,
      0.25293,
      0.07066,
      0.05939
    ]
  },
  "p95": {
    "SDPA (math, padded)": [
      5.34733,
      2.57658,
      2.15725,
      10.7776,
      5.82141,
      4.22502
    ],
    "SDPA (efficient, padded)": [
      2.22515,
      1.88826,
      1.90566,
      4.29261,
      3.77958,
      3.57683
    ],
    "SDPA (flash, padded)": [
      2.03072,
      1.84925,
      1.89549,
      4.1175,
      3.82874,
      3.71696
    ],
    "NestedTensor + SDPA": [
      9.33888,
      9.28154,
      9.24429,
      17.65056,
      17.7664,
      17.72442
    ],
    "Triton Ragged (ours)": [
      0.13722,
      0.04221,
      0.0256,
      0.34714,
      0.07987,
      0.02867
    ],
    "FlashAttention-2 (varlen)": [
      0.11264,
      0.0512,
      0.05325,
      0.26931,
      0.07299,
      0.06144
    ]
  }
}