{
  "gpu": "NVIDIA RTX 4000 Ada Generation",
  "sm": "SM89",
  "timing": "cuda_events_median_ms",
  "warmup": 50,
  "jit_warmup": 150,
  "iters": 300,
  "configs": [
    "BS=32, 0% pruned",
    "BS=32, 50% pruned",
    "BS=32, 80% pruned",
    "BS=64, 0% pruned",
    "BS=64, 50% pruned",
    "BS=64, 80% pruned"
  ],
  "kernels": {
    "SDPA (math, padded)": [
      5.31456,
      2.66347,
      2.15038,
      10.63824,
      5.80749,
      4.08285
    ],
    "SDPA (efficient, padded)": [
      2.12275,
      1.95414,
      1.89626,
      4.15731,
      3.80907,
      3.58107
    ],
    "SDPA (flash, padded)": [
      1.99168,
      1.85144,
      1.8963,
      4.20045,
      3.70584,
      3.81861
    ],
    "NestedTensor + SDPA": [
      8.9303,
      9.25347,
      8.83606,
      16.90184,
      16.67086,
      16.56787
    ],
    "Triton Ragged (ours)": [
      0.13619,
      0.04198,
      0.02355,
      0.34202,
      0.07987,
      0.02765
    ],
    "FlashAttention-2 (varlen)": [
      0.11162,
      0.0512,
      0.0484,
      0.26726,
      0.07098,
      0.06042
    ]
  },
  "p5": {
    "SDPA (math, padded)": [
      5.26989,
      2.64394,
      2.06746,
      10.59942,
      5.68451,
      4.06016
    ],
    "SDPA (efficient, padded)": [
      2.06336,
      1.88518,
      1.82576,
      4.07245,
      3.68637,
      3.47574
    ],
    "SDPA (flash, padded)": [
      1.95664,
      1.83674,
      1.82618,
      4.12365,
      3.64032,
      3.79005
    ],
    "NestedTensor + SDPA": [
      8.72483,
      8.80845,
      8.64832,
      16.74467,
      16.56115,
      16.39117
    ],
    "Triton Ragged (ours)": [
      0.13517,
      0.04096,
      0.02253,
      0.33178,
      0.07885,
      0.02662
    ],
    "FlashAttention-2 (varlen)": [
      0.11059,
      0.04915,
      0.0471,
      0.25293,
      0.07066,
      0.05939
    ]
  },
  "p95": {
    "SDPA (math, padded)": [
      5.36064,
      2.69926,
      2.16202,
      10.76019,
      5.9648,
      4.28829
    ],
    "SDPA (efficient, padded)": [
      2.14528,
      1.97427,
      1.94858,
      4.29056,
      3.928,
      3.81101
    ],
    "SDPA (flash, padded)": [
      2.06637,
      1.91693,
      1.90906,
      4.3513,
      3.84797,
      3.95571
    ],
    "NestedTensor + SDPA": [
      9.02016,
      9.37779,
      9.26618,
      17.68038,
      17.49875,
      17.41338
    ],
    "Triton Ragged (ours)": [
      0.13722,
      0.04301,
      0.0248,
      0.34406,
      0.07987,
      0.02778
    ],
    "FlashAttention-2 (varlen)": [
      0.11264,
      0.05325,
      0.0512,
      0.26931,
      0.07181,
      0.06144
    ]
  }
}