{
  "gpu": "NVIDIA RTX 4000 Ada Generation",
  "sm": "SM89",
  "timing": "cuda_events_median_ms",
  "warmup": 50,
  "jit_warmup": 150,
  "iters": 300,
  "configs": [
    "BS=32, 0% pruned",
    "BS=32, 50% pruned",
    "BS=32, 80% pruned",
    "BS=64, 0% pruned",
    "BS=64, 50% pruned",
    "BS=64, 80% pruned"
  ],
  "kernels": {
    "SDPA (math, padded)": [
      5.28702,
      2.6373,
      2.07667,
      10.65544,
      5.75195,
      4.09024
    ],
    "SDPA (efficient, padded)": [
      2.12475,
      1.95384,
      1.83096,
      4.16563,
      3.7847,
      3.69219
    ],
    "SDPA (flash, padded)": [
      2.02398,
      1.90664,
      1.83514,
      3.98229,
      3.70746,
      3.71558
    ],
    "NestedTensor + SDPA": [
      8.84019,
      8.75578,
      8.7208,
      17.45198,
      16.68282,
      17.20474
    ],
    "Triton Ragged (ours)": [
      0.13619,
      0.04198,
      0.02458,
      0.34406,
      0.07987,
      0.02765
    ],
    "FlashAttention-2 (varlen)": [
      0.11162,
      0.05018,
      0.04813,
      0.26624,
      0.07168,
      0.06042
    ]
  },
  "p5": {
    "SDPA (math, padded)": [
      5.26141,
      2.55654,
      2.06746,
      10.59299,
      5.68454,
      4.02195
    ],
    "SDPA (efficient, padded)": [
      2.1097,
      1.8855,
      1.82272,
      4.13798,
      3.77242,
      3.66355
    ],
    "SDPA (flash, padded)": [
      1.99142,
      1.83885,
      1.82355,
      3.96803,
      3.64957,
      3.66797
    ],
    "NestedTensor + SDPA": [
      8.73693,
      8.67555,
      8.52582,
      16.69558,
      16.46189,
      16.35123
    ],
    "Triton Ragged (ours)": [
      0.13517,
      0.04096,
      0.02355,
      0.33178,
      0.07885,
      0.02765
    ],
    "FlashAttention-2 (varlen)": [
      0.11059,
      0.04915,
      0.04608,
      0.25395,
      0.07066,
      0.06042
    ]
  },
  "p95": {
    "SDPA (math, padded)": [
      5.35866,
      2.65523,
      2.15245,
      11.57939,
      5.8153,
      4.24362
    ],
    "SDPA (efficient, padded)": [
      2.19238,
      1.96813,
      1.85568,
      4.18406,
      3.92294,
      3.77222
    ],
    "SDPA (flash, padded)": [
      2.07635,
      1.92003,
      1.90781,
      4.11648,
      3.84509,
      3.7847
    ],
    "NestedTensor + SDPA": [
      9.25696,
      9.19469,
      9.11866,
      17.80224,
      17.44106,
      17.69853
    ],
    "Triton Ragged (ours)": [
      0.13722,
      0.0423,
      0.0256,
      0.34714,
      0.07987,
      0.02867
    ],
    "FlashAttention-2 (varlen)": [
      0.11187,
      0.05325,
      0.05018,
      0.26726,
      0.0727,
      0.06144
    ]
  }
}