{
  "gpu": "NVIDIA RTX 4000 Ada Generation",
  "sm": "SM89",
  "timing": "cuda_events_median_ms",
  "warmup": 50,
  "jit_warmup": 150,
  "iters": 300,
  "configs": [
    "BS=32, 0% pruned",
    "BS=32, 50% pruned",
    "BS=32, 80% pruned",
    "BS=64, 0% pruned",
    "BS=64, 50% pruned",
    "BS=64, 80% pruned"
  ],
  "kernels": {
    "SDPA (math, padded)": [
      5.34016,
      2.59482,
      2.09482,
      10.93749,
      5.93016,
      4.13915
    ],
    "SDPA (efficient, padded)": [
      2.16475,
      2.06643,
      1.93946,
      4.51379,
      4.12774,
      3.79509
    ],
    "SDPA (flash, padded)": [
      2.05078,
      1.95491,
      2.00602,
      4.20102,
      4.0481,
      3.80414
    ],
    "NestedTensor + SDPA": [
      8.93542,
      9.10168,
      8.87259,
      17.19754,
      16.702,
      16.57155
    ],
    "Triton Ragged (ours)": [
      0.13619,
      0.04198,
      0.02355,
      0.34406,
      0.07987,
      0.02765
    ],
    "FlashAttention-2 (varlen)": [
      0.11162,
      0.04712,
      0.04813,
      0.26829,
      0.07168,
      0.06042
    ]
  },
  "p5": {
    "SDPA (math, padded)": [
      5.27053,
      2.5232,
      2.07974,
      10.78077,
      5.77453,
      4.06746
    ],
    "SDPA (efficient, padded)": [
      2.10243,
      1.99165,
      1.90861,
      4.37549,
      4.1143,
      3.77754
    ],
    "SDPA (flash, padded)": [
      1.98451,
      1.93866,
      1.93334,
      4.18406,
      3.90963,
      3.78774
    ],
    "NestedTensor + SDPA": [
      8.7064,
      8.82054,
      8.73667,
      16.78317,
      16.4128,
      16.18739
    ],
    "Triton Ragged (ours)": [
      0.13517,
      0.04096,
      0.02253,
      0.3328,
      0.07885,
      0.02662
    ],
    "FlashAttention-2 (varlen)": [
      0.11059,
      0.04608,
      0.0471,
      0.25325,
      0.07066,
      0.05939
    ]
  },
  "p95": {
    "SDPA (math, padded)": [
      5.39648,
      2.61251,
      2.16093,
      11.04515,
      6.03955,
      4.2217
    ],
    "SDPA (efficient, padded)": [
      2.18214,
      2.10922,
      1.95261,
      4.53734,
      4.15507,
      3.9424
    ],
    "SDPA (flash, padded)": [
      2.06205,
      2.02035,
      2.02035,
      4.33766,
      4.12902,
      3.93318
    ],
    "NestedTensor + SDPA": [
      9.01734,
      9.42672,
      9.44947,
      18.12714,
      16.88371,
      17.39971
    ],
    "Triton Ragged (ours)": [
      0.13722,
      0.04301,
      0.02461,
      0.34714,
      0.07987,
      0.02778
    ],
    "FlashAttention-2 (varlen)": [
      0.11469,
      0.05018,
      0.05018,
      0.27136,
      0.0727,
      0.06144
    ]
  }
}