{
  "gpu": "NVIDIA RTX 4000 Ada Generation",
  "sm": "SM89",
  "timing": "cuda_events_median_ms",
  "warmup": 50,
  "jit_warmup": 150,
  "iters": 300,
  "configs": [
    "BS=32, 0% pruned",
    "BS=32, 50% pruned",
    "BS=32, 80% pruned",
    "BS=64, 0% pruned",
    "BS=64, 50% pruned",
    "BS=64, 80% pruned"
  ],
  "kernels": {
    "SDPA (math, padded)": [
      5.34938,
      2.60096,
      2.08294,
      10.86405,
      5.92987,
      4.05115
    ],
    "SDPA (efficient, padded)": [
      2.2343,
      2.00654,
      1.95269,
      4.4073,
      3.76195,
      3.55328
    ],
    "SDPA (flash, padded)": [
      2.11661,
      1.96421,
      1.9497,
      4.22411,
      3.68725,
      3.70883
    ],
    "NestedTensor + SDPA": [
      8.91544,
      8.84603,
      8.85974,
      16.87722,
      16.55893,
      16.43576
    ],
    "Triton Ragged (ours)": [
      0.13517,
      0.04198,
      0.02365,
      0.34304,
      0.07987,
      0.02765
    ],
    "FlashAttention-2 (varlen)": [
      0.11162,
      0.05018,
      0.04915,
      0.26522,
      0.07168,
      0.06042
    ]
  },
  "p5": {
    "SDPA (math, padded)": [
      5.30765,
      2.58941,
      2.04902,
      10.75302,
      5.78458,
      4.03472
    ],
    "SDPA (efficient, padded)": [
      2.20349,
      1.99277,
      1.94362,
      4.39091,
      3.74784,
      3.54112
    ],
    "SDPA (flash, padded)": [
      2.08902,
      1.93843,
      1.9415,
      4.17075,
      3.67309,
      3.56659
    ],
    "NestedTensor + SDPA": [
      8.8384,
      8.7945,
      8.71053,
      16.77533,
      16.21094,
      16.07258
    ],
    "Triton Ragged (ours)": [
      0.13517,
      0.04096,
      0.02355,
      0.33178,
      0.07885,
      0.02662
    ],
    "FlashAttention-2 (varlen)": [
      0.11059,
      0.04813,
      0.0471,
      0.25395,
      0.07066,
      0.05939
    ]
  },
  "p95": {
    "SDPA (math, padded)": [
      5.43354,
      2.6216,
      2.10646,
      11.0633,
      6.00819,
      4.18595
    ],
    "SDPA (efficient, padded)": [
      2.24954,
      2.07568,
      1.96506,
      4.436,
      3.89427,
      3.57162
    ],
    "SDPA (flash, padded)": [
      2.1289,
      2.03158,
      1.96064,
      4.24653,
      3.70685,
      3.9497
    ],
    "NestedTensor + SDPA": [
      9.42346,
      9.31098,
      9.2919,
      17.62816,
      17.39146,
      17.22752
    ],
    "Triton Ragged (ours)": [
      0.13619,
      0.04301,
      0.02662,
      0.34611,
      0.07987,
      0.02867
    ],
    "FlashAttention-2 (varlen)": [
      0.11264,
      0.05325,
      0.05222,
      0.26624,
      0.07475,
      0.06144
    ]
  }
}