{
  "gpu": "NVIDIA RTX 4000 Ada Generation",
  "sm": "SM89",
  "timing": "cuda_events_median_ms",
  "warmup": 50,
  "jit_warmup": 150,
  "iters": 300,
  "configs": [
    "BS=32, 0% pruned",
    "BS=32, 50% pruned",
    "BS=32, 80% pruned",
    "BS=64, 0% pruned",
    "BS=64, 50% pruned",
    "BS=64, 80% pruned"
  ],
  "kernels": {
    "SDPA (math, padded)": [
      5.34016,
      2.64294,
      2.08413,
      10.65501,
      5.74165,
      4.07757
    ],
    "SDPA (efficient, padded)": [
      2.18358,
      1.8952,
      1.94694,
      4.19472,
      3.78635,
      3.58915
    ],
    "SDPA (flash, padded)": [
      2.06686,
      1.87123,
      1.90925,
      3.98589,
      3.70381,
      3.60141
    ],
    "NestedTensor + SDPA": [
      8.96307,
      8.88227,
      8.86627,
      16.95642,
      16.80899,
      16.97432
    ],
    "Triton Ragged (ours)": [
      0.13619,
      0.04198,
      0.02458,
      0.34509,
      0.07987,
      0.02765
    ],
    "FlashAttention-2 (varlen)": [
      0.11162,
      0.04915,
      0.04813,
      0.26214,
      0.07168,
      0.06042
    ]
  },
  "p5": {
    "SDPA (math, padded)": [
      5.27258,
      2.56922,
      2.07482,
      10.57485,
      5.6841,
      4.06118
    ],
    "SDPA (efficient, padded)": [
      2.11763,
      1.88621,
      1.83622,
      4.17117,
      3.77149,
      3.57715
    ],
    "SDPA (flash, padded)": [
      1.99686,
      1.81642,
      1.83619,
      3.96989,
      3.6895,
      3.58694
    ],
    "NestedTensor + SDPA": [
      8.89139,
      8.75846,
      8.7961,
      16.80486,
      16.64483,
      16.50563
    ],
    "Triton Ragged (ours)": [
      0.13517,
      0.04096,
      0.02355,
      0.3328,
      0.07885,
      0.02765
    ],
    "FlashAttention-2 (varlen)": [
      0.11059,
      0.0471,
      0.04608,
      0.25306,
      0.07066,
      0.05958
    ]
  },
  "p95": {
    "SDPA (math, padded)": [
      5.37485,
      2.688,
      2.09306,
      10.77146,
      5.85421,
      4.09427
    ],
    "SDPA (efficient, padded)": [
      2.20262,
      1.96947,
      1.95891,
      4.39706,
      3.93011,
      3.68102
    ],
    "SDPA (flash, padded)": [
      2.08211,
      1.92502,
      1.9535,
      4.11955,
      3.72122,
      3.74246
    ],
    "NestedTensor + SDPA": [
      9.41363,
      9.31846,
      9.32045,
      17.76038,
      17.59981,
      17.47046
    ],
    "Triton Ragged (ours)": [
      0.13722,
      0.04237,
      0.0256,
      0.34714,
      0.07987,
      0.02867
    ],
    "FlashAttention-2 (varlen)": [
      0.112,
      0.05325,
      0.05018,
      0.26419,
      0.0719,
      0.06144
    ]
  }
}