{
  "gpu": "NVIDIA RTX 4000 Ada Generation",
  "sm": "SM89",
  "timing": "cuda_events_median_ms",
  "warmup": 50,
  "jit_warmup": 150,
  "iters": 300,
  "configs": [
    "BS=32, 0% pruned",
    "BS=32, 50% pruned",
    "BS=32, 80% pruned",
    "BS=64, 0% pruned",
    "BS=64, 50% pruned",
    "BS=64, 80% pruned"
  ],
  "kernels": {
    "SDPA (math, padded)": [
      5.39546,
      2.61989,
      2.09101,
      10.86509,
      5.90984,
      4.18139
    ],
    "SDPA (efficient, padded)": [
      2.24869,
      2.01394,
      2.0247,
      4.4121,
      4.01981,
      3.95366
    ],
    "SDPA (flash, padded)": [
      2.11362,
      1.97125,
      1.9547,
      4.22386,
      3.94867,
      3.94194
    ],
    "NestedTensor + SDPA": [
      8.74442,
      9.15467,
      8.8192,
      16.82752,
      16.60965,
      16.5228
    ],
    "Triton Ragged (ours)": [
      0.13619,
      0.04198,
      0.02355,
      0.34406,
      0.07987,
      0.02765
    ],
    "FlashAttention-2 (varlen)": [
      0.11264,
      0.04813,
      0.04813,
      0.25395,
      0.07168,
      0.06058
    ]
  },
  "p5": {
    "SDPA (math, padded)": [
      5.30739,
      2.53552,
      2.07453,
      10.8032,
      5.77565,
      4.11126
    ],
    "SDPA (efficient, padded)": [
      2.22749,
      2.00397,
      1.92422,
      4.39267,
      3.99565,
      3.81952
    ],
    "SDPA (flash, padded)": [
      2.07872,
      1.95789,
      1.94253,
      4.2015,
      3.92602,
      3.80534
    ],
    "NestedTensor + SDPA": [
      8.64461,
      8.76723,
      8.74592,
      16.57139,
      16.4904,
      16.30947
    ],
    "Triton Ragged (ours)": [
      0.13517,
      0.04096,
      0.02253,
      0.33178,
      0.07885,
      0.02765
    ],
    "FlashAttention-2 (varlen)": [
      0.11059,
      0.0471,
      0.0471,
      0.25293,
      0.07066,
      0.06042
    ]
  },
  "p95": {
    "SDPA (math, padded)": [
      5.43334,
      2.68909,
      2.168,
      11.00067,
      6.01984,
      4.36621
    ],
    "SDPA (efficient, padded)": [
      2.31606,
      2.09014,
      2.06035,
      4.55773,
      4.14925,
      4.03171
    ],
    "SDPA (flash, padded)": [
      2.13114,
      2.07536,
      2.02976,
      4.36531,
      4.08166,
      4.02125
    ],
    "NestedTensor + SDPA": [
      9.3319,
      9.43718,
      9.26198,
      17.66202,
      17.03526,
      17.31142
    ],
    "Triton Ragged (ours)": [
      0.13722,
      0.04221,
      0.02483,
      0.34611,
      0.07987,
      0.02867
    ],
    "FlashAttention-2 (varlen)": [
      0.11798,
      0.05024,
      0.0512,
      0.26931,
      0.07184,
      0.06144
    ]
  }
}