{
  "gpu": "NVIDIA RTX 4000 Ada Generation",
  "sm": "SM89",
  "timing": "cuda_events_median_ms",
  "warmup": 50,
  "jit_warmup": 150,
  "iters": 300,
  "configs": [
    "BS=32, 0% pruned",
    "BS=32, 50% pruned",
    "BS=32, 80% pruned",
    "BS=64, 0% pruned",
    "BS=64, 50% pruned",
    "BS=64, 80% pruned"
  ],
  "kernels": {
    "SDPA (math, padded)": [
      5.34016,
      2.61838,
      2.12709,
      10.60613,
      5.66728,
      4.04992
    ],
    "SDPA (efficient, padded)": [
      2.09744,
      1.87328,
      1.82272,
      4.16642,
      3.7575,
      3.54262
    ],
    "SDPA (flash, padded)": [
      2.05018,
      1.82931,
      1.81525,
      4.08678,
      3.81045,
      3.56938
    ],
    "NestedTensor + SDPA": [
      8.77675,
      8.69645,
      8.71424,
      16.64416,
      16.37755,
      16.37107
    ],
    "Triton Ragged (ours)": [
      0.13517,
      0.04198,
      0.02355,
      0.34443,
      0.07987,
      0.02765
    ],
    "FlashAttention-2 (varlen)": [
      0.11162,
      0.0512,
      0.04813,
      0.26522,
      0.07168,
      0.06042
    ]
  },
  "p5": {
    "SDPA (math, padded)": [
      5.3,
      2.54461,
      2.05024,
      10.50899,
      5.64429,
      4.0312
    ],
    "SDPA (efficient, padded)": [
      2.08877,
      1.8473,
      1.81206,
      4.12262,
      3.73037,
      3.47638
    ],
    "SDPA (flash, padded)": [
      1.97632,
      1.78278,
      1.80838,
      3.9383,
      3.6729,
      3.55738
    ],
    "NestedTensor + SDPA": [
      8.69677,
      8.62925,
      8.62752,
      16.39117,
      16.01642,
      16.15443
    ],
    "Triton Ragged (ours)": [
      0.13437,
      0.04096,
      0.02253,
      0.33178,
      0.07885,
      0.02662
    ],
    "FlashAttention-2 (varlen)": [
      0.11059,
      0.04915,
      0.0471,
      0.25395,
      0.07066,
      0.05939
    ]
  },
  "p95": {
    "SDPA (math, padded)": [
      5.4528,
      2.66445,
      2.16883,
      10.71206,
      5.76333,
      4.19424
    ],
    "SDPA (efficient, padded)": [
      2.16166,
      1.88419,
      1.89235,
      4.33648,
      3.89414,
      3.56147
    ],
    "SDPA (flash, padded)": [
      2.09187,
      1.86061,
      1.82477,
      4.16358,
      3.88106,
      3.69971
    ],
    "NestedTensor + SDPA": [
      9.22086,
      9.12986,
      9.13578,
      17.69587,
      17.54928,
      17.18682
    ],
    "Triton Ragged (ours)": [
      0.13619,
      0.04301,
      0.02458,
      0.34714,
      0.07987,
      0.02774
    ],
    "FlashAttention-2 (varlen)": [
      0.11264,
      0.05427,
      0.0512,
      0.26726,
      0.07475,
      0.06144
    ]
  }
}