{
  "gpu": "NVIDIA RTX 4000 Ada Generation",
  "sm": "SM89",
  "timing": "cuda_events_median_ms",
  "warmup": 50,
  "jit_warmup": 150,
  "iters": 300,
  "configs": [
    "BS=32, 0% pruned",
    "BS=32, 50% pruned",
    "BS=32, 80% pruned",
    "BS=64, 0% pruned",
    "BS=64, 50% pruned",
    "BS=64, 80% pruned"
  ],
  "kernels": {
    "SDPA (math, padded)": [
      5.36934,
      2.66048,
      2.08077,
      10.85947,
      5.84106,
      4.20758
    ],
    "SDPA (efficient, padded)": [
      2.23344,
      1.9712,
      1.90789,
      4.26442,
      3.78168,
      3.66109
    ],
    "SDPA (flash, padded)": [
      2.10893,
      1.85446,
      1.93648,
      4.14458,
      3.70275,
      3.71917
    ],
    "NestedTensor + SDPA": [
      9.36926,
      9.32773,
      9.13446,
      17.58544,
      17.47984,
      17.43795
    ],
    "Triton Ragged (ours)": [
      0.13722,
      0.04198,
      0.02355,
      0.34325,
      0.07987,
      0.02765
    ],
    "FlashAttention-2 (varlen)": [
      0.11469,
      0.05325,
      0.05243,
      0.26317,
      0.0727,
      0.06042
    ]
  },
  "p5": {
    "SDPA (math, padded)": [
      5.28557,
      2.57808,
      2.06573,
      10.63094,
      5.688,
      4.05811
    ],
    "SDPA (efficient, padded)": [
      2.12685,
      1.89155,
      1.83392,
      4.19158,
      3.75123,
      3.56237
    ],
    "SDPA (flash, padded)": [
      2.06848,
      1.8391,
      1.86051,
      4.06851,
      3.67709,
      3.58618
    ],
    "NestedTensor + SDPA": [
      8.9344,
      8.88627,
      8.81878,
      17.0289,
      16.88064,
      16.76406
    ],
    "Triton Ragged (ours)": [
      0.13619,
      0.04096,
      0.02253,
      0.33587,
      0.07885,
      0.02662
    ],
    "FlashAttention-2 (varlen)": [
      0.11264,
      0.03686,
      0.03379,
      0.2519,
      0.07168,
      0.05981
    ]
  },
  "p95": {
    "SDPA (math, padded)": [
      5.90234,
      3.26272,
      2.63578,
      11.34182,
      6.37747,
      4.70733
    ],
    "SDPA (efficient, padded)": [
      2.6873,
      2.62531,
      2.4105,
      4.89888,
      4.40218,
      4.25398
    ],
    "SDPA (flash, padded)": [
      2.67674,
      2.44122,
      2.432,
      4.7367,
      4.28544,
      4.2497
    ],
    "NestedTensor + SDPA": [
      9.91648,
      12.0279,
      9.64163,
      18.36045,
      18.15552,
      18.06355
    ],
    "Triton Ragged (ours)": [
      0.14336,
      0.04301,
      0.02458,
      0.34714,
      0.08192,
      0.02774
    ],
    "FlashAttention-2 (varlen)": [
      0.12419,
      0.05654,
      0.0553,
      0.26522,
      0.07411,
      0.06144
    ]
  }
}