{
  "gpu": "NVIDIA RTX 4000 Ada Generation",
  "sm": "SM89",
  "timing": "cuda_events_median_ms",
  "warmup": 50,
  "jit_warmup": 150,
  "iters": 300,
  "configs": [
    "BS=32, 0% pruned",
    "BS=32, 50% pruned",
    "BS=32, 80% pruned",
    "BS=64, 0% pruned",
    "BS=64, 50% pruned",
    "BS=64, 80% pruned"
  ],
  "kernels": {
    "SDPA (math, padded)": [
      5.34107,
      2.61931,
      2.06898,
      10.6228,
      5.72293,
      4.06234
    ],
    "SDPA (efficient, padded)": [
      2.1584,
      1.87494,
      1.82397,
      4.13696,
      3.87226,
      3.55954
    ],
    "SDPA (flash, padded)": [
      2.05216,
      1.83389,
      1.8168,
      3.94741,
      3.82368,
      3.6644
    ],
    "NestedTensor + SDPA": [
      8.95744,
      8.85803,
      8.84378,
      16.9599,
      16.73574,
      16.69939
    ],
    "Triton Ragged (ours)": [
      0.13619,
      0.04198,
      0.02355,
      0.34406,
      0.07987,
      0.02765
    ],
    "FlashAttention-2 (varlen)": [
      0.11162,
      0.04918,
      0.04938,
      0.25395,
      0.07106,
      0.06042
    ]
  },
  "p5": {
    "SDPA (math, padded)": [
      5.26541,
      2.54976,
      2.06058,
      10.57485,
      5.66246,
      4.0007
    ],
    "SDPA (efficient, padded)": [
      2.09642,
      1.86746,
      1.81469,
      4.12262,
      3.74886,
      3.54368
    ],
    "SDPA (flash, padded)": [
      1.98166,
      1.80954,
      1.80963,
      3.92602,
      3.68842,
      3.56045
    ],
    "NestedTensor + SDPA": [
      8.77158,
      8.74086,
      8.62592,
      16.82336,
      16.40614,
      16.5417
    ],
    "Triton Ragged (ours)": [
      0.13517,
      0.04198,
      0.02253,
      0.3319,
      0.07885,
      0.02662
    ],
    "FlashAttention-2 (varlen)": [
      0.11059,
      0.04813,
      0.04813,
      0.25293,
      0.07066,
      0.05939
    ]
  },
  "p95": {
    "SDPA (math, padded)": [
      5.39667,
      2.63667,
      2.12992,
      10.72733,
      5.77334,
      4.20429
    ],
    "SDPA (efficient, padded)": [
      2.17498,
      1.94566,
      1.89645,
      4.27181,
      3.90557,
      3.69584
    ],
    "SDPA (flash, padded)": [
      2.06426,
      1.89952,
      1.82477,
      4.09021,
      3.90339,
      3.71421
    ],
    "NestedTensor + SDPA": [
      9.34912,
      9.29894,
      9.44704,
      17.81248,
      17.56675,
      17.88134
    ],
    "Triton Ragged (ours)": [
      0.13722,
      0.04301,
      0.02458,
      0.34714,
      0.07987,
      0.02774
    ],
    "FlashAttention-2 (varlen)": [
      0.12288,
      0.05222,
      0.05222,
      0.27034,
      0.07206,
      0.06144
    ]
  }
}