{
  "gpu": "NVIDIA RTX 4000 Ada Generation",
  "sm": "SM89",
  "timing": "cuda_events_median_ms",
  "warmup": 50,
  "jit_warmup": 150,
  "iters": 300,
  "configs": [
    "BS=32, 0% pruned",
    "BS=32, 50% pruned",
    "BS=32, 80% pruned",
    "BS=64, 0% pruned",
    "BS=64, 50% pruned",
    "BS=64, 80% pruned"
  ],
  "kernels": {
    "SDPA (math, padded)": [
      5.32062,
      2.57619,
      2.08264,
      10.64549,
      5.70422,
      4.07163
    ],
    "SDPA (efficient, padded)": [
      2.25181,
      1.89542,
      1.8432,
      4.17685,
      3.77562,
      3.58115
    ],
    "SDPA (flash, padded)": [
      2.11866,
      1.91304,
      1.8425,
      3.98626,
      3.69766,
      3.60101
    ],
    "NestedTensor + SDPA": [
      9.2348,
      9.13429,
      9.12845,
      17.42893,
      17.2807,
      17.09411
    ],
    "Triton Ragged (ours)": [
      0.13619,
      0.04198,
      0.02355,
      0.34411,
      0.07987,
      0.02765
    ],
    "FlashAttention-2 (varlen)": [
      0.11162,
      0.05325,
      0.05325,
      0.26624,
      0.07168,
      0.06042
    ]
  },
  "p5": {
    "SDPA (math, padded)": [
      5.2912,
      2.56512,
      2.06768,
      10.60454,
      5.67808,
      4.05443
    ],
    "SDPA (efficient, padded)": [
      2.2343,
      1.88835,
      1.83398,
      4.16144,
      3.76218,
      3.56358
    ],
    "SDPA (flash, padded)": [
      2.08717,
      1.84157,
      1.80838,
      3.96253,
      3.6799,
      3.57722
    ],
    "NestedTensor + SDPA": [
      9.15558,
      9.0665,
      9.01126,
      17.24026,
      17.11168,
      16.63866
    ],
    "Triton Ragged (ours)": [
      0.13517,
      0.04096,
      0.02253,
      0.33178,
      0.07885,
      0.02662
    ],
    "FlashAttention-2 (varlen)": [
      0.11059,
      0.0512,
      0.0512,
      0.25318,
      0.07066,
      0.05968
    ]
  },
  "p95": {
    "SDPA (math, padded)": [
      5.44586,
      2.68909,
      2.15734,
      10.75104,
      5.84397,
      4.21683
    ],
    "SDPA (efficient, padded)": [
      2.3233,
      1.96621,
      1.91558,
      4.30864,
      3.79107,
      3.72019
    ],
    "SDPA (flash, padded)": [
      2.13504,
      1.95162,
      1.85206,
      4.12867,
      3.83965,
      3.73338
    ],
    "NestedTensor + SDPA": [
      9.67648,
      9.57952,
      9.7792,
      18.3031,
      18.13126,
      18.35174
    ],
    "Triton Ragged (ours)": [
      0.13722,
      0.04234,
      0.02458,
      0.34634,
      0.07987,
      0.02794
    ],
    "FlashAttention-2 (varlen)": [
      0.11286,
      0.05734,
      0.05632,
      0.26829,
      0.07302,
      0.06144
    ]
  }
}