{
  "gpu": "NVIDIA RTX 4000 Ada Generation",
  "sm": "SM89",
  "timing": "cuda_events_median_ms",
  "warmup": 50,
  "jit_warmup": 150,
  "iters": 300,
  "configs": [
    "BS=32, 0% pruned",
    "BS=32, 50% pruned",
    "BS=32, 80% pruned",
    "BS=64, 0% pruned",
    "BS=64, 50% pruned",
    "BS=64, 80% pruned"
  ],
  "kernels": {
    "SDPA (math, padded)": [
      5.32754,
      2.56614,
      2.03669,
      10.73773,
      5.80514,
      4.05725
    ],
    "SDPA (efficient, padded)": [
      2.20963,
      1.88416,
      1.83075,
      4.17024,
      3.762,
      3.70589
    ],
    "SDPA (flash, padded)": [
      1.99066,
      1.8993,
      1.82477,
      3.9711,
      3.82267,
      3.57573
    ],
    "NestedTensor + SDPA": [
      8.7936,
      8.7188,
      8.72245,
      16.72136,
      16.45283,
      16.37662
    ],
    "Triton Ragged (ours)": [
      0.13619,
      0.04198,
      0.02355,
      0.34304,
      0.07987,
      0.02765
    ],
    "FlashAttention-2 (varlen)": [
      0.11162,
      0.04915,
      0.04813,
      0.26829,
      0.07168,
      0.06042
    ]
  },
  "p5": {
    "SDPA (math, padded)": [
      5.29818,
      2.55283,
      2.0224,
      10.59325,
      5.67526,
      3.9929
    ],
    "SDPA (efficient, padded)": [
      2.06566,
      1.87494,
      1.81965,
      4.14752,
      3.67514,
      3.56144
    ],
    "SDPA (flash, padded)": [
      1.9815,
      1.83485,
      1.8175,
      3.88301,
      3.68544,
      3.49062
    ],
    "NestedTensor + SDPA": [
      8.58045,
      8.61389,
      8.524,
      16.59661,
      16.07965,
      16.28848
    ],
    "Triton Ragged (ours)": [
      0.13517,
      0.04096,
      0.02253,
      0.33178,
      0.07885,
      0.02765
    ],
    "FlashAttention-2 (varlen)": [
      0.11059,
      0.0471,
      0.04608,
      0.25293,
      0.07066,
      0.05939
    ]
  },
  "p95": {
    "SDPA (math, padded)": [
      5.41101,
      2.6368,
      2.10368,
      10.82771,
      5.8944,
      4.20166
    ],
    "SDPA (efficient, padded)": [
      2.2999,
      1.94662,
      1.84486,
      4.37162,
      3.82365,
      3.78694
    ],
    "SDPA (flash, padded)": [
      2.06134,
      1.91386,
      1.83808,
      4.10115,
      3.8449,
      3.70483
    ],
    "NestedTensor + SDPA": [
      9.45459,
      9.13792,
      8.7839,
      17.4807,
      17.19312,
      17.17146
    ],
    "Triton Ragged (ours)": [
      0.13722,
      0.04218,
      0.02458,
      0.34646,
      0.07987,
      0.02867
    ],
    "FlashAttention-2 (varlen)": [
      0.11264,
      0.0512,
      0.05018,
      0.27136,
      0.07475,
      0.06144
    ]
  }
}