{
  "gpu": "NVIDIA RTX 4000 Ada Generation",
  "sm": "SM89",
  "timing": "cuda_events_median_ms",
  "warmup": 50,
  "jit_warmup": 150,
  "iters": 300,
  "configs": [
    "BS=32, 0% pruned",
    "BS=32, 50% pruned",
    "BS=32, 80% pruned",
    "BS=64, 0% pruned",
    "BS=64, 50% pruned",
    "BS=64, 80% pruned"
  ],
  "kernels": {
    "SDPA (math, padded)": [
      5.34504,
      2.57741,
      2.08486,
      10.72742,
      5.74531,
      4.07686
    ],
    "SDPA (efficient, padded)": [
      2.32118,
      1.89773,
      1.83179,
      4.17901,
      3.90019,
      3.57653
    ],
    "SDPA (flash, padded)": [
      2.12378,
      1.84821,
      1.8289,
      4.10437,
      3.8361,
      3.58432
    ],
    "NestedTensor + SDPA": [
      9.08933,
      8.71139,
      8.68443,
      16.68438,
      16.43296,
      16.9799
    ],
    "Triton Ragged (ours)": [
      0.13619,
      0.04198,
      0.02355,
      0.34406,
      0.07987,
      0.02765
    ],
    "FlashAttention-2 (varlen)": [
      0.11162,
      0.05018,
      0.04813,
      0.26624,
      0.07168,
      0.06042
    ]
  },
  "p5": {
    "SDPA (math, padded)": [
      5.31354,
      2.56746,
      2.07558,
      10.54019,
      5.69123,
      4.05978
    ],
    "SDPA (efficient, padded)": [
      2.24653,
      1.88621,
      1.82067,
      4.16333,
      3.76618,
      3.5625
    ],
    "SDPA (flash, padded)": [
      1.98435,
      1.82058,
      1.79405,
      3.97107,
      3.69216,
      3.51664
    ],
    "NestedTensor + SDPA": [
      8.74781,
      8.60365,
      8.4943,
      16.56934,
      16.32586,
      16.24691
    ],
    "Triton Ragged (ours)": [
      0.13517,
      0.04198,
      0.02253,
      0.33178,
      0.07885,
      0.02765
    ],
    "FlashAttention-2 (varlen)": [
      0.11059,
      0.04915,
      0.0471,
      0.256,
      0.07066,
      0.06042
    ]
  },
  "p95": {
    "SDPA (math, padded)": [
      5.41696,
      2.60467,
      2.15878,
      10.83178,
      5.81427,
      4.21581
    ],
    "SDPA (efficient, padded)": [
      2.36237,
      1.9712,
      1.84422,
      4.32534,
      3.99565,
      3.59117
    ],
    "SDPA (flash, padded)": [
      2.20976,
      1.91693,
      1.83616,
      4.12774,
      3.91546,
      3.72246
    ],
    "NestedTensor + SDPA": [
      9.25408,
      9.16787,
      8.88934,
      17.46509,
      17.23597,
      17.26464
    ],
    "Triton Ragged (ours)": [
      0.13722,
      0.04301,
      0.02483,
      0.34714,
      0.07987,
      0.02867
    ],
    "FlashAttention-2 (varlen)": [
      0.11264,
      0.05325,
      0.0512,
      0.26851,
      0.07373,
      0.06144
    ]
  }
}