{
  "gpu": "NVIDIA RTX 4000 Ada Generation",
  "sm": "SM89",
  "timing": "cuda_events_median_ms",
  "warmup": 50,
  "jit_warmup": 150,
  "iters": 300,
  "configs": [
    "BS=32, 0% pruned",
    "BS=32, 50% pruned",
    "BS=32, 80% pruned",
    "BS=64, 0% pruned",
    "BS=64, 50% pruned",
    "BS=64, 80% pruned"
  ],
  "kernels": {
    "SDPA (math, padded)": [
      5.34834,
      2.57254,
      2.13878,
      10.61754,
      5.67763,
      4.04912
    ],
    "SDPA (efficient, padded)": [
      2.12382,
      1.94662,
      1.88738,
      4.1595,
      3.75296,
      3.58416
    ],
    "SDPA (flash, padded)": [
      2.10037,
      1.84749,
      1.88461,
      3.97211,
      3.81235,
      3.56646
    ],
    "NestedTensor + SDPA": [
      8.92523,
      8.8444,
      8.81202,
      16.93798,
      16.60501,
      16.57088
    ],
    "Triton Ragged (ours)": [
      0.13517,
      0.04198,
      0.02355,
      0.34304,
      0.07987,
      0.02765
    ],
    "FlashAttention-2 (varlen)": [
      0.11162,
      0.05018,
      0.0471,
      0.25805,
      0.07109,
      0.06042
    ]
  },
  "p5": {
    "SDPA (math, padded)": [
      5.2777,
      2.56234,
      2.0695,
      10.57587,
      5.65072,
      4.03149
    ],
    "SDPA (efficient, padded)": [
      2.10874,
      1.8793,
      1.81568,
      4.13389,
      3.7327,
      3.4816
    ],
    "SDPA (flash, padded)": [
      1.99549,
      1.83203,
      1.81453,
      3.95158,
      3.67309,
      3.50822
    ],
    "NestedTensor + SDPA": [
      8.69274,
      8.72227,
      8.56074,
      16.66864,
      16.36282,
      16.39936
    ],
    "Triton Ragged (ours)": [
      0.13414,
      0.04096,
      0.02253,
      0.33178,
      0.07885,
      0.02662
    ],
    "FlashAttention-2 (varlen)": [
      0.11059,
      0.0471,
      0.04608,
      0.256,
      0.07066,
      0.05939
    ]
  },
  "p95": {
    "SDPA (math, padded)": [
      5.39456,
      2.6071,
      2.18317,
      10.75328,
      5.82246,
      4.19021
    ],
    "SDPA (efficient, padded)": [
      2.18931,
      2.35827,
      1.89914,
      4.29875,
      3.89632,
      3.70691
    ],
    "SDPA (flash, padded)": [
      2.11645,
      1.91168,
      1.93331,
      4.10944,
      3.83299,
      3.58195
    ],
    "NestedTensor + SDPA": [
      8.9937,
      9.22842,
      9.42678,
      18.0984,
      17.44061,
      17.42029
    ],
    "Triton Ragged (ours)": [
      0.13722,
      0.04214,
      0.02467,
      0.34611,
      0.07987,
      0.02794
    ],
    "FlashAttention-2 (varlen)": [
      0.11264,
      0.05325,
      0.05018,
      0.27136,
      0.07373,
      0.06144
    ]
  }
}