{
  "gpu": "NVIDIA RTX 4000 Ada Generation",
  "sm": "SM89",
  "timing": "cuda_events_median_ms",
  "warmup": 50,
  "jit_warmup": 150,
  "iters": 300,
  "configs": [
    "BS=32, 0% pruned",
    "BS=32, 50% pruned",
    "BS=32, 80% pruned",
    "BS=64, 0% pruned",
    "BS=64, 50% pruned",
    "BS=64, 80% pruned"
  ],
  "kernels": {
    "SDPA (math, padded)": [
      5.41645,
      2.60915,
      2.11571,
      10.65368,
      5.70046,
      4.07984
    ],
    "SDPA (efficient, padded)": [
      2.31202,
      2.01728,
      1.95986,
      4.16358,
      3.77366,
      3.57886
    ],
    "SDPA (flash, padded)": [
      2.18318,
      1.98963,
      1.82698,
      3.97107,
      3.70062,
      3.58878
    ],
    "NestedTensor + SDPA": [
      8.89446,
      8.84429,
      9.152,
      16.72352,
      16.54067,
      16.47507
    ],
    "Triton Ragged (ours)": [
      0.13619,
      0.04198,
      0.02355,
      0.34406,
      0.07987,
      0.02765
    ],
    "FlashAttention-2 (varlen)": [
      0.11162,
      0.04915,
      0.04813,
      0.26214,
      0.07168,
      0.06042
    ]
  },
  "p5": {
    "SDPA (math, padded)": [
      5.32685,
      2.5887,
      2.0888,
      10.6025,
      5.68013,
      4.06221
    ],
    "SDPA (efficient, padded)": [
      2.2967,
      1.84906,
      1.94445,
      4.1431,
      3.75514,
      3.56438
    ],
    "SDPA (flash, padded)": [
      2.11424,
      1.95187,
      1.81862,
      3.95507,
      3.6847,
      3.57786
    ],
    "NestedTensor + SDPA": [
      8.82586,
      8.75869,
      8.73574,
      16.48464,
      16.33101,
      16.33469
    ],
    "Triton Ragged (ours)": [
      0.13517,
      0.04096,
      0.02253,
      0.33178,
      0.07885,
      0.02662
    ],
    "FlashAttention-2 (varlen)": [
      0.11059,
      0.0471,
      0.0471,
      0.25293,
      0.07066,
      0.05939
    ]
  },
  "p95": {
    "SDPA (math, padded)": [
      5.46477,
      2.67162,
      2.19622,
      10.76941,
      5.80998,
      4.2281
    ],
    "SDPA (efficient, padded)": [
      2.3511,
      2.09133,
      2.03034,
      4.2967,
      3.92784,
      3.7159
    ],
    "SDPA (flash, padded)": [
      2.21299,
      2.04083,
      1.92717,
      4.10829,
      3.82742,
      3.60026
    ],
    "NestedTensor + SDPA": [
      9.33891,
      9.42566,
      9.26605,
      16.8663,
      17.36602,
      17.24518
    ],
    "Triton Ragged (ours)": [
      0.13722,
      0.04224,
      0.02458,
      0.34714,
      0.07987,
      0.02784
    ],
    "FlashAttention-2 (varlen)": [
      0.11264,
      0.0512,
      0.0512,
      0.27136,
      0.0721,
      0.06144
    ]
  }
}