{
  "gpu": "NVIDIA RTX 4000 Ada Generation",
  "sm": "SM89",
  "timing": "cuda_events_median_ms",
  "warmup": 50,
  "jit_warmup": 150,
  "iters": 300,
  "configs": [
    "BS=32, 0% pruned",
    "BS=32, 50% pruned",
    "BS=32, 80% pruned",
    "BS=64, 0% pruned",
    "BS=64, 50% pruned",
    "BS=64, 80% pruned"
  ],
  "kernels": {
    "SDPA (math, padded)": [
      5.37333,
      2.62496,
      2.21462,
      10.8912,
      5.86496,
      4.16309
    ],
    "SDPA (efficient, padded)": [
      2.24154,
      2.01318,
      1.95174,
      4.53962,
      4.01816,
      3.8185
    ],
    "SDPA (flash, padded)": [
      2.1237,
      1.96618,
      1.9497,
      4.21267,
      3.95416,
      3.9449
    ],
    "NestedTensor + SDPA": [
      8.88654,
      9.17254,
      8.89034,
      16.8339,
      16.60931,
      16.5255
    ],
    "Triton Ragged (ours)": [
      0.13619,
      0.04198,
      0.02355,
      0.34304,
      0.07987,
      0.02765
    ],
    "FlashAttention-2 (varlen)": [
      0.11162,
      0.0512,
      0.04813,
      0.26726,
      0.07168,
      0.06144
    ]
  },
  "p5": {
    "SDPA (math, padded)": [
      5.30739,
      2.5889,
      2.10016,
      10.81107,
      5.79482,
      4.11238
    ],
    "SDPA (efficient, padded)": [
      2.20762,
      1.99885,
      1.91885,
      4.40013,
      4.00486,
      3.75373
    ],
    "SDPA (flash, padded)": [
      2.11174,
      1.95686,
      1.94141,
      4.19635,
      3.9209,
      3.80938
    ],
    "NestedTensor + SDPA": [
      8.70438,
      8.75725,
      8.72006,
      16.66253,
      16.4895,
      16.17034
    ],
    "Triton Ragged (ours)": [
      0.13517,
      0.04096,
      0.02253,
      0.33178,
      0.07885,
      0.02765
    ],
    "FlashAttention-2 (varlen)": [
      0.11059,
      0.05018,
      0.0471,
      0.25293,
      0.07066,
      0.06042
    ]
  },
  "p95": {
    "SDPA (math, padded)": [
      5.4528,
      2.70336,
      2.23248,
      11.01005,
      5.96787,
      4.27827
    ],
    "SDPA (efficient, padded)": [
      2.25907,
      2.02451,
      1.96403,
      4.58413,
      4.05197,
      3.83283
    ],
    "SDPA (flash, padded)": [
      2.13606,
      2.02854,
      2.02333,
      4.23338,
      4.09478,
      3.98643
    ],
    "NestedTensor + SDPA": [
      9.20474,
      9.26595,
      9.32352,
      17.58182,
      17.42464,
      17.49856
    ],
    "Triton Ragged (ours)": [
      0.13722,
      0.04227,
      0.02458,
      0.34611,
      0.07987,
      0.02867
    ],
    "FlashAttention-2 (varlen)": [
      0.11264,
      0.05427,
      0.0512,
      0.26931,
      0.0721,
      0.06144
    ]
  }
}