{
  "gpu": "NVIDIA RTX 4000 Ada Generation",
  "sm": "SM89",
  "timing": "cuda_events_median_ms",
  "warmup": 50,
  "jit_warmup": 150,
  "iters": 300,
  "configs": [
    "BS=32, 0% pruned",
    "BS=32, 50% pruned",
    "BS=32, 80% pruned",
    "BS=64, 0% pruned",
    "BS=64, 50% pruned",
    "BS=64, 80% pruned"
  ],
  "kernels": {
    "SDPA (math, padded)": [
      5.32384,
      2.57024,
      2.08373,
      10.64144,
      5.72518,
      4.04275
    ],
    "SDPA (efficient, padded)": [
      2.11354,
      1.88296,
      1.89707,
      4.1587,
      3.75738,
      3.54531
    ],
    "SDPA (flash, padded)": [
      1.99112,
      1.8441,
      1.8977,
      4.0961,
      3.69478,
      3.56261
    ],
    "NestedTensor + SDPA": [
      9.01216,
      8.96093,
      8.96,
      17.1735,
      16.76931,
      16.68205
    ],
    "Triton Ragged (ours)": [
      0.13619,
      0.04198,
      0.0256,
      0.34202,
      0.07987,
      0.02765
    ],
    "FlashAttention-2 (varlen)": [
      0.11162,
      0.05027,
      0.05325,
      0.26726,
      0.07168,
      0.06042
    ]
  },
  "p5": {
    "SDPA (math, padded)": [
      5.26307,
      2.55834,
      2.06643,
      10.58675,
      5.6712,
      3.97107
    ],
    "SDPA (efficient, padded)": [
      2.08589,
      1.87635,
      1.88918,
      4.14438,
      3.6993,
      3.4816
    ],
    "SDPA (flash, padded)": [
      1.98234,
      1.83389,
      1.89101,
      3.95786,
      3.67507,
      3.50384
    ],
    "NestedTensor + SDPA": [
      8.94464,
      8.82387,
      8.88115,
      16.95466,
      16.47514,
      16.48829
    ],
    "Triton Ragged (ours)": [
      0.13517,
      0.04096,
      0.02458,
      0.33075,
      0.07885,
      0.02662
    ],
    "FlashAttention-2 (varlen)": [
      0.11059,
      0.04915,
      0.0513,
      0.25293,
      0.07066,
      0.05939
    ]
  },
  "p95": {
    "SDPA (math, padded)": [
      5.39046,
      2.64397,
      2.15536,
      10.7479,
      5.83168,
      4.06557
    ],
    "SDPA (efficient, padded)": [
      2.1248,
      1.89133,
      1.90573,
      4.1943,
      3.77242,
      3.56864
    ],
    "SDPA (flash, padded)": [
      2.00294,
      1.85475,
      1.90598,
      4.18077,
      3.84512,
      3.70413
    ],
    "NestedTensor + SDPA": [
      9.47693,
      9.42045,
      9.40102,
      18.01104,
      17.46432,
      17.16598
    ],
    "Triton Ragged (ours)": [
      0.13722,
      0.04301,
      0.02662,
      0.34406,
      0.07987,
      0.02787
    ],
    "FlashAttention-2 (varlen)": [
      0.11197,
      0.05325,
      0.05558,
      0.26845,
      0.0719,
      0.06144
    ]
  }
}