{
  "gpu": "NVIDIA RTX 4000 Ada Generation",
  "sm": "SM89",
  "timing": "cuda_events_median_ms",
  "warmup": 50,
  "jit_warmup": 150,
  "iters": 300,
  "configs": [
    "BS=32, 0% pruned",
    "BS=32, 50% pruned",
    "BS=32, 80% pruned",
    "BS=64, 0% pruned",
    "BS=64, 50% pruned",
    "BS=64, 80% pruned"
  ],
  "kernels": {
    "SDPA (math, padded)": [
      5.30954,
      2.57357,
      2.07266,
      10.718,
      5.8409,
      4.18762
    ],
    "SDPA (efficient, padded)": [
      2.12214,
      1.89133,
      1.82808,
      4.16051,
      3.99462,
      3.81738
    ],
    "SDPA (flash, padded)": [
      1.99987,
      1.8473,
      1.8632,
      3.96267,
      3.86824,
      3.82845
    ],
    "NestedTensor + SDPA": [
      8.89413,
      8.82384,
      9.15866,
      16.91341,
      16.67955,
      16.66
    ],
    "Triton Ragged (ours)": [
      0.13619,
      0.04198,
      0.02498,
      0.34509,
      0.07987,
      0.02765
    ],
    "FlashAttention-2 (varlen)": [
      0.11162,
      0.04813,
      0.04915,
      0.26734,
      0.07168,
      0.06042
    ]
  },
  "p5": {
    "SDPA (math, padded)": [
      5.26234,
      2.56237,
      2.06458,
      10.58816,
      5.76752,
      4.12774
    ],
    "SDPA (efficient, padded)": [
      2.11082,
      1.88314,
      1.78893,
      4.15021,
      3.93965,
      3.80211
    ],
    "SDPA (flash, padded)": [
      1.99133,
      1.83632,
      1.78893,
      3.89222,
      3.61696,
      3.63325
    ],
    "NestedTensor + SDPA": [
      8.81869,
      8.74906,
      8.72112,
      16.81222,
      16.31878,
      16.48035
    ],
    "Triton Ragged (ours)": [
      0.13517,
      0.04096,
      0.02458,
      0.33178,
      0.07885,
      0.02662
    ],
    "FlashAttention-2 (varlen)": [
      0.11059,
      0.0471,
      0.04813,
      0.25395,
      0.07066,
      0.05939
    ]
  },
  "p95": {
    "SDPA (math, padded)": [
      5.35757,
      2.58867,
      2.08243,
      10.81846,
      5.95318,
      4.39286
    ],
    "SDPA (efficient, padded)": [
      2.18912,
      1.90976,
      1.90566,
      4.18714,
      4.01715,
      3.95878
    ],
    "SDPA (flash, padded)": [
      2.01107,
      1.90938,
      1.90592,
      4.00883,
      3.95366,
      3.96973
    ],
    "NestedTensor + SDPA": [
      9.3472,
      9.23853,
      9.46582,
      17.6976,
      17.47069,
      17.48787
    ],
    "Triton Ragged (ours)": [
      0.13722,
      0.04301,
      0.02662,
      0.34714,
      0.08,
      0.0279
    ],
    "FlashAttention-2 (varlen)": [
      0.11264,
      0.0504,
      0.05254,
      0.27136,
      0.0727,
      0.06144
    ]
  }
}