{
  "gpu": "NVIDIA RTX 4000 Ada Generation",
  "sm": "SM89",
  "timing": "cuda_events_median_ms",
  "warmup": 50,
  "jit_warmup": 150,
  "iters": 300,
  "configs": [
    "BS=32, 0% pruned",
    "BS=32, 50% pruned",
    "BS=32, 80% pruned",
    "BS=64, 0% pruned",
    "BS=64, 50% pruned",
    "BS=64, 80% pruned"
  ],
  "kernels": {
    "SDPA (math, padded)": [
      5.34803,
      2.63774,
      2.15142,
      10.86259,
      5.85821,
      4.31021
    ],
    "SDPA (efficient, padded)": [
      2.14989,
      1.96966,
      1.90874,
      4.32026,
      3.93165,
      3.7452
    ],
    "SDPA (flash, padded)": [
      2.01528,
      1.92571,
      1.91312,
      4.12386,
      3.84936,
      3.76325
    ],
    "NestedTensor + SDPA": [
      9.39875,
      9.24102,
      9.16926,
      17.64181,
      17.43104,
      17.35216
    ],
    "Triton Ragged (ours)": [
      0.13824,
      0.04198,
      0.02355,
      0.34526,
      0.07987,
      0.02765
    ],
    "FlashAttention-2 (varlen)": [
      0.11469,
      0.0512,
      0.04813,
      0.26317,
      0.0727,
      0.06042
    ]
  },
  "p5": {
    "SDPA (math, padded)": [
      5.28077,
      2.57971,
      2.07878,
      10.64653,
      5.70982,
      4.09946
    ],
    "SDPA (efficient, padded)": [
      2.11558,
      1.89786,
      1.83504,
      4.17914,
      3.78435,
      3.60118
    ],
    "SDPA (flash, padded)": [
      1.99885,
      1.85229,
      1.83706,
      3.99021,
      3.70698,
      3.62189
    ],
    "NestedTensor + SDPA": [
      8.93744,
      8.7521,
      8.77261,
      16.86819,
      16.70675,
      16.6656
    ],
    "Triton Ragged (ours)": [
      0.13619,
      0.04198,
      0.01536,
      0.33587,
      0.07885,
      0.02662
    ],
    "FlashAttention-2 (varlen)": [
      0.11264,
      0.03891,
      0.03277,
      0.25293,
      0.07168,
      0.05939
    ]
  },
  "p95": {
    "SDPA (math, padded)": [
      5.91667,
      3.15904,
      2.68352,
      11.39808,
      6.39488,
      4.81898
    ],
    "SDPA (efficient, padded)": [
      2.70234,
      2.50557,
      2.39616,
      4.86298,
      4.46874,
      4.28541
    ],
    "SDPA (flash, padded)": [
      2.54976,
      2.47939,
      2.42784,
      4.66109,
      4.42096,
      4.30048
    ],
    "NestedTensor + SDPA": [
      9.86925,
      9.70634,
      9.65504,
      18.47613,
      18.05722,
      18.0224
    ],
    "Triton Ragged (ours)": [
      0.14234,
      0.04301,
      0.02582,
      0.35021,
      0.07987,
      0.02771
    ],
    "FlashAttention-2 (varlen)": [
      0.12698,
      0.05427,
      0.0512,
      0.27034,
      0.07782,
      0.06144
    ]
  }
}