{
  "gpu": "NVIDIA RTX 4000 Ada Generation",
  "sm": "SM89",
  "timing": "cuda_events_median_ms",
  "warmup": 50,
  "jit_warmup": 150,
  "iters": 300,
  "configs": [
    "BS=32, 0% pruned",
    "BS=32, 50% pruned",
    "BS=32, 80% pruned",
    "BS=64, 0% pruned",
    "BS=64, 50% pruned",
    "BS=64, 80% pruned"
  ],
  "kernels": {
    "SDPA (math, padded)": [
      5.28731,
      2.57949,
      2.08088,
      10.64877,
      5.72208,
      4.07461
    ],
    "SDPA (efficient, padded)": [
      2.12797,
      1.96035,
      1.83902,
      4.17894,
      3.76736,
      3.64592
    ],
    "SDPA (flash, padded)": [
      1.99478,
      1.8263,
      1.83192,
      4.12672,
      3.69378,
      3.59117
    ],
    "NestedTensor + SDPA": [
      8.88205,
      8.84528,
      9.00461,
      17.26016,
      16.86042,
      16.47826
    ],
    "Triton Ragged (ours)": [
      0.13518,
      0.04198,
      0.02458,
      0.34304,
      0.07987,
      0.02765
    ],
    "FlashAttention-2 (varlen)": [
      0.11162,
      0.04915,
      0.04915,
      0.26061,
      0.07168,
      0.06042
    ]
  },
  "p5": {
    "SDPA (math, padded)": [
      5.2695,
      2.56819,
      2.0736,
      10.57293,
      5.67206,
      4.05283
    ],
    "SDPA (efficient, padded)": [
      2.11434,
      1.88854,
      1.82902,
      4.16067,
      3.74899,
      3.55946
    ],
    "SDPA (flash, padded)": [
      1.98554,
      1.79814,
      1.82246,
      3.9753,
      3.6239,
      3.5728
    ],
    "NestedTensor + SDPA": [
      8.81651,
      8.67747,
      8.77363,
      16.73002,
      16.43622,
      16.25082
    ],
    "Triton Ragged (ours)": [
      0.1343,
      0.04096,
      0.02355,
      0.33178,
      0.07885,
      0.02765
    ],
    "FlashAttention-2 (varlen)": [
      0.11059,
      0.04723,
      0.0471,
      0.25293,
      0.07066,
      0.05939
    ]
  },
  "p95": {
    "SDPA (math, padded)": [
      5.36064,
      2.6505,
      2.08998,
      10.76858,
      5.79379,
      4.22605
    ],
    "SDPA (efficient, padded)": [
      2.19379,
      2.00602,
      1.90938,
      4.32128,
      3.90854,
      3.71405
    ],
    "SDPA (flash, padded)": [
      2.01011,
      1.85357,
      1.84013,
      4.20358,
      3.84307,
      3.72522
    ],
    "NestedTensor + SDPA": [
      9.12058,
      9.28461,
      9.29875,
      18.0696,
      17.75821,
      17.3167
    ],
    "Triton Ragged (ours)": [
      0.13632,
      0.04301,
      0.0256,
      0.34611,
      0.07987,
      0.02867
    ],
    "FlashAttention-2 (varlen)": [
      0.12186,
      0.0512,
      0.05222,
      0.26931,
      0.0727,
      0.06144
    ]
  }
}