{
  "gpu": "NVIDIA RTX 4000 Ada Generation",
  "sm": "SM89",
  "timing": "cuda_events_median_ms",
  "warmup": 50,
  "jit_warmup": 150,
  "iters": 300,
  "configs": [
    "BS=32, 0% pruned",
    "BS=32, 50% pruned",
    "BS=32, 80% pruned",
    "BS=64, 0% pruned",
    "BS=64, 50% pruned",
    "BS=64, 80% pruned"
  ],
  "kernels": {
    "SDPA (math, padded)": [
      5.34392,
      2.68603,
      2.17651,
      10.80272,
      5.90363,
      4.16187
    ],
    "SDPA (efficient, padded)": [
      2.14206,
      1.98864,
      1.86275,
      4.21704,
      4.03866,
      3.85842
    ],
    "SDPA (flash, padded)": [
      2.05291,
      1.94318,
      1.85453,
      4.28296,
      4.00179,
      3.87981
    ],
    "NestedTensor + SDPA": [
      9.38398,
      8.92725,
      8.87158,
      17.01432,
      17.54666,
      17.41733
    ],
    "Triton Ragged (ours)": [
      0.13619,
      0.04198,
      0.02458,
      0.34509,
      0.07987,
      0.02765
    ],
    "FlashAttention-2 (varlen)": [
      0.11878,
      0.05018,
      0.04915,
      0.26882,
      0.0719,
      0.06042
    ]
  },
  "p5": {
    "SDPA (math, padded)": [
      5.30944,
      2.6735,
      2.10566,
      10.67072,
      5.80272,
      4.10352
    ],
    "SDPA (efficient, padded)": [
      2.0961,
      1.91181,
      1.85242,
      4.10611,
      3.73248,
      3.54099
    ],
    "SDPA (flash, padded)": [
      2.01642,
      1.86899,
      1.8472,
      4.25574,
      3.97709,
      3.85926
    ],
    "NestedTensor + SDPA": [
      8.95283,
      8.71526,
      8.82381,
      16.60314,
      16.67821,
      16.61741
    ],
    "Triton Ragged (ours)": [
      0.13517,
      0.04096,
      0.02355,
      0.3369,
      0.07885,
      0.02765
    ],
    "FlashAttention-2 (varlen)": [
      0.11162,
      0.04915,
      0.04813,
      0.25293,
      0.0711,
      0.06042
    ]
  },
  "p95": {
    "SDPA (math, padded)": [
      5.40259,
      2.73101,
      2.2272,
      10.88704,
      5.99267,
      4.30358
    ],
    "SDPA (efficient, padded)": [
      2.176,
      2.02954,
      1.93034,
      4.36736,
      4.06528,
      4.00179
    ],
    "SDPA (flash, padded)": [
      2.1031,
      1.98963,
      1.93021,
      4.48819,
      4.13517,
      4.0144
    ],
    "NestedTensor + SDPA": [
      9.66758,
      9.39827,
      9.27616,
      17.84211,
      18.00291,
      17.96106
    ],
    "Triton Ragged (ours)": [
      0.13722,
      0.04301,
      0.0256,
      0.34714,
      0.07987,
      0.02867
    ],
    "FlashAttention-2 (varlen)": [
      0.12595,
      0.05325,
      0.05222,
      0.27136,
      0.07578,
      0.06144
    ]
  }
}