{
  "gpu": "NVIDIA RTX 4000 Ada Generation",
  "sm": "SM89",
  "timing": "cuda_events_median_ms",
  "warmup": 50,
  "jit_warmup": 150,
  "iters": 300,
  "configs": [
    "BS=32, 0% pruned",
    "BS=32, 50% pruned",
    "BS=32, 80% pruned",
    "BS=64, 0% pruned",
    "BS=64, 50% pruned",
    "BS=64, 80% pruned"
  ],
  "kernels": {
    "SDPA (math, padded)": [
      5.34021,
      2.58118,
      2.14936,
      10.72531,
      5.85011,
      4.0745
    ],
    "SDPA (efficient, padded)": [
      2.24979,
      2.02632,
      1.82886,
      4.17314,
      3.77675,
      3.69858
    ],
    "SDPA (flash, padded)": [
      2.00651,
      1.96813,
      1.83123,
      4.1105,
      3.70067,
      3.57274
    ],
    "NestedTensor + SDPA": [
      8.95802,
      8.86328,
      8.89659,
      17.64954,
      16.74442,
      16.63238
    ],
    "Triton Ragged (ours)": [
      0.13722,
      0.04198,
      0.0256,
      0.34714,
      0.07987,
      0.02765
    ],
    "FlashAttention-2 (varlen)": [
      0.11162,
      0.05226,
      0.05222,
      0.26624,
      0.07168,
      0.06042
    ]
  },
  "p5": {
    "SDPA (math, padded)": [
      5.31158,
      2.57264,
      2.07994,
      10.60243,
      5.70429,
      4.05094
    ],
    "SDPA (efficient, padded)": [
      2.18522,
      1.88723,
      1.80211,
      4.14925,
      3.75802,
      3.55334
    ],
    "SDPA (flash, padded)": [
      1.97734,
      1.95718,
      1.82288,
      3.96384,
      3.67939,
      3.5575
    ],
    "NestedTensor + SDPA": [
      8.71706,
      8.7767,
      8.73267,
      16.78432,
      16.54061,
      16.35437
    ],
    "Triton Ragged (ours)": [
      0.13619,
      0.04096,
      0.02458,
      0.3369,
      0.07885,
      0.02765
    ],
    "FlashAttention-2 (varlen)": [
      0.11059,
      0.0512,
      0.0512,
      0.256,
      0.07168,
      0.05939
    ]
  },
  "p95": {
    "SDPA (math, padded)": [
      5.41491,
      2.65302,
      2.19341,
      10.83229,
      5.94624,
      4.27424
    ],
    "SDPA (efficient, padded)": [
      2.3255,
      2.1289,
      1.84032,
      4.3713,
      3.9776,
      3.7816
    ],
    "SDPA (flash, padded)": [
      2.11558,
      2.03331,
      1.90362,
      4.19206,
      3.83507,
      3.70915
    ],
    "NestedTensor + SDPA": [
      9.40438,
      9.5232,
      9.40134,
      18.13914,
      17.52778,
      17.47568
    ],
    "Triton Ragged (ours)": [
      0.13824,
      0.04301,
      0.02662,
      0.35021,
      0.07987,
      0.02867
    ],
    "FlashAttention-2 (varlen)": [
      0.11373,
      0.0553,
      0.0553,
      0.27034,
      0.0727,
      0.06144
    ]
  }
}