{
  "gpu": "NVIDIA RTX 4000 Ada Generation",
  "sm": "SM89",
  "timing": "cuda_events_median_ms",
  "warmup": 50,
  "jit_warmup": 150,
  "iters": 300,
  "configs": [
    "BS=32, 0% pruned",
    "BS=32, 50% pruned",
    "BS=32, 80% pruned",
    "BS=64, 0% pruned",
    "BS=64, 50% pruned",
    "BS=64, 80% pruned"
  ],
  "kernels": {
    "SDPA (math, padded)": [
      5.29426,
      2.54939,
      2.1289,
      10.61611,
      5.72314,
      4.17405
    ],
    "SDPA (efficient, padded)": [
      2.10731,
      1.87378,
      1.82392,
      4.13997,
      3.9209,
      3.68965
    ],
    "SDPA (flash, padded)": [
      1.99496,
      1.83706,
      1.81043,
      3.94642,
      3.82221,
      3.60843
    ],
    "NestedTensor + SDPA": [
      8.77773,
      8.69018,
      9.06394,
      16.73442,
      16.68053,
      16.42478
    ],
    "Triton Ragged (ours)": [
      0.13517,
      0.04198,
      0.02355,
      0.34509,
      0.07987,
      0.02765
    ],
    "FlashAttention-2 (varlen)": [
      0.11162,
      0.0471,
      0.04813,
      0.26829,
      0.07168,
      0.06042
    ]
  },
  "p5": {
    "SDPA (math, padded)": [
      5.24778,
      2.51699,
      2.11664,
      10.56842,
      5.65533,
      3.96083
    ],
    "SDPA (efficient, padded)": [
      2.092,
      1.86355,
      1.77766,
      4.12051,
      3.8871,
      3.61898
    ],
    "SDPA (flash, padded)": [
      1.93779,
      1.82374,
      1.80291,
      3.85626,
      3.65773,
      3.4816
    ],
    "NestedTensor + SDPA": [
      8.70707,
      8.48717,
      8.66714,
      16.356,
      16.44032,
      16.28365
    ],
    "Triton Ragged (ours)": [
      0.13414,
      0.04096,
      0.02253,
      0.33178,
      0.07885,
      0.02691
    ],
    "FlashAttention-2 (varlen)": [
      0.11059,
      0.04608,
      0.04608,
      0.25293,
      0.07066,
      0.05939
    ]
  },
  "p95": {
    "SDPA (math, padded)": [
      5.76819,
      2.56432,
      2.16877,
      10.71741,
      5.7961,
      4.26221
    ],
    "SDPA (efficient, padded)": [
      2.17408,
      1.88442,
      1.88586,
      4.27094,
      4.08202,
      3.84102
    ],
    "SDPA (flash, padded)": [
      2.01523,
      1.89645,
      1.85258,
      4.15642,
      3.87082,
      3.7335
    ],
    "NestedTensor + SDPA": [
      9.18835,
      9.14557,
      9.17632,
      17.45395,
      17.72131,
      17.23699
    ],
    "Triton Ragged (ours)": [
      0.13626,
      0.04301,
      0.02458,
      0.34714,
      0.07987,
      0.02867
    ],
    "FlashAttention-2 (varlen)": [
      0.11264,
      0.05018,
      0.05018,
      0.27136,
      0.0727,
      0.06144
    ]
  }
}