{
  "gpu": "NVIDIA RTX 4000 Ada Generation",
  "sm": "SM89",
  "timing": "cuda_events_median_ms",
  "warmup": 50,
  "jit_warmup": 150,
  "iters": 300,
  "configs": [
    "BS=32, 0% pruned",
    "BS=32, 50% pruned",
    "BS=32, 80% pruned",
    "BS=64, 0% pruned",
    "BS=64, 50% pruned",
    "BS=64, 80% pruned"
  ],
  "kernels": {
    "SDPA (math, padded)": [
      5.36586,
      2.6624,
      2.11958,
      10.95352,
      5.88144,
      4.13787
    ],
    "SDPA (efficient, padded)": [
      2.24109,
      2.00059,
      1.92358,
      4.42066,
      3.89206,
      3.76328
    ],
    "SDPA (flash, padded)": [
      2.07968,
      1.93179,
      1.90986,
      4.21474,
      3.85229,
      3.8124
    ],
    "NestedTensor + SDPA": [
      9.68056,
      9.59371,
      9.45067,
      18.11464,
      17.93704,
      18.03434
    ],
    "Triton Ragged (ours)": [
      0.13722,
      0.04198,
      0.02458,
      0.34509,
      0.07987,
      0.02765
    ],
    "FlashAttention-2 (varlen)": [
      0.11366,
      0.05632,
      0.05325,
      0.26522,
      0.07168,
      0.06042
    ]
  },
  "p5": {
    "SDPA (math, padded)": [
      5.2865,
      2.5856,
      2.08013,
      10.77248,
      5.71837,
      4.06733
    ],
    "SDPA (efficient, padded)": [
      2.14118,
      1.91488,
      1.8432,
      4.23114,
      3.76029,
      3.57885
    ],
    "SDPA (flash, padded)": [
      2.05005,
      1.8665,
      1.83053,
      4.05178,
      3.64637,
      3.54918
    ],
    "NestedTensor + SDPA": [
      9.18426,
      9.11155,
      9.10438,
      17.40934,
      17.27958,
      17.21242
    ],
    "Triton Ragged (ours)": [
      0.13619,
      0.04096,
      0.01536,
      0.33587,
      0.07885,
      0.02662
    ],
    "FlashAttention-2 (varlen)": [
      0.11264,
      0.03686,
      0.03379,
      0.2519,
      0.07066,
      0.05958
    ]
  },
  "p95": {
    "SDPA (math, padded)": [
      5.90234,
      3.19213,
      2.63578,
      11.46589,
      6.43072,
      4.74118
    ],
    "SDPA (efficient, padded)": [
      2.72211,
      2.52845,
      2.42035,
      5.00224,
      4.48589,
      4.35187
    ],
    "SDPA (flash, padded)": [
      2.66742,
      2.41293,
      2.43616,
      4.78208,
      4.41117,
      4.47978
    ],
    "NestedTensor + SDPA": [
      10.112,
      10.08227,
      9.86179,
      18.79174,
      18.63917,
      18.63155
    ],
    "Triton Ragged (ours)": [
      0.13926,
      0.04301,
      0.0256,
      0.34736,
      0.07987,
      0.02765
    ],
    "FlashAttention-2 (varlen)": [
      0.12493,
      0.05837,
      0.05837,
      0.26931,
      0.0727,
      0.06144
    ]
  }
}