{
  "gpu": "NVIDIA RTX 4000 Ada Generation",
  "sm": "SM89",
  "timing": "cuda_events_median_ms",
  "warmup": 50,
  "jit_warmup": 150,
  "iters": 300,
  "configs": [
    "BS=32, 0% pruned",
    "BS=32, 50% pruned",
    "BS=32, 80% pruned",
    "BS=64, 0% pruned",
    "BS=64, 50% pruned",
    "BS=64, 80% pruned"
  ],
  "kernels": {
    "SDPA (math, padded)": [
      5.34202,
      2.60813,
      2.08843,
      10.89846,
      5.93613,
      4.18611
    ],
    "SDPA (efficient, padded)": [
      2.23646,
      2.07667,
      1.95174,
      4.40339,
      4.13547,
      3.92906
    ],
    "SDPA (flash, padded)": [
      2.17891,
      1.95386,
      1.92066,
      4.21688,
      3.93138,
      3.81554
    ],
    "NestedTensor + SDPA": [
      8.94867,
      8.85418,
      8.84634,
      16.93085,
      16.64096,
      16.53907
    ],
    "Triton Ragged (ours)": [
      0.13619,
      0.04198,
      0.0256,
      0.34406,
      0.07987,
      0.02765
    ],
    "FlashAttention-2 (varlen)": [
      0.11162,
      0.04813,
      0.0512,
      0.26624,
      0.07138,
      0.06144
    ]
  },
  "p5": {
    "SDPA (math, padded)": [
      5.29299,
      2.59315,
      2.05094,
      10.75917,
      5.77536,
      4.12774
    ],
    "SDPA (efficient, padded)": [
      2.22294,
      2.06406,
      1.93962,
      4.38579,
      3.99178,
      3.7888
    ],
    "SDPA (flash, padded)": [
      2.10771,
      1.93856,
      1.90592,
      4.14502,
      3.9168,
      3.79997
    ],
    "NestedTensor + SDPA": [
      8.7712,
      8.77978,
      8.68035,
      16.77437,
      16.5025,
      16.41094
    ],
    "Triton Ragged (ours)": [
      0.13517,
      0.04096,
      0.02458,
      0.33178,
      0.07885,
      0.02765
    ],
    "FlashAttention-2 (varlen)": [
      0.11059,
      0.0471,
      0.04915,
      0.25322,
      0.07066,
      0.06042
    ]
  },
  "p95": {
    "SDPA (math, padded)": [
      5.39549,
      2.70336,
      2.1463,
      11.04502,
      6.06038,
      4.3264
    ],
    "SDPA (efficient, padded)": [
      2.3049,
      2.12077,
      2.02547,
      4.54349,
      4.21683,
      3.94858
    ],
    "SDPA (flash, padded)": [
      2.22179,
      2.0224,
      1.95181,
      4.35712,
      4.0663,
      3.94854
    ],
    "NestedTensor + SDPA": [
      9.40742,
      8.91904,
      9.28358,
      17.75882,
      17.408,
      17.36602
    ],
    "Triton Ragged (ours)": [
      0.13722,
      0.04234,
      0.02662,
      0.34714,
      0.07987,
      0.02867
    ],
    "FlashAttention-2 (varlen)": [
      0.12288,
      0.0512,
      0.05325,
      0.26726,
      0.0727,
      0.06147
    ]
  }
}