{
  "gpu": "NVIDIA RTX 4000 Ada Generation",
  "sm": "SM89",
  "timing": "cuda_events_median_ms",
  "warmup": 50,
  "jit_warmup": 150,
  "iters": 300,
  "configs": [
    "BS=32, 0% pruned",
    "BS=32, 50% pruned",
    "BS=32, 80% pruned",
    "BS=64, 0% pruned",
    "BS=64, 50% pruned",
    "BS=64, 80% pruned"
  ],
  "kernels": {
    "SDPA (math, padded)": [
      5.3861,
      2.59832,
      2.14174,
      10.6199,
      5.67438,
      4.05482
    ],
    "SDPA (efficient, padded)": [
      2.25189,
      2.01626,
      1.83296,
      4.15845,
      3.76432,
      3.56147
    ],
    "SDPA (flash, padded)": [
      2.11954,
      1.96605,
      1.82542,
      4.08787,
      3.69147,
      3.57499
    ],
    "NestedTensor + SDPA": [
      9.3393,
      9.56928,
      9.14547,
      17.48747,
      17.32498,
      17.24482
    ],
    "Triton Ragged (ours)": [
      0.13517,
      0.04198,
      0.02253,
      0.34322,
      0.07987,
      0.02765
    ],
    "FlashAttention-2 (varlen)": [
      0.11162,
      0.0553,
      0.05325,
      0.26829,
      0.07168,
      0.06042
    ]
  },
  "p5": {
    "SDPA (math, padded)": [
      5.31437,
      2.55722,
      2.08102,
      10.57997,
      5.64982,
      4.03866
    ],
    "SDPA (efficient, padded)": [
      2.23117,
      2.00499,
      1.82272,
      4.14323,
      3.75194,
      3.50106
    ],
    "SDPA (flash, padded)": [
      2.10922,
      1.95517,
      1.79098,
      3.95392,
      3.67498,
      3.56147
    ],
    "NestedTensor + SDPA": [
      9.17379,
      9.11254,
      8.94266,
      17.08954,
      17.18685,
      17.08054
    ],
    "Triton Ragged (ours)": [
      0.13517,
      0.04096,
      0.0217,
      0.33178,
      0.07885,
      0.02765
    ],
    "FlashAttention-2 (varlen)": [
      0.11059,
      0.05325,
      0.05126,
      0.25293,
      0.07066,
      0.05981
    ]
  },
  "p95": {
    "SDPA (math, padded)": [
      5.42227,
      2.67981,
      2.18112,
      10.72496,
      5.80061,
      4.19408
    ],
    "SDPA (efficient, padded)": [
      2.35418,
      2.02986,
      1.90864,
      4.29197,
      3.81722,
      3.57555
    ],
    "SDPA (flash, padded)": [
      2.18419,
      2.03437,
      1.83725,
      4.16256,
      3.82362,
      3.59258
    ],
    "NestedTensor + SDPA": [
      9.8639,
      9.8601,
      9.52333,
      18.32573,
      18.2016,
      18.44109
    ],
    "Triton Ragged (ours)": [
      0.13654,
      0.04224,
      0.02458,
      0.34714,
      0.07987,
      0.02867
    ],
    "FlashAttention-2 (varlen)": [
      0.12186,
      0.05837,
      0.05632,
      0.27034,
      0.07475,
      0.06144
    ]
  }
}