{
  "gpu": "NVIDIA RTX 4000 Ada Generation",
  "sm": "SM89",
  "timing": "cuda_events_median_ms",
  "warmup": 50,
  "jit_warmup": 150,
  "iters": 300,
  "configs": [
    "BS=32, 0% pruned",
    "BS=32, 50% pruned",
    "BS=32, 80% pruned",
    "BS=64, 0% pruned",
    "BS=64, 50% pruned",
    "BS=64, 80% pruned"
  ],
  "kernels": {
    "SDPA (math, padded)": [
      5.37202,
      2.59797,
      2.16078,
      10.96602,
      5.8788,
      4.25677
    ],
    "SDPA (efficient, padded)": [
      2.14221,
      1.94646,
      1.90101,
      4.41925,
      3.98088,
      3.83424
    ],
    "SDPA (flash, padded)": [
      2.07986,
      1.94242,
      1.92434,
      4.30438,
      3.9453,
      3.80227
    ],
    "NestedTensor + SDPA": [
      9.27334,
      9.20678,
      9.1792,
      17.38406,
      17.08981,
      16.68349
    ],
    "Triton Ragged (ours)": [
      0.13722,
      0.04198,
      0.02458,
      0.34509,
      0.07987,
      0.02765
    ],
    "FlashAttention-2 (varlen)": [
      0.11366,
      0.04813,
      0.04915,
      0.26419,
      0.07294,
      0.06042
    ]
  },
  "p5": {
    "SDPA (math, padded)": [
      5.29322,
      2.58355,
      2.08797,
      10.6711,
      5.72627,
      4.11514
    ],
    "SDPA (efficient, padded)": [
      2.12378,
      1.90365,
      1.85376,
      4.2359,
      3.82669,
      3.6864
    ],
    "SDPA (flash, padded)": [
      2.00294,
      1.8721,
      1.83808,
      4.14602,
      3.84333,
      3.74038
    ],
    "NestedTensor + SDPA": [
      8.79635,
      8.78285,
      8.74598,
      16.71869,
      16.54003,
      16.45056
    ],
    "Triton Ragged (ours)": [
      0.13619,
      0.04096,
      0.01536,
      0.33792,
      0.07885,
      0.02662
    ],
    "FlashAttention-2 (varlen)": [
      0.11264,
      0.04608,
      0.03277,
      0.25293,
      0.07168,
      0.05939
    ]
  },
  "p95": {
    "SDPA (math, padded)": [
      5.9311,
      3.15053,
      2.71568,
      11.39395,
      6.436,
      4.78899
    ],
    "SDPA (efficient, padded)": [
      2.70451,
      2.48842,
      2.42586,
      4.996,
      4.55037,
      4.40038
    ],
    "SDPA (flash, padded)": [
      2.57238,
      2.48502,
      2.41635,
      4.88736,
      4.6129,
      4.40301
    ],
    "NestedTensor + SDPA": [
      9.71878,
      9.62662,
      9.6096,
      17.99168,
      17.80605,
      17.53702
    ],
    "Triton Ragged (ours)": [
      0.14336,
      0.04301,
      0.02662,
      0.35021,
      0.07987,
      0.02778
    ],
    "FlashAttention-2 (varlen)": [
      0.11674,
      0.05043,
      0.05222,
      0.26627,
      0.07475,
      0.06144
    ]
  }
}