{
  "gpu": "NVIDIA RTX 4000 Ada Generation",
  "sm": "SM89",
  "timing": "cuda_events_median_ms",
  "warmup": 50,
  "jit_warmup": 150,
  "iters": 300,
  "configs": [
    "BS=32, 0% pruned",
    "BS=32, 50% pruned",
    "BS=32, 80% pruned",
    "BS=64, 0% pruned",
    "BS=64, 50% pruned",
    "BS=64, 80% pruned"
  ],
  "kernels": {
    "SDPA (math, padded)": [
      5.42787,
      2.61222,
      2.08491,
      10.66256,
      5.8121,
      4.0637
    ],
    "SDPA (efficient, padded)": [
      2.32269,
      2.0227,
      1.84627,
      4.17067,
      3.77571,
      3.55997
    ],
    "SDPA (flash, padded)": [
      2.12454,
      1.96736,
      1.83917,
      3.98029,
      3.81896,
      3.57376
    ],
    "NestedTensor + SDPA": [
      9.17646,
      9.06139,
      9.36429,
      17.21856,
      17.07757,
      16.9723
    ],
    "Triton Ragged (ours)": [
      0.13619,
      0.04198,
      0.02355,
      0.34509,
      0.07917,
      0.02765
    ],
    "FlashAttention-2 (varlen)": [
      0.11162,
      0.05325,
      0.05253,
      0.26624,
      0.07168,
      0.06042
    ]
  },
  "p5": {
    "SDPA (math, padded)": [
      5.33408,
      2.60272,
      2.04659,
      10.60045,
      5.66784,
      4.04563
    ],
    "SDPA (efficient, padded)": [
      2.25261,
      2.00112,
      1.8391,
      4.15098,
      3.75706,
      3.51245
    ],
    "SDPA (flash, padded)": [
      2.11469,
      1.95872,
      1.80429,
      3.95898,
      3.67811,
      3.5584
    ],
    "NestedTensor + SDPA": [
      9.03475,
      8.86176,
      8.97331,
      16.85782,
      16.82554,
      16.83222
    ],
    "Triton Ragged (ours)": [
      0.13517,
      0.04096,
      0.02253,
      0.33178,
      0.07885,
      0.02698
    ],
    "FlashAttention-2 (varlen)": [
      0.11059,
      0.0512,
      0.0512,
      0.256,
      0.07066,
      0.05939
    ]
  },
  "p95": {
    "SDPA (math, padded)": [
      5.46016,
      2.65494,
      2.15683,
      10.91696,
      5.91053,
      4.21274
    ],
    "SDPA (efficient, padded)": [
      2.36259,
      2.03469,
      1.92202,
      4.31584,
      3.96496,
      3.57658
    ],
    "SDPA (flash, padded)": [
      2.19158,
      1.97939,
      1.88211,
      4.11853,
      3.90234,
      3.69971
    ],
    "NestedTensor + SDPA": [
      9.83168,
      9.47917,
      9.54992,
      18.12275,
      17.9599,
      17.79942
    ],
    "Triton Ragged (ours)": [
      0.13722,
      0.0423,
      0.02458,
      0.34714,
      0.07987,
      0.02867
    ],
    "FlashAttention-2 (varlen)": [
      0.11264,
      0.0553,
      0.0553,
      0.27136,
      0.07475,
      0.06144
    ]
  }
}