{
  "gpu": "NVIDIA RTX 4000 Ada Generation",
  "sm": "SM89",
  "timing": "cuda_events_median_ms",
  "warmup": 50,
  "jit_warmup": 150,
  "iters": 300,
  "configs": [
    "BS=32, 0% pruned",
    "BS=32, 50% pruned",
    "BS=32, 80% pruned",
    "BS=64, 0% pruned",
    "BS=64, 50% pruned",
    "BS=64, 80% pruned"
  ],
  "kernels": {
    "SDPA (math, padded)": [
      5.35654,
      2.57331,
      2.1503,
      10.64219,
      5.70704,
      4.18067
    ],
    "SDPA (efficient, padded)": [
      2.24256,
      1.89747,
      1.83091,
      4.16768,
      3.77242,
      3.82566
    ],
    "SDPA (flash, padded)": [
      2.13206,
      1.84931,
      1.8364,
      4.11227,
      3.84226,
      3.83283
    ],
    "NestedTensor + SDPA": [
      8.96654,
      8.92394,
      8.8601,
      16.94634,
      16.77782,
      16.59784
    ],
    "Triton Ragged (ours)": [
      0.13619,
      0.04198,
      0.02355,
      0.34304,
      0.07987,
      0.02765
    ],
    "FlashAttention-2 (varlen)": [
      0.11162,
      0.05222,
      0.04915,
      0.2601,
      0.07168,
      0.06042
    ]
  },
  "p5": {
    "SDPA (math, padded)": [
      5.30022,
      2.56378,
      2.07501,
      10.60381,
      5.67994,
      4.13581
    ],
    "SDPA (efficient, padded)": [
      2.21082,
      1.88397,
      1.82566,
      4.1041,
      3.76013,
      3.76816
    ],
    "SDPA (flash, padded)": [
      2.11558,
      1.84013,
      1.82992,
      3.97174,
      3.82691,
      3.76659
    ],
    "NestedTensor + SDPA": [
      8.79725,
      8.82378,
      8.7593,
      16.69837,
      16.61856,
      16.22218
    ],
    "Triton Ragged (ours)": [
      0.13517,
      0.04096,
      0.02253,
      0.33075,
      0.07885,
      0.02662
    ],
    "FlashAttention-2 (varlen)": [
      0.11059,
      0.05018,
      0.0471,
      0.25293,
      0.07066,
      0.05939
    ]
  },
  "p95": {
    "SDPA (math, padded)": [
      5.42093,
      2.64397,
      2.1615,
      10.76429,
      5.8409,
      4.3273
    ],
    "SDPA (efficient, padded)": [
      2.25792,
      1.9671,
      1.90768,
      4.18477,
      3.90758,
      3.97312
    ],
    "SDPA (flash, padded)": [
      2.19853,
      1.86061,
      1.8431,
      4.1871,
      3.85462,
      3.85405
    ],
    "NestedTensor + SDPA": [
      9.43104,
      9.32285,
      9.29792,
      17.74093,
      17.94042,
      16.72496
    ],
    "Triton Ragged (ours)": [
      0.13722,
      0.04211,
      0.02458,
      0.34611,
      0.07987,
      0.02778
    ],
    "FlashAttention-2 (varlen)": [
      0.11197,
      0.0553,
      0.0512,
      0.26931,
      0.072,
      0.06144
    ]
  }
}