{
  "gpu": "NVIDIA RTX 4000 Ada Generation",
  "sm": "SM89",
  "timing": "cuda_events_median_ms",
  "warmup": 50,
  "jit_warmup": 150,
  "iters": 300,
  "configs": [
    "BS=32, 0% pruned",
    "BS=32, 50% pruned",
    "BS=32, 80% pruned",
    "BS=64, 0% pruned",
    "BS=64, 50% pruned",
    "BS=64, 80% pruned"
  ],
  "kernels": {
    "SDPA (math, padded)": [
      5.37637,
      2.6153,
      2.11109,
      10.90867,
      5.85357,
      4.0856
    ],
    "SDPA (efficient, padded)": [
      2.1964,
      2.02454,
      1.9671,
      4.44723,
      3.77909,
      3.57478
    ],
    "SDPA (flash, padded)": [
      2.19955,
      1.9753,
      1.99802,
      4.25165,
      3.69971,
      3.59254
    ],
    "NestedTensor + SDPA": [
      8.85901,
      8.79083,
      8.73714,
      16.82893,
      16.44733,
      16.36416
    ],
    "Triton Ragged (ours)": [
      0.13619,
      0.04198,
      0.02355,
      0.34202,
      0.07987,
      0.02765
    ],
    "FlashAttention-2 (varlen)": [
      0.11162,
      0.0471,
      0.04813,
      0.26624,
      0.07168,
      0.06042
    ]
  },
  "p5": {
    "SDPA (math, padded)": [
      5.32304,
      2.58803,
      2.04499,
      10.81242,
      5.81325,
      4.06938
    ],
    "SDPA (efficient, padded)": [
      2.07997,
      2.01427,
      1.95584,
      4.23693,
      3.6759,
      3.4887
    ],
    "SDPA (flash, padded)": [
      2.02448,
      1.96301,
      1.95686,
      4.14822,
      3.6864,
      3.58058
    ],
    "NestedTensor + SDPA": [
      8.6112,
      8.63165,
      8.54442,
      16.5816,
      16.33088,
      16.01229
    ],
    "Triton Ragged (ours)": [
      0.13517,
      0.04096,
      0.02253,
      0.33178,
      0.07885,
      0.02765
    ],
    "FlashAttention-2 (varlen)": [
      0.11059,
      0.04608,
      0.04608,
      0.25293,
      0.07066,
      0.05939
    ]
  },
  "p95": {
    "SDPA (math, padded)": [
      5.43875,
      2.63555,
      2.12685,
      11.04179,
      6.70618,
      4.22467
    ],
    "SDPA (efficient, padded)": [
      2.26294,
      2.03581,
      1.99578,
      4.59184,
      3.91683,
      3.64454
    ],
    "SDPA (flash, padded)": [
      2.21498,
      2.04214,
      2.04186,
      4.3992,
      3.7687,
      3.61238
    ],
    "NestedTensor + SDPA": [
      9.34941,
      9.19552,
      8.79718,
      17.87392,
      17.25619,
      16.48227
    ],
    "Triton Ragged (ours)": [
      0.13722,
      0.04224,
      0.02458,
      0.34406,
      0.07987,
      0.02867
    ],
    "FlashAttention-2 (varlen)": [
      0.11264,
      0.05018,
      0.05018,
      0.26851,
      0.07475,
      0.06144
    ]
  }
}