{
  "gpu": "NVIDIA RTX 4000 Ada Generation",
  "sm": "SM89",
  "timing": "cuda_events_median_ms",
  "warmup": 50,
  "jit_warmup": 150,
  "iters": 300,
  "configs": [
    "BS=32, 0% pruned",
    "BS=32, 50% pruned",
    "BS=32, 80% pruned",
    "BS=64, 0% pruned",
    "BS=64, 50% pruned",
    "BS=64, 80% pruned"
  ],
  "kernels": {
    "SDPA (math, padded)": [
      5.30134,
      2.56819,
      2.07739,
      10.64858,
      5.76717,
      4.00686
    ],
    "SDPA (efficient, padded)": [
      2.12392,
      1.88621,
      1.82883,
      4.16563,
      4.00486,
      3.50803
    ],
    "SDPA (flash, padded)": [
      2.00397,
      1.8417,
      1.83307,
      3.97416,
      3.70914,
      3.58547
    ],
    "NestedTensor + SDPA": [
      8.98282,
      8.95283,
      9.28461,
      17.71205,
      17.41275,
      16.73011
    ],
    "Triton Ragged (ours)": [
      0.13619,
      0.04198,
      0.02458,
      0.34426,
      0.07987,
      0.02765
    ],
    "FlashAttention-2 (varlen)": [
      0.1117,
      0.04915,
      0.0512,
      0.26832,
      0.07168,
      0.06042
    ]
  },
  "p5": {
    "SDPA (math, padded)": [
      5.23683,
      2.53235,
      2.0688,
      10.59533,
      5.61645,
      3.97722
    ],
    "SDPA (efficient, padded)": [
      2.11382,
      1.85728,
      1.80019,
      4.07142,
      3.97414,
      3.4937
    ],
    "SDPA (flash, padded)": [
      1.99475,
      1.83267,
      1.82371,
      3.95738,
      3.68976,
      3.57286
    ],
    "NestedTensor + SDPA": [
      8.90957,
      8.83488,
      8.86272,
      16.8479,
      16.69434,
      16.52429
    ],
    "Triton Ragged (ours)": [
      0.13517,
      0.04096,
      0.02355,
      0.3328,
      0.07885,
      0.02765
    ],
    "FlashAttention-2 (varlen)": [
      0.11059,
      0.04813,
      0.05018,
      0.25293,
      0.07066,
      0.05939
    ]
  },
  "p95": {
    "SDPA (math, padded)": [
      5.36141,
      2.63859,
      2.08515,
      10.7567,
      5.87344,
      4.0745
    ],
    "SDPA (efficient, padded)": [
      2.13917,
      1.8975,
      1.90166,
      4.40115,
      4.12963,
      3.5769
    ],
    "SDPA (flash, padded)": [
      2.01216,
      1.85651,
      1.90582,
      4.10896,
      3.84819,
      3.60128
    ],
    "NestedTensor + SDPA": [
      9.59552,
      9.34112,
      9.55802,
      18.24157,
      17.9649,
      17.84115
    ],
    "Triton Ragged (ours)": [
      0.13722,
      0.04301,
      0.02662,
      0.34714,
      0.07987,
      0.02867
    ],
    "FlashAttention-2 (varlen)": [
      0.11789,
      0.05149,
      0.05427,
      0.27136,
      0.07194,
      0.06144
    ]
  }
}