{
  "gpu": "NVIDIA RTX 4000 Ada Generation",
  "sm": "SM89",
  "timing": "cuda_events_median_ms",
  "warmup": 50,
  "jit_warmup": 150,
  "iters": 300,
  "configs": [
    "BS=32, 0% pruned",
    "BS=32, 50% pruned",
    "BS=32, 80% pruned",
    "BS=64, 0% pruned",
    "BS=64, 50% pruned",
    "BS=64, 80% pruned"
  ],
  "kernels": {
    "SDPA (math, padded)": [
      5.40482,
      2.60733,
      2.08477,
      10.6771,
      5.84192,
      4.08064
    ],
    "SDPA (efficient, padded)": [
      2.25678,
      1.95994,
      1.84213,
      4.18408,
      3.78675,
      3.72062
    ],
    "SDPA (flash, padded)": [
      2.1975,
      1.91386,
      1.80699,
      4.1123,
      3.69053,
      3.72502
    ],
    "NestedTensor + SDPA": [
      8.87083,
      8.79104,
      8.77843,
      16.8664,
      16.55898,
      16.46267
    ],
    "Triton Ragged (ours)": [
      0.13619,
      0.04198,
      0.02496,
      0.34509,
      0.07987,
      0.02765
    ],
    "FlashAttention-2 (varlen)": [
      0.11162,
      0.04813,
      0.05222,
      0.25395,
      0.07168,
      0.06042
    ]
  },
  "p5": {
    "SDPA (math, padded)": [
      5.32582,
      2.56698,
      2.0736,
      10.60966,
      5.69437,
      4.06118
    ],
    "SDPA (efficient, padded)": [
      2.23949,
      1.88653,
      1.83194,
      4.1687,
      3.712,
      3.57866
    ],
    "SDPA (flash, padded)": [
      2.13312,
      1.84128,
      1.79706,
      3.97421,
      3.6216,
      3.588
    ],
    "NestedTensor + SDPA": [
      8.6896,
      8.73174,
      8.6313,
      16.45056,
      16.17203,
      16.28125
    ],
    "Triton Ragged (ours)": [
      0.13517,
      0.04096,
      0.02458,
      0.3328,
      0.07885,
      0.02765
    ],
    "FlashAttention-2 (varlen)": [
      0.11059,
      0.0464,
      0.05018,
      0.25293,
      0.07066,
      0.05939
    ]
  },
  "p95": {
    "SDPA (math, padded)": [
      5.46192,
      2.65802,
      2.13197,
      10.77949,
      5.92195,
      4.23306
    ],
    "SDPA (efficient, padded)": [
      2.32378,
      1.97325,
      1.91373,
      4.31914,
      4.68915,
      3.80285
    ],
    "SDPA (flash, padded)": [
      2.23744,
      1.9521,
      1.8359,
      4.13907,
      3.82976,
      3.76211
    ],
    "NestedTensor + SDPA": [
      9.47584,
      9.1904,
      9.19347,
      18.10227,
      17.3783,
      17.30115
    ],
    "Triton Ragged (ours)": [
      0.13722,
      0.04301,
      0.02662,
      0.34714,
      0.07987,
      0.02867
    ],
    "FlashAttention-2 (varlen)": [
      0.12186,
      0.05021,
      0.05466,
      0.26931,
      0.0727,
      0.06144
    ]
  }
}