{
  "gpu": "NVIDIA RTX 4000 Ada Generation",
  "sm": "SM89",
  "timing": "cuda_events_median_ms",
  "warmup": 50,
  "jit_warmup": 150,
  "iters": 300,
  "configs": [
    "BS=32, 0% pruned",
    "BS=32, 50% pruned",
    "BS=32, 80% pruned",
    "BS=64, 0% pruned",
    "BS=64, 50% pruned",
    "BS=64, 80% pruned"
  ],
  "kernels": {
    "SDPA (math, padded)": [
      5.33998,
      2.63304,
      2.07826,
      11.12214,
      5.82051,
      4.19539
    ],
    "SDPA (efficient, padded)": [
      2.13349,
      1.96506,
      1.90632,
      4.40923,
      3.89003,
      3.70766
    ],
    "SDPA (flash, padded)": [
      2.10221,
      1.88318,
      1.89338,
      4.25267,
      3.82157,
      3.70653
    ],
    "NestedTensor + SDPA": [
      8.9991,
      8.96,
      9.13107,
      17.43302,
      17.17413,
      17.23642
    ],
    "Triton Ragged (ours)": [
      0.13722,
      0.04198,
      0.02458,
      0.34509,
      0.07987,
      0.02765
    ],
    "FlashAttention-2 (varlen)": [
      0.11674,
      0.0512,
      0.0512,
      0.26624,
      0.0727,
      0.06042
    ]
  },
  "p5": {
    "SDPA (math, padded)": [
      5.26746,
      2.56112,
      2.06061,
      10.74688,
      5.69645,
      4.05187
    ],
    "SDPA (efficient, padded)": [
      2.11546,
      1.88752,
      1.82477,
      4.3407,
      3.74448,
      3.55533
    ],
    "SDPA (flash, padded)": [
      2.07085,
      1.83584,
      1.82067,
      4.09805,
      3.67088,
      3.57878
    ],
    "NestedTensor + SDPA": [
      8.76931,
      8.6745,
      8.67533,
      16.73734,
      16.48221,
      16.4864
    ],
    "Triton Ragged (ours)": [
      0.13619,
      0.04096,
      0.02355,
      0.3369,
      0.07885,
      0.02662
    ],
    "FlashAttention-2 (varlen)": [
      0.11264,
      0.04931,
      0.03299,
      0.25293,
      0.07168,
      0.05939
    ]
  },
  "p95": {
    "SDPA (math, padded)": [
      5.87773,
      3.15869,
      2.63885,
      11.46778,
      6.37059,
      4.73501
    ],
    "SDPA (efficient, padded)": [
      2.67558,
      2.45338,
      2.41853,
      5.03808,
      4.45846,
      4.28646
    ],
    "SDPA (flash, padded)": [
      2.66547,
      2.44326,
      2.34662,
      4.80157,
      4.36851,
      4.24662
    ],
    "NestedTensor + SDPA": [
      9.68506,
      9.46912,
      9.50595,
      18.10534,
      17.80019,
      17.88038
    ],
    "Triton Ragged (ours)": [
      0.14234,
      0.04301,
      0.02592,
      0.35021,
      0.07987,
      0.02781
    ],
    "FlashAttention-2 (varlen)": [
      0.11786,
      0.05427,
      0.05427,
      0.27034,
      0.07578,
      0.06144
    ]
  }
}