{
  "gpu": "NVIDIA RTX 4000 Ada Generation",
  "sm": "SM89",
  "timing": "cuda_events_median_ms",
  "warmup": 50,
  "jit_warmup": 150,
  "iters": 300,
  "configs": [
    "BS=32, 0% pruned",
    "BS=32, 50% pruned",
    "BS=32, 80% pruned",
    "BS=64, 0% pruned",
    "BS=64, 50% pruned",
    "BS=64, 80% pruned"
  ],
  "kernels": {
    "SDPA (math, padded)": [
      5.31541,
      2.56562,
      2.05824,
      10.62874,
      5.84896,
      4.02534
    ],
    "SDPA (efficient, padded)": [
      2.10637,
      1.87392,
      1.81469,
      4.26699,
      3.87533,
      3.53894
    ],
    "SDPA (flash, padded)": [
      1.98963,
      1.83418,
      1.8135,
      3.9383,
      3.67357,
      3.55942
    ],
    "NestedTensor + SDPA": [
      8.95557,
      8.8233,
      8.80742,
      16.85163,
      16.68037,
      16.5591
    ],
    "Triton Ragged (ours)": [
      0.13619,
      0.04198,
      0.02288,
      0.34304,
      0.07987,
      0.02765
    ],
    "FlashAttention-2 (varlen)": [
      0.11264,
      0.04915,
      0.04728,
      0.25498,
      0.07109,
      0.06042
    ]
  },
  "p5": {
    "SDPA (math, padded)": [
      5.27258,
      2.54054,
      2.0489,
      10.5503,
      5.70858,
      3.95894
    ],
    "SDPA (efficient, padded)": [
      2.07667,
      1.84115,
      1.80525,
      4.12672,
      3.73555,
      3.52454
    ],
    "SDPA (flash, padded)": [
      1.97834,
      1.82173,
      1.8024,
      3.92394,
      3.60205,
      3.48893
    ],
    "NestedTensor + SDPA": [
      8.70605,
      8.74394,
      8.60774,
      16.4608,
      16.48333,
      16.3152
    ],
    "Triton Ragged (ours)": [
      0.13517,
      0.04198,
      0.02253,
      0.33178,
      0.07885,
      0.02662
    ],
    "FlashAttention-2 (varlen)": [
      0.11059,
      0.04813,
      0.04608,
      0.25293,
      0.07066,
      0.05939
    ]
  },
  "p95": {
    "SDPA (math, padded)": [
      5.37066,
      2.66752,
      2.06816,
      10.79293,
      5.90874,
      4.17402
    ],
    "SDPA (efficient, padded)": [
      2.11987,
      1.97437,
      1.88234,
      4.33187,
      3.99226,
      3.5535
    ],
    "SDPA (flash, padded)": [
      2.04083,
      1.89744,
      1.876,
      4.07018,
      3.81645,
      3.70256
    ],
    "NestedTensor + SDPA": [
      9.40509,
      9.43206,
      8.95984,
      17.66906,
      17.50192,
      17.22778
    ],
    "Triton Ragged (ours)": [
      0.13722,
      0.04301,
      0.02458,
      0.34621,
      0.07987,
      0.02784
    ],
    "FlashAttention-2 (varlen)": [
      0.11366,
      0.05222,
      0.05018,
      0.26934,
      0.07181,
      0.06144
    ]
  }
}