{
  "gpu": "NVIDIA RTX 4000 Ada Generation",
  "sm": "SM89",
  "timing": "cuda_events_median_ms",
  "warmup": 50,
  "jit_warmup": 150,
  "iters": 300,
  "configs": [
    "BS=32, 0% pruned",
    "BS=32, 50% pruned",
    "BS=32, 80% pruned",
    "BS=64, 0% pruned",
    "BS=64, 50% pruned",
    "BS=64, 80% pruned"
  ],
  "kernels": {
    "SDPA (math, padded)": [
      5.40568,
      2.57171,
      2.08282,
      10.65515,
      5.71699,
      4.08398
    ],
    "SDPA (efficient, padded)": [
      2.26928,
      1.89634,
      1.83603,
      4.30312,
      3.77216,
      3.57061
    ],
    "SDPA (flash, padded)": [
      2.13066,
      1.91602,
      1.9067,
      4.02995,
      3.70064,
      3.58925
    ],
    "NestedTensor + SDPA": [
      9.23222,
      9.18733,
      9.36926,
      17.54296,
      17.34197,
      17.22834
    ],
    "Triton Ragged (ours)": [
      0.13619,
      0.04198,
      0.0256,
      0.34509,
      0.07987,
      0.02765
    ],
    "FlashAttention-2 (varlen)": [
      0.11162,
      0.0553,
      0.05734,
      0.26726,
      0.07168,
      0.06042
    ]
  },
  "p5": {
    "SDPA (math, padded)": [
      5.33024,
      2.56214,
      2.07354,
      10.60045,
      5.67062,
      4.06128
    ],
    "SDPA (efficient, padded)": [
      2.24589,
      1.86186,
      1.82822,
      4.15856,
      3.7551,
      3.5103
    ],
    "SDPA (flash, padded)": [
      2.11866,
      1.84218,
      1.83398,
      3.95469,
      3.60966,
      3.53578
    ],
    "NestedTensor + SDPA": [
      9.06138,
      9.12189,
      9.08797,
      17.43658,
      17.21542,
      17.06598
    ],
    "Triton Ragged (ours)": [
      0.13517,
      0.04198,
      0.02464,
      0.33178,
      0.07885,
      0.02662
    ],
    "FlashAttention-2 (varlen)": [
      0.11059,
      0.05325,
      0.0553,
      0.25293,
      0.07066,
      0.05939
    ]
  },
  "p95": {
    "SDPA (math, padded)": [
      5.46029,
      2.68691,
      2.15466,
      10.76941,
      5.82483,
      4.224
    ],
    "SDPA (efficient, padded)": [
      2.3327,
      1.96928,
      1.8432,
      4.31894,
      3.91072,
      3.58419
    ],
    "SDPA (flash, padded)": [
      2.20262,
      1.96096,
      1.91597,
      4.11034,
      3.72941,
      3.73766
    ],
    "NestedTensor + SDPA": [
      9.5824,
      9.73517,
      9.64941,
      18.40765,
      18.18419,
      18.12566
    ],
    "Triton Ragged (ours)": [
      0.13722,
      0.04301,
      0.02765,
      0.34714,
      0.07987,
      0.02787
    ],
    "FlashAttention-2 (varlen)": [
      0.12288,
      0.05734,
      0.05869,
      0.27034,
      0.0727,
      0.06144
    ]
  }
}