{
  "gpu": "NVIDIA RTX 4000 Ada Generation",
  "sm": "SM89",
  "timing": "cuda_events_median_ms",
  "warmup": 50,
  "jit_warmup": 150,
  "iters": 300,
  "configs": [
    "BS=32, 0% pruned",
    "BS=32, 50% pruned",
    "BS=32, 80% pruned",
    "BS=64, 0% pruned",
    "BS=64, 50% pruned",
    "BS=64, 80% pruned"
  ],
  "kernels": {
    "SDPA (math, padded)": [
      5.43762,
      2.63786,
      2.11136,
      10.9105,
      5.97355,
      4.20872
    ],
    "SDPA (efficient, padded)": [
      2.27229,
      2.02342,
      2.03018,
      4.51243,
      4.09922,
      3.82669
    ],
    "SDPA (flash, padded)": [
      2.20936,
      2.03536,
      1.95891,
      4.23397,
      4.07816,
      3.97107
    ],
    "NestedTensor + SDPA": [
      9.18829,
      9.10406,
      9.10827,
      17.45101,
      17.2235,
      16.98429
    ],
    "Triton Ragged (ours)": [
      0.13619,
      0.04198,
      0.02355,
      0.34509,
      0.07987,
      0.02765
    ],
    "FlashAttention-2 (varlen)": [
      0.11162,
      0.05058,
      0.05018,
      0.25395,
      0.07184,
      0.06144
    ]
  },
  "p5": {
    "SDPA (math, padded)": [
      5.3504,
      2.60813,
      2.10125,
      10.79808,
      5.83693,
      4.1472
    ],
    "SDPA (efficient, padded)": [
      2.25472,
      2.00294,
      1.93229,
      4.41526,
      4.02432,
      3.81027
    ],
    "SDPA (flash, padded)": [
      2.18822,
      1.96915,
      1.94976,
      4.17894,
      3.93821,
      3.95056
    ],
    "NestedTensor + SDPA": [
      9.02144,
      8.96208,
      8.93728,
      17.05866,
      16.93315,
      16.66355
    ],
    "Triton Ragged (ours)": [
      0.13517,
      0.04096,
      0.02253,
      0.3369,
      0.07885,
      0.02765
    ],
    "FlashAttention-2 (varlen)": [
      0.11059,
      0.04915,
      0.04915,
      0.25293,
      0.07168,
      0.06042
    ]
  },
  "p95": {
    "SDPA (math, padded)": [
      5.48762,
      2.71264,
      2.1625,
      11.03872,
      6.06938,
      4.42448
    ],
    "SDPA (efficient, padded)": [
      2.36851,
      2.0615,
      2.04893,
      4.58128,
      4.23629,
      3.96877
    ],
    "SDPA (flash, padded)": [
      2.24557,
      2.05101,
      2.02666,
      4.29942,
      4.15846,
      4.05232
    ],
    "NestedTensor + SDPA": [
      9.65018,
      9.70445,
      9.68592,
      18.31632,
      17.93667,
      17.91466
    ],
    "Triton Ragged (ours)": [
      0.13926,
      0.04234,
      0.02458,
      0.34714,
      0.08003,
      0.02867
    ],
    "FlashAttention-2 (varlen)": [
      0.11264,
      0.05325,
      0.05325,
      0.26931,
      0.07488,
      0.06154
    ]
  }
}