{
  "gpu": "NVIDIA RTX 4000 Ada Generation",
  "sm": "SM89",
  "timing": "cuda_events_median_ms",
  "warmup": 50,
  "jit_warmup": 150,
  "iters": 300,
  "configs": [
    "BS=32, 0% pruned",
    "BS=32, 50% pruned",
    "BS=32, 80% pruned",
    "BS=64, 0% pruned",
    "BS=64, 50% pruned",
    "BS=64, 80% pruned"
  ],
  "kernels": {
    "SDPA (math, padded)": [
      5.42413,
      2.63661,
      2.13115,
      10.91363,
      5.81923,
      4.23834
    ],
    "SDPA (efficient, padded)": [
      2.3101,
      2.0265,
      1.98246,
      4.57842,
      3.91587,
      3.60776
    ],
    "SDPA (flash, padded)": [
      2.1903,
      1.98843,
      1.97643,
      4.39573,
      3.71581,
      3.60808
    ],
    "NestedTensor + SDPA": [
      8.91494,
      9.18781,
      8.78029,
      16.74552,
      16.60914,
      16.73334
    ],
    "Triton Ragged (ours)": [
      0.13619,
      0.04198,
      0.02458,
      0.34611,
      0.07987,
      0.02765
    ],
    "FlashAttention-2 (varlen)": [
      0.11162,
      0.04851,
      0.04915,
      0.26829,
      0.0727,
      0.06042
    ]
  },
  "p5": {
    "SDPA (math, padded)": [
      5.35347,
      2.55389,
      2.10557,
      10.79987,
      5.71699,
      4.08797
    ],
    "SDPA (efficient, padded)": [
      2.25472,
      1.98947,
      1.9671,
      4.41446,
      3.77923,
      3.59299
    ],
    "SDPA (flash, padded)": [
      2.12685,
      1.9753,
      1.9632,
      4.25165,
      3.6496,
      3.59219
    ],
    "NestedTensor + SDPA": [
      8.82794,
      8.75418,
      8.5767,
      16.54211,
      16.17584,
      16.25571
    ],
    "Triton Ragged (ours)": [
      0.13517,
      0.04096,
      0.02355,
      0.3369,
      0.07885,
      0.02694
    ],
    "FlashAttention-2 (varlen)": [
      0.11162,
      0.0471,
      0.04608,
      0.25293,
      0.07168,
      0.05939
    ]
  },
  "p95": {
    "SDPA (math, padded)": [
      5.47226,
      2.72563,
      2.20368,
      11.10016,
      5.88493,
      4.32659
    ],
    "SDPA (efficient, padded)": [
      2.34099,
      2.04589,
      2.05517,
      4.6017,
      3.99757,
      3.75398
    ],
    "SDPA (flash, padded)": [
      2.21491,
      2.05638,
      2.0521,
      4.47482,
      3.91578,
      3.7488
    ],
    "NestedTensor + SDPA": [
      9.34122,
      9.46362,
      9.25318,
      17.97946,
      17.51658,
      17.52986
    ],
    "Triton Ragged (ours)": [
      0.13926,
      0.04301,
      0.0257,
      0.34918,
      0.0809,
      0.02867
    ],
    "FlashAttention-2 (varlen)": [
      0.11286,
      0.0512,
      0.05258,
      0.27136,
      0.07475,
      0.06144
    ]
  }
}