{
  "gpu": "NVIDIA RTX 4000 Ada Generation",
  "sm": "SM89",
  "timing": "cuda_events_median_ms",
  "warmup": 50,
  "jit_warmup": 150,
  "iters": 300,
  "configs": [
    "BS=32, 0% pruned",
    "BS=32, 50% pruned",
    "BS=32, 80% pruned",
    "BS=64, 0% pruned",
    "BS=64, 50% pruned",
    "BS=64, 80% pruned"
  ],
  "kernels": {
    "SDPA (math, padded)": [
      5.34829,
      2.68902,
      2.15587,
      10.68979,
      5.76666,
      4.07142
    ],
    "SDPA (efficient, padded)": [
      2.2556,
      2.02957,
      1.84437,
      4.17573,
      3.79699,
      3.5853
    ],
    "SDPA (flash, padded)": [
      2.0992,
      2.04288,
      1.8443,
      3.99032,
      3.70131,
      3.72531
    ],
    "NestedTensor + SDPA": [
      9.23134,
      9.26618,
      9.13664,
      17.40173,
      17.15093,
      17.69267
    ],
    "Triton Ragged (ours)": [
      0.13528,
      0.04198,
      0.02458,
      0.34509,
      0.07925,
      0.02765
    ],
    "FlashAttention-2 (varlen)": [
      0.11162,
      0.05427,
      0.05338,
      0.25498,
      0.07168,
      0.06144
    ]
  },
  "p5": {
    "SDPA (math, padded)": [
      5.29475,
      2.66854,
      2.08362,
      10.61478,
      5.69462,
      4.00179
    ],
    "SDPA (efficient, padded)": [
      2.24358,
      2.01635,
      1.83603,
      4.11139,
      3.78045,
      3.55754
    ],
    "SDPA (flash, padded)": [
      2.08589,
      1.9719,
      1.81043,
      3.9679,
      3.68646,
      3.58707
    ],
    "NestedTensor + SDPA": [
      9.15034,
      9.02378,
      9.06218,
      17.23302,
      16.99392,
      16.92765
    ],
    "Triton Ragged (ours)": [
      0.13517,
      0.04096,
      0.02355,
      0.33178,
      0.07885,
      0.02765
    ],
    "FlashAttention-2 (varlen)": [
      0.11059,
      0.05222,
      0.05222,
      0.25395,
      0.07066,
      0.06042
    ]
  },
  "p95": {
    "SDPA (math, padded)": [
      5.42291,
      2.7351,
      2.16784,
      10.84416,
      5.86301,
      4.09498
    ],
    "SDPA (efficient, padded)": [
      2.30922,
      2.13626,
      1.91622,
      4.19555,
      3.93626,
      3.72698
    ],
    "SDPA (flash, padded)": [
      2.13472,
      2.07053,
      1.85453,
      4.11443,
      3.71712,
      3.80518
    ],
    "NestedTensor + SDPA": [
      9.68397,
      9.81504,
      9.58048,
      18.22925,
      17.95789,
      18.26
    ],
    "Triton Ragged (ours)": [
      0.13722,
      0.04301,
      0.0256,
      0.34714,
      0.07987,
      0.02867
    ],
    "FlashAttention-2 (varlen)": [
      0.11264,
      0.05632,
      0.05555,
      0.26931,
      0.07174,
      0.06144
    ]
  }
}