{
  "gpu": "NVIDIA RTX 4000 Ada Generation",
  "sm": "SM89",
  "timing": "cuda_events_median_ms",
  "warmup": 50,
  "jit_warmup": 150,
  "iters": 300,
  "configs": [
    "BS=32, 0% pruned",
    "BS=32, 50% pruned",
    "BS=32, 80% pruned",
    "BS=64, 0% pruned",
    "BS=64, 50% pruned",
    "BS=64, 80% pruned"
  ],
  "kernels": {
    "SDPA (math, padded)": [
      5.3975,
      2.63475,
      2.10842,
      10.9376,
      5.96229,
      4.22246
    ],
    "SDPA (efficient, padded)": [
      2.27685,
      2.02138,
      1.9555,
      4.58242,
      4.05517,
      3.98293
    ],
    "SDPA (flash, padded)": [
      2.14272,
      1.98634,
      1.96461,
      4.27016,
      4.02533,
      3.99722
    ],
    "NestedTensor + SDPA": [
      8.90576,
      8.81682,
      8.77149,
      16.76886,
      16.62619,
      16.53034
    ],
    "Triton Ragged (ours)": [
      0.13619,
      0.04198,
      0.02355,
      0.34611,
      0.07987,
      0.02765
    ],
    "FlashAttention-2 (varlen)": [
      0.11162,
      0.05029,
      0.04813,
      0.25395,
      0.07168,
      0.06042
    ]
  },
  "p5": {
    "SDPA (math, padded)": [
      5.34237,
      2.61939,
      2.0713,
      10.82483,
      5.84096,
      4.13901
    ],
    "SDPA (efficient, padded)": [
      2.25152,
      2.01216,
      1.9295,
      4.44198,
      4.04173,
      3.7888
    ],
    "SDPA (flash, padded)": [
      2.12691,
      1.97325,
      1.95482,
      4.24045,
      3.95853,
      3.85942
    ],
    "NestedTensor + SDPA": [
      8.77146,
      8.73859,
      8.68557,
      16.39834,
      16.22182,
      16.16486
    ],
    "Triton Ragged (ours)": [
      0.13562,
      0.04096,
      0.02253,
      0.33587,
      0.07885,
      0.02662
    ],
    "FlashAttention-2 (varlen)": [
      0.11085,
      0.04826,
      0.04618,
      0.25216,
      0.07168,
      0.05939
    ]
  },
  "p95": {
    "SDPA (math, padded)": [
      5.46022,
      2.71491,
      2.13491,
      11.07056,
      6.05901,
      4.40115
    ],
    "SDPA (efficient, padded)": [
      2.36739,
      2.08486,
      1.97651,
      4.66864,
      4.25677,
      4.07245
    ],
    "SDPA (flash, padded)": [
      2.21402,
      2.05414,
      1.9833,
      4.45645,
      4.11846,
      4.07677
    ],
    "NestedTensor + SDPA": [
      9.32352,
      9.27472,
      9.2928,
      17.5687,
      17.47114,
      17.54381
    ],
    "Triton Ragged (ours)": [
      0.13926,
      0.04301,
      0.02474,
      0.34918,
      0.08013,
      0.02797
    ],
    "FlashAttention-2 (varlen)": [
      0.1239,
      0.05363,
      0.0512,
      0.26624,
      0.07274,
      0.06144
    ]
  }
}