{
  "gpu": "NVIDIA RTX 4000 Ada Generation",
  "sm": "SM89",
  "timing": "cuda_events_median_ms",
  "warmup": 50,
  "jit_warmup": 150,
  "iters": 300,
  "configs": [
    "BS=32, 0% pruned",
    "BS=32, 50% pruned",
    "BS=32, 80% pruned",
    "BS=64, 0% pruned",
    "BS=64, 50% pruned",
    "BS=64, 80% pruned"
  ],
  "kernels": {
    "SDPA (math, padded)": [
      5.27872,
      2.56629,
      2.10138,
      10.84312,
      5.84338,
      4.16528
    ],
    "SDPA (efficient, padded)": [
      2.17594,
      1.89554,
      1.94458,
      4.52813,
      4.00458,
      3.8309
    ],
    "SDPA (flash, padded)": [
      2.05738,
      1.87565,
      1.94843,
      3.994,
      3.93421,
      3.58707
    ],
    "NestedTensor + SDPA": [
      9.29981,
      8.79277,
      8.77762,
      16.84541,
      16.60245,
      16.4777
    ],
    "Triton Ragged (ours)": [
      0.13619,
      0.04198,
      0.0256,
      0.34509,
      0.07987,
      0.02765
    ],
    "FlashAttention-2 (varlen)": [
      0.11162,
      0.05222,
      0.05238,
      0.26522,
      0.07168,
      0.06042
    ]
  },
  "p5": {
    "SDPA (math, padded)": [
      5.25552,
      2.52518,
      2.08166,
      10.58304,
      5.76211,
      4.1257
    ],
    "SDPA (efficient, padded)": [
      2.10842,
      1.86336,
      1.91011,
      4.39296,
      3.99258,
      3.76218
    ],
    "SDPA (flash, padded)": [
      1.98486,
      1.83296,
      1.93741,
      3.92307,
      3.87174,
      3.57242
    ],
    "NestedTensor + SDPA": [
      8.73066,
      8.73904,
      8.57891,
      16.40448,
      16.41958,
      16.09318
    ],
    "Triton Ragged (ours)": [
      0.13517,
      0.04096,
      0.02458,
      0.3328,
      0.07885,
      0.02662
    ],
    "FlashAttention-2 (varlen)": [
      0.11059,
      0.05018,
      0.0512,
      0.25293,
      0.07066,
      0.05939
    ]
  },
  "p95": {
    "SDPA (math, padded)": [
      5.3504,
      2.64307,
      2.17974,
      11.00816,
      5.9351,
      4.31846
    ],
    "SDPA (efficient, padded)": [
      2.18957,
      2.0009,
      1.95686,
      4.60698,
      4.02314,
      4.01306
    ],
    "SDPA (flash, padded)": [
      2.07075,
      1.96742,
      2.02067,
      4.32947,
      4.05834,
      3.72618
    ],
    "NestedTensor + SDPA": [
      9.40442,
      9.23034,
      9.25475,
      17.61053,
      17.37235,
      17.21882
    ],
    "Triton Ragged (ours)": [
      0.13722,
      0.04301,
      0.02662,
      0.34714,
      0.07987,
      0.02787
    ],
    "FlashAttention-2 (varlen)": [
      0.11469,
      0.05427,
      0.05632,
      0.26624,
      0.07578,
      0.06144
    ]
  }
}