{
  "gpu": "NVIDIA RTX 4000 Ada Generation",
  "sm": "SM89",
  "timing": "cuda_events_median_ms",
  "warmup": 50,
  "jit_warmup": 150,
  "iters": 300,
  "configs": [
    "BS=32, 0% pruned",
    "BS=32, 50% pruned",
    "BS=32, 80% pruned",
    "BS=64, 0% pruned",
    "BS=64, 50% pruned",
    "BS=64, 80% pruned"
  ],
  "kernels": {
    "SDPA (math, padded)": [
      5.28614,
      2.60269,
      2.06755,
      10.63174,
      5.84341,
      4.07034
    ],
    "SDPA (efficient, padded)": [
      2.12694,
      2.0143,
      1.82954,
      4.15539,
      4.00584,
      3.5776
    ],
    "SDPA (flash, padded)": [
      2.07053,
      2.03069,
      1.88771,
      3.97443,
      3.92293,
      3.56557
    ],
    "NestedTensor + SDPA": [
      8.94954,
      8.84019,
      8.86003,
      16.87398,
      16.6445,
      16.54186
    ],
    "Triton Ragged (ours)": [
      0.13619,
      0.04198,
      0.02458,
      0.34304,
      0.07987,
      0.02765
    ],
    "FlashAttention-2 (varlen)": [
      0.11162,
      0.04813,
      0.0492,
      0.26931,
      0.07101,
      0.06042
    ]
  },
  "p5": {
    "SDPA (math, padded)": [
      5.26739,
      2.53786,
      2.05824,
      10.58237,
      5.77126,
      4.05299
    ],
    "SDPA (efficient, padded)": [
      2.10538,
      1.98227,
      1.82045,
      4.08813,
      3.98563,
      3.55744
    ],
    "SDPA (flash, padded)": [
      2.05853,
      1.95994,
      1.82067,
      3.90774,
      3.85869,
      3.5543
    ],
    "NestedTensor + SDPA": [
      8.87808,
      8.62278,
      8.73779,
      16.56422,
      16.29117,
      16.32051
    ],
    "Triton Ragged (ours)": [
      0.13517,
      0.04096,
      0.02355,
      0.33075,
      0.07885,
      0.02662
    ],
    "FlashAttention-2 (varlen)": [
      0.11059,
      0.0471,
      0.0471,
      0.25395,
      0.07066,
      0.05939
    ]
  },
  "p95": {
    "SDPA (math, padded)": [
      5.33299,
      2.70042,
      2.13504,
      10.73766,
      5.94029,
      4.21517
    ],
    "SDPA (efficient, padded)": [
      2.2248,
      2.0335,
      1.89645,
      4.30192,
      4.13414,
      4.46544
    ],
    "SDPA (flash, padded)": [
      2.11046,
      2.04813,
      1.90464,
      4.1175,
      3.94474,
      3.70483
    ],
    "NestedTensor + SDPA": [
      9.3759,
      8.92509,
      9.47098,
      17.68979,
      17.47536,
      17.35597
    ],
    "Triton Ragged (ours)": [
      0.13722,
      0.04301,
      0.0256,
      0.34714,
      0.07987,
      0.02787
    ],
    "FlashAttention-2 (varlen)": [
      0.11264,
      0.0512,
      0.05325,
      0.27136,
      0.07194,
      0.06144
    ]
  }
}