{
  "gpu": "NVIDIA RTX 4000 Ada Generation",
  "sm": "SM89",
  "timing": "cuda_events_median_ms",
  "warmup": 50,
  "jit_warmup": 150,
  "iters": 300,
  "configs": [
    "BS=32, 0% pruned",
    "BS=32, 50% pruned",
    "BS=32, 80% pruned",
    "BS=64, 0% pruned",
    "BS=64, 50% pruned",
    "BS=64, 80% pruned"
  ],
  "kernels": {
    "SDPA (math, padded)": [
      5.33206,
      2.5864,
      2.16152,
      10.76784,
      5.8584,
      4.10475
    ],
    "SDPA (efficient, padded)": [
      2.13806,
      1.90155,
      1.8475,
      4.18814,
      3.79499,
      3.73328
    ],
    "SDPA (flash, padded)": [
      2.00694,
      1.85854,
      1.91181,
      4.19942,
      3.71712,
      3.72402
    ],
    "NestedTensor + SDPA": [
      9.23845,
      9.52062,
      9.08755,
      17.4039,
      17.84686,
      17.17712
    ],
    "Triton Ragged (ours)": [
      0.13722,
      0.04198,
      0.02355,
      0.34714,
      0.07987,
      0.02765
    ],
    "FlashAttention-2 (varlen)": [
      0.11469,
      0.05632,
      0.0553,
      0.26726,
      0.07174,
      0.06042
    ]
  },
  "p5": {
    "SDPA (math, padded)": [
      5.28198,
      2.57715,
      2.06131,
      10.57894,
      5.64838,
      4.01069
    ],
    "SDPA (efficient, padded)": [
      2.10944,
      1.89238,
      1.84013,
      4.16461,
      3.77648,
      3.59014
    ],
    "SDPA (flash, padded)": [
      1.99587,
      1.84832,
      1.83978,
      3.98746,
      3.65706,
      3.59117
    ],
    "NestedTensor + SDPA": [
      9.14195,
      9.05232,
      8.92842,
      17.00278,
      17.07325,
      16.78832
    ],
    "Triton Ragged (ours)": [
      0.13619,
      0.04096,
      0.02253,
      0.3369,
      0.07885,
      0.02662
    ],
    "FlashAttention-2 (varlen)": [
      0.11162,
      0.05446,
      0.05325,
      0.25702,
      0.07098,
      0.05974
    ]
  },
  "p95": {
    "SDPA (math, padded)": [
      5.38048,
      2.61046,
      2.20573,
      10.85747,
      5.94166,
      4.24346
    ],
    "SDPA (efficient, padded)": [
      2.15654,
      1.91283,
      1.9241,
      4.39514,
      3.93318,
      3.81626
    ],
    "SDPA (flash, padded)": [
      2.06541,
      1.87818,
      1.95392,
      4.22502,
      3.8615,
      3.79888
    ],
    "NestedTensor + SDPA": [
      9.67971,
      9.72608,
      9.4984,
      18.4256,
      18.40659,
      18.3376
    ],
    "Triton Ragged (ours)": [
      0.13926,
      0.04301,
      0.02458,
      0.35021,
      0.0809,
      0.02867
    ],
    "FlashAttention-2 (varlen)": [
      0.11674,
      0.05939,
      0.05734,
      0.27136,
      0.07578,
      0.06144
    ]
  }
}