{
  "gpu": "NVIDIA RTX 4000 Ada Generation",
  "sm": "SM89",
  "timing": "cuda_events_median_ms",
  "warmup": 50,
  "jit_warmup": 150,
  "iters": 300,
  "configs": [
    "BS=32, 0% pruned",
    "BS=32, 50% pruned",
    "BS=32, 80% pruned",
    "BS=64, 0% pruned",
    "BS=64, 50% pruned",
    "BS=64, 80% pruned"
  ],
  "kernels": {
    "SDPA (math, padded)": [
      5.39485,
      2.57536,
      2.0756,
      10.63134,
      5.72928,
      4.05022
    ],
    "SDPA (efficient, padded)": [
      2.3059,
      1.91437,
      1.83269,
      4.16371,
      3.77787,
      3.54813
    ],
    "SDPA (flash, padded)": [
      2.18819,
      1.85109,
      1.8895,
      3.97914,
      3.6983,
      3.68947
    ],
    "NestedTensor + SDPA": [
      8.85307,
      8.75304,
      8.73598,
      16.70894,
      16.49539,
      16.35093
    ],
    "Triton Ragged (ours)": [
      0.13619,
      0.04198,
      0.02355,
      0.34406,
      0.07987,
      0.02765
    ],
    "FlashAttention-2 (varlen)": [
      0.11162,
      0.04813,
      0.04813,
      0.26419,
      0.07168,
      0.06042
    ]
  },
  "p5": {
    "SDPA (math, padded)": [
      5.31978,
      2.56,
      2.06515,
      10.57866,
      5.64054,
      3.98333
    ],
    "SDPA (efficient, padded)": [
      2.2929,
      1.87699,
      1.8217,
      4.14685,
      3.75414,
      3.53277
    ],
    "SDPA (flash, padded)": [
      2.17498,
      1.83398,
      1.82272,
      3.94854,
      3.68333,
      3.556
    ],
    "NestedTensor + SDPA": [
      8.77466,
      8.56781,
      8.56269,
      16.6072,
      16.37376,
      16.22835
    ],
    "Triton Ragged (ours)": [
      0.13517,
      0.04096,
      0.02253,
      0.3328,
      0.07885,
      0.02662
    ],
    "FlashAttention-2 (varlen)": [
      0.11059,
      0.0471,
      0.0471,
      0.2519,
      0.07066,
      0.05939
    ]
  },
  "p95": {
    "SDPA (math, padded)": [
      5.46723,
      2.64371,
      2.1463,
      10.7561,
      5.81226,
      4.0704
    ],
    "SDPA (efficient, padded)": [
      2.34394,
      1.95446,
      1.8985,
      4.30352,
      3.90861,
      3.5584
    ],
    "SDPA (flash, padded)": [
      2.22515,
      1.90838,
      1.92205,
      4.11539,
      3.83072,
      3.77066
    ],
    "NestedTensor + SDPA": [
      9.29997,
      9.17539,
      9.02246,
      17.48672,
      17.3175,
      17.17248
    ],
    "Triton Ragged (ours)": [
      0.13722,
      0.04301,
      0.02474,
      0.34714,
      0.07987,
      0.02774
    ],
    "FlashAttention-2 (varlen)": [
      0.12288,
      0.0512,
      0.05018,
      0.26931,
      0.072,
      0.06144
    ]
  }
}