{
  "gpu": "NVIDIA RTX 4000 Ada Generation",
  "sm": "SM89",
  "timing": "cuda_events_median_ms",
  "warmup": 50,
  "jit_warmup": 150,
  "iters": 300,
  "configs": [
    "BS=32, 0% pruned",
    "BS=32, 50% pruned",
    "BS=32, 80% pruned",
    "BS=64, 0% pruned",
    "BS=64, 50% pruned",
    "BS=64, 80% pruned"
  ],
  "kernels": {
    "SDPA (math, padded)": [
      5.41166,
      2.59584,
      2.14322,
      10.61938,
      5.83168,
      4.18293
    ],
    "SDPA (efficient, padded)": [
      2.24666,
      1.9497,
      1.94208,
      4.27326,
      3.72789,
      3.57085
    ],
    "SDPA (flash, padded)": [
      1.97152,
      1.84658,
      2.01107,
      4.03243,
      3.69067,
      3.59109
    ],
    "NestedTensor + SDPA": [
      8.94086,
      9.13442,
      8.78954,
      16.80531,
      16.59443,
      17.21301
    ],
    "Triton Ragged (ours)": [
      0.13619,
      0.04198,
      0.02355,
      0.34509,
      0.07987,
      0.02765
    ],
    "FlashAttention-2 (varlen)": [
      0.11162,
      0.0512,
      0.0471,
      0.25933,
      0.07168,
      0.06042
    ]
  },
  "p5": {
    "SDPA (math, padded)": [
      5.3289,
      2.56214,
      2.03642,
      10.57603,
      5.68934,
      4.04246
    ],
    "SDPA (efficient, padded)": [
      2.21286,
      1.87802,
      1.90966,
      4.13213,
      3.67347,
      3.55418
    ],
    "SDPA (flash, padded)": [
      1.94938,
      1.83606,
      1.92717,
      3.87379,
      3.59853,
      3.49798
    ],
    "NestedTensor + SDPA": [
      8.84429,
      8.82202,
      8.60365,
      16.40867,
      16.45056,
      16.35421
    ],
    "Triton Ragged (ours)": [
      0.13533,
      0.04096,
      0.02253,
      0.33894,
      0.07885,
      0.02765
    ],
    "FlashAttention-2 (varlen)": [
      0.11059,
      0.05018,
      0.04506,
      0.25293,
      0.07168,
      0.05939
    ]
  },
  "p95": {
    "SDPA (math, padded)": [
      5.47123,
      2.65216,
      2.18749,
      10.80218,
      5.9136,
      4.2607
    ],
    "SDPA (efficient, padded)": [
      2.26509,
      1.96608,
      2.01626,
      4.3416,
      3.91578,
      3.71571
    ],
    "SDPA (flash, padded)": [
      2.04288,
      1.91395,
      2.05414,
      4.11133,
      3.83683,
      3.79165
    ],
    "NestedTensor + SDPA": [
      9.39101,
      9.39325,
      9.2047,
      17.62714,
      17.39878,
      17.72749
    ],
    "Triton Ragged (ours)": [
      0.13824,
      0.04234,
      0.02458,
      0.34714,
      0.07987,
      0.02867
    ],
    "FlashAttention-2 (varlen)": [
      0.11264,
      0.05427,
      0.04915,
      0.26931,
      0.07286,
      0.06144
    ]
  }
}