{
  "gpu": "NVIDIA RTX 4000 Ada Generation",
  "sm": "SM89",
  "timing": "cuda_events_median_ms",
  "warmup": 50,
  "jit_warmup": 150,
  "iters": 300,
  "configs": [
    "BS=32, 0% pruned",
    "BS=32, 50% pruned",
    "BS=32, 80% pruned",
    "BS=64, 0% pruned",
    "BS=64, 50% pruned",
    "BS=64, 80% pruned"
  ],
  "kernels": {
    "SDPA (math, padded)": [
      5.35643,
      2.6699,
      2.1196,
      10.9287,
      5.98638,
      4.19742
    ],
    "SDPA (efficient, padded)": [
      2.26522,
      2.11469,
      1.9913,
      4.45131,
      4.00168,
      3.85834
    ],
    "SDPA (flash, padded)": [
      2.13838,
      2.07838,
      2.04902,
      4.26078,
      3.96992,
      4.00077
    ],
    "NestedTensor + SDPA": [
      9.62362,
      9.13661,
      9.17752,
      18.25331,
      17.30746,
      17.14438
    ],
    "Triton Ragged (ours)": [
      0.13619,
      0.04198,
      0.02458,
      0.34422,
      0.07987,
      0.02765
    ],
    "FlashAttention-2 (varlen)": [
      0.11162,
      0.05325,
      0.0535,
      0.26931,
      0.07168,
      0.06077
    ]
  },
  "p5": {
    "SDPA (math, padded)": [
      5.3272,
      2.58442,
      2.10637,
      10.83597,
      5.82518,
      4.16256
    ],
    "SDPA (efficient, padded)": [
      2.2487,
      2.0408,
      1.9568,
      4.39296,
      3.98746,
      3.84182
    ],
    "SDPA (flash, padded)": [
      2.12694,
      2.05107,
      1.976,
      4.23453,
      3.90586,
      3.86246
    ],
    "NestedTensor + SDPA": [
      9.14739,
      8.95693,
      9.04272,
      17.3792,
      17.1152,
      17.01274
    ],
    "Triton Ragged (ours)": [
      0.13517,
      0.04096,
      0.02355,
      0.33178,
      0.07885,
      0.02765
    ],
    "FlashAttention-2 (varlen)": [
      0.11059,
      0.05222,
      0.05222,
      0.25424,
      0.07066,
      0.06042
    ]
  },
  "p95": {
    "SDPA (math, padded)": [
      5.43424,
      2.72618,
      2.14762,
      11.04896,
      6.07437,
      4.33766
    ],
    "SDPA (efficient, padded)": [
      2.28147,
      2.1321,
      2.10029,
      4.47194,
      4.03251,
      3.99443
    ],
    "SDPA (flash, padded)": [
      2.15245,
      2.10944,
      2.06637,
      4.28253,
      3.99494,
      4.02058
    ],
    "NestedTensor + SDPA": [
      9.94288,
      9.21216,
      9.65939,
      18.76957,
      18.08794,
      18.26723
    ],
    "Triton Ragged (ours)": [
      0.13722,
      0.04301,
      0.0256,
      0.34714,
      0.07987,
      0.02867
    ],
    "FlashAttention-2 (varlen)": [
      0.1239,
      0.05632,
      0.05632,
      0.27136,
      0.07184,
      0.06144
    ]
  }
}