{
  "gpu": "NVIDIA RTX 4000 Ada Generation",
  "sm": "SM89",
  "timing": "cuda_events_median_ms",
  "warmup": 50,
  "jit_warmup": 150,
  "iters": 300,
  "configs": [
    "BS=32, 0% pruned",
    "BS=32, 50% pruned",
    "BS=32, 80% pruned",
    "BS=64, 0% pruned",
    "BS=64, 50% pruned",
    "BS=64, 80% pruned"
  ],
  "kernels": {
    "SDPA (math, padded)": [
      5.36128,
      2.59269,
      2.16989,
      10.7111,
      5.88094,
      4.09954
    ],
    "SDPA (efficient, padded)": [
      2.21798,
      1.97907,
      1.92712,
      4.34928,
      3.94894,
      3.73958
    ],
    "SDPA (flash, padded)": [
      2.01757,
      1.93043,
      1.92205,
      4.11648,
      3.7332,
      3.62701
    ],
    "NestedTensor + SDPA": [
      9.20765,
      9.53085,
      9.10029,
      17.52738,
      17.21326,
      17.36909
    ],
    "Triton Ragged (ours)": [
      0.13722,
      0.04198,
      0.02355,
      0.34509,
      0.07987,
      0.02765
    ],
    "FlashAttention-2 (varlen)": [
      0.11469,
      0.05325,
      0.05222,
      0.26726,
      0.0727,
      0.06042
    ]
  },
  "p5": {
    "SDPA (math, padded)": [
      5.30906,
      2.58285,
      2.09613,
      10.63322,
      5.73658,
      4.0823
    ],
    "SDPA (efficient, padded)": [
      2.14442,
      1.90643,
      1.91795,
      4.33155,
      3.81005,
      3.59834
    ],
    "SDPA (flash, padded)": [
      2.00499,
      1.81862,
      1.84832,
      4.00794,
      3.70176,
      3.5961
    ],
    "NestedTensor + SDPA": [
      9.13306,
      9.0928,
      9.03453,
      17.23814,
      16.82211,
      17.00557
    ],
    "Triton Ragged (ours)": [
      0.13619,
      0.04096,
      0.02253,
      0.3369,
      0.07885,
      0.02662
    ],
    "FlashAttention-2 (varlen)": [
      0.11078,
      0.0512,
      0.0503,
      0.25293,
      0.07168,
      0.05955
    ]
  },
  "p95": {
    "SDPA (math, padded)": [
      5.42822,
      2.64592,
      2.19453,
      10.8639,
      5.95149,
      4.29088
    ],
    "SDPA (efficient, padded)": [
      2.25914,
      2.01626,
      1.97194,
      4.4215,
      4.02637,
      3.77069
    ],
    "SDPA (flash, padded)": [
      2.08358,
      1.97632,
      1.96608,
      4.16358,
      3.94422,
      3.82566
    ],
    "NestedTensor + SDPA": [
      9.61229,
      9.77408,
      9.57219,
      18.36762,
      18.24669,
      18.29818
    ],
    "Triton Ragged (ours)": [
      0.13846,
      0.04301,
      0.02458,
      0.34714,
      0.07987,
      0.02774
    ],
    "FlashAttention-2 (varlen)": [
      0.11574,
      0.05632,
      0.05427,
      0.26934,
      0.07373,
      0.06144
    ]
  }
}