{
  "gpu": "NVIDIA RTX 4000 Ada Generation",
  "sm": "SM89",
  "timing": "cuda_events_median_ms",
  "warmup": 50,
  "jit_warmup": 150,
  "iters": 300,
  "configs": [
    "BS=32, 0% pruned",
    "BS=32, 50% pruned",
    "BS=32, 80% pruned",
    "BS=64, 0% pruned",
    "BS=64, 50% pruned",
    "BS=64, 80% pruned"
  ],
  "kernels": {
    "SDPA (math, padded)": [
      5.34858,
      2.5744,
      2.0736,
      10.72725,
      5.67216,
      4.06027
    ],
    "SDPA (efficient, padded)": [
      2.23691,
      1.95994,
      1.83194,
      4.27926,
      3.75501,
      3.56472
    ],
    "SDPA (flash, padded)": [
      1.98627,
      1.84525,
      1.89859,
      3.9521,
      3.67605,
      3.57069
    ],
    "NestedTensor + SDPA": [
      9.13962,
      8.81427,
      8.75925,
      16.67291,
      16.46848,
      16.46598
    ],
    "Triton Ragged (ours)": [
      0.13619,
      0.04198,
      0.02355,
      0.34406,
      0.07987,
      0.02765
    ],
    "FlashAttention-2 (varlen)": [
      0.11162,
      0.04813,
      0.04813,
      0.25498,
      0.07168,
      0.06042
    ]
  },
  "p5": {
    "SDPA (math, padded)": [
      5.31968,
      2.52896,
      2.0617,
      10.57587,
      5.65158,
      4.0448
    ],
    "SDPA (efficient, padded)": [
      2.20454,
      1.88416,
      1.81952,
      4.13565,
      3.73933,
      3.54918
    ],
    "SDPA (flash, padded)": [
      1.97411,
      1.82134,
      1.89235,
      3.93011,
      3.65558,
      3.51005
    ],
    "NestedTensor + SDPA": [
      8.77258,
      8.7177,
      8.6888,
      16.52122,
      16.2304,
      16.15667
    ],
    "Triton Ragged (ours)": [
      0.13517,
      0.04096,
      0.02253,
      0.33178,
      0.07885,
      0.02662
    ],
    "FlashAttention-2 (varlen)": [
      0.11059,
      0.0464,
      0.04608,
      0.25395,
      0.07066,
      0.05939
    ]
  },
  "p95": {
    "SDPA (math, padded)": [
      5.43027,
      2.6441,
      2.14819,
      10.81344,
      5.80304,
      4.20771
    ],
    "SDPA (efficient, padded)": [
      2.2569,
      2.00477,
      1.90566,
      4.3561,
      3.78294,
      3.70586
    ],
    "SDPA (flash, padded)": [
      2.4903,
      1.86163,
      1.90672,
      4.0919,
      3.81542,
      3.72019
    ],
    "NestedTensor + SDPA": [
      9.50586,
      9.21152,
      9.1648,
      17.4889,
      17.29101,
      17.55213
    ],
    "Triton Ragged (ours)": [
      0.13722,
      0.04227,
      0.02458,
      0.34714,
      0.07987,
      0.02781
    ],
    "FlashAttention-2 (varlen)": [
      0.11264,
      0.05018,
      0.05034,
      0.26931,
      0.0727,
      0.06144
    ]
  }
}