{
  "gpu": "NVIDIA RTX 4000 Ada Generation",
  "sm": "SM89",
  "timing": "cuda_events_median_ms",
  "warmup": 50,
  "jit_warmup": 150,
  "iters": 300,
  "configs": [
    "BS=32, 0% pruned",
    "BS=32, 50% pruned",
    "BS=32, 80% pruned",
    "BS=64, 0% pruned",
    "BS=64, 50% pruned",
    "BS=64, 80% pruned"
  ],
  "kernels": {
    "SDPA (math, padded)": [
      5.33554,
      2.5915,
      2.09317,
      10.66402,
      5.76947,
      4.08363
    ],
    "SDPA (efficient, padded)": [
      2.1248,
      1.8985,
      1.91795,
      4.18352,
      3.78371,
      3.58939
    ],
    "SDPA (flash, padded)": [
      2.04877,
      1.8685,
      1.90557,
      3.99872,
      3.84357,
      3.72522
    ],
    "NestedTensor + SDPA": [
      8.83291,
      8.80486,
      8.74098,
      16.80533,
      16.64424,
      16.45213
    ],
    "Triton Ragged (ours)": [
      0.13619,
      0.04198,
      0.02355,
      0.34509,
      0.07987,
      0.02765
    ],
    "FlashAttention-2 (varlen)": [
      0.11264,
      0.04915,
      0.04738,
      0.26624,
      0.0717,
      0.06042
    ]
  },
  "p5": {
    "SDPA (math, padded)": [
      5.25517,
      2.58019,
      2.08323,
      10.63018,
      5.66038,
      3.99696
    ],
    "SDPA (efficient, padded)": [
      2.11456,
      1.88518,
      1.90445,
      4.10419,
      3.716,
      3.56557
    ],
    "SDPA (flash, padded)": [
      1.992,
      1.85242,
      1.83616,
      3.93318,
      3.70483,
      3.58912
    ],
    "NestedTensor + SDPA": [
      8.68454,
      8.68438,
      8.66406,
      16.47299,
      16.43309,
      16.33376
    ],
    "Triton Ragged (ours)": [
      0.13517,
      0.04096,
      0.02253,
      0.3369,
      0.07885,
      0.02694
    ],
    "FlashAttention-2 (varlen)": [
      0.11162,
      0.0471,
      0.04608,
      0.25395,
      0.07107,
      0.05939
    ]
  },
  "p95": {
    "SDPA (math, padded)": [
      5.43744,
      2.65901,
      2.16883,
      10.81344,
      5.87904,
      4.23542
    ],
    "SDPA (efficient, padded)": [
      2.19648,
      1.91056,
      1.96499,
      4.32947,
      3.8,
      3.63629
    ],
    "SDPA (flash, padded)": [
      2.08077,
      1.96096,
      1.9537,
      4.05914,
      3.86662,
      3.8144
    ],
    "NestedTensor + SDPA": [
      9.07546,
      9.20285,
      9.35629,
      17.92909,
      17.46816,
      17.3015
    ],
    "Triton Ragged (ours)": [
      0.13824,
      0.04301,
      0.02458,
      0.34714,
      0.07994,
      0.02867
    ],
    "FlashAttention-2 (varlen)": [
      0.1239,
      0.05222,
      0.05018,
      0.27136,
      0.07302,
      0.06144
    ]
  }
}