{
  "gpu": "NVIDIA RTX 4000 Ada Generation",
  "sm": "SM89",
  "timing": "cuda_events_median_ms",
  "warmup": 50,
  "jit_warmup": 150,
  "iters": 300,
  "configs": [
    "BS=32, 0% pruned",
    "BS=32, 50% pruned",
    "BS=32, 80% pruned",
    "BS=64, 0% pruned",
    "BS=64, 50% pruned",
    "BS=64, 80% pruned"
  ],
  "kernels": {
    "SDPA (math, padded)": [
      5.35256,
      2.62622,
      2.08589,
      10.64858,
      5.81483,
      4.0752
    ],
    "SDPA (efficient, padded)": [
      2.31318,
      2.01848,
      2.0224,
      4.17426,
      3.77419,
      3.69675
    ],
    "SDPA (flash, padded)": [
      2.12549,
      1.96301,
      1.83091,
      3.97784,
      3.68538,
      3.59014
    ],
    "NestedTensor + SDPA": [
      9.45262,
      9.02467,
      8.96693,
      17.83501,
      16.95694,
      16.87658
    ],
    "Triton Ragged (ours)": [
      0.13619,
      0.04198,
      0.02458,
      0.34406,
      0.07987,
      0.02765
    ],
    "FlashAttention-2 (varlen)": [
      0.11264,
      0.04915,
      0.05325,
      0.26445,
      0.07168,
      0.06042
    ]
  },
  "p5": {
    "SDPA (math, padded)": [
      5.31283,
      2.59149,
      2.07258,
      10.60454,
      5.67875,
      4.05984
    ],
    "SDPA (efficient, padded)": [
      2.28749,
      1.97939,
      1.89747,
      4.15232,
      3.72528,
      3.5584
    ],
    "SDPA (flash, padded)": [
      2.11059,
      1.9497,
      1.82064,
      3.96381,
      3.62205,
      3.57101
    ],
    "NestedTensor + SDPA": [
      9.08154,
      8.97034,
      8.80317,
      17.08032,
      16.83933,
      16.61683
    ],
    "Triton Ragged (ours)": [
      0.13517,
      0.04096,
      0.02355,
      0.3328,
      0.07885,
      0.02765
    ],
    "FlashAttention-2 (varlen)": [
      0.11059,
      0.04813,
      0.05222,
      0.25293,
      0.07066,
      0.05939
    ]
  },
  "p95": {
    "SDPA (math, padded)": [
      5.41696,
      2.69005,
      2.10323,
      10.7632,
      5.90746,
      4.22061
    ],
    "SDPA (efficient, padded)": [
      2.3296,
      2.09408,
      2.03674,
      4.31613,
      3.79699,
      3.79187
    ],
    "SDPA (flash, padded)": [
      2.19443,
      1.97661,
      2.36131,
      4.1153,
      3.7079,
      3.72941
    ],
    "NestedTensor + SDPA": [
      9.7433,
      9.36858,
      9.38864,
      18.43485,
      17.84208,
      18.08515
    ],
    "Triton Ragged (ours)": [
      0.13722,
      0.04301,
      0.02595,
      0.34714,
      0.07987,
      0.02867
    ],
    "FlashAttention-2 (varlen)": [
      0.11395,
      0.05222,
      0.05632,
      0.26624,
      0.07475,
      0.06144
    ]
  }
}