{
  "gpu": "NVIDIA RTX 4000 Ada Generation",
  "sm": "SM89",
  "timing": "cuda_events_median_ms",
  "warmup": 50,
  "jit_warmup": 150,
  "iters": 300,
  "configs": [
    "BS=32, 0% pruned",
    "BS=32, 50% pruned",
    "BS=32, 80% pruned",
    "BS=64, 0% pruned",
    "BS=64, 50% pruned",
    "BS=64, 80% pruned"
  ],
  "kernels": {
    "SDPA (math, padded)": [
      5.38997,
      2.59872,
      2.15194,
      10.97074,
      5.87488,
      4.14875
    ],
    "SDPA (efficient, padded)": [
      2.18112,
      1.93339,
      1.91584,
      4.34642,
      3.94035,
      3.64602
    ],
    "SDPA (flash, padded)": [
      2.09571,
      1.93536,
      1.91962,
      4.15434,
      3.86555,
      3.75888
    ],
    "NestedTensor + SDPA": [
      9.27491,
      9.20069,
      9.26859,
      17.69125,
      17.44701,
      17.38923
    ],
    "Triton Ragged (ours)": [
      0.13722,
      0.04198,
      0.02458,
      0.34509,
      0.07987,
      0.02765
    ],
    "FlashAttention-2 (varlen)": [
      0.11366,
      0.04813,
      0.0512,
      0.2551,
      0.0727,
      0.06042
    ]
  },
  "p5": {
    "SDPA (math, padded)": [
      5.28282,
      2.58048,
      2.08656,
      10.64448,
      5.71709,
      4.0384
    ],
    "SDPA (efficient, padded)": [
      2.13402,
      1.90077,
      1.84627,
      4.15846,
      3.80022,
      3.61472
    ],
    "SDPA (flash, padded)": [
      2.04938,
      1.86474,
      1.84627,
      4.00704,
      3.72429,
      3.61955
    ],
    "NestedTensor + SDPA": [
      8.87312,
      8.75725,
      8.80346,
      16.97101,
      16.73114,
      16.5751
    ],
    "Triton Ragged (ours)": [
      0.13619,
      0.04198,
      0.02355,
      0.33587,
      0.07885,
      0.02662
    ],
    "FlashAttention-2 (varlen)": [
      0.11264,
      0.04608,
      0.04915,
      0.25395,
      0.07168,
      0.05939
    ]
  },
  "p95": {
    "SDPA (math, padded)": [
      6.15258,
      3.15405,
      2.65933,
      11.41325,
      6.38874,
      4.71658
    ],
    "SDPA (efficient, padded)": [
      2.72099,
      2.51187,
      2.38982,
      4.91328,
      4.49126,
      4.3
    ],
    "SDPA (flash, padded)": [
      2.62029,
      2.44506,
      2.4424,
      4.70426,
      4.41139,
      4.30797
    ],
    "NestedTensor + SDPA": [
      9.74947,
      9.61738,
      9.80819,
      18.37158,
      18.104,
      18.04493
    ],
    "Triton Ragged (ours)": [
      0.14234,
      0.04243,
      0.0256,
      0.35021,
      0.07997,
      0.0279
    ],
    "FlashAttention-2 (varlen)": [
      0.11469,
      0.05158,
      0.05325,
      0.2697,
      0.07578,
      0.06144
    ]
  }
}