{
  "gpu": "NVIDIA RTX 4000 Ada Generation",
  "sm": "SM89",
  "timing": "cuda_events_median_ms",
  "warmup": 50,
  "jit_warmup": 150,
  "iters": 300,
  "configs": [
    "BS=32, 0% pruned",
    "BS=32, 50% pruned",
    "BS=32, 80% pruned",
    "BS=64, 0% pruned",
    "BS=64, 50% pruned",
    "BS=64, 80% pruned"
  ],
  "kernels": {
    "SDPA (math, padded)": [
      5.40211,
      2.57741,
      2.14733,
      10.64909,
      5.72202,
      4.05317
    ],
    "SDPA (efficient, padded)": [
      2.12224,
      1.89542,
      1.84032,
      4.15182,
      3.87541,
      3.57053
    ],
    "SDPA (flash, padded)": [
      2.00294,
      1.84218,
      1.83707,
      3.96205,
      3.67771,
      3.71302
    ],
    "NestedTensor + SDPA": [
      9.63123,
      9.42656,
      9.15906,
      17.81662,
      17.2928,
      17.96963
    ],
    "Triton Ragged (ours)": [
      0.13722,
      0.04198,
      0.02355,
      0.34446,
      0.07987,
      0.02765
    ],
    "FlashAttention-2 (varlen)": [
      0.11264,
      0.05325,
      0.05222,
      0.25395,
      0.0727,
      0.06042
    ]
  },
  "p5": {
    "SDPA (math, padded)": [
      5.3033,
      2.56432,
      2.07373,
      10.5728,
      5.61664,
      3.97018
    ],
    "SDPA (efficient, padded)": [
      2.08794,
      1.88378,
      1.82765,
      4.07347,
      3.74477,
      3.536
    ],
    "SDPA (flash, padded)": [
      1.98346,
      1.83325,
      1.8176,
      3.94157,
      3.6617,
      3.5687
    ],
    "NestedTensor + SDPA": [
      9.19674,
      9.07808,
      9.0583,
      17.13357,
      17.1104,
      17.09875
    ],
    "Triton Ragged (ours)": [
      0.13619,
      0.04128,
      0.02253,
      0.3369,
      0.07885,
      0.02765
    ],
    "FlashAttention-2 (varlen)": [
      0.11162,
      0.0512,
      0.05018,
      0.2519,
      0.07168,
      0.05949
    ]
  },
  "p95": {
    "SDPA (math, padded)": [
      5.78874,
      2.6663,
      2.15834,
      10.79706,
      5.91539,
      4.20339
    ],
    "SDPA (efficient, padded)": [
      2.5815,
      1.9712,
      1.91386,
      4.29965,
      3.89827,
      3.70483
    ],
    "SDPA (flash, padded)": [
      2.07184,
      1.916,
      2.28749,
      4.14426,
      3.81936,
      3.79229
    ],
    "NestedTensor + SDPA": [
      9.95942,
      9.66896,
      9.8089,
      18.68288,
      18.19238,
      18.50083
    ],
    "Triton Ragged (ours)": [
      0.13926,
      0.04301,
      0.0256,
      0.34714,
      0.08006,
      0.02867
    ],
    "FlashAttention-2 (varlen)": [
      0.11776,
      0.0553,
      0.0553,
      0.27034,
      0.07373,
      0.06144
    ]
  }
}