{
  "gpu": "NVIDIA RTX 4000 Ada Generation",
  "sm": "SM89",
  "timing": "cuda_events_median_ms",
  "warmup": 50,
  "jit_warmup": 150,
  "iters": 300,
  "configs": [
    "BS=32, 0% pruned",
    "BS=32, 50% pruned",
    "BS=32, 80% pruned",
    "BS=64, 0% pruned",
    "BS=64, 50% pruned",
    "BS=64, 80% pruned"
  ],
  "kernels": {
    "SDPA (math, padded)": [
      5.33514,
      2.66358,
      2.09067,
      10.60571,
      5.8153,
      4.05187
    ],
    "SDPA (efficient, padded)": [
      2.2897,
      1.99806,
      1.89133,
      4.14213,
      3.9915,
      3.55338
    ],
    "SDPA (flash, padded)": [
      2.0691,
      1.95891,
      1.82045,
      3.89155,
      3.80445,
      3.56818
    ],
    "NestedTensor + SDPA": [
      8.8145,
      8.73242,
      9.00403,
      16.79648,
      16.47053,
      16.41299
    ],
    "Triton Ragged (ours)": [
      0.13517,
      0.04198,
      0.02355,
      0.34406,
      0.07987,
      0.02765
    ],
    "FlashAttention-2 (varlen)": [
      0.11162,
      0.04915,
      0.0471,
      0.25715,
      0.07168,
      0.06054
    ]
  },
  "p5": {
    "SDPA (math, padded)": [
      5.2911,
      2.58893,
      2.01421,
      10.56662,
      5.7497,
      3.98848
    ],
    "SDPA (efficient, padded)": [
      2.24358,
      1.98336,
      1.82058,
      4.1216,
      3.66995,
      3.53997
    ],
    "SDPA (flash, padded)": [
      1.93914,
      1.94045,
      1.78077,
      3.84598,
      3.67216,
      3.484
    ],
    "NestedTensor + SDPA": [
      8.68454,
      8.65376,
      8.59443,
      16.58573,
      16.12701,
      16.21629
    ],
    "Triton Ragged (ours)": [
      0.13414,
      0.04096,
      0.02253,
      0.33178,
      0.07885,
      0.02765
    ],
    "FlashAttention-2 (varlen)": [
      0.11059,
      0.0471,
      0.04506,
      0.25312,
      0.07066,
      0.06042
    ]
  },
  "p95": {
    "SDPA (math, padded)": [
      5.3809,
      2.70746,
      2.13504,
      10.72605,
      5.93818,
      4.19021
    ],
    "SDPA (efficient, padded)": [
      2.3048,
      2.0695,
      1.90259,
      4.27104,
      4.14106,
      3.69622
    ],
    "SDPA (flash, padded)": [
      2.12685,
      2.05738,
      1.89523,
      3.96397,
      3.88614,
      3.71094
    ],
    "NestedTensor + SDPA": [
      9.23046,
      9.16266,
      9.15251,
      17.80902,
      17.20842,
      17.48992
    ],
    "Triton Ragged (ours)": [
      0.13638,
      0.04227,
      0.02458,
      0.34714,
      0.07987,
      0.02867
    ],
    "FlashAttention-2 (varlen)": [
      0.11264,
      0.05222,
      0.04915,
      0.26829,
      0.0727,
      0.06144
    ]
  }
}