{
  "gpu": "NVIDIA RTX 4000 Ada Generation",
  "sm": "SM89",
  "timing": "cuda_events_median_ms",
  "warmup": 50,
  "jit_warmup": 150,
  "iters": 300,
  "configs": [
    "BS=32, 0% pruned",
    "BS=32, 50% pruned",
    "BS=32, 80% pruned",
    "BS=64, 0% pruned",
    "BS=64, 50% pruned",
    "BS=64, 80% pruned"
  ],
  "kernels": {
    "SDPA (math, padded)": [
      5.36891,
      2.61981,
      2.1033,
      10.84725,
      5.87022,
      4.16107
    ],
    "SDPA (efficient, padded)": [
      2.20979,
      2.01318,
      2.02594,
      4.42472,
      4.15293,
      3.94835
    ],
    "SDPA (flash, padded)": [
      2.12272,
      1.96658,
      2.01832,
      4.36125,
      3.95774,
      3.84211
    ],
    "NestedTensor + SDPA": [
      9.01734,
      8.97418,
      8.94658,
      17.12368,
      16.87474,
      16.74238
    ],
    "Triton Ragged (ours)": [
      0.13522,
      0.04198,
      0.02355,
      0.34304,
      0.07987,
      0.02765
    ],
    "FlashAttention-2 (varlen)": [
      0.11162,
      0.05222,
      0.05222,
      0.26317,
      0.07168,
      0.06042
    ]
  },
  "p5": {
    "SDPA (math, padded)": [
      5.31354,
      2.59891,
      2.08486,
      10.78374,
      5.79584,
      4.12691
    ],
    "SDPA (efficient, padded)": [
      2.19546,
      2.00294,
      1.9521,
      4.40115,
      4.01069,
      3.80912
    ],
    "SDPA (flash, padded)": [
      2.11149,
      1.95379,
      1.94672,
      4.21392,
      3.93722,
      3.8144
    ],
    "NestedTensor + SDPA": [
      8.9385,
      8.89373,
      8.83712,
      16.94851,
      16.64112,
      16.36352
    ],
    "Triton Ragged (ours)": [
      0.13517,
      0.04109,
      0.02253,
      0.33178,
      0.07885,
      0.02662
    ],
    "FlashAttention-2 (varlen)": [
      0.11059,
      0.04915,
      0.05018,
      0.25293,
      0.07066,
      0.05939
    ]
  },
  "p95": {
    "SDPA (math, padded)": [
      5.44563,
      2.70253,
      2.18637,
      10.96499,
      6.04573,
      4.30285
    ],
    "SDPA (efficient, padded)": [
      2.24739,
      2.0871,
      2.04986,
      4.56586,
      4.23805,
      4.01322
    ],
    "SDPA (flash, padded)": [
      2.13626,
      2.03478,
      2.03661,
      4.44723,
      4.13712,
      4.04275
    ],
    "NestedTensor + SDPA": [
      9.45856,
      9.41261,
      9.4167,
      18.03059,
      17.91878,
      17.4047
    ],
    "Triton Ragged (ours)": [
      0.13635,
      0.04301,
      0.02458,
      0.34509,
      0.0809,
      0.02797
    ],
    "FlashAttention-2 (varlen)": [
      0.11264,
      0.05469,
      0.0553,
      0.26829,
      0.0727,
      0.06144
    ]
  }
}