{
  "gpu": "NVIDIA RTX 4000 Ada Generation",
  "sm": "SM89",
  "timing": "cuda_events_median_ms",
  "warmup": 50,
  "jit_warmup": 150,
  "iters": 300,
  "configs": [
    "BS=32, 0% pruned",
    "BS=32, 50% pruned",
    "BS=32, 80% pruned",
    "BS=64, 0% pruned",
    "BS=64, 50% pruned",
    "BS=64, 80% pruned"
  ],
  "kernels": {
    "SDPA (math, padded)": [
      5.3299,
      2.63914,
      2.07571,
      10.64197,
      5.8936,
      4.07443
    ],
    "SDPA (efficient, padded)": [
      2.19262,
      1.93221,
      1.84213,
      4.1831,
      4.13326,
      3.64875
    ],
    "SDPA (flash, padded)": [
      1.99885,
      1.91499,
      1.82989,
      3.97517,
      4.04989,
      3.59152
    ],
    "NestedTensor + SDPA": [
      8.83608,
      8.7905,
      9.33736,
      16.71885,
      16.54283,
      17.05309
    ],
    "Triton Ragged (ours)": [
      0.13517,
      0.04198,
      0.0256,
      0.34304,
      0.07987,
      0.02765
    ],
    "FlashAttention-2 (varlen)": [
      0.11162,
      0.0471,
      0.0505,
      0.2601,
      0.07168,
      0.06042
    ]
  },
  "p5": {
    "SDPA (math, padded)": [
      5.28186,
      2.57142,
      2.03776,
      10.60458,
      5.76704,
      4.06016
    ],
    "SDPA (efficient, padded)": [
      2.12307,
      1.8935,
      1.82989,
      4.11034,
      4.0007,
      3.56762
    ],
    "SDPA (flash, padded)": [
      1.96198,
      1.85043,
      1.82067,
      3.95549,
      3.92122,
      3.57888
    ],
    "NestedTensor + SDPA": [
      8.64982,
      8.70806,
      9.10438,
      16.52941,
      16.30413,
      16.30938
    ],
    "Triton Ragged (ours)": [
      0.13517,
      0.04096,
      0.02458,
      0.33178,
      0.07885,
      0.02662
    ],
    "FlashAttention-2 (varlen)": [
      0.11059,
      0.04608,
      0.04915,
      0.25395,
      0.07066,
      0.05939
    ]
  },
  "p95": {
    "SDPA (math, padded)": [
      5.37725,
      2.6831,
      2.10406,
      10.77062,
      6.01914,
      4.2088
    ],
    "SDPA (efficient, padded)": [
      2.23437,
      2.00602,
      1.90874,
      4.32352,
      4.22522,
      3.72115
    ],
    "SDPA (flash, padded)": [
      2.07462,
      1.95994,
      1.90016,
      4.1257,
      4.08269,
      3.72448
    ],
    "NestedTensor + SDPA": [
      8.94806,
      9.23546,
      9.46368,
      17.51757,
      17.34147,
      17.55648
    ],
    "Triton Ragged (ours)": [
      0.13722,
      0.04218,
      0.02662,
      0.34611,
      0.07987,
      0.02778
    ],
    "FlashAttention-2 (varlen)": [
      0.11264,
      0.04941,
      0.0536,
      0.26934,
      0.0727,
      0.06144
    ]
  }
}