{
  "gpu": "NVIDIA RTX 4000 Ada Generation",
  "sm": "SM89",
  "timing": "cuda_events_median_ms",
  "warmup": 50,
  "jit_warmup": 150,
  "iters": 300,
  "configs": [
    "BS=32, 0% pruned",
    "BS=32, 50% pruned",
    "BS=32, 80% pruned",
    "BS=64, 0% pruned",
    "BS=64, 50% pruned",
    "BS=64, 80% pruned"
  ],
  "kernels": {
    "SDPA (math, padded)": [
      5.39634,
      2.61408,
      2.09634,
      10.86963,
      5.79234,
      4.05915
    ],
    "SDPA (efficient, padded)": [
      2.29581,
      2.00266,
      1.9497,
      4.40933,
      3.74272,
      3.57382
    ],
    "SDPA (flash, padded)": [
      1.95989,
      1.95579,
      1.95174,
      4.19942,
      3.81456,
      3.57376
    ],
    "NestedTensor + SDPA": [
      9.00592,
      8.85362,
      8.81552,
      16.88469,
      17.4147,
      16.56526
    ],
    "Triton Ragged (ours)": [
      0.13619,
      0.04198,
      0.02355,
      0.34406,
      0.07987,
      0.02765
    ],
    "FlashAttention-2 (varlen)": [
      0.11162,
      0.04915,
      0.04915,
      0.26931,
      0.07102,
      0.06042
    ]
  },
  "p5": {
    "SDPA (math, padded)": [
      5.31661,
      2.59882,
      2.02854,
      10.78899,
      5.67418,
      3.99053
    ],
    "SDPA (efficient, padded)": [
      2.22618,
      1.98963,
      1.91798,
      4.37875,
      3.65466,
      3.49597
    ],
    "SDPA (flash, padded)": [
      1.94214,
      1.9456,
      1.91162,
      4.16742,
      3.73555,
      3.55952
    ],
    "NestedTensor + SDPA": [
      8.80544,
      8.76672,
      8.61936,
      16.74342,
      16.60182,
      16.4321
    ],
    "Triton Ragged (ours)": [
      0.13517,
      0.04096,
      0.02253,
      0.33178,
      0.07885,
      0.02765
    ],
    "FlashAttention-2 (varlen)": [
      0.11059,
      0.0471,
      0.0471,
      0.25293,
      0.07066,
      0.06042
    ]
  },
  "p95": {
    "SDPA (math, padded)": [
      5.43354,
      2.68582,
      2.18214,
      11.00298,
      5.97811,
      4.08352
    ],
    "SDPA (efficient, padded)": [
      2.31536,
      2.11338,
      2.02227,
      4.53974,
      3.76259,
      3.63341
    ],
    "SDPA (flash, padded)": [
      2.11466,
      2.02445,
      2.02362,
      4.3345,
      3.89322,
      3.63648
    ],
    "NestedTensor + SDPA": [
      9.59171,
      9.25302,
      9.29197,
      18.13328,
      17.91898,
      17.4121
    ],
    "Triton Ragged (ours)": [
      0.13722,
      0.04301,
      0.02458,
      0.34714,
      0.07987,
      0.02867
    ],
    "FlashAttention-2 (varlen)": [
      0.11264,
      0.05325,
      0.0512,
      0.27136,
      0.07181,
      0.06144
    ]
  }
}