{
  "gpu": "NVIDIA RTX 4000 Ada Generation",
  "sm": "SM89",
  "timing": "cuda_events_median_ms",
  "warmup": 50,
  "jit_warmup": 150,
  "iters": 300,
  "configs": [
    "BS=32, 0% pruned",
    "BS=32, 50% pruned",
    "BS=32, 80% pruned",
    "BS=64, 0% pruned",
    "BS=64, 50% pruned",
    "BS=64, 80% pruned"
  ],
  "kernels": {
    "SDPA (math, padded)": [
      5.38654,
      2.69376,
      2.16376,
      10.99725,
      5.88896,
      4.206
    ],
    "SDPA (efficient, padded)": [
      2.15072,
      2.04368,
      1.92603,
      4.22424,
      3.95205,
      3.74194
    ],
    "SDPA (flash, padded)": [
      2.07685,
      1.99168,
      1.8944,
      4.08893,
      3.86714,
      3.82674
    ],
    "NestedTensor + SDPA": [
      9.77934,
      9.66805,
      9.60672,
      18.15242,
      18.30059,
      18.1673
    ],
    "Triton Ragged (ours)": [
      0.13757,
      0.04198,
      0.02355,
      0.34611,
      0.07987,
      0.02765
    ],
    "FlashAttention-2 (varlen)": [
      0.11366,
      0.05667,
      0.05427,
      0.26214,
      0.07173,
      0.06042
    ]
  },
  "p5": {
    "SDPA (math, padded)": [
      5.30125,
      2.60173,
      2.09437,
      10.64755,
      5.73331,
      4.11862
    ],
    "SDPA (efficient, padded)": [
      2.12902,
      1.95264,
      1.85123,
      4.2047,
      3.75706,
      3.53955
    ],
    "SDPA (flash, padded)": [
      2.00893,
      1.92102,
      1.81862,
      3.9457,
      3.72531,
      3.69664
    ],
    "NestedTensor + SDPA": [
      9.26925,
      9.20781,
      9.16269,
      17.57696,
      17.49274,
      17.40694
    ],
    "Triton Ragged (ours)": [
      0.13619,
      0.04198,
      0.02253,
      0.3361,
      0.07885,
      0.02662
    ],
    "FlashAttention-2 (varlen)": [
      0.11264,
      0.03706,
      0.05222,
      0.2519,
      0.07066,
      0.05939
    ]
  },
  "p95": {
    "SDPA (math, padded)": [
      5.89904,
      3.2192,
      2.63808,
      11.38755,
      6.41843,
      4.74304
    ],
    "SDPA (efficient, padded)": [
      2.74646,
      2.55306,
      2.44218,
      4.80563,
      4.52957,
      4.23494
    ],
    "SDPA (flash, padded)": [
      2.60294,
      2.54054,
      2.4056,
      4.66723,
      4.42675,
      4.40627
    ],
    "NestedTensor + SDPA": [
      10.26115,
      10.09357,
      10.04442,
      18.95827,
      18.92659,
      18.73885
    ],
    "Triton Ragged (ours)": [
      0.14131,
      0.04301,
      0.02458,
      0.35021,
      0.07997,
      0.02771
    ],
    "FlashAttention-2 (varlen)": [
      0.11878,
      0.05939,
      0.05837,
      0.27034,
      0.07395,
      0.06144
    ]
  }
}