{
  "gpu": "NVIDIA RTX 4000 Ada Generation",
  "sm": "SM89",
  "timing": "cuda_events_median_ms",
  "warmup": 50,
  "jit_warmup": 150,
  "iters": 300,
  "configs": [
    "BS=32, 0% pruned",
    "BS=32, 50% pruned",
    "BS=32, 80% pruned",
    "BS=64, 0% pruned",
    "BS=64, 50% pruned",
    "BS=64, 80% pruned"
  ],
  "kernels": {
    "SDPA (math, padded)": [
      5.40168,
      2.59789,
      2.09686,
      10.6711,
      5.77338,
      4.11656
    ],
    "SDPA (efficient, padded)": [
      2.26478,
      1.91298,
      1.84832,
      4.32651,
      3.81242,
      3.60858
    ],
    "SDPA (flash, padded)": [
      2.20568,
      1.93357,
      1.8473,
      4.0107,
      3.73978,
      3.61485
    ],
    "NestedTensor + SDPA": [
      9.64205,
      9.17514,
      9.13336,
      17.39656,
      17.25088,
      17.16685
    ],
    "Triton Ragged (ours)": [
      0.13619,
      0.04198,
      0.0256,
      0.34429,
      0.0792,
      0.02765
    ],
    "FlashAttention-2 (varlen)": [
      0.11162,
      0.05325,
      0.05632,
      0.25434,
      0.07138,
      0.06042
    ]
  },
  "p5": {
    "SDPA (math, padded)": [
      5.33507,
      2.58496,
      2.08794,
      10.63731,
      5.7129,
      4.09088
    ],
    "SDPA (efficient, padded)": [
      2.2521,
      1.90464,
      1.84208,
      4.19299,
      3.79584,
      3.59322
    ],
    "SDPA (flash, padded)": [
      2.19542,
      1.85875,
      1.83981,
      3.97517,
      3.71507,
      3.59229
    ],
    "NestedTensor + SDPA": [
      9.13101,
      9.10938,
      8.92317,
      17.01568,
      17.1111,
      16.97453
    ],
    "Triton Ragged (ours)": [
      0.13517,
      0.04096,
      0.02458,
      0.33178,
      0.07885,
      0.02662
    ],
    "FlashAttention-2 (varlen)": [
      0.11059,
      0.05222,
      0.05427,
      0.25293,
      0.07066,
      0.05939
    ]
  },
  "p95": {
    "SDPA (math, padded)": [
      5.4487,
      2.70979,
      2.1719,
      10.74176,
      5.85421,
      4.26189
    ],
    "SDPA (efficient, padded)": [
      2.33267,
      1.98445,
      1.85946,
      4.352,
      3.97219,
      3.62211
    ],
    "SDPA (flash, padded)": [
      2.21594,
      1.97299,
      1.92083,
      4.03136,
      3.87558,
      3.63552
    ],
    "NestedTensor + SDPA": [
      9.92579,
      9.63379,
      9.57338,
      17.8688,
      18.11885,
      17.99747
    ],
    "Triton Ragged (ours)": [
      0.13722,
      0.0423,
      0.02662,
      0.34714,
      0.07987,
      0.02778
    ],
    "FlashAttention-2 (varlen)": [
      0.12288,
      0.05632,
      0.05837,
      0.26931,
      0.0727,
      0.06144
    ]
  }
}