{
  "gpu": "NVIDIA RTX 4000 Ada Generation",
  "sm": "SM89",
  "timing": "cuda_events_median_ms",
  "warmup": 50,
  "jit_warmup": 150,
  "iters": 300,
  "configs": [
    "BS=32, 0% pruned",
    "BS=32, 50% pruned",
    "BS=32, 80% pruned",
    "BS=64, 0% pruned",
    "BS=64, 50% pruned",
    "BS=64, 80% pruned"
  ],
  "kernels": {
    "SDPA (math, padded)": [
      5.34221,
      2.57434,
      2.06718,
      10.636,
      5.75606,
      4.05926
    ],
    "SDPA (efficient, padded)": [
      2.20979,
      1.88912,
      1.80019,
      4.15578,
      3.76125,
      3.5625
    ],
    "SDPA (flash, padded)": [
      2.0203,
      1.9397,
      1.82894,
      4.02939,
      3.80414,
      3.52205
    ],
    "NestedTensor + SDPA": [
      8.85051,
      8.78088,
      8.7533,
      16.74019,
      16.56899,
      16.38912
    ],
    "Triton Ragged (ours)": [
      0.13619,
      0.04198,
      0.02458,
      0.34509,
      0.07987,
      0.02765
    ],
    "FlashAttention-2 (varlen)": [
      0.11162,
      0.04813,
      0.05018,
      0.26733,
      0.07168,
      0.06042
    ]
  },
  "p5": {
    "SDPA (math, padded)": [
      5.29904,
      2.56426,
      2.0265,
      10.59674,
      5.6665,
      4.04685
    ],
    "SDPA (efficient, padded)": [
      2.11962,
      1.87984,
      1.78378,
      4.09603,
      3.69942,
      3.54806
    ],
    "SDPA (flash, padded)": [
      1.94458,
      1.89942,
      1.82045,
      3.9416,
      3.67834,
      3.48374
    ],
    "NestedTensor + SDPA": [
      8.6496,
      8.54733,
      8.68179,
      16.62275,
      16.43123,
      16.2785
    ],
    "Triton Ragged (ours)": [
      0.13517,
      0.04096,
      0.02355,
      0.33178,
      0.07885,
      0.02662
    ],
    "FlashAttention-2 (varlen)": [
      0.11059,
      0.0471,
      0.04915,
      0.25293,
      0.07066,
      0.05939
    ]
  },
  "p95": {
    "SDPA (math, padded)": [
      5.40374,
      2.64586,
      2.0777,
      10.74672,
      5.83066,
      4.08714
    ],
    "SDPA (efficient, padded)": [
      2.29792,
      1.95482,
      1.8391,
      4.2967,
      3.78944,
      3.7009
    ],
    "SDPA (flash, padded)": [
      2.07565,
      1.94899,
      1.8991,
      4.10131,
      3.856,
      3.70397
    ],
    "NestedTensor + SDPA": [
      9.29264,
      9.216,
      9.37603,
      17.55098,
      17.3784,
      17.1735
    ],
    "Triton Ragged (ours)": [
      0.13722,
      0.04301,
      0.02592,
      0.34714,
      0.07987,
      0.02797
    ],
    "FlashAttention-2 (varlen)": [
      0.11264,
      0.05018,
      0.05325,
      0.27034,
      0.07203,
      0.06144
    ]
  }
}