{
  "gpu": "NVIDIA RTX 4000 Ada Generation",
  "sm": "SM89",
  "timing": "cuda_events_median_ms",
  "warmup": 50,
  "jit_warmup": 150,
  "iters": 300,
  "configs": [
    "BS=32, 0% pruned",
    "BS=32, 50% pruned",
    "BS=32, 80% pruned",
    "BS=64, 0% pruned",
    "BS=64, 50% pruned",
    "BS=64, 80% pruned"
  ],
  "kernels": {
    "SDPA (math, padded)": [
      5.32851,
      2.5489,
      2.06403,
      10.64338,
      5.72723,
      4.11328
    ],
    "SDPA (efficient, padded)": [
      2.23408,
      1.87848,
      1.81658,
      4.1299,
      3.99338,
      3.64864
    ],
    "SDPA (flash, padded)": [
      2.1083,
      1.83618,
      1.81749,
      3.94661,
      3.91779,
      3.68859
    ],
    "NestedTensor + SDPA": [
      8.91307,
      8.83405,
      8.8413,
      16.83154,
      16.6463,
      16.77107
    ],
    "Triton Ragged (ours)": [
      0.13619,
      0.04198,
      0.02355,
      0.34304,
      0.07987,
      0.02765
    ],
    "FlashAttention-2 (varlen)": [
      0.11162,
      0.04813,
      0.04813,
      0.25395,
      0.07168,
      0.06042
    ]
  },
  "p5": {
    "SDPA (math, padded)": [
      5.22131,
      2.5183,
      2.05216,
      10.57408,
      5.64454,
      3.95776
    ],
    "SDPA (efficient, padded)": [
      2.21798,
      1.8647,
      1.80867,
      4.00896,
      3.80723,
      3.45926
    ],
    "SDPA (flash, padded)": [
      1.97117,
      1.81555,
      1.80941,
      3.88781,
      3.8953,
      3.54909
    ],
    "NestedTensor + SDPA": [
      8.85123,
      8.72019,
      8.78192,
      16.46899,
      16.49136,
      16.40755
    ],
    "Triton Ragged (ours)": [
      0.13517,
      0.04096,
      0.02253,
      0.3328,
      0.07885,
      0.02765
    ],
    "FlashAttention-2 (varlen)": [
      0.11059,
      0.04627,
      0.0471,
      0.2519,
      0.07066,
      0.05939
    ]
  },
  "p95": {
    "SDPA (math, padded)": [
      6.09075,
      2.63168,
      2.13606,
      10.77248,
      5.86253,
      4.9193
    ],
    "SDPA (efficient, padded)": [
      2.30502,
      1.97568,
      1.82954,
      4.15322,
      4.18198,
      3.88506
    ],
    "SDPA (flash, padded)": [
      2.21091,
      1.90397,
      1.82579,
      4.0865,
      4.04963,
      3.7641
    ],
    "NestedTensor + SDPA": [
      8.99779,
      8.92288,
      9.28256,
      17.43974,
      17.74592,
      17.40595
    ],
    "Triton Ragged (ours)": [
      0.13722,
      0.04211,
      0.02458,
      0.34611,
      0.07987,
      0.02867
    ],
    "FlashAttention-2 (varlen)": [
      0.11264,
      0.0512,
      0.0512,
      0.26931,
      0.0727,
      0.06144
    ]
  }
}