{
  "gpu": "NVIDIA RTX 4000 Ada Generation",
  "sm": "SM89",
  "timing": "cuda_events_median_ms",
  "warmup": 50,
  "jit_warmup": 150,
  "iters": 300,
  "configs": [
    "BS=32, 0% pruned",
    "BS=32, 50% pruned",
    "BS=32, 80% pruned",
    "BS=64, 0% pruned",
    "BS=64, 50% pruned",
    "BS=64, 80% pruned"
  ],
  "kernels": {
    "SDPA (math, padded)": [
      5.37539,
      2.58347,
      2.19237,
      11.01218,
      5.90642,
      4.23254
    ],
    "SDPA (efficient, padded)": [
      2.13392,
      1.99624,
      2.03379,
      4.56405,
      4.03851,
      4.02629
    ],
    "SDPA (flash, padded)": [
      2.00851,
      1.99987,
      1.95891,
      4.14003,
      3.9668,
      3.86467
    ],
    "NestedTensor + SDPA": [
      8.96491,
      8.88987,
      8.83688,
      17.18832,
      16.79109,
      17.22874
    ],
    "Triton Ragged (ours)": [
      0.13619,
      0.04198,
      0.02355,
      0.34714,
      0.07987,
      0.02765
    ],
    "FlashAttention-2 (varlen)": [
      0.11181,
      0.05018,
      0.04915,
      0.26829,
      0.07168,
      0.06042
    ]
  },
  "p5": {
    "SDPA (math, padded)": [
      5.30758,
      2.52106,
      2.1033,
      10.73654,
      5.72653,
      4.18304
    ],
    "SDPA (efficient, padded)": [
      2.09597,
      1.83194,
      1.95891,
      4.41306,
      3.97325,
      3.83386
    ],
    "SDPA (flash, padded)": [
      1.99664,
      1.96579,
      1.92512,
      3.99648,
      3.95162,
      3.84198
    ],
    "NestedTensor + SDPA": [
      8.89142,
      8.68966,
      8.75725,
      16.72822,
      16.60758,
      16.59085
    ],
    "Triton Ragged (ours)": [
      0.13555,
      0.04096,
      0.02253,
      0.33792,
      0.07885,
      0.02765
    ],
    "FlashAttention-2 (varlen)": [
      0.11059,
      0.04813,
      0.04726,
      0.25293,
      0.07168,
      0.05939
    ]
  },
  "p95": {
    "SDPA (math, padded)": [
      5.45485,
      2.66198,
      2.24461,
      11.11142,
      6.13581,
      4.37965
    ],
    "SDPA (efficient, padded)": [
      2.22515,
      2.09603,
      2.07667,
      4.62746,
      4.19123,
      4.05914
    ],
    "SDPA (flash, padded)": [
      2.08218,
      2.05229,
      2.02765,
      4.16358,
      4.10816,
      4.02941
    ],
    "NestedTensor + SDPA": [
      9.29894,
      9.33475,
      9.27846,
      18.0929,
      17.80019,
      17.89952
    ],
    "Triton Ragged (ours)": [
      0.13722,
      0.04301,
      0.02458,
      0.35021,
      0.07997,
      0.02867
    ],
    "FlashAttention-2 (varlen)": [
      0.1239,
      0.05325,
      0.0512,
      0.27034,
      0.07373,
      0.06144
    ]
  }
}