{
  "gpu": "NVIDIA RTX 4000 Ada Generation",
  "sm": "SM89",
  "timing": "cuda_events_median_ms",
  "warmup": 50,
  "jit_warmup": 150,
  "iters": 300,
  "configs": [
    "BS=32, 0% pruned",
    "BS=32, 50% pruned",
    "BS=32, 80% pruned",
    "BS=64, 0% pruned",
    "BS=64, 50% pruned",
    "BS=64, 80% pruned"
  ],
  "kernels": {
    "SDPA (math, padded)": [
      5.32683,
      2.57126,
      2.14683,
      10.62083,
      5.75539,
      4.05197
    ],
    "SDPA (efficient, padded)": [
      2.18021,
      1.88891,
      1.82747,
      4.13966,
      3.74706,
      3.55126
    ],
    "SDPA (flash, padded)": [
      1.99002,
      1.83811,
      1.81862,
      3.94957,
      3.66899,
      3.50925
    ],
    "NestedTensor + SDPA": [
      8.94658,
      9.21171,
      8.81459,
      17.68662,
      17.13019,
      16.64346
    ],
    "Triton Ragged (ours)": [
      0.13517,
      0.04198,
      0.02355,
      0.34509,
      0.08192,
      0.02765
    ],
    "FlashAttention-2 (varlen)": [
      0.11366,
      0.05149,
      0.04813,
      0.25395,
      0.07168,
      0.06042
    ]
  },
  "p5": {
    "SDPA (math, padded)": [
      5.28794,
      2.55792,
      2.06438,
      10.532,
      5.66909,
      3.98029
    ],
    "SDPA (efficient, padded)": [
      2.11149,
      1.88192,
      1.81453,
      4.1216,
      3.73325,
      3.48774
    ],
    "SDPA (flash, padded)": [
      1.98173,
      1.82362,
      1.81142,
      3.93523,
      3.60346,
      3.48368
    ],
    "NestedTensor + SDPA": [
      8.8104,
      8.81254,
      8.66413,
      16.83139,
      16.55091,
      16.3111
    ],
    "Triton Ragged (ours)": [
      0.13414,
      0.04128,
      0.02253,
      0.33504,
      0.0809,
      0.02662
    ],
    "FlashAttention-2 (varlen)": [
      0.11059,
      0.05018,
      0.0471,
      0.25293,
      0.07066,
      0.05939
    ]
  },
  "p95": {
    "SDPA (math, padded)": [
      5.40285,
      2.64499,
      2.18803,
      10.74662,
      5.82682,
      4.20147
    ],
    "SDPA (efficient, padded)": [
      2.21786,
      1.89766,
      1.89645,
      4.27853,
      3.87898,
      3.56438
    ],
    "SDPA (flash, padded)": [
      2.0623,
      2.2999,
      1.82592,
      3.97123,
      3.68506,
      3.77757
    ],
    "NestedTensor + SDPA": [
      9.56301,
      9.44947,
      9.25178,
      18.17805,
      17.92614,
      17.31811
    ],
    "Triton Ragged (ours)": [
      0.13622,
      0.04301,
      0.02458,
      0.34816,
      0.08294,
      0.02778
    ],
    "FlashAttention-2 (varlen)": [
      0.11571,
      0.05427,
      0.0512,
      0.25498,
      0.0727,
      0.06144
    ]
  }
}