{
  "gpu": "NVIDIA RTX 4000 Ada Generation",
  "sm": "SM89",
  "timing": "cuda_events_median_ms",
  "warmup": 50,
  "jit_warmup": 150,
  "iters": 300,
  "configs": [
    "BS=32, 0% pruned",
    "BS=32, 50% pruned",
    "BS=32, 80% pruned",
    "BS=64, 0% pruned",
    "BS=64, 50% pruned",
    "BS=64, 80% pruned"
  ],
  "kernels": {
    "SDPA (math, padded)": [
      5.3959,
      2.67674,
      2.20774,
      10.95949,
      5.85144,
      4.27008
    ],
    "SDPA (efficient, padded)": [
      2.32147,
      2.0992,
      2.02083,
      4.58035,
      3.93011,
      3.90648
    ],
    "SDPA (flash, padded)": [
      2.14067,
      2.06642,
      2.00448,
      4.35302,
      3.74272,
      3.89931
    ],
    "NestedTensor + SDPA": [
      9.42917,
      9.36248,
      9.12389,
      17.89043,
      17.63315,
      17.84374
    ],
    "Triton Ragged (ours)": [
      0.13642,
      0.04198,
      0.02458,
      0.34611,
      0.07987,
      0.02765
    ],
    "FlashAttention-2 (varlen)": [
      0.11162,
      0.05018,
      0.05427,
      0.26214,
      0.07168,
      0.06042
    ]
  },
  "p5": {
    "SDPA (math, padded)": [
      5.3057,
      2.59987,
      2.13955,
      10.79398,
      5.70893,
      4.10131
    ],
    "SDPA (efficient, padded)": [
      2.30707,
      2.02358,
      1.93725,
      4.42691,
      3.78368,
      3.74682
    ],
    "SDPA (flash, padded)": [
      2.11664,
      1.99811,
      1.9632,
      4.22912,
      3.66883,
      3.79123
    ],
    "NestedTensor + SDPA": [
      9.0121,
      8.89843,
      8.87501,
      17.01926,
      16.85914,
      16.87366
    ],
    "Triton Ragged (ours)": [
      0.13619,
      0.04198,
      0.01536,
      0.33587,
      0.07885,
      0.02662
    ],
    "FlashAttention-2 (varlen)": [
      0.11059,
      0.03584,
      0.03277,
      0.25293,
      0.07168,
      0.06042
    ]
  },
  "p95": {
    "SDPA (math, padded)": [
      5.52832,
      2.90483,
      2.94189,
      11.75011,
      6.05773,
      5.15302
    ],
    "SDPA (efficient, padded)": [
      2.36336,
      2.29274,
      2.5425,
      5.38624,
      4.02138,
      4.69299
    ],
    "SDPA (flash, padded)": [
      2.20861,
      2.35622,
      2.58061,
      4.47693,
      3.93216,
      4.66614
    ],
    "NestedTensor + SDPA": [
      9.72698,
      9.95546,
      10.0384,
      18.64602,
      18.18342,
      18.80874
    ],
    "Triton Ragged (ours)": [
      0.13744,
      0.04301,
      0.02698,
      0.35021,
      0.08003,
      0.02867
    ],
    "FlashAttention-2 (varlen)": [
      0.11264,
      0.05632,
      0.05734,
      0.26326,
      0.07283,
      0.06144
    ]
  }
}