{
  "gpu": "NVIDIA RTX 4000 Ada Generation",
  "sm": "SM89",
  "timing": "cuda_events_median_ms",
  "warmup": 50,
  "jit_warmup": 150,
  "iters": 300,
  "configs": [
    "BS=32, 0% pruned",
    "BS=32, 50% pruned",
    "BS=32, 80% pruned",
    "BS=64, 0% pruned",
    "BS=64, 50% pruned",
    "BS=64, 80% pruned"
  ],
  "kernels": {
    "SDPA (math, padded)": [
      5.34814,
      2.59909,
      2.07776,
      10.88661,
      5.82446,
      4.06595
    ],
    "SDPA (efficient, padded)": [
      2.24259,
      2.0705,
      1.9456,
      4.39808,
      3.78062,
      3.68286
    ],
    "SDPA (flash, padded)": [
      2.1851,
      1.95998,
      1.94347,
      4.34272,
      3.6931,
      3.70493
    ],
    "NestedTensor + SDPA": [
      8.80907,
      8.74299,
      8.71358,
      16.65485,
      17.0352,
      16.34397
    ],
    "Triton Ragged (ours)": [
      0.13722,
      0.04198,
      0.0256,
      0.34611,
      0.07987,
      0.02765
    ],
    "FlashAttention-2 (varlen)": [
      0.11162,
      0.04813,
      0.05018,
      0.25907,
      0.0727,
      0.06042
    ]
  },
  "p5": {
    "SDPA (math, padded)": [
      5.31558,
      2.5856,
      2.04685,
      10.75814,
      5.69526,
      4.04189
    ],
    "SDPA (efficient, padded)": [
      2.21798,
      1.9968,
      1.91386,
      4.32656,
      3.74176,
      3.54547
    ],
    "SDPA (flash, padded)": [
      2.11046,
      1.93434,
      1.90874,
      4.19933,
      3.67309,
      3.56531
    ],
    "NestedTensor + SDPA": [
      8.68147,
      8.67536,
      8.60768,
      16.4608,
      16.23827,
      16.04301
    ],
    "Triton Ragged (ours)": [
      0.13619,
      0.04096,
      0.02458,
      0.3369,
      0.07885,
      0.02662
    ],
    "FlashAttention-2 (varlen)": [
      0.11162,
      0.0471,
      0.04829,
      0.25293,
      0.07168,
      0.05939
    ]
  },
  "p95": {
    "SDPA (math, padded)": [
      5.41286,
      2.62035,
      2.09542,
      11.00493,
      5.90438,
      4.26566
    ],
    "SDPA (efficient, padded)": [
      2.26099,
      2.08794,
      1.95994,
      4.54246,
      3.95059,
      3.7079
    ],
    "SDPA (flash, padded)": [
      2.22826,
      2.02547,
      2.0183,
      4.36429,
      3.83424,
      3.77882
    ],
    "NestedTensor + SDPA": [
      9.24256,
      9.18221,
      9.14227,
      17.65683,
      17.49094,
      17.32915
    ],
    "Triton Ragged (ours)": [
      0.13926,
      0.04234,
      0.02662,
      0.34918,
      0.08,
      0.02778
    ],
    "FlashAttention-2 (varlen)": [
      0.11264,
      0.0512,
      0.05232,
      0.26042,
      0.07373,
      0.06144
    ]
  }
}