{
  "gpu": "NVIDIA RTX 4000 Ada Generation",
  "sm": "SM89",
  "timing": "cuda_events_median_ms",
  "warmup": 50,
  "jit_warmup": 150,
  "iters": 300,
  "configs": [
    "BS=32, 0% pruned",
    "BS=32, 50% pruned",
    "BS=32, 80% pruned",
    "BS=64, 0% pruned",
    "BS=64, 50% pruned",
    "BS=64, 80% pruned"
  ],
  "kernels": {
    "SDPA (math, padded)": [
      5.36272,
      2.64312,
      2.14323,
      10.90613,
      5.86173,
      4.27773
    ],
    "SDPA (efficient, padded)": [
      2.19392,
      1.95974,
      1.84502,
      4.3688,
      3.97106,
      3.70898
    ],
    "SDPA (flash, padded)": [
      2.07965,
      1.85754,
      1.89018,
      4.36122,
      3.91117,
      3.70648
    ],
    "NestedTensor + SDPA": [
      9.26352,
      9.08814,
      9.04883,
      17.5801,
      17.18981,
      17.13974
    ],
    "Triton Ragged (ours)": [
      0.1383,
      0.04198,
      0.02355,
      0.34714,
      0.07987,
      0.02765
    ],
    "FlashAttention-2 (varlen)": [
      0.11366,
      0.04813,
      0.0471,
      0.25293,
      0.0727,
      0.06042
    ]
  },
  "p5": {
    "SDPA (math, padded)": [
      5.28998,
      2.55763,
      2.0736,
      10.6311,
      5.72301,
      4.07264
    ],
    "SDPA (efficient, padded)": [
      2.1248,
      1.88909,
      1.82883,
      4.22534,
      3.80125,
      3.56768
    ],
    "SDPA (flash, padded)": [
      2.0064,
      1.83082,
      1.84621,
      4.20557,
      3.7737,
      3.5847
    ],
    "NestedTensor + SDPA": [
      8.82586,
      8.63504,
      8.67123,
      16.80896,
      16.3863,
      16.41744
    ],
    "Triton Ragged (ours)": [
      0.13619,
      0.04198,
      0.02253,
      0.33587,
      0.07885,
      0.02662
    ],
    "FlashAttention-2 (varlen)": [
      0.11264,
      0.03686,
      0.04608,
      0.2519,
      0.07168,
      0.05939
    ]
  },
  "p95": {
    "SDPA (math, padded)": [
      5.89107,
      3.1887,
      2.6591,
      11.42397,
      6.39085,
      4.80218
    ],
    "SDPA (efficient, padded)": [
      2.73318,
      2.48429,
      2.40538,
      4.92954,
      4.50896,
      4.23322
    ],
    "SDPA (flash, padded)": [
      2.63645,
      2.32842,
      2.4401,
      4.92982,
      4.46262,
      4.26685
    ],
    "NestedTensor + SDPA": [
      9.6951,
      9.54784,
      9.44026,
      18.1801,
      17.77878,
      17.71312
    ],
    "Triton Ragged (ours)": [
      0.14131,
      0.04301,
      0.02458,
      0.35021,
      0.08,
      0.02774
    ],
    "FlashAttention-2 (varlen)": [
      0.11776,
      0.05325,
      0.04925,
      0.25395,
      0.07402,
      0.06144
    ]
  }
}