{
  "batch_sizes": [
    1,
    4,
    8,
    16,
    32
  ],
  "unpruned": [
    32.156422938538334,
    36.163945022983576,
    40.867483675202955,
    41.96432395057592,
    42.4641331614484
  ],
  "pytorch_pruned": [
    31.188718242668795,
    34.27042908684898,
    38.66856737975484,
    39.882461202116225,
    40.155522300727654
  ],
  "triton_ragged": [
    46.73586366798242,
    54.128599082935864,
    57.04567365241484,
    61.94607067185109,
    63.462705624295545
  ],
  "dynamicvit_pytorch": [
    30.67189583883791,
    33.743706378021066,
    38.04863273085735,
    39.327339135026826,
    39.87172805960347
  ],
  "dynamicvit_triton": [
    46.33694246153478,
    53.42505439275067,
    56.31043226617188,
    61.12938424456192,
    61.74292702186049
  ],
  "evit_pytorch": [
    30.426140923226523,
    33.56167633446958,
    37.877872733600846,
    39.11731535950885,
    39.640690430508684
  ],
  "evit_triton": [
    46.180608356302514,
    53.33941398385157,
    56.18220121572414,
    60.959800208266756,
    62.45665890419326
  ],
  "ats_pytorch": [
    30.39888918374856,
    33.45082135417267,
    37.764106729933346,
    38.752990630655674,
    39.5970020207558
  ],
  "ats_triton": [
    45.30376997771414,
    52.98885082174475,
    55.99859088842018,
    60.68137077046566,
    62.30967996994847
  ],
  "tome_pytorch": [
    32.06052160588563,
    39.00884195886231,
    41.11123331047996,
    42.96831878900574,
    44.30375411849808
  ]
}