{
  "numerical_equivalence": {
    "Threshold-L2": {
      "max_abs_diff": 0.004028,
      "mean_abs_diff": 0.000744,
      "predictions_match": true
    },
    "DynamicViT": {
      "max_abs_diff": 0.005859,
      "mean_abs_diff": 0.000862,
      "predictions_match": true
    },
    "EViT": {
      "max_abs_diff": 0.007812,
      "mean_abs_diff": 0.00081,
      "predictions_match": true
    }
  },
  "pareto": {
    "ratios": [
      0.0,
      0.25,
      0.5,
      0.75,
      0.9
    ],
    "variants": {
      "Unpruned DeiT-S": {
        "top1": [
          79.6,
          79.6,
          79.6,
          79.6,
          79.6
        ],
        "top5": [
          94.4,
          94.4,
          94.4,
          94.4,
          94.4
        ],
        "throughput": [
          1375.8,
          1375.8,
          1375.8,
          1375.8,
          1375.8
        ]
      },
      "Threshold-L2 \u00b7 PyTorch": {
        "top1": [
          79.7,
          79.3,
          77.8,
          71.4,
          44.0
        ],
        "top5": [
          94.4,
          94.2,
          93.0,
          89.1,
          70.1
        ],
        "throughput": [
          925.9,
          921.3,
          942.3,
          945.8,
          930.7
        ]
      },
      "Threshold-L2 \u00b7 Triton": {
        "top1": [
          79.6,
          79.3,
          77.8,
          71.4,
          44.0
        ],
        "top5": [
          94.4,
          94.2,
          93.0,
          89.1,
          70.1
        ],
        "throughput": [
          105.7,
          139.0,
          367.9,
          660.8,
          689.8
        ]
      },
      "EViT \u00b7 PyTorch": {
        "top1": [
          79.6,
          79.2,
          77.1,
          69.8,
          46.5
        ],
        "top5": [
          94.4,
          94.4,
          93.8,
          89.0,
          68.9
        ],
        "throughput": [
          847.4,
          853.0,
          839.3,
          868.4,
          872.7
        ]
      },
      "EViT \u00b7 Triton": {
        "top1": [
          79.7,
          79.2,
          77.1,
          69.8,
          46.6
        ],
        "top5": [
          94.4,
          94.4,
          93.8,
          89.0,
          68.8
        ],
        "throughput": [
          105.2,
          138.7,
          366.4,
          648.2,
          677.4
        ]
      },
      "ATS \u00b7 PyTorch": {
        "top1": [
          79.6,
          79.5,
          77.9,
          70.3,
          47.5
        ],
        "top5": [
          94.4,
          94.3,
          93.8,
          88.5,
          72.0
        ],
        "throughput": [
          828.1,
          799.8,
          820.8,
          808.6,
          839.0
        ]
      },
      "ATS \u00b7 Triton": {
        "top1": [
          79.7,
          79.5,
          77.9,
          70.3,
          47.4
        ],
        "top5": [
          94.4,
          94.3,
          93.8,
          88.5,
          71.9
        ],
        "throughput": [
          105.0,
          137.1,
          359.5,
          630.7,
          658.1
        ]
      },
      "ToMe \u00b7 PyTorch": {
        "top1": [
          79.6,
          79.5,
          79.7,
          77.9,
          77.1
        ],
        "top5": [
          94.4,
          94.1,
          94.2,
          93.2,
          92.3
        ],
        "throughput": [
          1251.2,
          885.8,
          918.5,
          800.0,
          1026.6
        ]
      }
    }
  }
}