{
  "gpu": "NVIDIA RTX 4000 Ada Generation",
  "sm": "SM89",
  "timing": "cuda_events_median_ms",
  "warmup": 50,
  "jit_warmup": 150,
  "iters": 300,
  "configs": [
    "BS=32, 0% pruned",
    "BS=32, 50% pruned",
    "BS=32, 80% pruned",
    "BS=64, 0% pruned",
    "BS=64, 50% pruned",
    "BS=64, 80% pruned"
  ],
  "kernels": {
    "SDPA (math, padded)": [
      5.33504,
      2.62565,
      2.11277,
      10.9475,
      5.80534,
      4.05443
    ],
    "SDPA (efficient, padded)": [
      2.23416,
      2.00651,
      1.91651,
      4.43746,
      3.75808,
      3.69968
    ],
    "SDPA (flash, padded)": [
      2.05797,
      1.95995,
      1.93946,
      4.20058,
      3.6917,
      3.59926
    ],
    "NestedTensor + SDPA": [
      8.91266,
      8.89499,
      8.84294,
      16.8895,
      16.64006,
      16.88934
    ],
    "Triton Ragged (ours)": [
      0.13619,
      0.04198,
      0.02355,
      0.34304,
      0.07987,
      0.02765
    ],
    "FlashAttention-2 (varlen)": [
      0.11162,
      0.0512,
      0.05018,
      0.2601,
      0.07168,
      0.06042
    ]
  },
  "p5": {
    "SDPA (math, padded)": [
      5.30432,
      2.60813,
      2.05898,
      10.81341,
      5.66646,
      4.03904
    ],
    "SDPA (efficient, padded)": [
      2.22227,
      1.99766,
      1.79808,
      4.38272,
      3.66182,
      3.56147
    ],
    "SDPA (flash, padded)": [
      2.01213,
      1.95072,
      1.90339,
      4.02944,
      3.66829,
      3.56902
    ],
    "NestedTensor + SDPA": [
      8.71629,
      8.79213,
      8.64525,
      16.64717,
      16.54243,
      16.48941
    ],
    "Triton Ragged (ours)": [
      0.13517,
      0.04096,
      0.02253,
      0.33178,
      0.07885,
      0.02662
    ],
    "FlashAttention-2 (varlen)": [
      0.11059,
      0.04915,
      0.04813,
      0.25395,
      0.07066,
      0.05939
    ]
  },
  "p95": {
    "SDPA (math, padded)": [
      5.40144,
      2.70643,
      2.18918,
      11.07251,
      5.8304,
      4.18816
    ],
    "SDPA (efficient, padded)": [
      2.25075,
      2.01933,
      1.95808,
      4.55062,
      3.89904,
      3.71814
    ],
    "SDPA (flash, padded)": [
      2.17088,
      1.9705,
      2.02045,
      4.23203,
      3.82566,
      3.72218
    ],
    "NestedTensor + SDPA": [
      8.98048,
      9.4864,
      9.24915,
      17.73654,
      17.40493,
      17.40467
    ],
    "Triton Ragged (ours)": [
      0.13722,
      0.04301,
      0.02458,
      0.34714,
      0.07987,
      0.02781
    ],
    "FlashAttention-2 (varlen)": [
      0.11264,
      0.05354,
      0.05632,
      0.26419,
      0.07299,
      0.06144
    ]
  }
}