{
  "gpu": "NVIDIA RTX 4000 Ada Generation",
  "sm": "SM89",
  "timing": "cuda_events_median_ms",
  "warmup": 50,
  "jit_warmup": 150,
  "iters": 300,
  "configs": [
    "BS=32, 0% pruned",
    "BS=32, 50% pruned",
    "BS=32, 80% pruned",
    "BS=64, 0% pruned",
    "BS=64, 50% pruned",
    "BS=64, 80% pruned"
  ],
  "kernels": {
    "SDPA (math, padded)": [
      5.3207,
      2.61942,
      2.06006,
      10.60762,
      5.65043,
      4.11989
    ],
    "SDPA (efficient, padded)": [
      2.10125,
      1.87731,
      1.88723,
      4.12397,
      3.96909,
      3.74077
    ],
    "SDPA (flash, padded)": [
      2.04558,
      1.83486,
      1.82122,
      4.06323,
      3.90606,
      3.78477
    ],
    "NestedTensor + SDPA": [
      9.2745,
      8.83402,
      8.7945,
      16.7513,
      16.57555,
      16.46853
    ],
    "Triton Ragged (ours)": [
      0.13619,
      0.04198,
      0.02355,
      0.34406,
      0.07958,
      0.02765
    ],
    "FlashAttention-2 (varlen)": [
      0.11162,
      0.04813,
      0.04813,
      0.26829,
      0.07168,
      0.06042
    ]
  },
  "p5": {
    "SDPA (math, padded)": [
      5.24509,
      2.54982,
      2.05222,
      10.55728,
      5.62064,
      4.02762
    ],
    "SDPA (efficient, padded)": [
      2.06848,
      1.86941,
      1.78688,
      4.03072,
      3.64768,
      3.46742
    ],
    "SDPA (flash, padded)": [
      1.97939,
      1.82275,
      1.81168,
      3.92461,
      3.88112,
      3.76406
    ],
    "NestedTensor + SDPA": [
      8.8432,
      8.72541,
      8.72781,
      16.4232,
      16.44544,
      16.30621
    ],
    "Triton Ragged (ours)": [
      0.13517,
      0.04096,
      0.02253,
      0.33178,
      0.07885,
      0.02765
    ],
    "FlashAttention-2 (varlen)": [
      0.11059,
      0.04608,
      0.04608,
      0.25395,
      0.07066,
      0.05978
    ]
  },
  "p95": {
    "SDPA (math, padded)": [
      5.34621,
      2.63152,
      2.07174,
      10.71846,
      5.79174,
      4.29978
    ],
    "SDPA (efficient, padded)": [
      2.11763,
      1.89114,
      1.92317,
      4.25971,
      4.10528,
      3.78349
    ],
    "SDPA (flash, padded)": [
      2.07261,
      1.8473,
      1.89338,
      4.08883,
      4.09907,
      3.90544
    ],
    "NestedTensor + SDPA": [
      9.5673,
      9.23565,
      9.23136,
      17.27792,
      17.40589,
      17.29638
    ],
    "Triton Ragged (ours)": [
      0.13722,
      0.04301,
      0.02458,
      0.3464,
      0.07987,
      0.02867
    ],
    "FlashAttention-2 (varlen)": [
      0.12288,
      0.0512,
      0.05325,
      0.27034,
      0.07475,
      0.06144
    ]
  }
}