{
  "gpu": "NVIDIA RTX 4000 Ada Generation",
  "sm": "SM89",
  "timing": "cuda_events_median_ms",
  "warmup": 50,
  "jit_warmup": 150,
  "iters": 300,
  "configs": [
    "BS=32, 0% pruned",
    "BS=32, 50% pruned",
    "BS=32, 80% pruned",
    "BS=64, 0% pruned",
    "BS=64, 50% pruned",
    "BS=64, 80% pruned"
  ],
  "kernels": {
    "SDPA (math, padded)": [
      5.35952,
      2.66515,
      2.1463,
      11.04368,
      5.93421,
      4.22222
    ],
    "SDPA (efficient, padded)": [
      2.19118,
      1.95773,
      1.83784,
      4.32435,
      4.12768,
      3.73555
    ],
    "SDPA (flash, padded)": [
      2.01506,
      1.8627,
      1.83706,
      4.13958,
      4.0733,
      3.62402
    ],
    "NestedTensor + SDPA": [
      9.19581,
      9.10528,
      8.90731,
      17.31688,
      17.14698,
      17.15805
    ],
    "Triton Ragged (ours)": [
      0.13722,
      0.04198,
      0.02458,
      0.34509,
      0.07987,
      0.02765
    ],
    "FlashAttention-2 (varlen)": [
      0.11674,
      0.04813,
      0.05018,
      0.26522,
      0.0727,
      0.06042
    ]
  },
  "p5": {
    "SDPA (math, padded)": [
      5.2777,
      2.58362,
      2.07258,
      10.63098,
      5.76509,
      4.07347
    ],
    "SDPA (efficient, padded)": [
      2.1216,
      1.8904,
      1.80432,
      4.17312,
      4.03149,
      3.59014
    ],
    "SDPA (flash, padded)": [
      1.98422,
      1.84627,
      1.81965,
      3.98246,
      3.87789,
      3.59613
    ],
    "NestedTensor + SDPA": [
      8.77466,
      8.70998,
      8.60957,
      16.64179,
      16.28365,
      16.36131
    ],
    "Triton Ragged (ours)": [
      0.13619,
      0.04138,
      0.01536,
      0.33587,
      0.07885,
      0.02662
    ],
    "FlashAttention-2 (varlen)": [
      0.11264,
      0.0471,
      0.03277,
      0.25498,
      0.07168,
      0.05939
    ]
  },
  "p95": {
    "SDPA (math, padded)": [
      5.8665,
      3.15392,
      2.66867,
      11.40019,
      6.48022,
      4.80358
    ],
    "SDPA (efficient, padded)": [
      2.70643,
      2.41066,
      2.37568,
      4.88653,
      4.68864,
      4.29386
    ],
    "SDPA (flash, padded)": [
      2.60096,
      2.44122,
      2.35235,
      4.71078,
      4.6431,
      4.21616
    ],
    "NestedTensor + SDPA": [
      9.7088,
      9.57747,
      9.46272,
      18.00602,
      17.84627,
      17.70189
    ],
    "Triton Ragged (ours)": [
      0.13824,
      0.04301,
      0.02662,
      0.35021,
      0.07987,
      0.02771
    ],
    "FlashAttention-2 (varlen)": [
      0.11878,
      0.05222,
      0.05427,
      0.27136,
      0.07475,
      0.06144
    ]
  }
}