{
  "gpu": "NVIDIA RTX 4000 Ada Generation",
  "sm": "SM89",
  "timing": "cuda_events_median_ms",
  "warmup": 50,
  "jit_warmup": 150,
  "iters": 300,
  "configs": [
    "BS=32, 0% pruned",
    "BS=32, 50% pruned",
    "BS=32, 80% pruned",
    "BS=64, 0% pruned",
    "BS=64, 50% pruned",
    "BS=64, 80% pruned"
  ],
  "kernels": {
    "SDPA (math, padded)": [
      5.35608,
      2.67475,
      2.07774,
      10.88016,
      5.92184,
      4.16619
    ],
    "SDPA (efficient, padded)": [
      2.23539,
      2.01141,
      1.8285,
      4.41046,
      4.13645,
      3.80416
    ],
    "SDPA (flash, padded)": [
      2.11206,
      1.96317,
      1.82558,
      4.21803,
      3.92602,
      3.82747
    ],
    "NestedTensor + SDPA": [
      8.87442,
      8.81269,
      8.89082,
      16.76552,
      16.55963,
      16.45093
    ],
    "Triton Ragged (ours)": [
      0.13619,
      0.04198,
      0.02458,
      0.34406,
      0.07987,
      0.02765
    ],
    "FlashAttention-2 (varlen)": [
      0.11162,
      0.0471,
      0.0505,
      0.25309,
      0.07168,
      0.06042
    ]
  },
  "p5": {
    "SDPA (math, padded)": [
      5.32275,
      2.60336,
      2.0695,
      10.73562,
      5.7897,
      4.10928
    ],
    "SDPA (efficient, padded)": [
      2.22106,
      2.00189,
      1.7961,
      4.39091,
      4.00077,
      3.7408
    ],
    "SDPA (flash, padded)": [
      2.07542,
      1.93645,
      1.79187,
      4.2024,
      3.86253,
      3.77536
    ],
    "NestedTensor + SDPA": [
      8.80864,
      8.59677,
      8.69894,
      16.63376,
      16.21504,
      16.34304
    ],
    "Triton Ragged (ours)": [
      0.13517,
      0.04096,
      0.02355,
      0.33178,
      0.07885,
      0.02765
    ],
    "FlashAttention-2 (varlen)": [
      0.11059,
      0.04608,
      0.04915,
      0.25222,
      0.07066,
      0.05968
    ]
  },
  "p95": {
    "SDPA (math, padded)": [
      5.42106,
      2.69517,
      2.09072,
      11.00595,
      5.9689,
      4.31693
    ],
    "SDPA (efficient, padded)": [
      2.28448,
      2.07552,
      1.83904,
      4.55466,
      4.15622,
      3.82874
    ],
    "SDPA (flash, padded)": [
      2.18624,
      1.97837,
      1.8353,
      4.35507,
      3.94973,
      3.84205
    ],
    "NestedTensor + SDPA": [
      9.31344,
      9.216,
      9.21907,
      17.59216,
      17.30534,
      17.26464
    ],
    "Triton Ragged (ours)": [
      0.13722,
      0.04301,
      0.0256,
      0.34714,
      0.07987,
      0.02867
    ],
    "FlashAttention-2 (varlen)": [
      0.12205,
      0.04947,
      0.05325,
      0.25402,
      0.07181,
      0.06144
    ]
  }
}