{
  "gpu": "NVIDIA RTX 4000 Ada Generation",
  "sm": "SM89",
  "timing": "cuda_events_median_ms",
  "warmup": 50,
  "jit_warmup": 150,
  "iters": 300,
  "configs": [
    "BS=32, 0% pruned",
    "BS=32, 50% pruned",
    "BS=32, 80% pruned",
    "BS=64, 0% pruned",
    "BS=64, 50% pruned",
    "BS=64, 80% pruned"
  ],
  "kernels": {
    "SDPA (math, padded)": [
      5.34733,
      2.55936,
      2.06718,
      10.63846,
      5.68214,
      4.10011
    ],
    "SDPA (efficient, padded)": [
      2.2395,
      1.88416,
      1.8224,
      4.08499,
      3.76216,
      3.56229
    ],
    "SDPA (flash, padded)": [
      2.02763,
      1.90264,
      1.82694,
      3.95872,
      3.91979,
      3.80109
    ],
    "NestedTensor + SDPA": [
      9.58928,
      9.47509,
      9.07302,
      17.37933,
      17.16019,
      17.0323
    ],
    "Triton Ragged (ours)": [
      0.13619,
      0.04198,
      0.02458,
      0.34304,
      0.07987,
      0.02765
    ],
    "FlashAttention-2 (varlen)": [
      0.11264,
      0.05293,
      0.0553,
      0.25514,
      0.07168,
      0.06042
    ]
  },
  "p5": {
    "SDPA (math, padded)": [
      5.30336,
      2.55194,
      2.02342,
      10.58509,
      5.66374,
      4.04554
    ],
    "SDPA (efficient, padded)": [
      2.22515,
      1.87779,
      1.77952,
      4.07142,
      3.6729,
      3.48861
    ],
    "SDPA (flash, padded)": [
      1.94698,
      1.83018,
      1.81853,
      3.8647,
      3.7257,
      3.488
    ],
    "NestedTensor + SDPA": [
      9.13613,
      9.05318,
      8.8599,
      17.28307,
      17.04691,
      16.68102
    ],
    "Triton Ragged (ours)": [
      0.13517,
      0.04096,
      0.02355,
      0.33178,
      0.07885,
      0.02662
    ],
    "FlashAttention-2 (varlen)": [
      0.11059,
      0.0512,
      0.05427,
      0.25293,
      0.07066,
      0.05939
    ]
  },
  "p95": {
    "SDPA (math, padded)": [
      5.41014,
      2.57146,
      2.1423,
      10.74682,
      5.81325,
      4.18986
    ],
    "SDPA (efficient, padded)": [
      2.29571,
      1.95072,
      1.83606,
      4.16029,
      3.91066,
      3.70864
    ],
    "SDPA (flash, padded)": [
      2.12173,
      1.94941,
      1.84966,
      4.09472,
      4.05914,
      3.94656
    ],
    "NestedTensor + SDPA": [
      9.67475,
      9.56182,
      9.52442,
      18.22515,
      17.97837,
      17.89059
    ],
    "Triton Ragged (ours)": [
      0.13722,
      0.04224,
      0.0256,
      0.34611,
      0.07987,
      0.02774
    ],
    "FlashAttention-2 (varlen)": [
      0.11776,
      0.0553,
      0.05837,
      0.27034,
      0.0719,
      0.06144
    ]
  }
}