{
  "gpu": "NVIDIA RTX 4000 Ada Generation",
  "sm": "SM89",
  "timing": "cuda_events_median_ms",
  "warmup": 50,
  "jit_warmup": 150,
  "iters": 300,
  "configs": [
    "BS=32, 0% pruned",
    "BS=32, 50% pruned",
    "BS=32, 80% pruned",
    "BS=64, 0% pruned",
    "BS=64, 50% pruned",
    "BS=64, 80% pruned"
  ],
  "kernels": {
    "SDPA (math, padded)": [
      5.33957,
      2.58355,
      2.10022,
      10.85334,
      5.71278,
      4.08781
    ],
    "SDPA (efficient, padded)": [
      2.12992,
      1.90362,
      1.96806,
      4.4329,
      3.92486,
      3.72309
    ],
    "SDPA (flash, padded)": [
      2.00397,
      1.85251,
      1.96301,
      4.12763,
      3.84254,
      3.5881
    ],
    "NestedTensor + SDPA": [
      9.18528,
      9.06306,
      9.05643,
      17.3215,
      17.13773,
      17.0944
    ],
    "Triton Ragged (ours)": [
      0.13619,
      0.04198,
      0.02458,
      0.34202,
      0.07987,
      0.02765
    ],
    "FlashAttention-2 (varlen)": [
      0.11162,
      0.05325,
      0.05222,
      0.26726,
      0.07168,
      0.06042
    ]
  },
  "p5": {
    "SDPA (math, padded)": [
      5.27766,
      2.57421,
      2.04966,
      10.60029,
      5.68934,
      4.07245
    ],
    "SDPA (efficient, padded)": [
      2.09901,
      1.89645,
      1.9497,
      4.41651,
      3.77869,
      3.58102
    ],
    "SDPA (flash, padded)": [
      1.99389,
      1.84333,
      1.95446,
      3.98637,
      3.70627,
      3.52358
    ],
    "NestedTensor + SDPA": [
      8.98048,
      8.98422,
      8.89379,
      17.21219,
      16.97997,
      16.60813
    ],
    "Triton Ragged (ours)": [
      0.13517,
      0.04125,
      0.02355,
      0.33178,
      0.07885,
      0.02662
    ],
    "FlashAttention-2 (varlen)": [
      0.11059,
      0.0512,
      0.0512,
      0.25293,
      0.07066,
      0.05939
    ]
  },
  "p95": {
    "SDPA (math, padded)": [
      5.37805,
      2.64704,
      2.17978,
      11.01709,
      5.8448,
      4.10931
    ],
    "SDPA (efficient, padded)": [
      2.19722,
      1.97651,
      2.04157,
      4.48,
      4.00909,
      4.50765
    ],
    "SDPA (flash, padded)": [
      2.07363,
      1.92077,
      1.98534,
      4.37555,
      3.8615,
      3.72106
    ],
    "NestedTensor + SDPA": [
      9.64608,
      9.37971,
      9.11872,
      18.2016,
      17.94765,
      18.00499
    ],
    "Triton Ragged (ours)": [
      0.13722,
      0.04301,
      0.0256,
      0.34406,
      0.07987,
      0.028
    ],
    "FlashAttention-2 (varlen)": [
      0.11264,
      0.0553,
      0.0553,
      0.26931,
      0.07389,
      0.06144
    ]
  }
}