{
  "gpu": "NVIDIA RTX 4000 Ada Generation",
  "sm": "SM89",
  "timing": "cuda_events_median_ms",
  "warmup": 50,
  "jit_warmup": 150,
  "iters": 300,
  "configs": [
    "BS=32, 0% pruned",
    "BS=32, 50% pruned",
    "BS=32, 80% pruned",
    "BS=64, 0% pruned",
    "BS=64, 50% pruned",
    "BS=64, 80% pruned"
  ],
  "kernels": {
    "SDPA (math, padded)": [
      5.40058,
      2.62867,
      2.17414,
      10.8867,
      5.86517,
      4.18203
    ],
    "SDPA (efficient, padded)": [
      2.24741,
      2.02438,
      1.97582,
      4.43768,
      4.03456,
      3.8359
    ],
    "SDPA (flash, padded)": [
      2.12723,
      1.97557,
      1.96506,
      4.23787,
      3.96078,
      3.97107
    ],
    "NestedTensor + SDPA": [
      9.17806,
      9.12598,
      9.12432,
      17.40122,
      17.1735,
      16.96083
    ],
    "Triton Ragged (ours)": [
      0.13619,
      0.04198,
      0.02355,
      0.34406,
      0.07987,
      0.02765
    ],
    "FlashAttention-2 (varlen)": [
      0.11162,
      0.05325,
      0.04915,
      0.26829,
      0.0708,
      0.06042
    ]
  },
  "p5": {
    "SDPA (math, padded)": [
      5.32582,
      2.60493,
      2.09613,
      10.77558,
      5.80502,
      4.14413
    ],
    "SDPA (efficient, padded)": [
      2.21491,
      2.01322,
      1.95894,
      4.41642,
      3.97517,
      3.82157
    ],
    "SDPA (flash, padded)": [
      2.10038,
      1.96506,
      1.95619,
      4.17286,
      3.90886,
      3.83184
    ],
    "NestedTensor + SDPA": [
      9.10115,
      9.01706,
      9.03437,
      17.21446,
      16.94208,
      16.54586
    ],
    "Triton Ragged (ours)": [
      0.13517,
      0.04096,
      0.02253,
      0.33178,
      0.07885,
      0.02707
    ],
    "FlashAttention-2 (varlen)": [
      0.11059,
      0.0512,
      0.04813,
      0.25293,
      0.07066,
      0.05939
    ]
  },
  "p95": {
    "SDPA (math, padded)": [
      5.46003,
      2.69942,
      2.22445,
      11.00288,
      5.97469,
      4.34176
    ],
    "SDPA (efficient, padded)": [
      2.26173,
      2.05414,
      2.04608,
      4.5783,
      4.05914,
      3.97696
    ],
    "SDPA (flash, padded)": [
      2.14349,
      2.04678,
      1.97738,
      4.38704,
      4.09498,
      3.99245
    ],
    "NestedTensor + SDPA": [
      9.60541,
      9.64813,
      9.58669,
      18.00317,
      18.01421,
      17.88794
    ],
    "Triton Ragged (ours)": [
      0.13722,
      0.04237,
      0.0248,
      0.34634,
      0.07987,
      0.02867
    ],
    "FlashAttention-2 (varlen)": [
      0.1239,
      0.05632,
      0.05325,
      0.27034,
      0.0719,
      0.06144
    ]
  }
}