{
  "gpu": "NVIDIA RTX 4000 Ada Generation",
  "sm": "SM89",
  "timing": "cuda_events_median_ms",
  "warmup": 50,
  "jit_warmup": 150,
  "iters": 300,
  "configs": [
    "BS=32, 0% pruned",
    "BS=32, 50% pruned",
    "BS=32, 80% pruned",
    "BS=64, 0% pruned",
    "BS=64, 50% pruned",
    "BS=64, 80% pruned"
  ],
  "kernels": {
    "SDPA (math, padded)": [
      5.40275,
      2.60917,
      2.07997,
      10.85099,
      5.75478,
      4.10555
    ],
    "SDPA (efficient, padded)": [
      2.23909,
      2.03981,
      1.96301,
      4.1984,
      3.78062,
      3.72429
    ],
    "SDPA (flash, padded)": [
      2.11757,
      1.96891,
      1.96502,
      4.13389,
      3.82874,
      3.74162
    ],
    "NestedTensor + SDPA": [
      8.96941,
      8.85486,
      8.86426,
      16.94829,
      16.74314,
      16.63696
    ],
    "Triton Ragged (ours)": [
      0.13619,
      0.04198,
      0.02355,
      0.34315,
      0.07987,
      0.02765
    ],
    "FlashAttention-2 (varlen)": [
      0.11075,
      0.04813,
      0.04813,
      0.25907,
      0.07066,
      0.06042
    ]
  },
  "p5": {
    "SDPA (math, padded)": [
      5.31456,
      2.59277,
      2.0457,
      10.76816,
      5.69242,
      4.07552
    ],
    "SDPA (efficient, padded)": [
      2.20979,
      2.01552,
      1.90771,
      4.17792,
      3.7601,
      3.57926
    ],
    "SDPA (flash, padded)": [
      2.08794,
      1.9559,
      1.95174,
      3.98544,
      3.69622,
      3.59936
    ],
    "NestedTensor + SDPA": [
      8.77226,
      8.6384,
      8.78182,
      16.75162,
      16.28176,
      16.22195
    ],
    "Triton Ragged (ours)": [
      0.13517,
      0.04096,
      0.02253,
      0.33178,
      0.07885,
      0.02662
    ],
    "FlashAttention-2 (varlen)": [
      0.11059,
      0.0471,
      0.0471,
      0.25315,
      0.07066,
      0.05939
    ]
  },
  "p95": {
    "SDPA (math, padded)": [
      5.43232,
      2.67981,
      2.10726,
      10.93427,
      5.82963,
      4.24755
    ],
    "SDPA (efficient, padded)": [
      2.32589,
      2.10518,
      1.97427,
      4.34154,
      3.91373,
      3.81507
    ],
    "SDPA (flash, padded)": [
      2.13606,
      2.04077,
      2.04781,
      4.21581,
      3.85126,
      3.82768
    ],
    "NestedTensor + SDPA": [
      9.6297,
      9.33786,
      9.40646,
      17.75549,
      17.58003,
      17.47034
    ],
    "Triton Ragged (ours)": [
      0.13722,
      0.04221,
      0.02458,
      0.34714,
      0.07987,
      0.028
    ],
    "FlashAttention-2 (varlen)": [
      0.11171,
      0.05018,
      0.0512,
      0.26931,
      0.07174,
      0.06144
    ]
  }
}