{
  "gpu": "NVIDIA RTX 4000 Ada Generation",
  "sm": "SM89",
  "timing": "cuda_events_median_ms",
  "warmup": 50,
  "jit_warmup": 150,
  "iters": 300,
  "configs": [
    "BS=32, 0% pruned",
    "BS=32, 50% pruned",
    "BS=32, 80% pruned",
    "BS=64, 0% pruned",
    "BS=64, 50% pruned",
    "BS=64, 80% pruned"
  ],
  "kernels": {
    "SDPA (math, padded)": [
      5.33573,
      2.62861,
      2.18021,
      10.91586,
      5.85006,
      4.1879
    ],
    "SDPA (efficient, padded)": [
      2.11006,
      2.01421,
      1.94765,
      4.39493,
      4.00589,
      3.94043
    ],
    "SDPA (flash, padded)": [
      2.1207,
      1.96072,
      1.94634,
      4.22294,
      3.93614,
      3.9403
    ],
    "NestedTensor + SDPA": [
      9.10438,
      9.0105,
      8.99379,
      17.91232,
      16.9043,
      16.76179
    ],
    "Triton Ragged (ours)": [
      0.13619,
      0.04198,
      0.0256,
      0.34304,
      0.07987,
      0.02765
    ],
    "FlashAttention-2 (varlen)": [
      0.11162,
      0.05427,
      0.05325,
      0.2601,
      0.07168,
      0.06042
    ]
  },
  "p5": {
    "SDPA (math, padded)": [
      5.26717,
      2.60675,
      2.09818,
      10.81968,
      5.62278,
      4.11034
    ],
    "SDPA (efficient, padded)": [
      2.06512,
      2.0039,
      1.9097,
      4.22528,
      3.94874,
      3.79699
    ],
    "SDPA (flash, padded)": [
      2.03366,
      1.95072,
      1.93648,
      4.20349,
      3.87597,
      3.80211
    ],
    "NestedTensor + SDPA": [
      8.98765,
      8.89862,
      8.91392,
      17.08096,
      16.71718,
      16.3871
    ],
    "Triton Ragged (ours)": [
      0.13517,
      0.04115,
      0.02458,
      0.33075,
      0.07885,
      0.02662
    ],
    "FlashAttention-2 (varlen)": [
      0.11059,
      0.05222,
      0.0512,
      0.25395,
      0.07066,
      0.05939
    ]
  },
  "p95": {
    "SDPA (math, padded)": [
      5.3975,
      2.70678,
      2.21763,
      11.02336,
      6.01571,
      4.25882
    ],
    "SDPA (efficient, padded)": [
      2.18118,
      2.08771,
      2.02787,
      4.56534,
      4.13494,
      4.01584
    ],
    "SDPA (flash, padded)": [
      2.18864,
      1.97632,
      1.95792,
      4.36349,
      3.95366,
      3.95597
    ],
    "NestedTensor + SDPA": [
      9.53232,
      9.53139,
      9.43091,
      18.46707,
      17.7664,
      17.19206
    ],
    "Triton Ragged (ours)": [
      0.13722,
      0.04301,
      0.02662,
      0.34611,
      0.07987,
      0.02781
    ],
    "FlashAttention-2 (varlen)": [
      0.11264,
      0.05645,
      0.0553,
      0.26829,
      0.07302,
      0.06144
    ]
  }
}