{
  "gpu": "NVIDIA RTX 4000 Ada Generation",
  "sm": "SM89",
  "timing": "cuda_events_median_ms",
  "warmup": 50,
  "jit_warmup": 150,
  "iters": 300,
  "configs": [
    "BS=32, 0% pruned",
    "BS=32, 50% pruned",
    "BS=32, 80% pruned",
    "BS=64, 0% pruned",
    "BS=64, 50% pruned",
    "BS=64, 80% pruned"
  ],
  "kernels": {
    "SDPA (math, padded)": [
      5.36064,
      2.58846,
      2.09275,
      10.89672,
      5.84906,
      4.22566
    ],
    "SDPA (efficient, padded)": [
      2.13917,
      1.90354,
      1.91117,
      4.32062,
      3.91523,
      3.73955
    ],
    "SDPA (flash, padded)": [
      2.00667,
      1.8577,
      1.90264,
      4.04613,
      3.7929,
      3.7811
    ],
    "NestedTensor + SDPA": [
      9.09888,
      9.08408,
      9.1496,
      17.69582,
      17.51254,
      17.31101
    ],
    "Triton Ragged (ours)": [
      0.13722,
      0.04198,
      0.0256,
      0.34509,
      0.07987,
      0.02765
    ],
    "FlashAttention-2 (varlen)": [
      0.11381,
      0.05325,
      0.0512,
      0.26419,
      0.0727,
      0.06042
    ]
  },
  "p5": {
    "SDPA (math, padded)": [
      5.27974,
      2.56842,
      2.07379,
      10.64022,
      5.6984,
      4.06106
    ],
    "SDPA (efficient, padded)": [
      2.11744,
      1.88704,
      1.83466,
      4.17805,
      3.7673,
      3.58118
    ],
    "SDPA (flash, padded)": [
      1.99338,
      1.84,
      1.8288,
      3.97517,
      3.68573,
      3.59232
    ],
    "NestedTensor + SDPA": [
      8.86982,
      8.77398,
      8.69754,
      17.00058,
      16.73318,
      16.62874
    ],
    "Triton Ragged (ours)": [
      0.13619,
      0.04125,
      0.02458,
      0.3369,
      0.07885,
      0.02662
    ],
    "FlashAttention-2 (varlen)": [
      0.11264,
      0.0512,
      0.03379,
      0.252,
      0.07168,
      0.05939
    ]
  },
  "p95": {
    "SDPA (math, padded)": [
      5.85926,
      3.15824,
      2.66035,
      11.41555,
      6.42419,
      4.8128
    ],
    "SDPA (efficient, padded)": [
      2.7273,
      2.48541,
      2.44019,
      4.88275,
      4.47488,
      4.33187
    ],
    "SDPA (flash, padded)": [
      2.5641,
      2.43712,
      2.38694,
      4.67866,
      4.35814,
      4.3223
    ],
    "NestedTensor + SDPA": [
      9.62867,
      9.66579,
      9.6697,
      18.37891,
      18.05107,
      17.96326
    ],
    "Triton Ragged (ours)": [
      0.13824,
      0.04301,
      0.02662,
      0.34918,
      0.0799,
      0.02778
    ],
    "FlashAttention-2 (varlen)": [
      0.12493,
      0.05632,
      0.0553,
      0.26726,
      0.07475,
      0.06144
    ]
  }
}