{
  "gpu": "NVIDIA RTX 4000 Ada Generation",
  "sm": "SM89",
  "timing": "cuda_events_median_ms",
  "warmup": 50,
  "jit_warmup": 150,
  "iters": 300,
  "configs": [
    "BS=32, 0% pruned",
    "BS=32, 50% pruned",
    "BS=32, 80% pruned",
    "BS=64, 0% pruned",
    "BS=64, 50% pruned",
    "BS=64, 80% pruned"
  ],
  "kernels": {
    "SDPA (math, padded)": [
      5.32168,
      2.59582,
      2.16814,
      10.75926,
      5.85216,
      4.24141
    ],
    "SDPA (efficient, padded)": [
      2.22568,
      1.99984,
      1.89542,
      4.34392,
      3.95162,
      3.74272
    ],
    "SDPA (flash, padded)": [
      2.10323,
      1.94717,
      1.88314,
      4.15437,
      3.86933,
      3.75093
    ],
    "NestedTensor + SDPA": [
      8.92989,
      8.77659,
      9.14629,
      16.87808,
      16.59301,
      16.51251
    ],
    "Triton Ragged (ours)": [
      0.13619,
      0.04198,
      0.02458,
      0.34509,
      0.07987,
      0.02765
    ],
    "FlashAttention-2 (varlen)": [
      0.11162,
      0.05325,
      0.0512,
      0.25293,
      0.07168,
      0.06042
    ]
  },
  "p5": {
    "SDPA (math, padded)": [
      5.29203,
      2.58253,
      2.13216,
      10.55437,
      5.77962,
      4.13082
    ],
    "SDPA (efficient, padded)": [
      2.21392,
      1.9673,
      1.81962,
      4.32026,
      3.89626,
      3.68432
    ],
    "SDPA (flash, padded)": [
      2.09203,
      1.93456,
      1.81453,
      4.13827,
      3.8039,
      3.68301
    ],
    "NestedTensor + SDPA": [
      8.83626,
      8.60979,
      8.72048,
      16.62976,
      16.41846,
      16.2263
    ],
    "Triton Ragged (ours)": [
      0.13517,
      0.04096,
      0.02355,
      0.33178,
      0.07885,
      0.02662
    ],
    "FlashAttention-2 (varlen)": [
      0.11059,
      0.0512,
      0.04915,
      0.2519,
      0.07066,
      0.05939
    ]
  },
  "p95": {
    "SDPA (math, padded)": [
      5.42794,
      2.61306,
      2.18842,
      10.98445,
      5.97312,
      4.3561
    ],
    "SDPA (efficient, padded)": [
      2.26509,
      2.07779,
      1.93434,
      4.36739,
      3.9688,
      3.86051
    ],
    "SDPA (flash, padded)": [
      2.1168,
      2.01728,
      1.89334,
      4.17302,
      3.8871,
      3.77334
    ],
    "NestedTensor + SDPA": [
      9.33488,
      9.19626,
      9.31533,
      17.95686,
      17.43645,
      17.26566
    ],
    "Triton Ragged (ours)": [
      0.13722,
      0.04234,
      0.0256,
      0.34714,
      0.07987,
      0.0279
    ],
    "FlashAttention-2 (varlen)": [
      0.12288,
      0.0553,
      0.05427,
      0.25395,
      0.07181,
      0.06144
    ]
  }
}