{
  "gpu": "NVIDIA RTX 4000 Ada Generation",
  "sm": "SM89",
  "timing": "cuda_events_median_ms",
  "warmup": 50,
  "jit_warmup": 150,
  "iters": 300,
  "configs": [
    "BS=32, 0% pruned",
    "BS=32, 50% pruned",
    "BS=32, 80% pruned",
    "BS=64, 0% pruned",
    "BS=64, 50% pruned",
    "BS=64, 80% pruned"
  ],
  "kernels": {
    "SDPA (math, padded)": [
      5.30152,
      2.52462,
      2.04902,
      10.6055,
      5.84206,
      4.15339
    ],
    "SDPA (efficient, padded)": [
      2.09853,
      1.86982,
      1.8135,
      4.35618,
      3.95674,
      3.75298
    ],
    "SDPA (flash, padded)": [
      1.97504,
      1.82819,
      1.87597,
      4.16138,
      3.9993,
      3.77139
    ],
    "NestedTensor + SDPA": [
      8.85606,
      8.80739,
      9.14792,
      17.40555,
      16.65741,
      16.7143
    ],
    "Triton Ragged (ours)": [
      0.13619,
      0.04198,
      0.0256,
      0.34304,
      0.07987,
      0.02765
    ],
    "FlashAttention-2 (varlen)": [
      0.11162,
      0.0471,
      0.05222,
      0.25395,
      0.07098,
      0.06042
    ]
  },
  "p5": {
    "SDPA (math, padded)": [
      5.24192,
      2.5088,
      2.01507,
      10.5505,
      5.65248,
      4.02637
    ],
    "SDPA (efficient, padded)": [
      2.08701,
      1.85923,
      1.80429,
      4.04253,
      3.90358,
      3.7393
    ],
    "SDPA (flash, padded)": [
      1.96698,
      1.79949,
      1.80224,
      4.14419,
      3.86672,
      3.75194
    ],
    "NestedTensor + SDPA": [
      8.66339,
      8.5975,
      8.69824,
      16.63315,
      16.38906,
      16.12176
    ],
    "Triton Ragged (ours)": [
      0.13517,
      0.04125,
      0.0256,
      0.33178,
      0.07885,
      0.02707
    ],
    "FlashAttention-2 (varlen)": [
      0.11059,
      0.04506,
      0.05018,
      0.25293,
      0.07066,
      0.05939
    ]
  },
  "p95": {
    "SDPA (math, padded)": [
      5.33462,
      2.55898,
      2.06016,
      10.65664,
      5.95363,
      4.3264
    ],
    "SDPA (efficient, padded)": [
      2.11232,
      1.88067,
      1.82394,
      4.48502,
      4.00992,
      3.78368
    ],
    "SDPA (flash, padded)": [
      1.9927,
      1.84086,
      1.9169,
      4.2967,
      4.0192,
      3.90643
    ],
    "NestedTensor + SDPA": [
      9.45264,
      9.19757,
      9.39418,
      17.6137,
      17.72128,
      17.64266
    ],
    "Triton Ragged (ours)": [
      0.13722,
      0.04301,
      0.02765,
      0.34611,
      0.07987,
      0.02867
    ],
    "FlashAttention-2 (varlen)": [
      0.11264,
      0.05018,
      0.05462,
      0.26957,
      0.07181,
      0.06144
    ]
  }
}