{
  "gpu": "NVIDIA RTX 4000 Ada Generation",
  "sm": "SM89",
  "timing": "cuda_events_median_ms",
  "warmup": 50,
  "jit_warmup": 150,
  "iters": 300,
  "configs": [
    "BS=32, 0% pruned",
    "BS=32, 50% pruned",
    "BS=32, 80% pruned",
    "BS=64, 0% pruned",
    "BS=64, 50% pruned",
    "BS=64, 80% pruned"
  ],
  "kernels": {
    "SDPA (math, padded)": [
      5.31475,
      2.57309,
      2.06538,
      10.76904,
      5.70778,
      4.07242
    ],
    "SDPA (efficient, padded)": [
      2.22605,
      1.93998,
      1.9404,
      4.37658,
      3.75416,
      3.89971
    ],
    "SDPA (flash, padded)": [
      2.1965,
      1.94963,
      1.93638,
      4.18946,
      3.68573,
      3.91112
    ],
    "NestedTensor + SDPA": [
      8.86854,
      8.78803,
      8.81901,
      16.81549,
      16.49971,
      16.42434
    ],
    "Triton Ragged (ours)": [
      0.13619,
      0.04198,
      0.02474,
      0.34406,
      0.07987,
      0.02765
    ],
    "FlashAttention-2 (varlen)": [
      0.11162,
      0.04813,
      0.05018,
      0.26726,
      0.07168,
      0.06042
    ]
  },
  "p5": {
    "SDPA (math, padded)": [
      5.27661,
      2.51366,
      2.04048,
      10.63027,
      5.62698,
      4.04371
    ],
    "SDPA (efficient, padded)": [
      2.19443,
      1.87706,
      1.90157,
      4.36102,
      3.73965,
      3.74413
    ],
    "SDPA (flash, padded)": [
      2.16064,
      1.93331,
      1.91283,
      4.17178,
      3.66605,
      3.76832
    ],
    "NestedTensor + SDPA": [
      8.68682,
      8.72362,
      8.63021,
      16.33814,
      16.24464,
      16.04618
    ],
    "Triton Ragged (ours)": [
      0.13517,
      0.04096,
      0.02458,
      0.33213,
      0.07885,
      0.02765
    ],
    "FlashAttention-2 (varlen)": [
      0.11059,
      0.04608,
      0.04813,
      0.25293,
      0.07066,
      0.06042
    ]
  },
  "p95": {
    "SDPA (math, padded)": [
      5.37491,
      2.64992,
      2.1289,
      10.89923,
      5.79482,
      4.22195
    ],
    "SDPA (efficient, padded)": [
      2.24461,
      2.00819,
      1.95277,
      4.50355,
      3.88394,
      3.94003
    ],
    "SDPA (flash, padded)": [
      2.21696,
      2.02138,
      1.9497,
      4.33174,
      3.82259,
      3.96714
    ],
    "NestedTensor + SDPA": [
      9.27936,
      9.1672,
      9.2983,
      17.87062,
      17.35782,
      17.19392
    ],
    "Triton Ragged (ours)": [
      0.13722,
      0.04237,
      0.02662,
      0.34611,
      0.07987,
      0.02867
    ],
    "FlashAttention-2 (varlen)": [
      0.12288,
      0.0512,
      0.05325,
      0.27034,
      0.07197,
      0.06144
    ]
  }
}