{
  "gpu": "NVIDIA RTX 4000 Ada Generation",
  "sm": "SM89",
  "timing": "cuda_events_median_ms",
  "warmup": 50,
  "jit_warmup": 150,
  "iters": 300,
  "configs": [
    "BS=32, 0% pruned",
    "BS=32, 50% pruned",
    "BS=32, 80% pruned",
    "BS=64, 0% pruned",
    "BS=64, 50% pruned",
    "BS=64, 80% pruned"
  ],
  "kernels": {
    "SDPA (math, padded)": [
      5.35962,
      2.60813,
      2.0951,
      10.67982,
      5.66683,
      4.05571
    ],
    "SDPA (efficient, padded)": [
      2.24195,
      2.00704,
      1.94576,
      4.14005,
      3.74989,
      3.53587
    ],
    "SDPA (flash, padded)": [
      2.11867,
      1.92208,
      1.82283,
      3.95578,
      3.67418,
      3.56552
    ],
    "NestedTensor + SDPA": [
      8.87022,
      8.77357,
      8.72038,
      16.66066,
      16.49347,
      16.30994
    ],
    "Triton Ragged (ours)": [
      0.13533,
      0.04198,
      0.02355,
      0.34413,
      0.07987,
      0.02765
    ],
    "FlashAttention-2 (varlen)": [
      0.11162,
      0.04813,
      0.04813,
      0.26214,
      0.07168,
      0.06042
    ]
  },
  "p5": {
    "SDPA (math, padded)": [
      5.30557,
      2.59286,
      2.05302,
      10.5424,
      5.64019,
      4.03034
    ],
    "SDPA (efficient, padded)": [
      2.20566,
      1.96934,
      1.82682,
      4.12339,
      3.73654,
      3.47277
    ],
    "SDPA (flash, padded)": [
      2.09203,
      1.82451,
      1.79274,
      3.93827,
      3.65958,
      3.55136
    ],
    "NestedTensor + SDPA": [
      8.65194,
      8.56957,
      8.66595,
      16.53482,
      16.20675,
      16.02653
    ],
    "Triton Ragged (ours)": [
      0.13517,
      0.04096,
      0.02355,
      0.3328,
      0.07885,
      0.02662
    ],
    "FlashAttention-2 (varlen)": [
      0.11059,
      0.04608,
      0.04608,
      0.25293,
      0.07066,
      0.05939
    ]
  },
  "p95": {
    "SDPA (math, padded)": [
      5.41901,
      2.63168,
      2.11331,
      10.82778,
      5.81939,
      4.19939
    ],
    "SDPA (efficient, padded)": [
      2.31414,
      2.02138,
      2.01658,
      4.1608,
      3.7673,
      3.68541
    ],
    "SDPA (flash, padded)": [
      2.19526,
      1.97446,
      1.83296,
      4.09395,
      3.81965,
      3.70381
    ],
    "NestedTensor + SDPA": [
      9.35629,
      9.2304,
      9.13283,
      17.76845,
      17.25747,
      17.47558
    ],
    "Triton Ragged (ours)": [
      0.13629,
      0.04301,
      0.0256,
      0.34714,
      0.07987,
      0.02781
    ],
    "FlashAttention-2 (varlen)": [
      0.11264,
      0.0504,
      0.05056,
      0.26419,
      0.0727,
      0.06144
    ]
  }
}