{
  "gpu": "NVIDIA RTX 4000 Ada Generation",
  "sm": "SM89",
  "timing": "cuda_events_median_ms",
  "warmup": 50,
  "jit_warmup": 150,
  "iters": 300,
  "configs": [
    "BS=32, 0% pruned",
    "BS=32, 50% pruned",
    "BS=32, 80% pruned",
    "BS=64, 0% pruned",
    "BS=64, 50% pruned",
    "BS=64, 80% pruned"
  ],
  "kernels": {
    "SDPA (math, padded)": [
      5.36371,
      2.56725,
      2.07795,
      10.71666,
      5.93158,
      4.27315
    ],
    "SDPA (efficient, padded)": [
      2.14064,
      1.94382,
      1.81555,
      4.16093,
      4.01197,
      3.78258
    ],
    "SDPA (flash, padded)": [
      1.98451,
      1.84013,
      1.81389,
      3.95992,
      4.05486,
      3.81147
    ],
    "NestedTensor + SDPA": [
      8.87435,
      9.08739,
      8.80376,
      16.90755,
      16.60333,
      16.58685
    ],
    "Triton Ragged (ours)": [
      0.13619,
      0.04198,
      0.02355,
      0.34714,
      0.07987,
      0.02765
    ],
    "FlashAttention-2 (varlen)": [
      0.11162,
      0.0512,
      0.05058,
      0.26522,
      0.07181,
      0.06042
    ]
  },
  "p5": {
    "SDPA (math, padded)": [
      5.27258,
      2.55386,
      2.05482,
      10.58918,
      5.7921,
      4.13722
    ],
    "SDPA (efficient, padded)": [
      2.06746,
      1.87005,
      1.78906,
      4.06112,
      3.9424,
      3.46733
    ],
    "SDPA (flash, padded)": [
      1.97405,
      1.82374,
      1.79302,
      3.94342,
      3.9127,
      3.75363
    ],
    "NestedTensor + SDPA": [
      8.7849,
      8.73805,
      8.74086,
      16.76218,
      16.2263,
      16.17952
    ],
    "Triton Ragged (ours)": [
      0.13517,
      0.04134,
      0.02253,
      0.33894,
      0.07885,
      0.02765
    ],
    "FlashAttention-2 (varlen)": [
      0.11059,
      0.05018,
      0.04915,
      0.25293,
      0.07107,
      0.05978
    ]
  },
  "p95": {
    "SDPA (math, padded)": [
      5.39405,
      2.63898,
      2.15328,
      10.82381,
      6.03648,
      4.38579
    ],
    "SDPA (efficient, padded)": [
      2.18726,
      1.96019,
      1.89133,
      4.34573,
      4.07552,
      3.93626
    ],
    "SDPA (flash, padded)": [
      2.04502,
      1.85344,
      1.82474,
      4.07776,
      4.14029,
      3.94864
    ],
    "NestedTensor + SDPA": [
      9.26275,
      9.34621,
      9.20768,
      18.02429,
      17.75683,
      17.71107
    ],
    "Triton Ragged (ours)": [
      0.13722,
      0.04237,
      0.02458,
      0.35021,
      0.07987,
      0.02867
    ],
    "FlashAttention-2 (varlen)": [
      0.12288,
      0.05427,
      0.05325,
      0.27034,
      0.07475,
      0.06144
    ]
  }
}