{
  "gpu": "NVIDIA RTX 4000 Ada Generation",
  "sm": "SM89",
  "timing": "cuda_events_median_ms",
  "warmup": 50,
  "jit_warmup": 150,
  "iters": 300,
  "configs": [
    "BS=32, 0% pruned",
    "BS=32, 50% pruned",
    "BS=32, 80% pruned",
    "BS=64, 0% pruned",
    "BS=64, 50% pruned",
    "BS=64, 80% pruned"
  ],
  "kernels": {
    "SDPA (math, padded)": [
      5.39149,
      2.6839,
      2.1637,
      11.0645,
      5.87059,
      4.16754
    ],
    "SDPA (efficient, padded)": [
      2.20445,
      1.98757,
      1.85446,
      4.32859,
      3.93181,
      3.65158
    ],
    "SDPA (flash, padded)": [
      2.03718,
      1.96266,
      1.91602,
      4.24627,
      3.85938,
      3.82658
    ],
    "NestedTensor + SDPA": [
      9.57434,
      9.54061,
      9.54387,
      18.26824,
      17.9533,
      17.66861
    ],
    "Triton Ragged (ours)": [
      0.13722,
      0.04198,
      0.02477,
      0.34611,
      0.07987,
      0.02765
    ],
    "FlashAttention-2 (varlen)": [
      0.11366,
      0.05355,
      0.05222,
      0.25395,
      0.07168,
      0.06042
    ]
  },
  "p5": {
    "SDPA (math, padded)": [
      5.29808,
      2.59501,
      2.08893,
      10.65165,
      5.6535,
      4.02938
    ],
    "SDPA (efficient, padded)": [
      2.12579,
      1.90394,
      1.84115,
      4.12883,
      3.7911,
      3.60854
    ],
    "SDPA (flash, padded)": [
      1.98045,
      1.86403,
      1.84451,
      4.09219,
      3.7143,
      3.65664
    ],
    "NestedTensor + SDPA": [
      9.14035,
      9.1063,
      9.07981,
      17.408,
      17.17341,
      17.12128
    ],
    "Triton Ragged (ours)": [
      0.13619,
      0.04096,
      0.01536,
      0.33587,
      0.07885,
      0.02662
    ],
    "FlashAttention-2 (varlen)": [
      0.11264,
      0.05222,
      0.0328,
      0.2519,
      0.07066,
      0.05939
    ]
  },
  "p95": {
    "SDPA (math, padded)": [
      5.95034,
      3.15904,
      2.68493,
      11.39814,
      6.40675,
      4.79747
    ],
    "SDPA (efficient, padded)": [
      2.25296,
      2.52826,
      2.34598,
      4.88038,
      4.49229,
      4.28723
    ],
    "SDPA (flash, padded)": [
      2.58458,
      2.48246,
      2.4257,
      4.83123,
      4.37622,
      4.39706
    ],
    "NestedTensor + SDPA": [
      10.03997,
      9.98912,
      10.06054,
      18.81818,
      18.45482,
      18.35725
    ],
    "Triton Ragged (ours)": [
      0.14234,
      0.04234,
      0.02662,
      0.35021,
      0.0799,
      0.02781
    ],
    "FlashAttention-2 (varlen)": [
      0.11402,
      0.05734,
      0.05632,
      0.26931,
      0.0768,
      0.06144
    ]
  }
}