{
  "gpu": "NVIDIA RTX 4000 Ada Generation",
  "sm": "SM89",
  "timing": "cuda_events_median_ms",
  "warmup": 50,
  "jit_warmup": 150,
  "iters": 300,
  "configs": [
    "BS=32, 0% pruned",
    "BS=32, 50% pruned",
    "BS=32, 80% pruned",
    "BS=64, 0% pruned",
    "BS=64, 50% pruned",
    "BS=64, 80% pruned"
  ],
  "kernels": {
    "SDPA (math, padded)": [
      5.32083,
      2.63914,
      2.15605,
      10.67517,
      5.72061,
      4.09339
    ],
    "SDPA (efficient, padded)": [
      2.13314,
      2.0223,
      1.90976,
      4.2004,
      3.78472,
      3.59424
    ],
    "SDPA (flash, padded)": [
      2.07291,
      1.97939,
      1.91069,
      3.99667,
      3.72011,
      3.60243
    ],
    "NestedTensor + SDPA": [
      8.89907,
      8.82784,
      8.7532,
      16.85301,
      16.65579,
      16.48323
    ],
    "Triton Ragged (ours)": [
      0.13619,
      0.04198,
      0.02355,
      0.34304,
      0.07987,
      0.02765
    ],
    "FlashAttention-2 (varlen)": [
      0.11162,
      0.04915,
      0.04813,
      0.26829,
      0.07168,
      0.06042
    ]
  },
  "p5": {
    "SDPA (math, padded)": [
      5.25728,
      2.61632,
      2.08486,
      10.63114,
      5.62074,
      4.01978
    ],
    "SDPA (efficient, padded)": [
      2.11888,
      1.98451,
      1.84013,
      4.11046,
      3.7295,
      3.57485
    ],
    "SDPA (flash, padded)": [
      2.0041,
      1.96531,
      1.8391,
      3.97722,
      3.65773,
      3.58912
    ],
    "NestedTensor + SDPA": [
      8.78182,
      8.69171,
      8.6825,
      16.71773,
      16.47338,
      16.35802
    ],
    "Triton Ragged (ours)": [
      0.13517,
      0.04096,
      0.02253,
      0.33075,
      0.07885,
      0.02662
    ],
    "FlashAttention-2 (varlen)": [
      0.11059,
      0.0471,
      0.04608,
      0.25302,
      0.07066,
      0.05939
    ]
  },
  "p95": {
    "SDPA (math, padded)": [
      5.37472,
      2.71872,
      2.192,
      10.84314,
      5.8672,
      4.16051
    ],
    "SDPA (efficient, padded)": [
      2.19853,
      2.10227,
      1.92307,
      4.39942,
      3.9247,
      3.73965
    ],
    "SDPA (flash, padded)": [
      2.08486,
      2.05021,
      1.93946,
      4.13603,
      3.73562,
      3.72435
    ],
    "NestedTensor + SDPA": [
      9.29293,
      9.28704,
      9.16589,
      17.63533,
      17.49722,
      17.2297
    ],
    "Triton Ragged (ours)": [
      0.13722,
      0.0423,
      0.02467,
      0.34611,
      0.07987,
      0.0279
    ],
    "FlashAttention-2 (varlen)": [
      0.11981,
      0.0512,
      0.05034,
      0.27136,
      0.07181,
      0.06144
    ]
  }
}