{
  "gpu": "NVIDIA RTX 4000 Ada Generation",
  "sm": "SM89",
  "timing": "cuda_events_median_ms",
  "warmup": 50,
  "jit_warmup": 150,
  "iters": 300,
  "configs": [
    "BS=32, 0% pruned",
    "BS=32, 50% pruned",
    "BS=32, 80% pruned",
    "BS=64, 0% pruned",
    "BS=64, 50% pruned",
    "BS=64, 80% pruned"
  ],
  "kernels": {
    "SDPA (math, padded)": [
      5.35538,
      2.68302,
      2.10842,
      10.85181,
      5.82042,
      4.07221
    ],
    "SDPA (efficient, padded)": [
      2.2552,
      2.09506,
      1.96797,
      4.42773,
      3.77235,
      3.58485
    ],
    "SDPA (flash, padded)": [
      2.12902,
      2.04083,
      1.95592,
      4.37654,
      3.84706,
      3.59418
    ],
    "NestedTensor + SDPA": [
      9.33336,
      8.8751,
      9.27682,
      16.93946,
      17.22408,
      16.76232
    ],
    "Triton Ragged (ours)": [
      0.13619,
      0.04198,
      0.0256,
      0.34406,
      0.07987,
      0.02765
    ],
    "FlashAttention-2 (varlen)": [
      0.11162,
      0.04915,
      0.05222,
      0.26829,
      0.07168,
      0.06042
    ]
  },
  "p5": {
    "SDPA (math, padded)": [
      5.25619,
      2.61152,
      2.0951,
      10.55232,
      5.63837,
      4.01626
    ],
    "SDPA (efficient, padded)": [
      2.23856,
      2.04083,
      1.93024,
      4.41002,
      3.70893,
      3.52474
    ],
    "SDPA (flash, padded)": [
      2.11763,
      1.96806,
      1.92819,
      4.24221,
      3.70483,
      3.52781
    ],
    "NestedTensor + SDPA": [
      8.8832,
      8.6569,
      8.87526,
      16.60925,
      16.58448,
      16.48349
    ],
    "Triton Ragged (ours)": [
      0.13517,
      0.04096,
      0.02458,
      0.33075,
      0.07885,
      0.02662
    ],
    "FlashAttention-2 (varlen)": [
      0.11059,
      0.0471,
      0.0512,
      0.25395,
      0.07066,
      0.05939
    ]
  },
  "p95": {
    "SDPA (math, padded)": [
      5.45587,
      2.71155,
      2.1392,
      10.93837,
      5.9648,
      4.21274
    ],
    "SDPA (efficient, padded)": [
      2.35008,
      2.13072,
      2.03843,
      4.56211,
      4.76979,
      3.59923
    ],
    "SDPA (flash, padded)": [
      2.21491,
      2.05312,
      1.97203,
      4.40326,
      3.92122,
      3.60858
    ],
    "NestedTensor + SDPA": [
      9.60291,
      9.33888,
      9.52458,
      17.73946,
      17.87494,
      17.43805
    ],
    "Triton Ragged (ours)": [
      0.13722,
      0.04301,
      0.02694,
      0.34714,
      0.07994,
      0.02774
    ],
    "FlashAttention-2 (varlen)": [
      0.11264,
      0.0512,
      0.0553,
      0.27034,
      0.0727,
      0.06144
    ]
  }
}