{
  "gpu": "NVIDIA RTX 4000 Ada Generation",
  "sm": "SM89",
  "timing": "cuda_events_median_ms",
  "warmup": 50,
  "jit_warmup": 150,
  "iters": 300,
  "configs": [
    "BS=32, 0% pruned",
    "BS=32, 50% pruned",
    "BS=32, 80% pruned",
    "BS=64, 0% pruned",
    "BS=64, 50% pruned",
    "BS=64, 80% pruned"
  ],
  "kernels": {
    "SDPA (math, padded)": [
      5.3504,
      2.62221,
      2.18112,
      10.7397,
      5.99291,
      4.07539
    ],
    "SDPA (efficient, padded)": [
      2.25998,
      2.03059,
      2.04288,
      4.52755,
      4.02747,
      3.60141
    ],
    "SDPA (flash, padded)": [
      2.13229,
      1.97939,
      1.97018,
      4.19728,
      3.93216,
      3.59526
    ],
    "NestedTensor + SDPA": [
      8.91496,
      8.86357,
      8.97069,
      16.83141,
      16.65083,
      16.4428
    ],
    "Triton Ragged (ours)": [
      0.13619,
      0.04198,
      0.02458,
      0.34509,
      0.07987,
      0.02765
    ],
    "FlashAttention-2 (varlen)": [
      0.11162,
      0.04813,
      0.04915,
      0.25395,
      0.07168,
      0.06042
    ]
  },
  "p5": {
    "SDPA (math, padded)": [
      5.31475,
      2.60899,
      2.10256,
      10.59123,
      5.85866,
      4.05686
    ],
    "SDPA (efficient, padded)": [
      2.24653,
      2.02112,
      1.97222,
      4.33578,
      3.99462,
      3.56934
    ],
    "SDPA (flash, padded)": [
      2.10032,
      1.94858,
      1.96093,
      4.17997,
      3.87203,
      3.58298
    ],
    "NestedTensor + SDPA": [
      8.69437,
      8.63949,
      8.77158,
      16.68915,
      16.45466,
      16.23232
    ],
    "Triton Ragged (ours)": [
      0.13517,
      0.04096,
      0.02355,
      0.33178,
      0.07885,
      0.02662
    ],
    "FlashAttention-2 (varlen)": [
      0.11059,
      0.04608,
      0.04714,
      0.25293,
      0.07066,
      0.05939
    ]
  },
  "p95": {
    "SDPA (math, padded)": [
      5.4272,
      2.65523,
      2.21082,
      11.00688,
      6.05901,
      4.2272
    ],
    "SDPA (efficient, padded)": [
      2.3297,
      2.04288,
      2.07168,
      4.55395,
      4.15334,
      3.73152
    ],
    "SDPA (flash, padded)": [
      2.15123,
      1.9927,
      2.04253,
      4.21878,
      4.06554,
      3.73997
    ],
    "NestedTensor + SDPA": [
      9.36141,
      9.2672,
      9.4641,
      17.56467,
      17.32214,
      17.2503
    ],
    "Triton Ragged (ours)": [
      0.13722,
      0.04218,
      0.0256,
      0.34714,
      0.07987,
      0.02803
    ],
    "FlashAttention-2 (varlen)": [
      0.12288,
      0.0512,
      0.05222,
      0.26931,
      0.07302,
      0.06144
    ]
  }
}