{
  "gpu": "NVIDIA RTX 4000 Ada Generation",
  "sm": "SM89",
  "timing": "cuda_events_median_ms",
  "warmup": 50,
  "jit_warmup": 150,
  "iters": 300,
  "configs": [
    "BS=32, 0% pruned",
    "BS=32, 50% pruned",
    "BS=32, 80% pruned",
    "BS=64, 0% pruned",
    "BS=64, 50% pruned",
    "BS=64, 80% pruned"
  ],
  "kernels": {
    "SDPA (math, padded)": [
      5.27258,
      2.54846,
      2.04774,
      10.65213,
      5.88493,
      4.02658
    ],
    "SDPA (efficient, padded)": [
      2.09715,
      1.86795,
      1.87294,
      4.07298,
      3.96198,
      3.53232
    ],
    "SDPA (flash, padded)": [
      1.97435,
      1.83074,
      1.80414,
      3.91288,
      3.59424,
      3.55259
    ],
    "NestedTensor + SDPA": [
      8.81357,
      8.75605,
      8.71685,
      17.03187,
      16.68147,
      16.45355
    ],
    "Triton Ragged (ours)": [
      0.13619,
      0.04198,
      0.02355,
      0.34509,
      0.07987,
      0.02765
    ],
    "FlashAttention-2 (varlen)": [
      0.11366,
      0.0471,
      0.04813,
      0.26829,
      0.07168,
      0.06042
    ]
  },
  "p5": {
    "SDPA (math, padded)": [
      5.25197,
      2.53542,
      2.03776,
      10.52774,
      5.7703,
      3.9607
    ],
    "SDPA (efficient, padded)": [
      2.08691,
      1.8391,
      1.80624,
      4.05402,
      3.90739,
      3.47014
    ],
    "SDPA (flash, padded)": [
      1.96576,
      1.8176,
      1.7961,
      3.85629,
      3.57891,
      3.5401
    ],
    "NestedTensor + SDPA": [
      8.71206,
      8.61312,
      8.64973,
      16.58778,
      16.17203,
      16.31059
    ],
    "Triton Ragged (ours)": [
      0.13517,
      0.04096,
      0.02253,
      0.33178,
      0.07885,
      0.02765
    ],
    "FlashAttention-2 (varlen)": [
      0.11059,
      0.04608,
      0.0471,
      0.25395,
      0.07066,
      0.05939
    ]
  },
  "p95": {
    "SDPA (math, padded)": [
      5.40752,
      2.61434,
      2.12378,
      10.77453,
      6.09792,
      4.04582
    ],
    "SDPA (efficient, padded)": [
      2.10947,
      1.93642,
      1.91283,
      4.13482,
      4.1472,
      3.56342
    ],
    "SDPA (flash, padded)": [
      1.98861,
      1.88653,
      1.81872,
      3.94035,
      3.65914,
      3.57683
    ],
    "NestedTensor + SDPA": [
      9.26413,
      9.1657,
      9.17197,
      17.68851,
      17.52963,
      17.22067
    ],
    "Triton Ragged (ours)": [
      0.13722,
      0.04301,
      0.02458,
      0.34714,
      0.07987,
      0.02867
    ],
    "FlashAttention-2 (varlen)": [
      0.11571,
      0.05018,
      0.0512,
      0.27136,
      0.0727,
      0.06144
    ]
  }
}