{
  "gpu": "NVIDIA RTX 4000 Ada Generation",
  "sm": "SM89",
  "timing": "cuda_events_median_ms",
  "warmup": 50,
  "jit_warmup": 150,
  "iters": 300,
  "configs": [
    "BS=32, 0% pruned",
    "BS=32, 50% pruned",
    "BS=32, 80% pruned",
    "BS=64, 0% pruned",
    "BS=64, 50% pruned",
    "BS=64, 80% pruned"
  ],
  "kernels": {
    "SDPA (math, padded)": [
      5.38632,
      2.56512,
      2.0736,
      10.62098,
      5.68678,
      4.0561
    ],
    "SDPA (efficient, padded)": [
      2.24355,
      1.8901,
      1.82989,
      4.16506,
      3.76013,
      3.56864
    ],
    "SDPA (flash, padded)": [
      2.11462,
      1.84627,
      1.87238,
      3.97306,
      3.92894,
      3.59966
    ],
    "NestedTensor + SDPA": [
      9.24955,
      9.14534,
      9.13766,
      17.43974,
      17.29746,
      17.10234
    ],
    "Triton Ragged (ours)": [
      0.13619,
      0.04198,
      0.02355,
      0.34304,
      0.07987,
      0.02765
    ],
    "FlashAttention-2 (varlen)": [
      0.11162,
      0.05325,
      0.05325,
      0.26642,
      0.07106,
      0.06042
    ]
  },
  "p5": {
    "SDPA (math, padded)": [
      5.32378,
      2.53235,
      2.06467,
      10.58285,
      5.66374,
      4.03619
    ],
    "SDPA (efficient, padded)": [
      2.21174,
      1.85754,
      1.82243,
      4.14822,
      3.74067,
      3.50515
    ],
    "SDPA (flash, padded)": [
      2.08202,
      1.83974,
      1.82374,
      3.95776,
      3.87994,
      3.5847
    ],
    "NestedTensor + SDPA": [
      9.18736,
      9.07968,
      9.03923,
      17.19296,
      17.13165,
      16.96032
    ],
    "Triton Ragged (ours)": [
      0.13517,
      0.04096,
      0.02253,
      0.33178,
      0.07885,
      0.02765
    ],
    "FlashAttention-2 (varlen)": [
      0.11059,
      0.0512,
      0.0512,
      0.25498,
      0.07066,
      0.05939
    ]
  },
  "p95": {
    "SDPA (math, padded)": [
      5.43533,
      2.63987,
      2.14954,
      10.66906,
      5.78464,
      4.93952
    ],
    "SDPA (efficient, padded)": [
      2.26192,
      1.92099,
      1.83939,
      4.30371,
      4.01818,
      3.70765
    ],
    "SDPA (flash, padded)": [
      2.14733,
      1.85754,
      1.90563,
      3.99152,
      4.0489,
      3.7335
    ],
    "NestedTensor + SDPA": [
      9.46381,
      9.25299,
      9.6897,
      18.33782,
      18.13693,
      17.94445
    ],
    "Triton Ragged (ours)": [
      0.13722,
      0.04301,
      0.02458,
      0.34634,
      0.07987,
      0.02867
    ],
    "FlashAttention-2 (varlen)": [
      0.11264,
      0.0553,
      0.0553,
      0.27034,
      0.07184,
      0.06144
    ]
  }
}