{
  "gpu": "NVIDIA RTX 4000 Ada Generation",
  "sm": "SM89",
  "timing": "cuda_events_median_ms",
  "warmup": 50,
  "jit_warmup": 150,
  "iters": 300,
  "configs": [
    "BS=32, 0% pruned",
    "BS=32, 50% pruned",
    "BS=32, 80% pruned",
    "BS=64, 0% pruned",
    "BS=64, 50% pruned",
    "BS=64, 80% pruned"
  ],
  "kernels": {
    "SDPA (math, padded)": [
      5.33853,
      2.62986,
      2.06336,
      10.60853,
      5.69088,
      4.05736
    ],
    "SDPA (efficient, padded)": [
      2.23427,
      1.88917,
      1.82682,
      4.14922,
      3.75483,
      3.5561
    ],
    "SDPA (flash, padded)": [
      2.12155,
      1.84214,
      1.79098,
      3.95085,
      3.69218,
      3.58667
    ],
    "NestedTensor + SDPA": [
      8.75091,
      8.6927,
      8.66296,
      16.68534,
      16.31848,
      16.28322
    ],
    "Triton Ragged (ours)": [
      0.13619,
      0.04198,
      0.02355,
      0.34304,
      0.07914,
      0.02765
    ],
    "FlashAttention-2 (varlen)": [
      0.11162,
      0.0471,
      0.04608,
      0.25805,
      0.07168,
      0.06042
    ]
  },
  "p5": {
    "SDPA (math, padded)": [
      5.2992,
      2.55181,
      2.04384,
      10.52154,
      5.66374,
      4.0409
    ],
    "SDPA (efficient, padded)": [
      2.20477,
      1.8511,
      1.7903,
      4.12864,
      3.69642,
      3.54406
    ],
    "SDPA (flash, padded)": [
      2.10739,
      1.83091,
      1.784,
      3.89181,
      3.67718,
      3.56966
    ],
    "NestedTensor + SDPA": [
      8.68784,
      8.52752,
      8.45341,
      16.52358,
      15.97645,
      15.88326
    ],
    "Triton Ragged (ours)": [
      0.13517,
      0.04096,
      0.02253,
      0.33178,
      0.07885,
      0.02662
    ],
    "FlashAttention-2 (varlen)": [
      0.11059,
      0.04608,
      0.04506,
      0.256,
      0.07066,
      0.05939
    ]
  },
  "p95": {
    "SDPA (math, padded)": [
      5.42413,
      2.70224,
      2.07264,
      10.72947,
      5.81427,
      4.18486
    ],
    "SDPA (efficient, padded)": [
      2.24675,
      1.91654,
      1.83782,
      4.28154,
      3.7704,
      3.69635
    ],
    "SDPA (flash, padded)": [
      2.1903,
      1.89341,
      1.82192,
      4.05606,
      3.84,
      3.71712
    ],
    "NestedTensor + SDPA": [
      9.1359,
      8.98765,
      8.83267,
      17.7089,
      16.46893,
      17.17469
    ],
    "Triton Ragged (ours)": [
      0.13722,
      0.04301,
      0.02458,
      0.34611,
      0.07987,
      0.028
    ],
    "FlashAttention-2 (varlen)": [
      0.11264,
      0.05018,
      0.04915,
      0.26829,
      0.07187,
      0.06144
    ]
  }
}