{
  "gpu": "NVIDIA RTX 4000 Ada Generation",
  "sm": "SM89",
  "timing": "cuda_events_median_ms",
  "warmup": 50,
  "jit_warmup": 150,
  "iters": 300,
  "configs": [
    "BS=32, 0% pruned",
    "BS=32, 50% pruned",
    "BS=32, 80% pruned",
    "BS=64, 0% pruned",
    "BS=64, 50% pruned",
    "BS=64, 80% pruned"
  ],
  "kernels": {
    "SDPA (math, padded)": [
      5.34683,
      2.65523,
      2.15667,
      10.67888,
      5.92643,
      4.07344
    ],
    "SDPA (efficient, padded)": [
      2.14952,
      1.91542,
      1.91062,
      4.31782,
      3.9127,
      3.59117
    ],
    "SDPA (flash, padded)": [
      2.07774,
      1.82462,
      1.91386,
      4.13491,
      3.83923,
      3.60285
    ],
    "NestedTensor + SDPA": [
      9.25019,
      9.58118,
      9.14741,
      17.50166,
      17.79,
      17.12144
    ],
    "Triton Ragged (ours)": [
      0.13722,
      0.04198,
      0.02355,
      0.34509,
      0.07987,
      0.02765
    ],
    "FlashAttention-2 (varlen)": [
      0.11264,
      0.0553,
      0.05325,
      0.25395,
      0.07168,
      0.06042
    ]
  },
  "p5": {
    "SDPA (math, padded)": [
      5.29709,
      2.58067,
      2.05517,
      10.62093,
      5.70477,
      4.05315
    ],
    "SDPA (efficient, padded)": [
      2.13811,
      1.90173,
      1.84115,
      4.18608,
      3.77344,
      3.57702
    ],
    "SDPA (flash, padded)": [
      2.0071,
      1.81274,
      1.84525,
      3.98861,
      3.69971,
      3.57786
    ],
    "NestedTensor + SDPA": [
      9.05933,
      9.08493,
      9.06762,
      17.25542,
      16.9535,
      16.85402
    ],
    "Triton Ragged (ours)": [
      0.13619,
      0.04096,
      0.02253,
      0.3369,
      0.07885,
      0.02662
    ],
    "FlashAttention-2 (varlen)": [
      0.11162,
      0.05427,
      0.0512,
      0.25293,
      0.07168,
      0.05939
    ]
  },
  "p95": {
    "SDPA (math, padded)": [
      5.40774,
      2.66867,
      2.2057,
      10.77974,
      6.7207,
      4.21443
    ],
    "SDPA (efficient, padded)": [
      2.22032,
      1.98861,
      1.96403,
      4.34694,
      3.93114,
      3.73555
    ],
    "SDPA (flash, padded)": [
      2.09203,
      1.89786,
      1.92819,
      4.22394,
      3.90384,
      3.78368
    ],
    "NestedTensor + SDPA": [
      9.70035,
      9.85997,
      9.74234,
      18.49565,
      18.41846,
      17.9712
    ],
    "Triton Ragged (ours)": [
      0.13926,
      0.04224,
      0.02458,
      0.34714,
      0.08013,
      0.02784
    ],
    "FlashAttention-2 (varlen)": [
      0.11366,
      0.05837,
      0.0553,
      0.26931,
      0.07293,
      0.06144
    ]
  }
}