{
  "gpu": "NVIDIA RTX 4000 Ada Generation",
  "sm": "SM89",
  "timing": "cuda_events_median_ms",
  "warmup": 50,
  "jit_warmup": 150,
  "iters": 300,
  "configs": [
    "BS=32, 0% pruned",
    "BS=32, 50% pruned",
    "BS=32, 80% pruned",
    "BS=64, 0% pruned",
    "BS=64, 50% pruned",
    "BS=64, 80% pruned"
  ],
  "kernels": {
    "SDPA (math, padded)": [
      5.3085,
      2.55422,
      2.06131,
      10.61074,
      5.67413,
      4.03661
    ],
    "SDPA (efficient, padded)": [
      2.10216,
      1.87998,
      1.8197,
      4.096,
      3.75317,
      3.78403
    ],
    "SDPA (flash, padded)": [
      1.97571,
      1.83496,
      1.88914,
      3.93914,
      3.66797,
      3.79301
    ],
    "NestedTensor + SDPA": [
      8.89754,
      9.21178,
      8.8064,
      16.83864,
      17.26464,
      16.45109
    ],
    "Triton Ragged (ours)": [
      0.13619,
      0.04198,
      0.02355,
      0.34509,
      0.07987,
      0.02765
    ],
    "FlashAttention-2 (varlen)": [
      0.11162,
      0.0512,
      0.0471,
      0.25395,
      0.07168,
      0.06042
    ]
  },
  "p5": {
    "SDPA (math, padded)": [
      5.23299,
      2.54464,
      2.0521,
      10.57773,
      5.63814,
      3.97757
    ],
    "SDPA (efficient, padded)": [
      2.09034,
      1.8688,
      1.81165,
      4.02432,
      3.73792,
      3.53997
    ],
    "SDPA (flash, padded)": [
      1.94342,
      1.82374,
      1.87834,
      3.87661,
      3.65328,
      3.73043
    ],
    "NestedTensor + SDPA": [
      8.81869,
      8.76931,
      8.62147,
      16.67456,
      16.56525,
      16.11674
    ],
    "Triton Ragged (ours)": [
      0.13517,
      0.04096,
      0.02253,
      0.33178,
      0.07885,
      0.02662
    ],
    "FlashAttention-2 (varlen)": [
      0.11059,
      0.05018,
      0.04608,
      0.25293,
      0.07066,
      0.05939
    ]
  },
  "p95": {
    "SDPA (math, padded)": [
      5.41379,
      2.57914,
      2.13811,
      10.71002,
      5.77741,
      4.05811
    ],
    "SDPA (efficient, padded)": [
      2.1681,
      1.94854,
      1.83178,
      4.25894,
      3.89306,
      3.92499
    ],
    "SDPA (flash, padded)": [
      1.98758,
      1.84522,
      1.93155,
      3.9679,
      3.80006,
      3.92566
    ],
    "NestedTensor + SDPA": [
      9.27334,
      9.45021,
      9.29997,
      17.64941,
      17.7903,
      17.56912
    ],
    "Triton Ragged (ours)": [
      0.13722,
      0.04301,
      0.02458,
      0.34714,
      0.07987,
      0.02784
    ],
    "FlashAttention-2 (varlen)": [
      0.11264,
      0.05427,
      0.05018,
      0.26931,
      0.07373,
      0.06144
    ]
  }
}