{
  "gpu": "NVIDIA RTX 4000 Ada Generation",
  "sm": "SM89",
  "timing": "cuda_events_median_ms",
  "warmup": 50,
  "jit_warmup": 150,
  "iters": 300,
  "configs": [
    "BS=32, 0% pruned",
    "BS=32, 50% pruned",
    "BS=32, 80% pruned",
    "BS=64, 0% pruned",
    "BS=64, 50% pruned",
    "BS=64, 80% pruned"
  ],
  "kernels": {
    "SDPA (math, padded)": [
      5.39176,
      2.63547,
      2.14216,
      10.74224,
      5.70763,
      4.06733
    ],
    "SDPA (efficient, padded)": [
      2.23411,
      1.95891,
      1.82789,
      4.17142,
      3.7161,
      3.57672
    ],
    "SDPA (flash, padded)": [
      2.03147,
      1.91566,
      1.83296,
      3.97466,
      3.70077,
      3.57478
    ],
    "NestedTensor + SDPA": [
      8.88414,
      8.78037,
      8.73408,
      17.41886,
      16.57594,
      16.39955
    ],
    "Triton Ragged (ours)": [
      0.13619,
      0.04198,
      0.0256,
      0.34434,
      0.07925,
      0.02765
    ],
    "FlashAttention-2 (varlen)": [
      0.11162,
      0.04813,
      0.05026,
      0.26829,
      0.07168,
      0.06144
    ]
  },
  "p5": {
    "SDPA (math, padded)": [
      5.32378,
      2.56512,
      2.06928,
      10.60352,
      5.66989,
      3.99974
    ],
    "SDPA (efficient, padded)": [
      2.19853,
      1.88704,
      1.76742,
      4.10387,
      3.69667,
      3.55773
    ],
    "SDPA (flash, padded)": [
      1.9537,
      1.90554,
      1.82682,
      3.90544,
      3.61267,
      3.49594
    ],
    "NestedTensor + SDPA": [
      8.76362,
      8.69174,
      8.6272,
      16.64717,
      16.32256,
      16.29594
    ],
    "Triton Ragged (ours)": [
      0.13517,
      0.04096,
      0.02458,
      0.3328,
      0.07885,
      0.02765
    ],
    "FlashAttention-2 (varlen)": [
      0.11059,
      0.04608,
      0.04813,
      0.25293,
      0.07066,
      0.06042
    ]
  },
  "p95": {
    "SDPA (math, padded)": [
      5.46602,
      2.64909,
      2.15373,
      10.83882,
      5.8337,
      4.94486
    ],
    "SDPA (efficient, padded)": [
      2.25382,
      1.968,
      1.8687,
      4.30067,
      3.90861,
      3.73434
    ],
    "SDPA (flash, padded)": [
      2.12787,
      1.9544,
      1.84115,
      4.05194,
      3.75827,
      3.64554
    ],
    "NestedTensor + SDPA": [
      9.30506,
      9.21702,
      8.83814,
      17.93536,
      17.48787,
      17.31379
    ],
    "Triton Ragged (ours)": [
      0.13722,
      0.04224,
      0.02662,
      0.34714,
      0.07987,
      0.02867
    ],
    "FlashAttention-2 (varlen)": [
      0.11264,
      0.0512,
      0.05427,
      0.2697,
      0.07194,
      0.06154
    ]
  }
}