{
  "gpu": "NVIDIA RTX 4000 Ada Generation",
  "sm": "SM89",
  "timing": "cuda_events_median_ms",
  "warmup": 50,
  "jit_warmup": 150,
  "iters": 300,
  "configs": [
    "BS=32, 0% pruned",
    "BS=32, 50% pruned",
    "BS=32, 80% pruned",
    "BS=64, 0% pruned",
    "BS=64, 50% pruned",
    "BS=64, 80% pruned"
  ],
  "kernels": {
    "SDPA (math, padded)": [
      5.32544,
      2.59224,
      2.08234,
      10.82573,
      5.79946,
      4.0412
    ],
    "SDPA (efficient, padded)": [
      2.22717,
      2.00214,
      1.94458,
      4.52301,
      3.88133,
      3.57376
    ],
    "SDPA (flash, padded)": [
      2.10512,
      1.95584,
      1.9415,
      4.20125,
      3.67718,
      3.56302
    ],
    "NestedTensor + SDPA": [
      8.95488,
      8.92608,
      8.87893,
      17.01947,
      16.7539,
      16.62443
    ],
    "Triton Ragged (ours)": [
      0.13619,
      0.04198,
      0.0256,
      0.34202,
      0.07987,
      0.02765
    ],
    "FlashAttention-2 (varlen)": [
      0.11162,
      0.04813,
      0.05325,
      0.26726,
      0.07168,
      0.06042
    ]
  },
  "p5": {
    "SDPA (math, padded)": [
      5.29306,
      2.5201,
      2.05005,
      10.74995,
      5.6624,
      3.97434
    ],
    "SDPA (efficient, padded)": [
      2.21389,
      1.99302,
      1.92,
      4.37536,
      3.74682,
      3.53699
    ],
    "SDPA (flash, padded)": [
      2.09408,
      1.94374,
      1.90653,
      4.17491,
      3.60976,
      3.53267
    ],
    "NestedTensor + SDPA": [
      8.88806,
      8.71414,
      8.81578,
      16.74854,
      16.33178,
      16.4128
    ],
    "Triton Ragged (ours)": [
      0.13517,
      0.04096,
      0.02458,
      0.33075,
      0.07885,
      0.02765
    ],
    "FlashAttention-2 (varlen)": [
      0.11059,
      0.0471,
      0.0512,
      0.25293,
      0.07066,
      0.05955
    ]
  },
  "p95": {
    "SDPA (math, padded)": [
      5.37171,
      2.6665,
      2.16054,
      10.94966,
      5.87878,
      4.06221
    ],
    "SDPA (efficient, padded)": [
      2.24186,
      2.01933,
      2.01795,
      4.61597,
      3.96083,
      3.75706
    ],
    "SDPA (flash, padded)": [
      2.11763,
      2.02547,
      1.98336,
      4.3479,
      3.69283,
      3.77818
    ],
    "NestedTensor + SDPA": [
      9.37974,
      9.34605,
      9.34413,
      17.80842,
      17.70803,
      17.43386
    ],
    "Triton Ragged (ours)": [
      0.13722,
      0.04301,
      0.02662,
      0.34406,
      0.07987,
      0.02867
    ],
    "FlashAttention-2 (varlen)": [
      0.12122,
      0.0512,
      0.05635,
      0.26829,
      0.0719,
      0.06144
    ]
  }
}