{
  "gpu": "NVIDIA RTX 4000 Ada Generation",
  "sm": "SM89",
  "timing": "cuda_events_median_ms",
  "warmup": 50,
  "jit_warmup": 150,
  "iters": 300,
  "configs": [
    "BS=32, 0% pruned",
    "BS=32, 50% pruned",
    "BS=32, 80% pruned",
    "BS=64, 0% pruned",
    "BS=64, 50% pruned",
    "BS=64, 80% pruned"
  ],
  "kernels": {
    "SDPA (math, padded)": [
      5.33299,
      2.56358,
      2.07626,
      10.61034,
      5.69253,
      4.03157
    ],
    "SDPA (efficient, padded)": [
      2.10928,
      1.87926,
      1.79302,
      4.12877,
      3.75274,
      3.536
    ],
    "SDPA (flash, padded)": [
      1.9837,
      1.8135,
      1.82414,
      3.9475,
      3.73966,
      3.55522
    ],
    "NestedTensor + SDPA": [
      8.96466,
      8.88013,
      8.86675,
      16.94522,
      16.88528,
      16.54165
    ],
    "Triton Ragged (ours)": [
      0.13619,
      0.04198,
      0.02458,
      0.34406,
      0.07987,
      0.02765
    ],
    "FlashAttention-2 (varlen)": [
      0.11162,
      0.05325,
      0.05222,
      0.25498,
      0.07168,
      0.06069
    ]
  },
  "p5": {
    "SDPA (math, padded)": [
      5.31654,
      2.51696,
      2.06029,
      10.57178,
      5.64122,
      3.96698
    ],
    "SDPA (efficient, padded)": [
      2.0801,
      1.87171,
      1.78189,
      4.06026,
      3.69581,
      3.51258
    ],
    "SDPA (flash, padded)": [
      1.97325,
      1.80224,
      1.81686,
      3.88096,
      3.66867,
      3.5392
    ],
    "NestedTensor + SDPA": [
      8.87808,
      8.79718,
      8.76646,
      16.73216,
      16.61814,
      16.3072
    ],
    "Triton Ragged (ours)": [
      0.13517,
      0.04096,
      0.02371,
      0.33382,
      0.07885,
      0.02765
    ],
    "FlashAttention-2 (varlen)": [
      0.11059,
      0.05222,
      0.05018,
      0.25293,
      0.07066,
      0.06042
    ]
  },
  "p95": {
    "SDPA (math, padded)": [
      5.36678,
      2.63507,
      2.14426,
      10.73488,
      5.77843,
      4.60288
    ],
    "SDPA (efficient, padded)": [
      2.17802,
      1.88826,
      1.82477,
      4.15654,
      3.76422,
      3.54816
    ],
    "SDPA (flash, padded)": [
      2.05619,
      1.83501,
      1.89747,
      3.9663,
      3.87968,
      3.69075
    ],
    "NestedTensor + SDPA": [
      9.38269,
      9.27523,
      9.29088,
      17.76742,
      17.95789,
      17.26054
    ],
    "Triton Ragged (ours)": [
      0.13722,
      0.04301,
      0.02662,
      0.34714,
      0.07987,
      0.02867
    ],
    "FlashAttention-2 (varlen)": [
      0.11264,
      0.05632,
      0.0553,
      0.27034,
      0.07475,
      0.06144
    ]
  }
}