{
  "gpu": "NVIDIA RTX 4000 Ada Generation",
  "sm": "SM89",
  "timing": "cuda_events_median_ms",
  "warmup": 50,
  "jit_warmup": 150,
  "iters": 300,
  "configs": [
    "BS=32, 0% pruned",
    "BS=32, 50% pruned",
    "BS=32, 80% pruned",
    "BS=64, 0% pruned",
    "BS=64, 50% pruned",
    "BS=64, 80% pruned"
  ],
  "kernels": {
    "SDPA (math, padded)": [
      5.35091,
      2.68698,
      2.09712,
      10.89891,
      5.85138,
      4.18824
    ],
    "SDPA (efficient, padded)": [
      2.10637,
      1.94645,
      1.96813,
      4.44006,
      4.04526,
      3.8441
    ],
    "SDPA (flash, padded)": [
      2.13251,
      1.98027,
      1.96506,
      4.24606,
      3.96694,
      3.84922
    ],
    "NestedTensor + SDPA": [
      9.24979,
      9.12648,
      9.2416,
      17.58144,
      17.29997,
      17.12539
    ],
    "Triton Ragged (ours)": [
      0.13619,
      0.04198,
      0.02458,
      0.34304,
      0.07987,
      0.02765
    ],
    "FlashAttention-2 (varlen)": [
      0.11162,
      0.05325,
      0.05018,
      0.2601,
      0.07091,
      0.06042
    ]
  },
  "p5": {
    "SDPA (math, padded)": [
      5.28387,
      2.60608,
      2.0695,
      10.81747,
      5.7897,
      4.14208
    ],
    "SDPA (efficient, padded)": [
      2.09277,
      1.86266,
      1.9241,
      4.4247,
      4.03046,
      3.76934
    ],
    "SDPA (flash, padded)": [
      2.09795,
      1.97043,
      1.93126,
      4.18813,
      3.8976,
      3.83206
    ],
    "NestedTensor + SDPA": [
      9.1431,
      8.99379,
      9.06464,
      17.31482,
      17.07315,
      16.8233
    ],
    "Triton Ragged (ours)": [
      0.13517,
      0.04096,
      0.02355,
      0.33178,
      0.07885,
      0.02662
    ],
    "FlashAttention-2 (varlen)": [
      0.11059,
      0.05018,
      0.04813,
      0.25302,
      0.07066,
      0.05939
    ]
  },
  "p95": {
    "SDPA (math, padded)": [
      5.4119,
      2.73792,
      2.11485,
      10.98931,
      5.98426,
      4.35226
    ],
    "SDPA (efficient, padded)": [
      2.13811,
      2.03571,
      2.0439,
      4.47763,
      4.17002,
      3.99123
    ],
    "SDPA (flash, padded)": [
      2.14941,
      2.04902,
      1.97722,
      4.31309,
      3.98528,
      3.88198
    ],
    "NestedTensor + SDPA": [
      9.69338,
      9.54573,
      9.75978,
      18.35235,
      18.25088,
      18.31526
    ],
    "Triton Ragged (ours)": [
      0.13722,
      0.04234,
      0.0256,
      0.34714,
      0.07987,
      0.02781
    ],
    "FlashAttention-2 (varlen)": [
      0.11264,
      0.0553,
      0.05245,
      0.26931,
      0.07168,
      0.06144
    ]
  }
}