{
  "gpu": "NVIDIA RTX 4000 Ada Generation",
  "sm": "SM89",
  "timing": "cuda_events_median_ms",
  "warmup": 50,
  "jit_warmup": 150,
  "iters": 300,
  "configs": [
    "BS=32, 0% pruned",
    "BS=32, 50% pruned",
    "BS=32, 80% pruned",
    "BS=64, 0% pruned",
    "BS=64, 50% pruned",
    "BS=64, 80% pruned"
  ],
  "kernels": {
    "SDPA (math, padded)": [
      5.37326,
      2.69517,
      2.09618,
      10.8651,
      5.81861,
      4.06838
    ],
    "SDPA (efficient, padded)": [
      2.24968,
      2.01677,
      1.95891,
      4.4263,
      3.76941,
      3.57608
    ],
    "SDPA (flash, padded)": [
      2.13242,
      1.92802,
      1.95806,
      4.22094,
      3.7057,
      3.62832
    ],
    "NestedTensor + SDPA": [
      8.88627,
      8.83094,
      8.79947,
      16.84826,
      16.64192,
      16.52976
    ],
    "Triton Ragged (ours)": [
      0.13619,
      0.04198,
      0.02355,
      0.34406,
      0.07987,
      0.02765
    ],
    "FlashAttention-2 (varlen)": [
      0.11162,
      0.04822,
      0.04813,
      0.26829,
      0.07168,
      0.06042
    ]
  },
  "p5": {
    "SDPA (math, padded)": [
      5.31149,
      2.62042,
      2.08275,
      10.53696,
      5.68115,
      4.03622
    ],
    "SDPA (efficient, padded)": [
      2.23334,
      2.00397,
      1.94938,
      4.40032,
      3.75603,
      3.56045
    ],
    "SDPA (flash, padded)": [
      2.11558,
      1.80429,
      1.94848,
      4.20045,
      3.68435,
      3.58605
    ],
    "NestedTensor + SDPA": [
      8.72038,
      8.64765,
      8.72755,
      16.7001,
      16.21907,
      16.16179
    ],
    "Triton Ragged (ours)": [
      0.13517,
      0.04096,
      0.02253,
      0.3328,
      0.07885,
      0.02662
    ],
    "FlashAttention-2 (varlen)": [
      0.11059,
      0.0471,
      0.0471,
      0.25293,
      0.07066,
      0.05939
    ]
  },
  "p95": {
    "SDPA (math, padded)": [
      5.43539,
      2.71872,
      2.12787,
      11.01277,
      5.8481,
      4.11008
    ],
    "SDPA (efficient, padded)": [
      2.31936,
      2.02886,
      1.98246,
      4.56374,
      3.90333,
      3.7153
    ],
    "SDPA (flash, padded)": [
      2.2313,
      1.9753,
      2.02442,
      4.36237,
      3.84922,
      3.74755
    ],
    "NestedTensor + SDPA": [
      8.98442,
      9.2775,
      9.21523,
      17.83162,
      17.83712,
      17.3609
    ],
    "Triton Ragged (ours)": [
      0.13722,
      0.04301,
      0.02458,
      0.34714,
      0.07987,
      0.02787
    ],
    "FlashAttention-2 (varlen)": [
      0.11264,
      0.0512,
      0.0512,
      0.26938,
      0.07373,
      0.06144
    ]
  }
}