{
  "gpu": "NVIDIA RTX 4000 Ada Generation",
  "sm": "SM89",
  "timing": "cuda_events_median_ms",
  "warmup": 50,
  "jit_warmup": 150,
  "iters": 300,
  "configs": [
    "BS=32, 0% pruned",
    "BS=32, 50% pruned",
    "BS=32, 80% pruned",
    "BS=64, 0% pruned",
    "BS=64, 50% pruned",
    "BS=64, 80% pruned"
  ],
  "kernels": {
    "SDPA (math, padded)": [
      5.38419,
      2.62659,
      2.06328,
      10.72922,
      5.78046,
      4.04891
    ],
    "SDPA (efficient, padded)": [
      2.23542,
      1.97427,
      1.82477,
      4.15397,
      3.75194,
      3.56098
    ],
    "SDPA (flash, padded)": [
      2.10842,
      1.89235,
      1.81965,
      3.94978,
      3.72149,
      3.58251
    ],
    "NestedTensor + SDPA": [
      8.82698,
      8.77469,
      8.66965,
      16.80058,
      16.54069,
      16.46405
    ],
    "Triton Ragged (ours)": [
      0.13619,
      0.04198,
      0.02355,
      0.34202,
      0.07987,
      0.02765
    ],
    "FlashAttention-2 (varlen)": [
      0.11162,
      0.04915,
      0.04736,
      0.25299,
      0.07168,
      0.06042
    ]
  },
  "p5": {
    "SDPA (math, padded)": [
      5.31354,
      2.58538,
      2.05405,
      10.69149,
      5.65242,
      4.02944
    ],
    "SDPA (efficient, padded)": [
      2.22016,
      1.9375,
      1.77245,
      4.12467,
      3.73952,
      3.5433
    ],
    "SDPA (flash, padded)": [
      1.95805,
      1.82464,
      1.78176,
      3.86976,
      3.66899,
      3.49453
    ],
    "NestedTensor + SDPA": [
      8.66816,
      8.69171,
      8.49613,
      16.61274,
      16.36851,
      16.36454
    ],
    "Triton Ragged (ours)": [
      0.13517,
      0.04131,
      0.02253,
      0.33178,
      0.07885,
      0.02662
    ],
    "FlashAttention-2 (varlen)": [
      0.11059,
      0.04749,
      0.04608,
      0.2519,
      0.07066,
      0.05939
    ]
  },
  "p95": {
    "SDPA (math, padded)": [
      5.42618,
      2.64909,
      2.13472,
      10.80832,
      5.82486,
      4.19021
    ],
    "SDPA (efficient, padded)": [
      2.25075,
      1.98963,
      1.85958,
      4.34893,
      3.88198,
      3.69869
    ],
    "SDPA (flash, padded)": [
      2.1248,
      1.9376,
      1.82886,
      4.08797,
      3.8185,
      3.71507
    ],
    "NestedTensor + SDPA": [
      9.29898,
      9.18218,
      8.7776,
      17.58413,
      17.32304,
      17.19693
    ],
    "Triton Ragged (ours)": [
      0.13722,
      0.04301,
      0.0256,
      0.34406,
      0.07997,
      0.02774
    ],
    "FlashAttention-2 (varlen)": [
      0.12214,
      0.0512,
      0.05018,
      0.26829,
      0.0727,
      0.06144
    ]
  }
}