{
  "gpu": "NVIDIA RTX 4000 Ada Generation",
  "sm": "SM89",
  "timing": "cuda_events_median_ms",
  "warmup": 50,
  "jit_warmup": 150,
  "iters": 300,
  "configs": [
    "BS=32, 0% pruned",
    "BS=32, 50% pruned",
    "BS=32, 80% pruned",
    "BS=64, 0% pruned",
    "BS=64, 50% pruned",
    "BS=64, 80% pruned"
  ],
  "kernels": {
    "SDPA (math, padded)": [
      5.2936,
      2.62042,
      2.15997,
      10.59707,
      5.78142,
      4.20146
    ],
    "SDPA (efficient, padded)": [
      2.1807,
      2.01059,
      1.94784,
      4.13392,
      3.7477,
      3.78266
    ],
    "SDPA (flash, padded)": [
      2.05907,
      1.96314,
      1.94253,
      3.94254,
      3.67803,
      3.79595
    ],
    "NestedTensor + SDPA": [
      8.8576,
      8.80587,
      8.75642,
      16.69006,
      16.50317,
      16.41254
    ],
    "Triton Ragged (ours)": [
      0.13619,
      0.04198,
      0.02355,
      0.34304,
      0.07987,
      0.02765
    ],
    "FlashAttention-2 (varlen)": [
      0.11162,
      0.04813,
      0.0471,
      0.26624,
      0.07168,
      0.06042
    ]
  },
  "p5": {
    "SDPA (math, padded)": [
      5.2591,
      2.5935,
      2.07645,
      10.51098,
      5.65142,
      4.1247
    ],
    "SDPA (efficient, padded)": [
      2.10534,
      1.9968,
      1.93741,
      4.06947,
      3.73418,
      3.70509
    ],
    "SDPA (flash, padded)": [
      1.98963,
      1.94902,
      1.90848,
      3.92294,
      3.66211,
      3.78163
    ],
    "NestedTensor + SDPA": [
      8.79133,
      8.72448,
      8.66202,
      16.58266,
      16.34445,
      16.27248
    ],
    "Triton Ragged (ours)": [
      0.13517,
      0.04096,
      0.02253,
      0.33178,
      0.07885,
      0.02662
    ],
    "FlashAttention-2 (varlen)": [
      0.11059,
      0.0471,
      0.04608,
      0.25498,
      0.07066,
      0.05939
    ]
  },
  "p95": {
    "SDPA (math, padded)": [
      5.35654,
      2.69824,
      2.19341,
      10.6537,
      5.82333,
      4.25386
    ],
    "SDPA (efficient, padded)": [
      2.21974,
      2.08387,
      1.95715,
      4.15216,
      3.80112,
      3.94358
    ],
    "SDPA (flash, padded)": [
      2.07149,
      2.03366,
      1.95482,
      4.08675,
      3.81318,
      3.94438
    ],
    "NestedTensor + SDPA": [
      9.28269,
      9.22419,
      11.40803,
      17.43264,
      17.16429,
      17.23942
    ],
    "Triton Ragged (ours)": [
      0.13722,
      0.04301,
      0.02458,
      0.34611,
      0.07994,
      0.02778
    ],
    "FlashAttention-2 (varlen)": [
      0.11264,
      0.0512,
      0.05018,
      0.27136,
      0.0727,
      0.06144
    ]
  }
}