{
  "gpu": "NVIDIA RTX 4000 Ada Generation",
  "sm": "SM89",
  "timing": "cuda_events_median_ms",
  "warmup": 50,
  "jit_warmup": 150,
  "iters": 300,
  "configs": [
    "BS=32, 0% pruned",
    "BS=32, 50% pruned",
    "BS=32, 80% pruned",
    "BS=64, 0% pruned",
    "BS=64, 50% pruned",
    "BS=64, 80% pruned"
  ],
  "kernels": {
    "SDPA (math, padded)": [
      5.35552,
      2.5847,
      2.11101,
      10.65574,
      5.84485,
      4.08678
    ],
    "SDPA (efficient, padded)": [
      2.18413,
      1.95749,
      1.95883,
      4.18202,
      3.78453,
      3.73541
    ],
    "SDPA (flash, padded)": [
      2.00424,
      1.9725,
      1.84146,
      3.98891,
      3.71136,
      3.7436
    ],
    "NestedTensor + SDPA": [
      9.25171,
      9.24712,
      9.13838,
      17.48064,
      17.22976,
      17.18229
    ],
    "Triton Ragged (ours)": [
      0.13619,
      0.04198,
      0.02355,
      0.34406,
      0.07987,
      0.02765
    ],
    "FlashAttention-2 (varlen)": [
      0.11366,
      0.0553,
      0.05427,
      0.25395,
      0.07168,
      0.06042
    ]
  },
  "p5": {
    "SDPA (math, padded)": [
      5.28147,
      2.57341,
      2.09306,
      10.60653,
      5.70093,
      4.06835
    ],
    "SDPA (efficient, padded)": [
      2.11562,
      1.90182,
      1.93638,
      4.1071,
      3.73862,
      3.6601
    ],
    "SDPA (flash, padded)": [
      1.96915,
      1.96403,
      1.83414,
      3.9751,
      3.69574,
      3.60266
    ],
    "NestedTensor + SDPA": [
      9.12691,
      9.16275,
      9.03578,
      17.32275,
      16.86656,
      16.94694
    ],
    "Triton Ragged (ours)": [
      0.13517,
      0.04096,
      0.02253,
      0.33178,
      0.07885,
      0.02662
    ],
    "FlashAttention-2 (varlen)": [
      0.11059,
      0.05325,
      0.05222,
      0.25293,
      0.07066,
      0.05939
    ]
  },
  "p95": {
    "SDPA (math, padded)": [
      5.39654,
      2.6592,
      2.18534,
      10.76634,
      5.92163,
      4.23526
    ],
    "SDPA (efficient, padded)": [
      2.19686,
      2.02752,
      1.97222,
      4.33037,
      3.92294,
      3.81949
    ],
    "SDPA (flash, padded)": [
      2.11011,
      1.98723,
      1.90771,
      4.00589,
      3.72531,
      3.82506
    ],
    "NestedTensor + SDPA": [
      9.72595,
      9.69933,
      9.58733,
      18.33574,
      17.38854,
      18.07565
    ],
    "Triton Ragged (ours)": [
      0.13722,
      0.04243,
      0.02458,
      0.34714,
      0.07987,
      0.02787
    ],
    "FlashAttention-2 (varlen)": [
      0.11571,
      0.05747,
      0.05632,
      0.26931,
      0.0727,
      0.06144
    ]
  }
}