{
  "gpu": "NVIDIA RTX 4000 Ada Generation",
  "sm": "SM89",
  "timing": "cuda_events_median_ms",
  "warmup": 50,
  "jit_warmup": 150,
  "iters": 300,
  "configs": [
    "BS=32, 0% pruned",
    "BS=32, 50% pruned",
    "BS=32, 80% pruned",
    "BS=64, 0% pruned",
    "BS=64, 50% pruned",
    "BS=64, 80% pruned"
  ],
  "kernels": {
    "SDPA (math, padded)": [
      5.34944,
      2.64195,
      2.12789,
      10.84099,
      5.82602,
      4.11357
    ],
    "SDPA (efficient, padded)": [
      2.16933,
      1.88416,
      1.88259,
      4.39808,
      4.00371,
      3.80842
    ],
    "SDPA (flash, padded)": [
      1.94338,
      1.84938,
      1.97373,
      4.15422,
      3.92806,
      3.80157
    ],
    "NestedTensor + SDPA": [
      9.21038,
      8.726,
      8.71691,
      16.66856,
      16.45722,
      16.35317
    ],
    "Triton Ragged (ours)": [
      0.13619,
      0.04198,
      0.0248,
      0.34611,
      0.07987,
      0.02765
    ],
    "FlashAttention-2 (varlen)": [
      0.11162,
      0.05018,
      0.0512,
      0.26624,
      0.0727,
      0.06042
    ]
  },
  "p5": {
    "SDPA (math, padded)": [
      5.27901,
      2.57638,
      2.03469,
      10.75302,
      5.76186,
      4.06045
    ],
    "SDPA (efficient, padded)": [
      2.10352,
      1.87187,
      1.84218,
      4.3743,
      3.68128,
      3.7881
    ],
    "SDPA (flash, padded)": [
      1.93126,
      1.83398,
      1.93638,
      3.86432,
      3.696,
      3.47978
    ],
    "NestedTensor + SDPA": [
      8.82048,
      8.51866,
      8.48,
      16.55808,
      16.1536,
      16.23859
    ],
    "Triton Ragged (ours)": [
      0.13619,
      0.04128,
      0.02458,
      0.33587,
      0.07885,
      0.02662
    ],
    "FlashAttention-2 (varlen)": [
      0.11059,
      0.0471,
      0.04915,
      0.25293,
      0.07168,
      0.05939
    ]
  },
  "p95": {
    "SDPA (math, padded)": [
      5.37974,
      2.68208,
      2.17776,
      10.97824,
      5.92896,
      4.27597
    ],
    "SDPA (efficient, padded)": [
      2.20877,
      1.95482,
      1.95277,
      4.54144,
      4.02637,
      3.94342
    ],
    "SDPA (flash, padded)": [
      2.05005,
      1.90874,
      2.0224,
      4.33562,
      4.06426,
      3.82486
    ],
    "NestedTensor + SDPA": [
      9.37798,
      9.14557,
      9.26822,
      17.82067,
      17.26771,
      17.12947
    ],
    "Triton Ragged (ours)": [
      0.13722,
      0.04301,
      0.02662,
      0.34826,
      0.07987,
      0.02867
    ],
    "FlashAttention-2 (varlen)": [
      0.11571,
      0.05222,
      0.05427,
      0.26829,
      0.07373,
      0.06144
    ]
  }
}