{
  "gpu": "NVIDIA RTX 4000 Ada Generation",
  "sm": "SM89",
  "timing": "cuda_events_median_ms",
  "warmup": 50,
  "jit_warmup": 150,
  "iters": 300,
  "configs": [
    "BS=32, 0% pruned",
    "BS=32, 50% pruned",
    "BS=32, 80% pruned",
    "BS=64, 0% pruned",
    "BS=64, 50% pruned",
    "BS=64, 80% pruned"
  ],
  "kernels": {
    "SDPA (math, padded)": [
      5.37198,
      2.57024,
      2.0809,
      10.80302,
      5.72411,
      4.0663
    ],
    "SDPA (efficient, padded)": [
      2.21429,
      1.8857,
      1.95245,
      4.39493,
      3.90235,
      3.79381
    ],
    "SDPA (flash, padded)": [
      2.1151,
      1.8156,
      1.99782,
      4.21581,
      3.67696,
      3.81315
    ],
    "NestedTensor + SDPA": [
      8.92691,
      9.20525,
      8.77773,
      16.78422,
      16.64611,
      16.59675
    ],
    "Triton Ragged (ours)": [
      0.13619,
      0.04198,
      0.02355,
      0.34509,
      0.07987,
      0.02765
    ],
    "FlashAttention-2 (varlen)": [
      0.11163,
      0.04813,
      0.04813,
      0.26624,
      0.07168,
      0.06042
    ]
  },
  "p5": {
    "SDPA (math, padded)": [
      5.23901,
      2.55792,
      2.03846,
      10.75104,
      5.61744,
      3.98541
    ],
    "SDPA (efficient, padded)": [
      2.19107,
      1.87494,
      1.93216,
      4.06835,
      3.75974,
      3.68666
    ],
    "SDPA (flash, padded)": [
      2.10198,
      1.80326,
      1.9345,
      4.19328,
      3.60717,
      3.7888
    ],
    "NestedTensor + SDPA": [
      8.79923,
      8.76221,
      8.65702,
      16.63674,
      16.49242,
      16.34752
    ],
    "Triton Ragged (ours)": [
      0.13517,
      0.04096,
      0.02253,
      0.33178,
      0.07885,
      0.02662
    ],
    "FlashAttention-2 (varlen)": [
      0.11059,
      0.0471,
      0.0471,
      0.25293,
      0.07066,
      0.05939
    ]
  },
  "p95": {
    "SDPA (math, padded)": [
      5.46918,
      2.63987,
      2.10432,
      10.9056,
      5.81926,
      4.20336
    ],
    "SDPA (efficient, padded)": [
      2.30714,
      1.95613,
      2.02566,
      4.52915,
      4.1513,
      3.81738
    ],
    "SDPA (flash, padded)": [
      2.18109,
      1.84435,
      2.0224,
      4.35302,
      3.81952,
      3.83283
    ],
    "NestedTensor + SDPA": [
      9.54704,
      9.46678,
      8.85446,
      17.5872,
      16.8255,
      17.6681
    ],
    "Triton Ragged (ours)": [
      0.13722,
      0.04301,
      0.02458,
      0.34714,
      0.07987,
      0.02774
    ],
    "FlashAttention-2 (varlen)": [
      0.12083,
      0.05018,
      0.0503,
      0.27136,
      0.07411,
      0.06144
    ]
  }
}