{
  "gpu": "NVIDIA RTX 4000 Ada Generation",
  "sm": "SM89",
  "timing": "cuda_events_median_ms",
  "warmup": 50,
  "jit_warmup": 150,
  "iters": 300,
  "configs": [
    "BS=32, 0% pruned",
    "BS=32, 50% pruned",
    "BS=32, 80% pruned",
    "BS=64, 0% pruned",
    "BS=64, 50% pruned",
    "BS=64, 80% pruned"
  ],
  "kernels": {
    "SDPA (math, padded)": [
      5.39912,
      2.64757,
      2.0889,
      10.9335,
      5.82934,
      4.12166
    ],
    "SDPA (efficient, padded)": [
      2.22515,
      2.05832,
      1.87859,
      4.38682,
      3.99723,
      3.78378
    ],
    "SDPA (flash, padded)": [
      2.09715,
      2.01626,
      1.9331,
      4.20022,
      3.90464,
      3.73918
    ],
    "NestedTensor + SDPA": [
      8.86672,
      8.75862,
      8.81205,
      16.72294,
      17.21723,
      17.15434
    ],
    "Triton Ragged (ours)": [
      0.13619,
      0.04198,
      0.02355,
      0.34418,
      0.07925,
      0.02765
    ],
    "FlashAttention-2 (varlen)": [
      0.11176,
      0.0471,
      0.04726,
      0.26624,
      0.07139,
      0.06069
    ]
  },
  "p5": {
    "SDPA (math, padded)": [
      5.3033,
      2.5897,
      2.07155,
      10.78579,
      5.74752,
      4.08986
    ],
    "SDPA (efficient, padded)": [
      2.18899,
      1.98938,
      1.80525,
      4.31923,
      3.96496,
      3.76832
    ],
    "SDPA (flash, padded)": [
      2.06346,
      1.95482,
      1.82579,
      4.16746,
      3.74477,
      3.47229
    ],
    "NestedTensor + SDPA": [
      8.79309,
      8.69923,
      8.72323,
      16.35533,
      16.47795,
      16.32256
    ],
    "Triton Ragged (ours)": [
      0.13517,
      0.04106,
      0.02253,
      0.33178,
      0.07885,
      0.02765
    ],
    "FlashAttention-2 (varlen)": [
      0.11059,
      0.04506,
      0.04608,
      0.25293,
      0.07066,
      0.06042
    ]
  },
  "p95": {
    "SDPA (math, padded)": [
      5.4312,
      2.69414,
      2.16166,
      11.01328,
      5.91808,
      4.25645
    ],
    "SDPA (efficient, padded)": [
      2.26579,
      2.07469,
      2.00915,
      4.52314,
      4.12432,
      3.91565
    ],
    "SDPA (flash, padded)": [
      2.11251,
      2.0545,
      1.95056,
      4.32742,
      4.04582,
      3.93952
    ],
    "NestedTensor + SDPA": [
      9.29699,
      8.84314,
      9.19674,
      17.39878,
      17.75014,
      17.63549
    ],
    "Triton Ragged (ours)": [
      0.13722,
      0.04301,
      0.02458,
      0.34714,
      0.07987,
      0.02867
    ],
    "FlashAttention-2 (varlen)": [
      0.12083,
      0.04928,
      0.05018,
      0.26931,
      0.07187,
      0.06144
    ]
  }
}