{
  "gpu": "NVIDIA RTX 4000 Ada Generation",
  "sm": "SM89",
  "timing": "cuda_events_median_ms",
  "warmup": 50,
  "jit_warmup": 150,
  "iters": 300,
  "configs": [
    "BS=32, 0% pruned",
    "BS=32, 50% pruned",
    "BS=32, 80% pruned",
    "BS=64, 0% pruned",
    "BS=64, 50% pruned",
    "BS=64, 80% pruned"
  ],
  "kernels": {
    "SDPA (math, padded)": [
      5.3284,
      2.5987,
      2.14835,
      11.00902,
      5.84858,
      4.20216
    ],
    "SDPA (efficient, padded)": [
      2.20806,
      1.92195,
      1.9364,
      4.29734,
      3.966,
      3.7197
    ],
    "SDPA (flash, padded)": [
      2.04902,
      1.87701,
      1.86419,
      4.13286,
      3.83386,
      3.72541
    ],
    "NestedTensor + SDPA": [
      9.58718,
      9.57706,
      9.58557,
      18.24098,
      17.86622,
      17.85534
    ],
    "Triton Ragged (ours)": [
      0.13722,
      0.04198,
      0.0256,
      0.33725,
      0.07987,
      0.02765
    ],
    "FlashAttention-2 (varlen)": [
      0.11674,
      0.05632,
      0.05646,
      0.26638,
      0.0727,
      0.06042
    ]
  },
  "p5": {
    "SDPA (math, padded)": [
      5.25107,
      2.57114,
      2.0736,
      10.63936,
      5.70061,
      4.06221
    ],
    "SDPA (efficient, padded)": [
      2.09101,
      1.90874,
      1.85424,
      4.21562,
      3.7735,
      3.57382
    ],
    "SDPA (flash, padded)": [
      1.99901,
      1.86435,
      1.83574,
      4.05299,
      3.68947,
      3.58195
    ],
    "NestedTensor + SDPA": [
      9.20966,
      9.09046,
      9.11347,
      17.4159,
      17.1623,
      17.13728
    ],
    "Triton Ragged (ours)": [
      0.13619,
      0.04096,
      0.01536,
      0.33485,
      0.07885,
      0.02662
    ],
    "FlashAttention-2 (varlen)": [
      0.11264,
      0.05325,
      0.03379,
      0.25395,
      0.07168,
      0.05939
    ]
  },
  "p95": {
    "SDPA (math, padded)": [
      5.8583,
      3.13568,
      2.6839,
      11.40928,
      6.39683,
      4.72848
    ],
    "SDPA (efficient, padded)": [
      2.75037,
      2.48218,
      2.44838,
      4.88755,
      4.52736,
      4.3008
    ],
    "SDPA (flash, padded)": [
      2.59786,
      2.43814,
      2.34182,
      4.7239,
      4.39485,
      4.28157
    ],
    "NestedTensor + SDPA": [
      10.12618,
      10.04646,
      10.12941,
      18.97574,
      18.54592,
      18.53418
    ],
    "Triton Ragged (ours)": [
      0.14029,
      0.04301,
      0.02765,
      0.34918,
      0.07987,
      0.02784
    ],
    "FlashAttention-2 (varlen)": [
      0.11981,
      0.05837,
      0.06042,
      0.27136,
      0.07485,
      0.06144
    ]
  }
}