{
  "gpu": "NVIDIA RTX 4000 Ada Generation",
  "sm": "SM89",
  "timing": "cuda_events_median_ms",
  "warmup": 50,
  "jit_warmup": 150,
  "iters": 300,
  "configs": [
    "BS=32, 0% pruned",
    "BS=32, 50% pruned",
    "BS=32, 80% pruned",
    "BS=64, 0% pruned",
    "BS=64, 50% pruned",
    "BS=64, 80% pruned"
  ],
  "kernels": {
    "SDPA (math, padded)": [
      5.38434,
      2.55787,
      2.06976,
      10.64142,
      5.67746,
      4.17909
    ],
    "SDPA (efficient, padded)": [
      2.22578,
      1.88459,
      1.84832,
      4.14925,
      3.7652,
      3.57096
    ],
    "SDPA (flash, padded)": [
      1.9967,
      1.83822,
      1.82494,
      3.88902,
      3.71712,
      3.64328
    ],
    "NestedTensor + SDPA": [
      8.89709,
      8.83254,
      8.79416,
      16.80963,
      16.57971,
      16.49042
    ],
    "Triton Ragged (ours)": [
      0.13619,
      0.04198,
      0.02458,
      0.34509,
      0.07987,
      0.02765
    ],
    "FlashAttention-2 (varlen)": [
      0.11162,
      0.04738,
      0.05018,
      0.26522,
      0.07168,
      0.06042
    ]
  },
  "p5": {
    "SDPA (math, padded)": [
      5.27891,
      2.52387,
      2.03878,
      10.57584,
      5.65347,
      4.03558
    ],
    "SDPA (efficient, padded)": [
      2.21322,
      1.87098,
      1.77245,
      4.12659,
      3.7417,
      3.55088
    ],
    "SDPA (flash, padded)": [
      1.93696,
      1.8271,
      1.796,
      3.85882,
      3.65568,
      3.56234
    ],
    "NestedTensor + SDPA": [
      8.76534,
      8.75629,
      8.72858,
      16.67485,
      16.44883,
      16.35946
    ],
    "Triton Ragged (ours)": [
      0.13517,
      0.04125,
      0.02355,
      0.3328,
      0.07885,
      0.02662
    ],
    "FlashAttention-2 (varlen)": [
      0.11059,
      0.04608,
      0.04813,
      0.25293,
      0.07066,
      0.05939
    ]
  },
  "p95": {
    "SDPA (math, padded)": [
      5.45184,
      2.63782,
      2.1424,
      10.76653,
      5.81341,
      4.2057
    ],
    "SDPA (efficient, padded)": [
      2.24083,
      1.95478,
      1.89421,
      4.28851,
      3.89776,
      3.8656
    ],
    "SDPA (flash, padded)": [
      2.10739,
      1.90163,
      1.90131,
      3.96275,
      3.81325,
      3.72464
    ],
    "NestedTensor + SDPA": [
      9.28973,
      9.26707,
      9.27533,
      17.64573,
      17.38848,
      17.35987
    ],
    "Triton Ragged (ours)": [
      0.13722,
      0.04301,
      0.0256,
      0.34714,
      0.07987,
      0.02784
    ],
    "FlashAttention-2 (varlen)": [
      0.12288,
      0.05018,
      0.05325,
      0.26931,
      0.07475,
      0.06144
    ]
  }
}