{
  "gpu": "NVIDIA RTX 4000 Ada Generation",
  "sm": "SM89",
  "timing": "cuda_events_median_ms",
  "warmup": 50,
  "jit_warmup": 150,
  "iters": 300,
  "configs": [
    "BS=32, 0% pruned",
    "BS=32, 50% pruned",
    "BS=32, 80% pruned",
    "BS=64, 0% pruned",
    "BS=64, 50% pruned",
    "BS=64, 80% pruned"
  ],
  "kernels": {
    "SDPA (math, padded)": [
      5.39546,
      2.66018,
      2.09715,
      10.66603,
      5.84898,
      4.0992
    ],
    "SDPA (efficient, padded)": [
      2.32565,
      1.9069,
      1.85333,
      4.31267,
      3.9368,
      3.59475
    ],
    "SDPA (flash, padded)": [
      2.13606,
      1.85875,
      1.92704,
      3.99789,
      3.86653,
      3.7517
    ],
    "NestedTensor + SDPA": [
      9.25944,
      9.25064,
      9.16285,
      17.64259,
      17.36294,
      17.59706
    ],
    "Triton Ragged (ours)": [
      0.13619,
      0.04198,
      0.02355,
      0.34406,
      0.07987,
      0.02765
    ],
    "FlashAttention-2 (varlen)": [
      0.11162,
      0.05427,
      0.05427,
      0.26829,
      0.07168,
      0.06042
    ]
  },
  "p5": {
    "SDPA (math, padded)": [
      5.33299,
      2.5815,
      2.08896,
      10.61878,
      5.70266,
      4.08576
    ],
    "SDPA (efficient, padded)": [
      2.25075,
      1.8985,
      1.84454,
      4.17382,
      3.79626,
      3.53594
    ],
    "SDPA (flash, padded)": [
      2.12314,
      1.85107,
      1.85018,
      3.93718,
      3.83795,
      3.61251
    ],
    "NestedTensor + SDPA": [
      9.17107,
      9.14518,
      9.08579,
      17.4952,
      17.21366,
      17.19091
    ],
    "Triton Ragged (ours)": [
      0.13517,
      0.04096,
      0.02253,
      0.33178,
      0.07885,
      0.02662
    ],
    "FlashAttention-2 (varlen)": [
      0.11059,
      0.05325,
      0.05325,
      0.25293,
      0.07066,
      0.05939
    ]
  },
  "p95": {
    "SDPA (math, padded)": [
      5.48461,
      2.67366,
      2.17088,
      10.77382,
      5.87162,
      4.11648
    ],
    "SDPA (efficient, padded)": [
      2.34086,
      1.97802,
      1.93024,
      4.39616,
      4.01674,
      3.61616
    ],
    "SDPA (flash, padded)": [
      2.20877,
      1.86957,
      1.96928,
      4.012,
      3.94013,
      3.83475
    ],
    "NestedTensor + SDPA": [
      9.75155,
      9.85805,
      9.61946,
      18.85043,
      18.23949,
      18.52416
    ],
    "Triton Ragged (ours)": [
      0.13722,
      0.04301,
      0.02458,
      0.34714,
      0.0809,
      0.02784
    ],
    "FlashAttention-2 (varlen)": [
      0.12186,
      0.05734,
      0.05734,
      0.27136,
      0.07475,
      0.06144
    ]
  }
}