{
  "gpu": "NVIDIA RTX 4000 Ada Generation",
  "sm": "SM89",
  "timing": "cuda_events_median_ms",
  "warmup": 50,
  "jit_warmup": 150,
  "iters": 300,
  "configs": [
    "BS=32, 0% pruned",
    "BS=32, 50% pruned",
    "BS=32, 80% pruned",
    "BS=64, 0% pruned",
    "BS=64, 50% pruned",
    "BS=64, 80% pruned"
  ],
  "kernels": {
    "SDPA (math, padded)": [
      5.36989,
      2.60648,
      2.12256,
      10.82136,
      5.6791,
      4.07042
    ],
    "SDPA (efficient, padded)": [
      2.25469,
      1.8861,
      1.94571,
      4.37965,
      3.7632,
      3.57478
    ],
    "SDPA (flash, padded)": [
      2.13426,
      1.87083,
      2.00611,
      4.19104,
      3.68742,
      3.66917
    ],
    "NestedTensor + SDPA": [
      9.26912,
      9.45802,
      9.06974,
      17.84966,
      17.17955,
      17.03008
    ],
    "Triton Ragged (ours)": [
      0.13619,
      0.04198,
      0.02374,
      0.34406,
      0.07987,
      0.02765
    ],
    "FlashAttention-2 (varlen)": [
      0.11162,
      0.05427,
      0.0512,
      0.26739,
      0.07168,
      0.06042
    ]
  },
  "p5": {
    "SDPA (math, padded)": [
      5.30352,
      2.55795,
      2.10534,
      10.55744,
      5.66154,
      4.05414
    ],
    "SDPA (efficient, padded)": [
      2.23818,
      1.8793,
      1.93309,
      4.36838,
      3.69254,
      3.56339
    ],
    "SDPA (flash, padded)": [
      2.1216,
      1.80019,
      1.9367,
      4.17456,
      3.67104,
      3.55459
    ],
    "NestedTensor + SDPA": [
      9.16694,
      9.01978,
      8.96413,
      17.20218,
      16.80179,
      16.83344
    ],
    "Triton Ragged (ours)": [
      0.13517,
      0.04096,
      0.02355,
      0.3328,
      0.07885,
      0.02765
    ],
    "FlashAttention-2 (varlen)": [
      0.11059,
      0.0512,
      0.04947,
      0.25293,
      0.07066,
      0.05939
    ]
  },
  "p95": {
    "SDPA (math, padded)": [
      5.41798,
      3.03616,
      2.19955,
      10.97117,
      5.80915,
      4.21722
    ],
    "SDPA (efficient, padded)": [
      2.3248,
      1.89235,
      2.01728,
      4.39398,
      3.90774,
      3.71939
    ],
    "SDPA (flash, padded)": [
      2.20774,
      1.9201,
      2.02035,
      4.32538,
      3.70195,
      3.7335
    ],
    "NestedTensor + SDPA": [
      9.66355,
      9.55274,
      9.53878,
      18.39206,
      18.00294,
      17.82477
    ],
    "Triton Ragged (ours)": [
      0.13722,
      0.04227,
      0.0256,
      0.34714,
      0.0809,
      0.02867
    ],
    "FlashAttention-2 (varlen)": [
      0.12288,
      0.05734,
      0.05325,
      0.27136,
      0.0727,
      0.06144
    ]
  }
}