{
  "gpu": "NVIDIA RTX 4000 Ada Generation",
  "sm": "SM89",
  "timing": "cuda_events_median_ms",
  "warmup": 50,
  "jit_warmup": 150,
  "iters": 300,
  "configs": [
    "BS=32, 0% pruned",
    "BS=32, 50% pruned",
    "BS=32, 80% pruned",
    "BS=64, 0% pruned",
    "BS=64, 50% pruned",
    "BS=64, 80% pruned"
  ],
  "kernels": {
    "SDPA (math, padded)": [
      5.29806,
      2.57352,
      2.07074,
      10.74125,
      5.81616,
      4.1625
    ],
    "SDPA (efficient, padded)": [
      2.11299,
      1.89066,
      1.8321,
      4.1621,
      3.77734,
      3.81227
    ],
    "SDPA (flash, padded)": [
      2.05534,
      1.84429,
      1.83301,
      3.9729,
      3.68552,
      3.94136
    ],
    "NestedTensor + SDPA": [
      8.98354,
      8.90368,
      8.86922,
      16.88659,
      16.77322,
      16.67626
    ],
    "Triton Ragged (ours)": [
      0.13619,
      0.04198,
      0.02355,
      0.34304,
      0.07987,
      0.02765
    ],
    "FlashAttention-2 (varlen)": [
      0.11264,
      0.04813,
      0.04915,
      0.26931,
      0.07168,
      0.06042
    ]
  },
  "p5": {
    "SDPA (math, padded)": [
      5.25722,
      2.56422,
      2.03981,
      10.60966,
      5.67501,
      4.10451
    ],
    "SDPA (efficient, padded)": [
      2.09946,
      1.88413,
      1.82499,
      4.14826,
      3.75299,
      3.77837
    ],
    "SDPA (flash, padded)": [
      1.98726,
      1.83792,
      1.82682,
      3.95792,
      3.61798,
      3.81232
    ],
    "NestedTensor + SDPA": [
      8.86067,
      8.73779,
      8.79114,
      16.51014,
      16.64707,
      16.47693
    ],
    "Triton Ragged (ours)": [
      0.13517,
      0.04096,
      0.02253,
      0.33178,
      0.07885,
      0.02662
    ],
    "FlashAttention-2 (varlen)": [
      0.11059,
      0.0471,
      0.04813,
      0.25395,
      0.07066,
      0.05939
    ]
  },
  "p95": {
    "SDPA (math, padded)": [
      5.37488,
      2.63376,
      2.0841,
      11.03667,
      6.69178,
      4.31408
    ],
    "SDPA (efficient, padded)": [
      2.18342,
      1.90154,
      1.8585,
      4.29875,
      3.9129,
      3.95162
    ],
    "SDPA (flash, padded)": [
      2.06733,
      1.8593,
      1.89971,
      4.11635,
      3.70483,
      3.96493
    ],
    "NestedTensor + SDPA": [
      9.42784,
      9.30646,
      9.31363,
      17.85651,
      17.56467,
      17.51056
    ],
    "Triton Ragged (ours)": [
      0.13722,
      0.0423,
      0.0256,
      0.34509,
      0.07987,
      0.028
    ],
    "FlashAttention-2 (varlen)": [
      0.12493,
      0.05018,
      0.05222,
      0.27136,
      0.07475,
      0.06144
    ]
  }
}