{
  "gpu": "NVIDIA RTX 4000 Ada Generation",
  "sm": "SM89",
  "timing": "cuda_events_median_ms",
  "warmup": 50,
  "jit_warmup": 150,
  "iters": 300,
  "configs": [
    "BS=32, 0% pruned",
    "BS=32, 50% pruned",
    "BS=32, 80% pruned",
    "BS=64, 0% pruned",
    "BS=64, 50% pruned",
    "BS=64, 80% pruned"
  ],
  "kernels": {
    "SDPA (math, padded)": [
      5.36166,
      2.65509,
      2.16478,
      10.98866,
      5.8425,
      4.2411
    ],
    "SDPA (efficient, padded)": [
      2.20658,
      1.97642,
      1.90859,
      4.21613,
      3.9284,
      3.82146
    ],
    "SDPA (flash, padded)": [
      2.02035,
      1.92162,
      1.91515,
      4.02637,
      3.8501,
      3.96902
    ],
    "NestedTensor + SDPA": [
      9.42069,
      9.2928,
      9.31122,
      17.6379,
      17.34387,
      17.34946
    ],
    "Triton Ragged (ours)": [
      0.13722,
      0.04198,
      0.02458,
      0.34202,
      0.07987,
      0.02765
    ],
    "FlashAttention-2 (varlen)": [
      0.11498,
      0.05325,
      0.0512,
      0.26666,
      0.07168,
      0.06042
    ]
  },
  "p5": {
    "SDPA (math, padded)": [
      5.25706,
      2.58048,
      2.08486,
      10.67008,
      5.69488,
      4.01715
    ],
    "SDPA (efficient, padded)": [
      2.13232,
      1.89933,
      1.83578,
      4.1209,
      3.7816,
      3.62192
    ],
    "SDPA (flash, padded)": [
      2.00333,
      1.85341,
      1.83798,
      3.99498,
      3.70304,
      3.81235
    ],
    "NestedTensor + SDPA": [
      8.92096,
      8.8279,
      8.8808,
      16.98304,
      16.70118,
      16.6185
    ],
    "Triton Ragged (ours)": [
      0.13619,
      0.04138,
      0.01536,
      0.33792,
      0.07885,
      0.02765
    ],
    "FlashAttention-2 (varlen)": [
      0.11264,
      0.05018,
      0.03379,
      0.25293,
      0.07066,
      0.05974
    ]
  },
  "p95": {
    "SDPA (math, padded)": [
      5.92682,
      3.16826,
      2.69315,
      11.41546,
      6.44102,
      4.78534
    ],
    "SDPA (efficient, padded)": [
      2.74125,
      2.50573,
      2.42208,
      4.83123,
      4.47488,
      4.41158
    ],
    "SDPA (flash, padded)": [
      2.58954,
      2.45904,
      2.4105,
      4.6272,
      4.3776,
      4.52016
    ],
    "NestedTensor + SDPA": [
      9.93376,
      9.82042,
      9.74368,
      18.18307,
      18.02445,
      18.12483
    ],
    "Triton Ragged (ours)": [
      0.1416,
      0.04301,
      0.02662,
      0.34714,
      0.08192,
      0.02867
    ],
    "FlashAttention-2 (varlen)": [
      0.11878,
      0.05654,
      0.0553,
      0.27136,
      0.0759,
      0.06144
    ]
  }
}