{
  "gpu": "NVIDIA RTX 4000 Ada Generation",
  "sm": "SM89",
  "timing": "cuda_events_median_ms",
  "warmup": 50,
  "jit_warmup": 150,
  "iters": 300,
  "configs": [
    "BS=32, 0% pruned",
    "BS=32, 50% pruned",
    "BS=32, 80% pruned",
    "BS=64, 0% pruned",
    "BS=64, 50% pruned",
    "BS=64, 80% pruned"
  ],
  "kernels": {
    "SDPA (math, padded)": [
      5.38091,
      2.582,
      2.08691,
      10.64846,
      5.7365,
      4.21453
    ],
    "SDPA (efficient, padded)": [
      2.31304,
      1.89864,
      1.86328,
      4.30315,
      3.89666,
      3.72326
    ],
    "SDPA (flash, padded)": [
      2.13094,
      1.85018,
      1.84504,
      4.0396,
      3.70381,
      3.60845
    ],
    "NestedTensor + SDPA": [
      9.29128,
      9.1864,
      9.15592,
      17.45397,
      17.22163,
      17.16834
    ],
    "Triton Ragged (ours)": [
      0.13619,
      0.04198,
      0.0256,
      0.34202,
      0.07987,
      0.02765
    ],
    "FlashAttention-2 (varlen)": [
      0.11162,
      0.05034,
      0.05222,
      0.25312,
      0.07168,
      0.06042
    ]
  },
  "p5": {
    "SDPA (math, padded)": [
      5.32378,
      2.57229,
      2.07891,
      10.61069,
      5.6727,
      4.07677
    ],
    "SDPA (efficient, padded)": [
      2.23632,
      1.89037,
      1.79507,
      4.16579,
      3.69363,
      3.71302
    ],
    "SDPA (flash, padded)": [
      2.10944,
      1.84202,
      1.83536,
      3.90544,
      3.61974,
      3.50803
    ],
    "NestedTensor + SDPA": [
      9.19245,
      9.11386,
      9.08288,
      17.09981,
      16.80758,
      16.73382
    ],
    "Triton Ragged (ours)": [
      0.13517,
      0.04112,
      0.02397,
      0.33178,
      0.07885,
      0.02662
    ],
    "FlashAttention-2 (varlen)": [
      0.11059,
      0.04915,
      0.0512,
      0.2519,
      0.07066,
      0.05939
    ]
  },
  "p95": {
    "SDPA (math, padded)": [
      5.45178,
      2.65523,
      2.09654,
      10.77043,
      5.79904,
      4.27798
    ],
    "SDPA (efficient, padded)": [
      2.35622,
      1.97222,
      1.92163,
      4.32272,
      3.9936,
      3.73594
    ],
    "SDPA (flash, padded)": [
      2.2015,
      1.86147,
      1.91693,
      4.24947,
      3.83117,
      3.8144
    ],
    "NestedTensor + SDPA": [
      9.73005,
      9.24854,
      9.62864,
      18.26509,
      17.97632,
      18.05514
    ],
    "Triton Ragged (ours)": [
      0.13722,
      0.04301,
      0.02662,
      0.34406,
      0.07987,
      0.02784
    ],
    "FlashAttention-2 (varlen)": [
      0.11264,
      0.05325,
      0.0553,
      0.26867,
      0.07373,
      0.06144
    ]
  }
}