{
  "gpu": "NVIDIA RTX 4000 Ada Generation",
  "sm": "SM89",
  "timing": "cuda_events_median_ms",
  "warmup": 50,
  "jit_warmup": 150,
  "iters": 300,
  "configs": [
    "BS=32, 0% pruned",
    "BS=32, 50% pruned",
    "BS=32, 80% pruned",
    "BS=64, 0% pruned",
    "BS=64, 50% pruned",
    "BS=64, 80% pruned"
  ],
  "kernels": {
    "SDPA (math, padded)": [
      5.30515,
      2.67667,
      2.08486,
      10.82587,
      5.70579,
      4.05918
    ],
    "SDPA (efficient, padded)": [
      2.17986,
      2.01118,
      1.94698,
      4.40275,
      4.00003,
      3.58042
    ],
    "SDPA (flash, padded)": [
      2.00387,
      1.95789,
      1.94763,
      4.20464,
      3.93379,
      3.58195
    ],
    "NestedTensor + SDPA": [
      9.08083,
      9.02534,
      9.36589,
      17.38904,
      17.08237,
      16.98733
    ],
    "Triton Ragged (ours)": [
      0.13619,
      0.04198,
      0.02458,
      0.34304,
      0.07987,
      0.02765
    ],
    "FlashAttention-2 (varlen)": [
      0.11162,
      0.05018,
      0.05325,
      0.26834,
      0.07104,
      0.06042
    ]
  },
  "p5": {
    "SDPA (math, padded)": [
      5.23872,
      2.60182,
      2.07053,
      10.75331,
      5.60317,
      3.97312
    ],
    "SDPA (efficient, padded)": [
      2.11149,
      1.9927,
      1.93363,
      4.15437,
      3.94563,
      3.55523
    ],
    "SDPA (flash, padded)": [
      1.98832,
      1.94659,
      1.93741,
      4.18435,
      3.8585,
      3.56237
    ],
    "NestedTensor + SDPA": [
      9.01632,
      8.86963,
      8.94899,
      16.88474,
      16.93696,
      16.86624
    ],
    "Triton Ragged (ours)": [
      0.13517,
      0.04096,
      0.02355,
      0.33178,
      0.07885,
      0.02765
    ],
    "FlashAttention-2 (varlen)": [
      0.11059,
      0.04915,
      0.05222,
      0.25293,
      0.07066,
      0.05955
    ]
  },
  "p95": {
    "SDPA (math, padded)": [
      5.37184,
      2.69414,
      2.10534,
      10.97222,
      5.84499,
      4.12979
    ],
    "SDPA (efficient, padded)": [
      2.1975,
      2.08797,
      1.95994,
      4.56579,
      4.02755,
      3.72122
    ],
    "SDPA (flash, padded)": [
      2.07338,
      2.02957,
      2.01808,
      4.36947,
      4.07142,
      3.71386
    ],
    "NestedTensor + SDPA": [
      9.54368,
      9.47507,
      9.63603,
      18.47002,
      17.91357,
      17.43974
    ],
    "Triton Ragged (ours)": [
      0.13722,
      0.04227,
      0.0256,
      0.34714,
      0.07987,
      0.02867
    ],
    "FlashAttention-2 (varlen)": [
      0.11264,
      0.05325,
      0.05632,
      0.27136,
      0.07206,
      0.06144
    ]
  }
}