{
  "gpu": "NVIDIA RTX 4000 Ada Generation",
  "sm": "SM89",
  "timing": "cuda_events_median_ms",
  "warmup": 50,
  "jit_warmup": 150,
  "iters": 300,
  "configs": [
    "BS=32, 0% pruned",
    "BS=32, 50% pruned",
    "BS=32, 80% pruned",
    "BS=64, 0% pruned",
    "BS=64, 50% pruned",
    "BS=64, 80% pruned"
  ],
  "kernels": {
    "SDPA (math, padded)": [
      5.31963,
      2.68448,
      2.08083,
      10.66397,
      5.8061,
      4.04696
    ],
    "SDPA (efficient, padded)": [
      2.22306,
      1.99474,
      1.93946,
      4.14026,
      3.75498,
      3.55048
    ],
    "SDPA (flash, padded)": [
      2.1684,
      1.94253,
      2.00518,
      3.94634,
      3.67504,
      3.70326
    ],
    "NestedTensor + SDPA": [
      9.33,
      8.81358,
      8.81405,
      16.99494,
      16.84672,
      16.55654
    ],
    "Triton Ragged (ours)": [
      0.13619,
      0.04198,
      0.02355,
      0.34304,
      0.07987,
      0.02765
    ],
    "FlashAttention-2 (varlen)": [
      0.11162,
      0.0471,
      0.04813,
      0.26624,
      0.07168,
      0.06042
    ]
  },
  "p5": {
    "SDPA (math, padded)": [
      5.29267,
      2.63149,
      2.04691,
      10.57997,
      5.66874,
      4.03235
    ],
    "SDPA (efficient, padded)": [
      2.18829,
      1.85456,
      1.90976,
      4.12262,
      3.73968,
      3.52954
    ],
    "SDPA (flash, padded)": [
      2.10458,
      1.86778,
      1.93117,
      3.93232,
      3.59709,
      3.56045
    ],
    "NestedTensor + SDPA": [
      8.86989,
      8.75213,
      8.75094,
      16.73523,
      16.58438,
      16.39696
    ],
    "Triton Ragged (ours)": [
      0.13517,
      0.04096,
      0.02253,
      0.33178,
      0.07885,
      0.02765
    ],
    "FlashAttention-2 (varlen)": [
      0.11059,
      0.04506,
      0.0471,
      0.25293,
      0.07066,
      0.05939
    ]
  },
  "p95": {
    "SDPA (math, padded)": [
      5.37904,
      2.7177,
      2.09936,
      10.81549,
      5.88186,
      4.10317
    ],
    "SDPA (efficient, padded)": [
      2.24243,
      2.01242,
      1.95072,
      4.28,
      3.8953,
      3.69766
    ],
    "SDPA (flash, padded)": [
      2.20669,
      2.02275,
      2.02445,
      3.96083,
      3.81738,
      3.77539
    ],
    "NestedTensor + SDPA": [
      9.64438,
      9.26886,
      9.25901,
      18.02035,
      17.50835,
      17.00314
    ],
    "Triton Ragged (ours)": [
      0.13722,
      0.0423,
      0.02458,
      0.34509,
      0.07987,
      0.02867
    ],
    "FlashAttention-2 (varlen)": [
      0.12202,
      0.05018,
      0.05056,
      0.26931,
      0.0727,
      0.06144
    ]
  }
}