{
  "numerical_equivalence": {
    "Threshold-L2": {
      "max_abs_diff": 0.004761,
      "mean_abs_diff": 0.00067,
      "predictions_match": true
    },
    "DynamicViT": {
      "max_abs_diff": 0.006348,
      "mean_abs_diff": 0.000703,
      "predictions_match": true
    },
    "EViT": {
      "max_abs_diff": 0.005859,
      "mean_abs_diff": 0.000692,
      "predictions_match": true
    }
  },
  "pareto": {
    "ratios": [
      0.0,
      0.25,
      0.5,
      0.75,
      0.9
    ],
    "variants": {
      "Unpruned DeiT-S": {
        "top1": [
          82.2,
          82.2,
          82.2,
          82.2,
          82.2
        ],
        "top5": [
          94.8,
          94.8,
          94.8,
          94.8,
          94.8
        ],
        "throughput": [
          3779.7,
          3779.7,
          3779.7,
          3779.7,
          3779.7
        ]
      },
      "Threshold-L2 \u00b7 PyTorch": {
        "top1": [
          82.3,
          81.7,
          78.7,
          67.2,
          30.1
        ],
        "top5": [
          94.8,
          94.9,
          93.3,
          85.3,
          49.6
        ],
        "throughput": [
          2307.2,
          2298.9,
          2307.9,
          2305.4,
          2313.0
        ]
      },
      "Threshold-L2 \u00b7 Triton": {
        "top1": [
          82.2,
          81.7,
          78.7,
          67.2,
          30.1
        ],
        "top5": [
          94.8,
          94.9,
          93.4,
          85.3,
          49.6
        ],
        "throughput": [
          3439.4,
          4162.2,
          5187.3,
          6774.4,
          8192.6
        ]
      },
      "EViT \u00b7 PyTorch": {
        "top1": [
          82.3,
          81.5,
          79.3,
          67.2,
          31.7
        ],
        "top5": [
          94.8,
          95.3,
          93.4,
          86.1,
          50.5
        ],
        "throughput": [
          2246.5,
          2231.2,
          2248.2,
          2253.0,
          2257.4
        ]
      },
      "EViT \u00b7 Triton": {
        "top1": [
          82.2,
          81.5,
          79.3,
          67.3,
          31.6
        ],
        "top5": [
          94.8,
          95.3,
          93.4,
          86.1,
          50.6
        ],
        "throughput": [
          3302.8,
          3952.7,
          4863.6,
          6300.2,
          7418.1
        ]
      },
      "ATS \u00b7 PyTorch": {
        "top1": [
          82.3,
          81.2,
          79.6,
          67.9,
          33.9
        ],
        "top5": [
          94.8,
          95.0,
          94.1,
          87.6,
          53.0
        ],
        "throughput": [
          2238.2,
          2070.4,
          2105.2,
          2123.1,
          2157.8
        ]
      },
      "ATS \u00b7 Triton": {
        "top1": [
          82.2,
          81.2,
          79.6,
          67.9,
          33.9
        ],
        "top5": [
          94.8,
          95.0,
          94.1,
          87.6,
          52.9
        ],
        "throughput": [
          3292.2,
          3552.4,
          4236.2,
          5563.0,
          6473.4
        ]
      },
      "ToMe \u00b7 PyTorch": {
        "top1": [
          82.2,
          81.7,
          81.1,
          80.9,
          79.8
        ],
        "top5": [
          94.8,
          94.6,
          94.3,
          93.9,
          93.9
        ],
        "throughput": [
          3742.0,
          1769.8,
          1787.1,
          1766.1,
          2001.8
        ]
      }
    }
  }
}