{
  "gpu": "NVIDIA RTX 4000 Ada Generation",
  "sm": "SM89",
  "timing": "cuda_events_median_ms",
  "warmup": 50,
  "jit_warmup": 150,
  "iters": 300,
  "configs": [
    "BS=32, 0% pruned",
    "BS=32, 50% pruned",
    "BS=32, 80% pruned",
    "BS=64, 0% pruned",
    "BS=64, 50% pruned",
    "BS=64, 80% pruned"
  ],
  "kernels": {
    "SDPA (math, padded)": [
      5.32862,
      2.58757,
      2.18829,
      10.61771,
      5.68926,
      4.06938
    ],
    "SDPA (efficient, padded)": [
      2.3091,
      1.898,
      1.8391,
      4.15334,
      3.76832,
      3.68686
    ],
    "SDPA (flash, padded)": [
      2.06246,
      1.91418,
      1.90054,
      3.97005,
      3.69138,
      3.57482
    ],
    "NestedTensor + SDPA": [
      9.19808,
      9.05635,
      8.99792,
      18.05117,
      17.06971,
      17.72301
    ],
    "Triton Ragged (ours)": [
      0.13619,
      0.04198,
      0.02467,
      0.34304,
      0.07987,
      0.02765
    ],
    "FlashAttention-2 (varlen)": [
      0.11162,
      0.05734,
      0.0553,
      0.26624,
      0.07168,
      0.06042
    ]
  },
  "p5": {
    "SDPA (math, padded)": [
      5.3033,
      2.53338,
      2.08176,
      10.58858,
      5.66595,
      4.00486
    ],
    "SDPA (efficient, padded)": [
      2.22182,
      1.8903,
      1.82784,
      4.13795,
      3.75501,
      3.55123
    ],
    "SDPA (flash, padded)": [
      1.99885,
      1.84045,
      1.82886,
      3.94877,
      3.6217,
      3.56253
    ],
    "NestedTensor + SDPA": [
      9.1095,
      8.79514,
      8.81853,
      17.19638,
      16.94806,
      16.94515
    ],
    "Triton Ragged (ours)": [
      0.13517,
      0.04096,
      0.02355,
      0.33178,
      0.07885,
      0.02662
    ],
    "FlashAttention-2 (varlen)": [
      0.11059,
      0.0553,
      0.05427,
      0.25395,
      0.07066,
      0.05939
    ]
  },
  "p95": {
    "SDPA (math, padded)": [
      5.42842,
      2.62272,
      2.20554,
      10.75725,
      5.8153,
      4.08986
    ],
    "SDPA (efficient, padded)": [
      2.3552,
      1.90771,
      1.9456,
      4.17165,
      3.90973,
      3.70976
    ],
    "SDPA (flash, padded)": [
      2.07261,
      1.92515,
      1.94685,
      4.11341,
      3.83686,
      3.59898
    ],
    "NestedTensor + SDPA": [
      9.66144,
      9.79766,
      9.46,
      18.60102,
      17.87254,
      18.32333
    ],
    "Triton Ragged (ours)": [
      0.13722,
      0.04301,
      0.02662,
      0.34611,
      0.07987,
      0.02781
    ],
    "FlashAttention-2 (varlen)": [
      0.12307,
      0.05939,
      0.05837,
      0.26726,
      0.0727,
      0.06144
    ]
  }
}