{
  "gpu": "NVIDIA RTX 4000 Ada Generation",
  "sm": "SM89",
  "timing": "cuda_events_median_ms",
  "warmup": 50,
  "jit_warmup": 150,
  "iters": 300,
  "configs": [
    "BS=32, 0% pruned",
    "BS=32, 50% pruned",
    "BS=32, 80% pruned",
    "BS=64, 0% pruned",
    "BS=64, 50% pruned",
    "BS=64, 80% pruned"
  ],
  "kernels": {
    "SDPA (math, padded)": [
      5.29762,
      2.63987,
      2.14752,
      10.62691,
      5.8763,
      4.04992
    ],
    "SDPA (efficient, padded)": [
      2.1207,
      1.89614,
      1.89954,
      4.17589,
      3.98029,
      3.55685
    ],
    "SDPA (flash, padded)": [
      1.99373,
      1.84501,
      1.7961,
      4.07538,
      3.90534,
      3.58181
    ],
    "NestedTensor + SDPA": [
      9.19962,
      9.47523,
      8.9169,
      17.23653,
      17.48848,
      17.04243
    ],
    "Triton Ragged (ours)": [
      0.13619,
      0.04198,
      0.02355,
      0.34406,
      0.07987,
      0.02765
    ],
    "FlashAttention-2 (varlen)": [
      0.11162,
      0.0553,
      0.05325,
      0.26726,
      0.07168,
      0.06042
    ]
  },
  "p5": {
    "SDPA (math, padded)": [
      5.26765,
      2.56819,
      2.08989,
      10.5809,
      5.81027,
      3.99139
    ],
    "SDPA (efficient, padded)": [
      2.10944,
      1.88826,
      1.82582,
      4.13514,
      3.9168,
      3.54304
    ],
    "SDPA (flash, padded)": [
      1.98349,
      1.83606,
      1.7871,
      3.93392,
      3.84307,
      3.5553
    ],
    "NestedTensor + SDPA": [
      9.00096,
      9.03997,
      8.78387,
      16.84582,
      16.9872,
      16.83046
    ],
    "Triton Ragged (ours)": [
      0.13517,
      0.04134,
      0.02253,
      0.33178,
      0.07885,
      0.02662
    ],
    "FlashAttention-2 (varlen)": [
      0.11059,
      0.05427,
      0.0512,
      0.25293,
      0.07066,
      0.05939
    ]
  },
  "p95": {
    "SDPA (math, padded)": [
      5.36026,
      2.65709,
      2.19072,
      10.73757,
      5.96496,
      4.19936
    ],
    "SDPA (efficient, padded)": [
      2.13606,
      1.9712,
      1.91078,
      4.35418,
      3.99984,
      3.57347
    ],
    "SDPA (flash, padded)": [
      2.00678,
      1.91878,
      1.83706,
      4.12672,
      3.9209,
      3.71491
    ],
    "NestedTensor + SDPA": [
      9.69139,
      9.81594,
      9.07594,
      18.14045,
      18.3185,
      17.83296
    ],
    "Triton Ragged (ours)": [
      0.13722,
      0.0424,
      0.02458,
      0.34714,
      0.07987,
      0.028
    ],
    "FlashAttention-2 (varlen)": [
      0.11264,
      0.05837,
      0.0553,
      0.27034,
      0.0727,
      0.06144
    ]
  }
}