{
  "gpu": "NVIDIA RTX 4000 Ada Generation",
  "sm": "SM89",
  "timing": "cuda_events_median_ms",
  "warmup": 50,
  "jit_warmup": 150,
  "iters": 300,
  "configs": [
    "BS=32, 0% pruned",
    "BS=32, 50% pruned",
    "BS=32, 80% pruned",
    "BS=64, 0% pruned",
    "BS=64, 50% pruned",
    "BS=64, 80% pruned"
  ],
  "kernels": {
    "SDPA (math, padded)": [
      5.28155,
      2.57741,
      2.07235,
      10.65277,
      5.70464,
      4.06234
    ],
    "SDPA (efficient, padded)": [
      2.11736,
      1.89613,
      1.89082,
      4.15898,
      3.88915,
      3.56864
    ],
    "SDPA (flash, padded)": [
      1.99784,
      1.84218,
      1.82171,
      4.10718,
      3.69254,
      3.5913
    ],
    "NestedTensor + SDPA": [
      8.92314,
      8.83507,
      8.78114,
      16.88526,
      17.14136,
      16.61082
    ],
    "Triton Ragged (ours)": [
      0.13517,
      0.04198,
      0.02458,
      0.34406,
      0.07987,
      0.02765
    ],
    "FlashAttention-2 (varlen)": [
      0.11264,
      0.04915,
      0.0512,
      0.25395,
      0.07168,
      0.06042
    ]
  },
  "p5": {
    "SDPA (math, padded)": [
      5.2633,
      2.56906,
      2.06362,
      10.5943,
      5.6791,
      4.04861
    ],
    "SDPA (efficient, padded)": [
      2.10637,
      1.87802,
      1.82102,
      4.14234,
      3.75091,
      3.55533
    ],
    "SDPA (flash, padded)": [
      1.98669,
      1.82989,
      1.81446,
      3.95674,
      3.67309,
      3.55411
    ],
    "NestedTensor + SDPA": [
      8.75622,
      8.74838,
      8.6576,
      16.51626,
      16.50445,
      16.4231
    ],
    "Triton Ragged (ours)": [
      0.13517,
      0.04096,
      0.02355,
      0.33178,
      0.07885,
      0.02662
    ],
    "FlashAttention-2 (varlen)": [
      0.11059,
      0.0471,
      0.04915,
      0.25293,
      0.07066,
      0.05939
    ]
  },
  "p95": {
    "SDPA (math, padded)": [
      5.34902,
      2.58867,
      2.1463,
      10.7583,
      5.84486,
      4.20054
    ],
    "SDPA (efficient, padded)": [
      2.12787,
      1.97734,
      1.90566,
      4.30214,
      3.97718,
      3.71302
    ],
    "SDPA (flash, padded)": [
      2.10957,
      1.85328,
      1.83114,
      4.18614,
      3.83277,
      3.79213
    ],
    "NestedTensor + SDPA": [
      9.39098,
      9.27744,
      9.26634,
      18.05722,
      17.95469,
      17.42234
    ],
    "Triton Ragged (ours)": [
      0.13622,
      0.04301,
      0.02592,
      0.34714,
      0.07987,
      0.02787
    ],
    "FlashAttention-2 (varlen)": [
      0.11366,
      0.05222,
      0.05347,
      0.26957,
      0.0727,
      0.06144
    ]
  }
}