{
  "gpu": "NVIDIA RTX 4000 Ada Generation",
  "sm": "SM89",
  "timing": "cuda_events_median_ms",
  "warmup": 50,
  "jit_warmup": 150,
  "iters": 300,
  "configs": [
    "BS=32, 0% pruned",
    "BS=32, 50% pruned",
    "BS=32, 80% pruned",
    "BS=64, 0% pruned",
    "BS=64, 50% pruned",
    "BS=64, 80% pruned"
  ],
  "kernels": {
    "SDPA (math, padded)": [
      5.39648,
      2.58048,
      2.05498,
      10.68477,
      5.7461,
      4.08371
    ],
    "SDPA (efficient, padded)": [
      2.24133,
      1.90272,
      1.84627,
      4.39448,
      3.73664,
      3.58474
    ],
    "SDPA (flash, padded)": [
      2.06402,
      1.85314,
      1.84424,
      4.13096,
      3.85024,
      3.59715
    ],
    "NestedTensor + SDPA": [
      9.26736,
      9.16043,
      9.1587,
      17.53493,
      17.21893,
      17.16592
    ],
    "Triton Ragged (ours)": [
      0.13619,
      0.04198,
      0.02355,
      0.34202,
      0.07987,
      0.02765
    ],
    "FlashAttention-2 (varlen)": [
      0.11162,
      0.05427,
      0.05427,
      0.25432,
      0.07168,
      0.06042
    ]
  },
  "p5": {
    "SDPA (math, padded)": [
      5.31251,
      2.54464,
      2.04669,
      10.61056,
      5.69149,
      4.06134
    ],
    "SDPA (efficient, padded)": [
      2.12378,
      1.86778,
      1.81142,
      4.1175,
      3.71837,
      3.52154
    ],
    "SDPA (flash, padded)": [
      1.9985,
      1.81018,
      1.81178,
      3.99178,
      3.70285,
      3.58195
    ],
    "NestedTensor + SDPA": [
      9.19142,
      8.94874,
      9.09501,
      17.34698,
      16.78912,
      17.03133
    ],
    "Triton Ragged (ours)": [
      0.13517,
      0.04198,
      0.02253,
      0.33178,
      0.07885,
      0.02765
    ],
    "FlashAttention-2 (varlen)": [
      0.11059,
      0.05325,
      0.05325,
      0.25302,
      0.07066,
      0.05965
    ]
  },
  "p95": {
    "SDPA (math, padded)": [
      5.45078,
      2.59379,
      2.0951,
      10.80934,
      5.81734,
      4.10803
    ],
    "SDPA (efficient, padded)": [
      2.35418,
      1.91386,
      1.92637,
      4.42157,
      3.9999,
      3.60141
    ],
    "SDPA (flash, padded)": [
      2.08077,
      1.89027,
      1.91898,
      4.20256,
      3.92694,
      3.61229
    ],
    "NestedTensor + SDPA": [
      9.69216,
      9.40134,
      9.58054,
      18.4047,
      18.09651,
      18.06474
    ],
    "Triton Ragged (ours)": [
      0.13722,
      0.04301,
      0.02458,
      0.34406,
      0.07987,
      0.02867
    ],
    "FlashAttention-2 (varlen)": [
      0.11264,
      0.05734,
      0.05632,
      0.26829,
      0.07197,
      0.06144
    ]
  }
}