{
  "gpu": "NVIDIA RTX 4000 Ada Generation",
  "iters": 200,
  "configs": [
    "40 tok\n(80% pruned\n224\u00b2)",
    "99 tok\n(50% pruned\n224\u00b2)",
    "197 tok\n(full\n224\u00b2)",
    "288 tok\n(50% pruned\n384\u00b2)",
    "577 tok\n(full\n384\u00b2)",
    "785 tok\n(full\n448\u00b2)"
  ],
  "actual_seq_lens": [
    40,
    99,
    197,
    288,
    577,
    785
  ],
  "max_lens": [
    197,
    197,
    197,
    577,
    577,
    785
  ],
  "kernels": {
    "SDPA (flash, padded)": [
      2.13269,
      2.07915,
      2.01112,
      2.73304,
      2.94178,
      4.11283
    ],
    "Triton Ragged (ours)": [
      0.01536,
      0.03994,
      0.13517,
      0.292,
      0.95234,
      1.56365
    ],
    "FlashAttention-2 (varlen)": [
      0.04915,
      0.04915,
      0.11366,
      0.26829,
      0.70349,
      1.29434
    ]
  },
  "p5": {
    "SDPA (flash, padded)": [
      2.11773,
      2.06029,
      1.99373,
      2.71667,
      2.8816,
      4.06627
    ],
    "Triton Ragged (ours)": [
      0.01434,
      0.03891,
      0.13414,
      0.27546,
      0.94106,
      1.55034
    ],
    "FlashAttention-2 (varlen)": [
      0.0471,
      0.03485,
      0.11264,
      0.25293,
      0.68915,
      1.28614
    ]
  },
  "p95": {
    "SDPA (flash, padded)": [
      2.17088,
      2.14854,
      2.07802,
      2.81936,
      3.02198,
      4.22192
    ],
    "Triton Ragged (ours)": [
      0.02662,
      0.04198,
      0.13619,
      0.29798,
      0.96256,
      1.58413
    ],
    "FlashAttention-2 (varlen)": [
      0.05325,
      0.05229,
      0.11674,
      0.27034,
      0.72218,
      1.29741
    ]
  }
}