{
  "gpu": "NVIDIA RTX 4000 Ada Generation",
  "sm": "SM89",
  "timing": "cuda_events_median_ms",
  "warmup": 50,
  "jit_warmup": 150,
  "iters": 300,
  "configs": [
    "BS=32, 0% pruned",
    "BS=32, 50% pruned",
    "BS=32, 80% pruned",
    "BS=64, 0% pruned",
    "BS=64, 50% pruned",
    "BS=64, 80% pruned"
  ],
  "kernels": {
    "SDPA (math, padded)": [
      5.3576,
      2.62533,
      2.07245,
      10.65173,
      5.72299,
      4.06474
    ],
    "SDPA (efficient, padded)": [
      2.22515,
      1.88006,
      1.83013,
      4.14445,
      3.75501,
      3.70275
    ],
    "SDPA (flash, padded)": [
      2.11136,
      1.84662,
      1.81862,
      4.08453,
      3.68989,
      3.57442
    ],
    "NestedTensor + SDPA": [
      8.9255,
      9.14408,
      8.73269,
      16.71128,
      16.58907,
      16.46886
    ],
    "Triton Ragged (ours)": [
      0.13619,
      0.04198,
      0.02355,
      0.34406,
      0.07987,
      0.02765
    ],
    "FlashAttention-2 (varlen)": [
      0.11162,
      0.04813,
      0.04813,
      0.26829,
      0.07168,
      0.06042
    ]
  },
  "p5": {
    "SDPA (math, padded)": [
      5.30851,
      2.54397,
      2.06131,
      10.59629,
      5.67008,
      3.9985
    ],
    "SDPA (efficient, padded)": [
      2.19238,
      1.84832,
      1.81981,
      4.12365,
      3.73965,
      3.55328
    ],
    "SDPA (flash, padded)": [
      2.09907,
      1.83123,
      1.78893,
      3.94998,
      3.66506,
      3.5591
    ],
    "NestedTensor + SDPA": [
      8.6889,
      8.744,
      8.56883,
      16.36675,
      16.44573,
      16.27958
    ],
    "Triton Ragged (ours)": [
      0.13517,
      0.04096,
      0.02253,
      0.33178,
      0.07885,
      0.02662
    ],
    "FlashAttention-2 (varlen)": [
      0.11059,
      0.0471,
      0.0471,
      0.25293,
      0.07066,
      0.05939
    ]
  },
  "p95": {
    "SDPA (math, padded)": [
      5.41082,
      2.66752,
      2.15142,
      10.75811,
      5.83578,
      4.08963
    ],
    "SDPA (efficient, padded)": [
      2.24461,
      1.94765,
      1.84074,
      4.2752,
      3.89325,
      3.78179
    ],
    "SDPA (flash, padded)": [
      2.18214,
      1.90685,
      1.82762,
      4.10512,
      3.82669,
      3.58982
    ],
    "NestedTensor + SDPA": [
      9.5488,
      9.45152,
      8.81152,
      16.92672,
      17.38035,
      17.19398
    ],
    "Triton Ragged (ours)": [
      0.13722,
      0.04301,
      0.02458,
      0.34714,
      0.0809,
      0.02781
    ],
    "FlashAttention-2 (varlen)": [
      0.11776,
      0.0512,
      0.0512,
      0.27034,
      0.07286,
      0.06144
    ]
  }
}