{
  "gpu": "NVIDIA RTX 4000 Ada Generation",
  "sm": "SM89",
  "timing": "cuda_events_median_ms",
  "warmup": 50,
  "jit_warmup": 150,
  "iters": 300,
  "configs": [
    "BS=32, 0% pruned",
    "BS=32, 50% pruned",
    "BS=32, 80% pruned",
    "BS=64, 0% pruned",
    "BS=64, 50% pruned",
    "BS=64, 80% pruned"
  ],
  "kernels": {
    "SDPA (math, padded)": [
      5.27989,
      2.56307,
      2.05752,
      10.6295,
      5.69397,
      4.03658
    ],
    "SDPA (efficient, padded)": [
      2.10205,
      1.87496,
      1.87878,
      4.13733,
      3.7376,
      3.53538
    ],
    "SDPA (flash, padded)": [
      1.98074,
      1.8313,
      1.80736,
      4.06221,
      3.66899,
      3.55584
    ],
    "NestedTensor + SDPA": [
      8.80318,
      8.79554,
      8.71563,
      16.64504,
      17.03744,
      16.42192
    ],
    "Triton Ragged (ours)": [
      0.13619,
      0.04198,
      0.02355,
      0.34304,
      0.07987,
      0.02765
    ],
    "FlashAttention-2 (varlen)": [
      0.11264,
      0.05018,
      0.04813,
      0.26829,
      0.07168,
      0.06042
    ]
  },
  "p5": {
    "SDPA (math, padded)": [
      5.24915,
      2.55078,
      2.04886,
      10.5807,
      5.64429,
      4.01843
    ],
    "SDPA (efficient, padded)": [
      2.0913,
      1.86368,
      1.80653,
      4.11757,
      3.68141,
      3.46966
    ],
    "SDPA (flash, padded)": [
      1.97222,
      1.81043,
      1.79814,
      3.92704,
      3.65187,
      3.53792
    ],
    "NestedTensor + SDPA": [
      8.73062,
      8.56294,
      8.58691,
      16.34602,
      16.34413,
      16.22842
    ],
    "Triton Ragged (ours)": [
      0.13517,
      0.04134,
      0.02355,
      0.33178,
      0.07885,
      0.02662
    ],
    "FlashAttention-2 (varlen)": [
      0.11059,
      0.0471,
      0.0471,
      0.25395,
      0.07066,
      0.05939
    ]
  },
  "p95": {
    "SDPA (math, padded)": [
      5.32378,
      2.63501,
      2.12979,
      10.75507,
      5.76922,
      4.17485
    ],
    "SDPA (efficient, padded)": [
      2.1137,
      1.9415,
      1.88928,
      4.26816,
      3.75501,
      3.67325
    ],
    "SDPA (flash, padded)": [
      1.99066,
      1.84832,
      1.8175,
      4.08474,
      3.80416,
      3.68758
    ],
    "NestedTensor + SDPA": [
      9.28074,
      9.25962,
      9.13629,
      17.72621,
      17.44794,
      17.4593
    ],
    "Triton Ragged (ours)": [
      0.13722,
      0.04301,
      0.0256,
      0.34611,
      0.07987,
      0.02867
    ],
    "FlashAttention-2 (varlen)": [
      0.11366,
      0.05325,
      0.05053,
      0.27136,
      0.0727,
      0.06144
    ]
  }
}