{
  "gpu": "NVIDIA RTX 4000 Ada Generation",
  "sm": "SM89",
  "timing": "cuda_events_median_ms",
  "warmup": 50,
  "jit_warmup": 150,
  "iters": 300,
  "configs": [
    "BS=32, 0% pruned",
    "BS=32, 50% pruned",
    "BS=32, 80% pruned",
    "BS=64, 0% pruned",
    "BS=64, 50% pruned",
    "BS=64, 80% pruned"
  ],
  "kernels": {
    "SDPA (math, padded)": [
      5.30635,
      2.57138,
      2.07243,
      10.83229,
      5.82605,
      4.0489
    ],
    "SDPA (efficient, padded)": [
      2.10227,
      1.88723,
      1.82579,
      4.39398,
      3.88723,
      3.54923
    ],
    "SDPA (flash, padded)": [
      1.99056,
      1.83808,
      1.82557,
      4.19738,
      3.67819,
      3.56387
    ],
    "NestedTensor + SDPA": [
      9.1695,
      8.87082,
      8.9048,
      16.98003,
      16.81771,
      16.7869
    ],
    "Triton Ragged (ours)": [
      0.13619,
      0.04198,
      0.02458,
      0.34509,
      0.07987,
      0.02765
    ],
    "FlashAttention-2 (varlen)": [
      0.11162,
      0.04915,
      0.04915,
      0.26624,
      0.07168,
      0.06042
    ]
  },
  "p5": {
    "SDPA (math, padded)": [
      5.23181,
      2.53664,
      2.06336,
      10.66214,
      5.68934,
      3.97107
    ],
    "SDPA (efficient, padded)": [
      2.06941,
      1.8608,
      1.7961,
      4.32621,
      3.6785,
      3.4775
    ],
    "SDPA (flash, padded)": [
      1.97853,
      1.81072,
      1.81776,
      4.12742,
      3.65773,
      3.49469
    ],
    "NestedTensor + SDPA": [
      8.97011,
      8.70234,
      8.836,
      16.87962,
      16.64611,
      16.62429
    ],
    "Triton Ragged (ours)": [
      0.13517,
      0.04096,
      0.02355,
      0.33178,
      0.07885,
      0.02662
    ],
    "FlashAttention-2 (varlen)": [
      0.11059,
      0.0471,
      0.0471,
      0.25498,
      0.07066,
      0.05939
    ]
  },
  "p95": {
    "SDPA (math, padded)": [
      5.37795,
      2.64422,
      2.08259,
      10.96499,
      5.91053,
      4.13427
    ],
    "SDPA (efficient, padded)": [
      2.12157,
      1.89747,
      1.83706,
      4.44211,
      4.00589,
      3.56928
    ],
    "SDPA (flash, padded)": [
      2.06429,
      1.85434,
      1.89469,
      4.3223,
      3.82054,
      3.57786
    ],
    "NestedTensor + SDPA": [
      9.49965,
      8.96307,
      9.3009,
      17.77254,
      17.62304,
      17.58438
    ],
    "Triton Ragged (ours)": [
      0.13722,
      0.04301,
      0.02662,
      0.34714,
      0.07987,
      0.02794
    ],
    "FlashAttention-2 (varlen)": [
      0.11264,
      0.0512,
      0.05325,
      0.26931,
      0.0721,
      0.06144
    ]
  }
}