{
  "gpu": "NVIDIA RTX 4000 Ada Generation",
  "sm": "SM89",
  "timing": "cuda_events_median_ms",
  "warmup": 50,
  "jit_warmup": 150,
  "iters": 300,
  "configs": [
    "BS=32, 0% pruned",
    "BS=32, 50% pruned",
    "BS=32, 80% pruned",
    "BS=64, 0% pruned",
    "BS=64, 50% pruned",
    "BS=64, 80% pruned"
  ],
  "kernels": {
    "SDPA (math, padded)": [
      5.34275,
      2.62378,
      2.16941,
      10.90859,
      5.8808,
      4.1936
    ],
    "SDPA (efficient, padded)": [
      2.26011,
      2.01421,
      1.9756,
      4.41566,
      4.14819,
      3.94533
    ],
    "SDPA (flash, padded)": [
      2.18808,
      1.96506,
      2.01926,
      4.23938,
      4.01411,
      3.84
    ],
    "NestedTensor + SDPA": [
      8.88526,
      8.8199,
      8.7823,
      16.78234,
      16.59635,
      16.50795
    ],
    "Triton Ragged (ours)": [
      0.13643,
      0.04198,
      0.02355,
      0.34509,
      0.08397,
      0.02765
    ],
    "FlashAttention-2 (varlen)": [
      0.11264,
      0.04813,
      0.04813,
      0.26624,
      0.07475,
      0.06042
    ]
  },
  "p5": {
    "SDPA (math, padded)": [
      5.3136,
      2.59994,
      2.09098,
      10.78579,
      5.78074,
      4.14995
    ],
    "SDPA (efficient, padded)": [
      2.24067,
      2.00397,
      1.94758,
      4.37965,
      4.00896,
      3.81747
    ],
    "SDPA (flash, padded)": [
      2.11798,
      1.95293,
      1.95293,
      4.2191,
      3.93968,
      3.82339
    ],
    "NestedTensor + SDPA": [
      8.76339,
      8.72061,
      8.66682,
      16.60022,
      16.48006,
      16.2127
    ],
    "Triton Ragged (ours)": [
      0.13619,
      0.04138,
      0.02253,
      0.33485,
      0.08294,
      0.02765
    ],
    "FlashAttention-2 (varlen)": [
      0.11162,
      0.04608,
      0.04608,
      0.25498,
      0.07373,
      0.06042
    ]
  },
  "p95": {
    "SDPA (math, padded)": [
      5.41315,
      2.70048,
      2.20979,
      11.03344,
      5.99232,
      4.33686
    ],
    "SDPA (efficient, padded)": [
      2.35414,
      2.03475,
      2.03264,
      4.55373,
      4.22605,
      4.05094
    ],
    "SDPA (flash, padded)": [
      2.2017,
      1.98246,
      2.0543,
      4.37952,
      4.15245,
      3.95696
    ],
    "NestedTensor + SDPA": [
      9.30816,
      9.2375,
      9.29898,
      17.6551,
      17.40938,
      17.2247
    ],
    "Triton Ragged (ours)": [
      0.13926,
      0.04301,
      0.02458,
      0.34816,
      0.08499,
      0.02867
    ],
    "FlashAttention-2 (varlen)": [
      0.12288,
      0.05024,
      0.05018,
      0.27142,
      0.07578,
      0.06144
    ]
  }
}