{
  "gpu": "NVIDIA RTX 4000 Ada Generation",
  "sm": "SM89",
  "timing": "cuda_events_median_ms",
  "warmup": 50,
  "jit_warmup": 150,
  "iters": 300,
  "configs": [
    "BS=32, 0% pruned",
    "BS=32, 50% pruned",
    "BS=32, 80% pruned",
    "BS=64, 0% pruned",
    "BS=64, 50% pruned",
    "BS=64, 80% pruned"
  ],
  "kernels": {
    "SDPA (math, padded)": [
      5.34226,
      2.56093,
      2.06624,
      10.62707,
      5.6769,
      4.04859
    ],
    "SDPA (efficient, padded)": [
      2.10546,
      1.95072,
      1.81965,
      4.15104,
      3.74374,
      3.68435
    ],
    "SDPA (flash, padded)": [
      1.98112,
      1.84254,
      1.81768,
      3.96042,
      3.67104,
      3.56147
    ],
    "NestedTensor + SDPA": [
      9.23963,
      8.8108,
      8.77637,
      17.25755,
      16.63648,
      16.50269
    ],
    "Triton Ragged (ours)": [
      0.13517,
      0.04198,
      0.02355,
      0.34509,
      0.07914,
      0.02765
    ],
    "FlashAttention-2 (varlen)": [
      0.11162,
      0.04813,
      0.04813,
      0.26214,
      0.07168,
      0.06083
    ]
  },
  "p5": {
    "SDPA (math, padded)": [
      5.2591,
      2.50982,
      2.05517,
      10.57613,
      5.64976,
      4.02621
    ],
    "SDPA (efficient, padded)": [
      2.09546,
      1.9384,
      1.80128,
      4.1257,
      3.68038,
      3.5401
    ],
    "SDPA (flash, padded)": [
      1.94851,
      1.82067,
      1.80982,
      3.92928,
      3.65466,
      3.5433
    ],
    "NestedTensor + SDPA": [
      8.83814,
      8.74195,
      8.62925,
      16.60682,
      16.24166,
      16.27238
    ],
    "Triton Ragged (ours)": [
      0.13414,
      0.04131,
      0.02253,
      0.33178,
      0.07885,
      0.02765
    ],
    "FlashAttention-2 (varlen)": [
      0.11059,
      0.0471,
      0.0471,
      0.25293,
      0.07066,
      0.06042
    ]
  },
  "p95": {
    "SDPA (math, padded)": [
      5.3975,
      2.63146,
      2.14246,
      10.74995,
      5.84806,
      4.19232
    ],
    "SDPA (efficient, padded)": [
      2.17498,
      1.99565,
      1.82874,
      4.28134,
      3.89299,
      3.76317
    ],
    "SDPA (flash, padded)": [
      1.99066,
      1.93104,
      1.88621,
      4.09024,
      3.80838,
      3.68742
    ],
    "NestedTensor + SDPA": [
      9.42915,
      9.23776,
      8.88854,
      17.80336,
      17.4377,
      17.31594
    ],
    "Triton Ragged (ours)": [
      0.13654,
      0.04301,
      0.02662,
      0.34714,
      0.07987,
      0.02867
    ],
    "FlashAttention-2 (varlen)": [
      0.11264,
      0.0512,
      0.0512,
      0.26317,
      0.0727,
      0.06144
    ]
  }
}