{
  "gpu": "NVIDIA RTX 4000 Ada Generation",
  "sm": "SM89",
  "timing": "cuda_events_median_ms",
  "warmup": 50,
  "jit_warmup": 150,
  "iters": 300,
  "configs": [
    "BS=32, 0% pruned",
    "BS=32, 50% pruned",
    "BS=32, 80% pruned",
    "BS=64, 0% pruned",
    "BS=64, 50% pruned",
    "BS=64, 80% pruned"
  ],
  "kernels": {
    "SDPA (math, padded)": [
      5.36357,
      2.68307,
      2.26731,
      10.84632,
      5.83038,
      4.06034
    ],
    "SDPA (efficient, padded)": [
      2.11306,
      1.99885,
      2.04698,
      4.37555,
      3.76013,
      3.56755
    ],
    "SDPA (flash, padded)": [
      1.99648,
      1.95277,
      2.01533,
      4.19315,
      3.82163,
      3.7161
    ],
    "NestedTensor + SDPA": [
      9.15557,
      9.05627,
      9.03738,
      17.2716,
      17.06522,
      17.00957
    ],
    "Triton Ragged (ours)": [
      0.13517,
      0.04198,
      0.02355,
      0.34429,
      0.07987,
      0.02765
    ],
    "FlashAttention-2 (varlen)": [
      0.11162,
      0.05325,
      0.05427,
      0.26829,
      0.07168,
      0.06042
    ]
  },
  "p5": {
    "SDPA (math, padded)": [
      5.29136,
      2.53542,
      2.18845,
      10.80016,
      5.67197,
      3.98541
    ],
    "SDPA (efficient, padded)": [
      2.09709,
      1.98528,
      1.9504,
      4.3623,
      3.74477,
      3.55258
    ],
    "SDPA (flash, padded)": [
      1.98451,
      1.9433,
      1.9456,
      4.16598,
      3.67514,
      3.57581
    ],
    "NestedTensor + SDPA": [
      8.99053,
      8.98877,
      8.84634,
      16.88576,
      16.8407,
      16.88464
    ],
    "Triton Ragged (ours)": [
      0.13517,
      0.04096,
      0.02253,
      0.33101,
      0.07885,
      0.02765
    ],
    "FlashAttention-2 (varlen)": [
      0.11059,
      0.0512,
      0.0512,
      0.25325,
      0.07066,
      0.05971
    ]
  },
  "p95": {
    "SDPA (math, padded)": [
      5.38848,
      2.7607,
      2.3081,
      10.96598,
      5.93325,
      4.21613
    ],
    "SDPA (efficient, padded)": [
      2.57517,
      2.0695,
      2.06202,
      4.40832,
      3.89635,
      3.70995
    ],
    "SDPA (flash, padded)": [
      2.06838,
      2.01216,
      2.04893,
      4.33235,
      3.90214,
      3.73213
    ],
    "NestedTensor + SDPA": [
      9.22522,
      9.51194,
      9.70957,
      18.31706,
      17.90778,
      18.03264
    ],
    "Triton Ragged (ours)": [
      0.13722,
      0.04227,
      0.02458,
      0.34714,
      0.07987,
      0.02867
    ],
    "FlashAttention-2 (varlen)": [
      0.11571,
      0.0553,
      0.05734,
      0.27136,
      0.0727,
      0.06144
    ]
  }
}