{
  "gpu": "NVIDIA RTX 4000 Ada Generation",
  "sm": "SM89",
  "timing": "cuda_events_median_ms",
  "warmup": 50,
  "jit_warmup": 150,
  "iters": 300,
  "configs": [
    "BS=32, 0% pruned",
    "BS=32, 50% pruned",
    "BS=32, 80% pruned",
    "BS=64, 0% pruned",
    "BS=64, 50% pruned",
    "BS=64, 80% pruned"
  ],
  "kernels": {
    "SDPA (math, padded)": [
      5.27691,
      2.6301,
      2.13898,
      10.6429,
      5.68931,
      4.06648
    ],
    "SDPA (efficient, padded)": [
      2.11158,
      1.88928,
      1.89493,
      4.15648,
      3.75808,
      3.56509
    ],
    "SDPA (flash, padded)": [
      1.99309,
      1.90752,
      1.8903,
      3.94909,
      3.63218,
      3.63966
    ],
    "NestedTensor + SDPA": [
      8.91595,
      9.05077,
      8.77773,
      16.83667,
      16.62003,
      16.56726
    ],
    "Triton Ragged (ours)": [
      0.13517,
      0.04198,
      0.02355,
      0.34304,
      0.07987,
      0.02765
    ],
    "FlashAttention-2 (varlen)": [
      0.11264,
      0.0512,
      0.04813,
      0.26624,
      0.07168,
      0.06042
    ]
  },
  "p5": {
    "SDPA (math, padded)": [
      5.25824,
      2.56102,
      2.08998,
      10.60022,
      5.66579,
      4.05094
    ],
    "SDPA (efficient, padded)": [
      2.06234,
      1.8801,
      1.82381,
      4.13821,
      3.69587,
      3.55123
    ],
    "SDPA (flash, padded)": [
      1.94458,
      1.84013,
      1.82147,
      3.86554,
      3.59843,
      3.49798
    ],
    "NestedTensor + SDPA": [
      8.84224,
      8.77386,
      8.56394,
      16.69616,
      16.31501,
      16.39184
    ],
    "Triton Ragged (ours)": [
      0.13517,
      0.04096,
      0.02253,
      0.33098,
      0.07885,
      0.02662
    ],
    "FlashAttention-2 (varlen)": [
      0.11059,
      0.05018,
      0.0471,
      0.25293,
      0.07066,
      0.05939
    ]
  },
  "p95": {
    "SDPA (math, padded)": [
      5.34202,
      2.65034,
      2.14915,
      10.75171,
      5.82307,
      4.2064
    ],
    "SDPA (efficient, padded)": [
      2.12378,
      1.9601,
      1.93024,
      4.28666,
      3.77139,
      3.63622
    ],
    "SDPA (flash, padded)": [
      2.06653,
      1.94765,
      1.90035,
      4.00794,
      3.82368,
      3.94035
    ],
    "NestedTensor + SDPA": [
      9.33069,
      9.28563,
      8.83725,
      17.56467,
      17.42848,
      17.36397
    ],
    "Triton Ragged (ours)": [
      0.13626,
      0.04301,
      0.0249,
      0.34611,
      0.08,
      0.02784
    ],
    "FlashAttention-2 (varlen)": [
      0.11366,
      0.05469,
      0.05018,
      0.26934,
      0.07373,
      0.06144
    ]
  }
}