{
  "gpu": "NVIDIA RTX 4000 Ada Generation",
  "sm": "SM89",
  "timing": "cuda_events_median_ms",
  "warmup": 50,
  "jit_warmup": 150,
  "iters": 300,
  "configs": [
    "BS=32, 0% pruned",
    "BS=32, 50% pruned",
    "BS=32, 80% pruned",
    "BS=64, 0% pruned",
    "BS=64, 50% pruned",
    "BS=64, 80% pruned"
  ],
  "kernels": {
    "SDPA (math, padded)": [
      5.35558,
      2.60704,
      2.08896,
      10.85867,
      5.81,
      4.16666
    ],
    "SDPA (efficient, padded)": [
      2.24051,
      2.01578,
      1.92614,
      4.41242,
      4.02125,
      3.80821
    ],
    "SDPA (flash, padded)": [
      2.17702,
      1.96813,
      1.95174,
      4.21683,
      3.95264,
      3.81438
    ],
    "NestedTensor + SDPA": [
      9.09858,
      8.98186,
      8.96922,
      17.16995,
      16.8576,
      17.56093
    ],
    "Triton Ragged (ours)": [
      0.13619,
      0.04198,
      0.02355,
      0.34406,
      0.07987,
      0.02765
    ],
    "FlashAttention-2 (varlen)": [
      0.11162,
      0.05018,
      0.05018,
      0.26726,
      0.07168,
      0.06042
    ]
  },
  "p5": {
    "SDPA (math, padded)": [
      5.31251,
      2.56749,
      2.076,
      10.7817,
      5.76829,
      4.11469
    ],
    "SDPA (efficient, padded)": [
      2.21917,
      2.00397,
      1.91283,
      4.40038,
      4.00077,
      3.77882
    ],
    "SDPA (flash, padded)": [
      2.08298,
      1.95584,
      1.91491,
      4.1984,
      3.89222,
      3.72442
    ],
    "NestedTensor + SDPA": [
      8.99789,
      8.79709,
      8.78685,
      16.88336,
      16.6441,
      16.72806
    ],
    "Triton Ragged (ours)": [
      0.13517,
      0.04096,
      0.02253,
      0.33178,
      0.07885,
      0.02765
    ],
    "FlashAttention-2 (varlen)": [
      0.11059,
      0.04915,
      0.04915,
      0.256,
      0.07066,
      0.05939
    ]
  },
  "p95": {
    "SDPA (math, padded)": [
      5.43334,
      2.62944,
      2.1193,
      10.99978,
      5.95018,
      4.32845
    ],
    "SDPA (efficient, padded)": [
      2.2569,
      2.08883,
      1.96163,
      4.43053,
      4.15818,
      3.91197
    ],
    "SDPA (flash, padded)": [
      2.19446,
      2.04083,
      1.96301,
      4.36326,
      4.16861,
      3.97517
    ],
    "NestedTensor + SDPA": [
      9.69421,
      9.45254,
      9.42512,
      17.97962,
      17.66298,
      18.03469
    ],
    "Triton Ragged (ours)": [
      0.13722,
      0.04301,
      0.02458,
      0.34714,
      0.07987,
      0.02867
    ],
    "FlashAttention-2 (varlen)": [
      0.11571,
      0.05222,
      0.05325,
      0.27136,
      0.07475,
      0.06144
    ]
  }
}