{
  "gpu": "NVIDIA RTX 4000 Ada Generation",
  "sm": "SM89",
  "timing": "cuda_events_median_ms",
  "warmup": 50,
  "jit_warmup": 150,
  "iters": 300,
  "configs": [
    "BS=32, 0% pruned",
    "BS=32, 50% pruned",
    "BS=32, 80% pruned",
    "BS=64, 0% pruned",
    "BS=64, 50% pruned",
    "BS=64, 80% pruned"
  ],
  "kernels": {
    "SDPA (math, padded)": [
      5.33314,
      2.64672,
      2.08486,
      10.66501,
      5.76322,
      4.09238
    ],
    "SDPA (efficient, padded)": [
      2.1289,
      1.8944,
      1.91501,
      4.17358,
      3.79354,
      3.59453
    ],
    "SDPA (flash, padded)": [
      2.0019,
      1.83091,
      1.90294,
      3.98336,
      3.83386,
      3.59426
    ],
    "NestedTensor + SDPA": [
      8.8595,
      8.80234,
      9.13218,
      17.25302,
      17.20331,
      16.47915
    ],
    "Triton Ragged (ours)": [
      0.13619,
      0.04198,
      0.02355,
      0.34419,
      0.07987,
      0.02765
    ],
    "FlashAttention-2 (varlen)": [
      0.11162,
      0.04813,
      0.04813,
      0.26214,
      0.07168,
      0.06042
    ]
  },
  "p5": {
    "SDPA (math, padded)": [
      5.2736,
      2.57251,
      2.07565,
      10.60966,
      5.6985,
      4.03968
    ],
    "SDPA (efficient, padded)": [
      2.11354,
      1.88618,
      1.83878,
      4.10102,
      3.77549,
      3.58067
    ],
    "SDPA (flash, padded)": [
      1.9927,
      1.80736,
      1.82989,
      3.96493,
      3.69843,
      3.57827
    ],
    "NestedTensor + SDPA": [
      8.78285,
      8.73062,
      8.72141,
      16.6185,
      16.44237,
      16.29795
    ],
    "Triton Ragged (ours)": [
      0.13517,
      0.04096,
      0.02253,
      0.33178,
      0.07885,
      0.02662
    ],
    "FlashAttention-2 (varlen)": [
      0.11059,
      0.04608,
      0.0471,
      0.25293,
      0.07066,
      0.05939
    ]
  },
  "p95": {
    "SDPA (math, padded)": [
      5.3719,
      2.66061,
      2.15654,
      10.81923,
      5.88291,
      4.24381
    ],
    "SDPA (efficient, padded)": [
      2.19718,
      1.9703,
      1.95174,
      4.19312,
      3.93322,
      3.61094
    ],
    "SDPA (flash, padded)": [
      2.06662,
      1.91965,
      1.94355,
      4.12256,
      3.85126,
      3.73008
    ],
    "NestedTensor + SDPA": [
      9.30893,
      9.4281,
      9.37165,
      17.63763,
      17.66093,
      17.4336
    ],
    "Triton Ragged (ours)": [
      0.13722,
      0.0423,
      0.02461,
      0.34714,
      0.0799,
      0.02867
    ],
    "FlashAttention-2 (varlen)": [
      0.11264,
      0.05018,
      0.05046,
      0.26317,
      0.07174,
      0.06144
    ]
  }
}