{
  "gpu": "NVIDIA RTX 4000 Ada Generation",
  "sm": "SM89",
  "timing": "cuda_events_median_ms",
  "warmup": 50,
  "jit_warmup": 150,
  "iters": 300,
  "configs": [
    "BS=32, 0% pruned",
    "BS=32, 50% pruned",
    "BS=32, 80% pruned",
    "BS=64, 0% pruned",
    "BS=64, 50% pruned",
    "BS=64, 80% pruned"
  ],
  "kernels": {
    "SDPA (math, padded)": [
      5.35035,
      2.62861,
      2.16883,
      10.91533,
      5.70861,
      4.20294
    ],
    "SDPA (efficient, padded)": [
      2.25168,
      2.0224,
      2.03072,
      4.55669,
      3.77835,
      3.59139
    ],
    "SDPA (flash, padded)": [
      2.18522,
      1.968,
      2.06746,
      4.23835,
      3.69459,
      3.59278
    ],
    "NestedTensor + SDPA": [
      9.22582,
      9.09299,
      9.57899,
      17.34976,
      17.30424,
      17.05779
    ],
    "Triton Ragged (ours)": [
      0.13619,
      0.04198,
      0.02458,
      0.34304,
      0.07987,
      0.02765
    ],
    "FlashAttention-2 (varlen)": [
      0.11162,
      0.05018,
      0.05325,
      0.26214,
      0.07168,
      0.06042
    ]
  },
  "p5": {
    "SDPA (math, padded)": [
      5.32208,
      2.60906,
      2.09651,
      10.80899,
      5.68608,
      4.0704
    ],
    "SDPA (efficient, padded)": [
      2.21485,
      2.00899,
      1.95757,
      4.42192,
      3.71824,
      3.57274
    ],
    "SDPA (flash, padded)": [
      2.11568,
      1.93536,
      1.95891,
      4.20886,
      3.62595,
      3.5713
    ],
    "NestedTensor + SDPA": [
      9.0328,
      8.89344,
      8.97366,
      17.14819,
      16.98512,
      16.82947
    ],
    "Triton Ragged (ours)": [
      0.13517,
      0.04096,
      0.02387,
      0.3328,
      0.07885,
      0.02662
    ],
    "FlashAttention-2 (varlen)": [
      0.11059,
      0.04813,
      0.0512,
      0.25293,
      0.07066,
      0.05939
    ]
  },
  "p95": {
    "SDPA (math, padded)": [
      5.43123,
      2.76285,
      2.21571,
      11.02746,
      5.82634,
      4.29978
    ],
    "SDPA (efficient, padded)": [
      2.3215,
      2.04186,
      2.07674,
      4.64102,
      3.80522,
      3.74477
    ],
    "SDPA (flash, padded)": [
      2.19974,
      1.98246,
      2.08064,
      4.37443,
      3.79197,
      3.61046
    ],
    "NestedTensor + SDPA": [
      9.34195,
      9.58259,
      9.80646,
      18.3072,
      18.07056,
      17.86982
    ],
    "Triton Ragged (ours)": [
      0.13722,
      0.0423,
      0.02598,
      0.34509,
      0.07987,
      0.02794
    ],
    "FlashAttention-2 (varlen)": [
      0.11264,
      0.05325,
      0.0553,
      0.26851,
      0.0727,
      0.06144
    ]
  }
}