{
  "gpu": "NVIDIA RTX 4000 Ada Generation",
  "sm": "SM89",
  "timing": "cuda_events_median_ms",
  "warmup": 50,
  "jit_warmup": 150,
  "iters": 300,
  "configs": [
    "BS=32, 0% pruned",
    "BS=32, 50% pruned",
    "BS=32, 80% pruned",
    "BS=64, 0% pruned",
    "BS=64, 50% pruned",
    "BS=64, 80% pruned"
  ],
  "kernels": {
    "SDPA (math, padded)": [
      5.31835,
      2.6427,
      2.06739,
      10.73053,
      5.81533,
      4.18656
    ],
    "SDPA (efficient, padded)": [
      2.1084,
      1.88446,
      1.81771,
      4.28954,
      3.99077,
      3.56755
    ],
    "SDPA (flash, padded)": [
      1.97957,
      1.90878,
      1.84387,
      3.96595,
      3.906,
      3.58013
    ],
    "NestedTensor + SDPA": [
      8.87901,
      8.87285,
      8.73453,
      17.10486,
      16.64563,
      16.54886
    ],
    "Triton Ragged (ours)": [
      0.13619,
      0.04198,
      0.02253,
      0.34714,
      0.07987,
      0.02765
    ],
    "FlashAttention-2 (varlen)": [
      0.11182,
      0.04813,
      0.04813,
      0.25395,
      0.0727,
      0.06042
    ]
  },
  "p5": {
    "SDPA (math, padded)": [
      5.27462,
      2.56746,
      2.0591,
      10.5943,
      5.76512,
      4.04563
    ],
    "SDPA (efficient, padded)": [
      2.07776,
      1.87494,
      1.77357,
      4.16371,
      3.97616,
      3.49936
    ],
    "SDPA (flash, padded)": [
      1.94774,
      1.83946,
      1.8135,
      3.89734,
      3.65085,
      3.48986
    ],
    "NestedTensor + SDPA": [
      8.7849,
      8.68051,
      8.6313,
      16.74045,
      16.54579,
      16.43491
    ],
    "Triton Ragged (ours)": [
      0.13555,
      0.04096,
      0.0215,
      0.3369,
      0.07885,
      0.02765
    ],
    "FlashAttention-2 (varlen)": [
      0.11162,
      0.0471,
      0.0471,
      0.25293,
      0.07168,
      0.06042
    ]
  },
  "p95": {
    "SDPA (math, padded)": [
      5.38496,
      2.68458,
      2.14221,
      10.82982,
      5.94432,
      4.28355
    ],
    "SDPA (efficient, padded)": [
      2.11882,
      1.95994,
      1.89034,
      4.37056,
      4.11955,
      3.71098
    ],
    "SDPA (flash, padded)": [
      1.99699,
      1.95395,
      1.85862,
      4.10112,
      4.06048,
      3.64349
    ],
    "NestedTensor + SDPA": [
      9.47386,
      9.24877,
      9.16509,
      17.99373,
      17.45101,
      17.35603
    ],
    "Triton Ragged (ours)": [
      0.13926,
      0.04301,
      0.02378,
      0.35021,
      0.0799,
      0.02867
    ],
    "FlashAttention-2 (varlen)": [
      0.11283,
      0.0512,
      0.05222,
      0.27034,
      0.07578,
      0.06144
    ]
  }
}