{
  "gpu": "NVIDIA RTX 4000 Ada Generation",
  "sm": "SM89",
  "timing": "cuda_events_median_ms",
  "warmup": 50,
  "jit_warmup": 150,
  "iters": 300,
  "configs": [
    "BS=32, 0% pruned",
    "BS=32, 50% pruned",
    "BS=32, 80% pruned",
    "BS=64, 0% pruned",
    "BS=64, 50% pruned",
    "BS=64, 80% pruned"
  ],
  "kernels": {
    "SDPA (math, padded)": [
      5.38213,
      2.62594,
      2.07069,
      10.6413,
      5.93182,
      4.07234
    ],
    "SDPA (efficient, padded)": [
      2.24781,
      2.00499,
      1.83091,
      4.18253,
      4.02011,
      3.56096
    ],
    "SDPA (flash, padded)": [
      2.11891,
      1.95891,
      1.82898,
      4.33678,
      3.95059,
      3.53232
    ],
    "NestedTensor + SDPA": [
      8.9385,
      8.79706,
      8.8023,
      17.03848,
      17.29536,
      17.11982
    ],
    "Triton Ragged (ours)": [
      0.13619,
      0.04198,
      0.02355,
      0.34304,
      0.07987,
      0.02765
    ],
    "FlashAttention-2 (varlen)": [
      0.11264,
      0.04813,
      0.0471,
      0.26829,
      0.07168,
      0.06042
    ]
  },
  "p5": {
    "SDPA (math, padded)": [
      5.3248,
      2.60486,
      2.03674,
      10.53318,
      5.80198,
      4.00525
    ],
    "SDPA (efficient, padded)": [
      2.22618,
      1.97046,
      1.82272,
      4.104,
      4.0057,
      3.4977
    ],
    "SDPA (flash, padded)": [
      2.10637,
      1.94662,
      1.8199,
      4.19962,
      3.91469,
      3.51539
    ],
    "NestedTensor + SDPA": [
      8.85443,
      8.72659,
      8.5848,
      16.70758,
      16.51117,
      16.36826
    ],
    "Triton Ragged (ours)": [
      0.13517,
      0.04096,
      0.02253,
      0.33178,
      0.07885,
      0.02662
    ],
    "FlashAttention-2 (varlen)": [
      0.11059,
      0.0471,
      0.04608,
      0.25293,
      0.07066,
      0.05939
    ]
  },
  "p95": {
    "SDPA (math, padded)": [
      5.45587,
      2.70256,
      2.0809,
      10.75533,
      6.05683,
      4.21766
    ],
    "SDPA (efficient, padded)": [
      2.31021,
      2.02134,
      1.89645,
      4.62029,
      4.13309,
      3.58605
    ],
    "SDPA (flash, padded)": [
      2.18829,
      1.96941,
      1.86896,
      4.42163,
      4.09091,
      3.60147
    ],
    "NestedTensor + SDPA": [
      9.54061,
      9.23648,
      9.52534,
      17.672,
      17.8432,
      17.7111
    ],
    "Triton Ragged (ours)": [
      0.13722,
      0.04301,
      0.02458,
      0.34714,
      0.0809,
      0.02794
    ],
    "FlashAttention-2 (varlen)": [
      0.11366,
      0.0512,
      0.05046,
      0.27034,
      0.0727,
      0.06144
    ]
  }
}