{
  "gpu": "NVIDIA RTX 4000 Ada Generation",
  "sm": "SM89",
  "timing": "cuda_events_median_ms",
  "warmup": 50,
  "jit_warmup": 150,
  "iters": 300,
  "configs": [
    "BS=32, 0% pruned",
    "BS=32, 50% pruned",
    "BS=32, 80% pruned",
    "BS=64, 0% pruned",
    "BS=64, 50% pruned",
    "BS=64, 80% pruned"
  ],
  "kernels": {
    "SDPA (math, padded)": [
      5.2733,
      2.55693,
      2.13502,
      10.61074,
      5.69603,
      4.13707
    ],
    "SDPA (efficient, padded)": [
      2.11062,
      1.87802,
      1.81965,
      4.14821,
      3.91136,
      3.61232
    ],
    "SDPA (flash, padded)": [
      1.98038,
      1.84691,
      1.81453,
      3.95059,
      3.92294,
      3.80211
    ],
    "NestedTensor + SDPA": [
      8.8332,
      8.83405,
      8.82906,
      16.84054,
      17.02451,
      16.50781
    ],
    "Triton Ragged (ours)": [
      0.13619,
      0.04198,
      0.02458,
      0.34406,
      0.07987,
      0.02765
    ],
    "FlashAttention-2 (varlen)": [
      0.11162,
      0.04848,
      0.04915,
      0.26726,
      0.07168,
      0.06144
    ]
  },
  "p5": {
    "SDPA (math, padded)": [
      5.21728,
      2.52211,
      2.05757,
      10.57363,
      5.65043,
      4.1001
    ],
    "SDPA (efficient, padded)": [
      2.09613,
      1.8665,
      1.80864,
      4.05325,
      3.65158,
      3.44755
    ],
    "SDPA (flash, padded)": [
      1.9712,
      1.82477,
      1.80723,
      3.92602,
      3.90269,
      3.78675
    ],
    "NestedTensor + SDPA": [
      8.64358,
      8.77466,
      8.74637,
      16.69936,
      16.44762,
      16.34547
    ],
    "Triton Ragged (ours)": [
      0.13517,
      0.04128,
      0.02355,
      0.33178,
      0.07885,
      0.02765
    ],
    "FlashAttention-2 (varlen)": [
      0.11059,
      0.0471,
      0.0471,
      0.25395,
      0.07066,
      0.06042
    ]
  },
  "p95": {
    "SDPA (math, padded)": [
      5.34506,
      2.56918,
      2.176,
      10.73962,
      5.78051,
      4.32528
    ],
    "SDPA (efficient, padded)": [
      2.1768,
      1.9456,
      1.89654,
      4.3496,
      4.14186,
      3.92806
    ],
    "SDPA (flash, padded)": [
      2.00909,
      1.90189,
      1.88528,
      4.14723,
      4.06733,
      3.82054
    ],
    "NestedTensor + SDPA": [
      8.9424,
      9.27242,
      9.26515,
      17.56912,
      17.76538,
      17.30288
    ],
    "Triton Ragged (ours)": [
      0.13722,
      0.04301,
      0.0256,
      0.34714,
      0.07987,
      0.02867
    ],
    "FlashAttention-2 (varlen)": [
      0.12288,
      0.05158,
      0.05222,
      0.27034,
      0.07187,
      0.06147
    ]
  }
}