{
  "gpu": "NVIDIA RTX 4000 Ada Generation",
  "sm": "SM89",
  "timing": "cuda_events_median_ms",
  "warmup": 50,
  "jit_warmup": 150,
  "iters": 300,
  "configs": [
    "BS=32, 0% pruned",
    "BS=32, 50% pruned",
    "BS=32, 80% pruned",
    "BS=64, 0% pruned",
    "BS=64, 50% pruned",
    "BS=64, 80% pruned"
  ],
  "kernels": {
    "SDPA (math, padded)": [
      5.34674,
      2.56203,
      2.13914,
      10.8304,
      5.77938,
      4.25781
    ],
    "SDPA (efficient, padded)": [
      2.24051,
      2.00016,
      1.8519,
      4.51686,
      4.02394,
      3.92702
    ],
    "SDPA (flash, padded)": [
      2.11898,
      1.95507,
      1.92922,
      4.2112,
      3.89427,
      3.73499
    ],
    "NestedTensor + SDPA": [
      8.96554,
      9.24262,
      8.82074,
      16.80899,
      16.50235,
      16.4992
    ],
    "Triton Ragged (ours)": [
      0.13619,
      0.04198,
      0.02355,
      0.34406,
      0.07987,
      0.02765
    ],
    "FlashAttention-2 (varlen)": [
      0.11181,
      0.05022,
      0.04915,
      0.25395,
      0.07168,
      0.06042
    ]
  },
  "p5": {
    "SDPA (math, padded)": [
      5.3072,
      2.54566,
      2.0736,
      10.76864,
      5.74464,
      4.10608
    ],
    "SDPA (efficient, padded)": [
      2.22003,
      1.99168,
      1.77091,
      4.37933,
      3.97424,
      3.79187
    ],
    "SDPA (flash, padded)": [
      2.10125,
      1.94154,
      1.82477,
      4.07757,
      3.71725,
      3.5369
    ],
    "NestedTensor + SDPA": [
      8.85658,
      8.79411,
      8.74118,
      16.42582,
      16.11302,
      16.26726
    ],
    "Triton Ragged (ours)": [
      0.13517,
      0.04096,
      0.02253,
      0.33178,
      0.07885,
      0.02662
    ],
    "FlashAttention-2 (varlen)": [
      0.11059,
      0.04915,
      0.0471,
      0.25293,
      0.07066,
      0.05939
    ]
  },
  "p95": {
    "SDPA (math, padded)": [
      5.44131,
      2.59405,
      2.16986,
      10.97734,
      5.91462,
      4.3049
    ],
    "SDPA (efficient, padded)": [
      2.33062,
      2.05517,
      1.94547,
      4.53923,
      4.13594,
      4.00256
    ],
    "SDPA (flash, padded)": [
      2.18746,
      2.02256,
      1.94355,
      4.35098,
      4.04787,
      3.81542
    ],
    "NestedTensor + SDPA": [
      9.37184,
      9.39136,
      9.24774,
      17.70819,
      16.85277,
      17.21872
    ],
    "Triton Ragged (ours)": [
      0.13722,
      0.04221,
      0.02458,
      0.34714,
      0.07987,
      0.02781
    ],
    "FlashAttention-2 (varlen)": [
      0.11469,
      0.05325,
      0.0512,
      0.26931,
      0.07197,
      0.06144
    ]
  }
}