{
  "gpu": "NVIDIA RTX 4000 Ada Generation",
  "sm": "SM89",
  "timing": "cuda_events_median_ms",
  "warmup": 50,
  "jit_warmup": 150,
  "iters": 300,
  "configs": [
    "BS=32, 0% pruned",
    "BS=32, 50% pruned",
    "BS=32, 80% pruned",
    "BS=64, 0% pruned",
    "BS=64, 50% pruned",
    "BS=64, 80% pruned"
  ],
  "kernels": {
    "SDPA (math, padded)": [
      5.36254,
      2.65858,
      2.15469,
      11.0336,
      5.84354,
      4.224
    ],
    "SDPA (efficient, padded)": [
      2.19648,
      1.97632,
      1.91594,
      4.27069,
      3.91278,
      3.73864
    ],
    "SDPA (flash, padded)": [
      2.06603,
      1.92512,
      1.90418,
      4.14422,
      3.83928,
      3.7545
    ],
    "NestedTensor + SDPA": [
      9.41464,
      9.34898,
      9.34656,
      17.66946,
      17.45339,
      17.35328
    ],
    "Triton Ragged (ours)": [
      0.13722,
      0.04198,
      0.0256,
      0.34611,
      0.07987,
      0.02765
    ],
    "FlashAttention-2 (varlen)": [
      0.11366,
      0.0512,
      0.05325,
      0.25395,
      0.0727,
      0.06042
    ]
  },
  "p5": {
    "SDPA (math, padded)": [
      5.2736,
      2.57843,
      2.08179,
      10.63014,
      5.66589,
      4.08458
    ],
    "SDPA (efficient, padded)": [
      2.12179,
      1.89642,
      1.83952,
      4.16598,
      3.77754,
      3.58947
    ],
    "SDPA (flash, padded)": [
      1.99581,
      1.8543,
      1.83194,
      3.98643,
      3.70707,
      3.60755
    ],
    "NestedTensor + SDPA": [
      8.92723,
      8.87926,
      8.85862,
      16.94003,
      16.768,
      16.63981
    ],
    "Triton Ragged (ours)": [
      0.13619,
      0.04198,
      0.02458,
      0.3369,
      0.07885,
      0.02662
    ],
    "FlashAttention-2 (varlen)": [
      0.11264,
      0.04915,
      0.03277,
      0.25213,
      0.07066,
      0.05939
    ]
  },
  "p95": {
    "SDPA (math, padded)": [
      5.92579,
      3.19107,
      2.68186,
      11.42134,
      6.37466,
      4.79027
    ],
    "SDPA (efficient, padded)": [
      2.75866,
      2.46579,
      2.43981,
      4.86298,
      4.45338,
      4.31232
    ],
    "SDPA (flash, padded)": [
      2.60198,
      2.47603,
      2.36134,
      4.71626,
      4.38477,
      4.31603
    ],
    "NestedTensor + SDPA": [
      9.92973,
      9.81533,
      9.8505,
      18.26445,
      18.00301,
      17.96618
    ],
    "Triton Ragged (ours)": [
      0.1417,
      0.04301,
      0.02765,
      0.35021,
      0.07994,
      0.02765
    ],
    "FlashAttention-2 (varlen)": [
      0.11674,
      0.05427,
      0.05632,
      0.26624,
      0.07373,
      0.06144
    ]
  }
}