{
  "gpu": "NVIDIA RTX 4000 Ada Generation",
  "sm": "SM89",
  "timing": "cuda_events_median_ms",
  "warmup": 50,
  "jit_warmup": 150,
  "iters": 300,
  "configs": [
    "BS=32, 0% pruned",
    "BS=32, 50% pruned",
    "BS=32, 80% pruned",
    "BS=64, 0% pruned",
    "BS=64, 50% pruned",
    "BS=64, 80% pruned"
  ],
  "kernels": {
    "SDPA (math, padded)": [
      5.37149,
      2.62547,
      2.16416,
      10.75299,
      5.71333,
      4.2005
    ],
    "SDPA (efficient, padded)": [
      2.13293,
      1.89547,
      1.90571,
      4.15922,
      3.77618,
      3.81485
    ],
    "SDPA (flash, padded)": [
      2.06038,
      1.85446,
      1.90778,
      4.00331,
      3.70533,
      3.96083
    ],
    "NestedTensor + SDPA": [
      9.5824,
      9.45043,
      9.0829,
      17.81658,
      17.1719,
      17.02963
    ],
    "Triton Ragged (ours)": [
      0.13632,
      0.04198,
      0.02355,
      0.34509,
      0.07987,
      0.02765
    ],
    "FlashAttention-2 (varlen)": [
      0.11264,
      0.05325,
      0.05325,
      0.26726,
      0.0727,
      0.06042
    ]
  },
  "p5": {
    "SDPA (math, padded)": [
      5.32685,
      2.5815,
      2.14954,
      10.60976,
      5.62659,
      3.99034
    ],
    "SDPA (efficient, padded)": [
      2.12189,
      1.88582,
      1.89542,
      4.07514,
      3.75267,
      3.77754
    ],
    "SDPA (flash, padded)": [
      1.99475,
      1.84317,
      1.83808,
      3.91683,
      3.68432,
      3.82054
    ],
    "NestedTensor + SDPA": [
      9.10438,
      9.01427,
      8.84941,
      17.28326,
      17.00074,
      16.70627
    ],
    "Triton Ragged (ours)": [
      0.13619,
      0.04096,
      0.02253,
      0.3369,
      0.07885,
      0.02662
    ],
    "FlashAttention-2 (varlen)": [
      0.11059,
      0.0512,
      0.05133,
      0.25293,
      0.07168,
      0.05939
    ]
  },
  "p95": {
    "SDPA (math, padded)": [
      5.45894,
      2.67171,
      2.20378,
      10.84006,
      5.84672,
      4.29942
    ],
    "SDPA (efficient, padded)": [
      2.19315,
      1.97008,
      1.94253,
      4.30467,
      4.66739,
      3.95581
    ],
    "SDPA (flash, padded)": [
      2.07782,
      1.9241,
      1.91677,
      4.19357,
      3.84512,
      3.98307
    ],
    "NestedTensor + SDPA": [
      9.8857,
      9.72515,
      9.71408,
      22.60378,
      18.35114,
      17.88211
    ],
    "Triton Ragged (ours)": [
      0.13926,
      0.04301,
      0.02458,
      0.34714,
      0.08,
      0.02778
    ],
    "FlashAttention-2 (varlen)": [
      0.12288,
      0.0553,
      0.05539,
      0.27034,
      0.07373,
      0.06144
    ]
  }
}