{
  "gpu": "NVIDIA RTX 4000 Ada Generation",
  "sm": "SM89",
  "timing": "cuda_events_median_ms",
  "warmup": 50,
  "jit_warmup": 150,
  "iters": 300,
  "configs": [
    "BS=32, 0% pruned",
    "BS=32, 50% pruned",
    "BS=32, 80% pruned",
    "BS=64, 0% pruned",
    "BS=64, 50% pruned",
    "BS=64, 80% pruned"
  ],
  "kernels": {
    "SDPA (math, padded)": [
      5.34374,
      2.60635,
      2.17293,
      10.87906,
      5.94163,
      4.08266
    ],
    "SDPA (efficient, padded)": [
      2.24589,
      1.99176,
      1.91794,
      4.41754,
      4.0192,
      3.5697
    ],
    "SDPA (flash, padded)": [
      2.17731,
      1.96502,
      2.03045,
      4.22874,
      3.94747,
      3.60842
    ],
    "NestedTensor + SDPA": [
      9.56096,
      9.13861,
      9.08595,
      17.44851,
      17.20998,
      17.14651
    ],
    "Triton Ragged (ours)": [
      0.13619,
      0.04198,
      0.02355,
      0.34304,
      0.07987,
      0.02765
    ],
    "FlashAttention-2 (varlen)": [
      0.11162,
      0.0524,
      0.05222,
      0.26829,
      0.07168,
      0.06042
    ]
  },
  "p5": {
    "SDPA (math, padded)": [
      5.30739,
      2.5815,
      2.15251,
      10.80422,
      5.7887,
      4.05811
    ],
    "SDPA (efficient, padded)": [
      2.23267,
      1.97939,
      1.85936,
      4.3991,
      3.69152,
      3.49706
    ],
    "SDPA (flash, padded)": [
      2.11322,
      1.93126,
      1.95299,
      4.05107,
      3.88403,
      3.51888
    ],
    "NestedTensor + SDPA": [
      9.03693,
      8.91997,
      9.01923,
      17.33936,
      16.84378,
      16.72102
    ],
    "Triton Ragged (ours)": [
      0.13517,
      0.04096,
      0.02253,
      0.33178,
      0.07885,
      0.02662
    ],
    "FlashAttention-2 (varlen)": [
      0.11059,
      0.0512,
      0.0512,
      0.25293,
      0.07066,
      0.05939
    ]
  },
  "p95": {
    "SDPA (math, padded)": [
      5.41696,
      2.62554,
      2.2272,
      11.03059,
      6.03648,
      4.28858
    ],
    "SDPA (efficient, padded)": [
      2.25997,
      2.02445,
      2.0583,
      4.56294,
      4.05482,
      3.65773
    ],
    "SDPA (flash, padded)": [
      2.19958,
      1.98006,
      2.07536,
      4.38854,
      3.97107,
      3.73411
    ],
    "NestedTensor + SDPA": [
      9.70461,
      9.58093,
      9.58557,
      18.4056,
      18.01408,
      18.33565
    ],
    "Triton Ragged (ours)": [
      0.13722,
      0.04301,
      0.0247,
      0.34611,
      0.0799,
      0.0279
    ],
    "FlashAttention-2 (varlen)": [
      0.11264,
      0.0553,
      0.0553,
      0.27066,
      0.07475,
      0.06144
    ]
  }
}