{
  "gpu": "NVIDIA RTX 4000 Ada Generation",
  "sm": "SM89",
  "timing": "cuda_events_median_ms",
  "warmup": 50,
  "jit_warmup": 150,
  "iters": 300,
  "configs": [
    "BS=32, 0% pruned",
    "BS=32, 50% pruned",
    "BS=32, 80% pruned",
    "BS=64, 0% pruned",
    "BS=64, 50% pruned",
    "BS=64, 80% pruned"
  ],
  "kernels": {
    "SDPA (math, padded)": [
      5.36474,
      2.60381,
      2.11238,
      11.04763,
      5.84602,
      4.23013
    ],
    "SDPA (efficient, padded)": [
      2.19426,
      1.96259,
      1.8395,
      4.2239,
      3.90963,
      3.74162
    ],
    "SDPA (flash, padded)": [
      2.00806,
      1.90861,
      1.90075,
      3.99658,
      3.83797,
      3.74149
    ],
    "NestedTensor + SDPA": [
      9.34758,
      9.12214,
      9.35066,
      17.70957,
      17.60781,
      17.56398
    ],
    "Triton Ragged (ours)": [
      0.13722,
      0.04198,
      0.02499,
      0.34509,
      0.07987,
      0.02765
    ],
    "FlashAttention-2 (varlen)": [
      0.1153,
      0.05018,
      0.0512,
      0.26624,
      0.0727,
      0.06042
    ]
  },
  "p5": {
    "SDPA (math, padded)": [
      5.2871,
      2.57456,
      2.07462,
      10.66627,
      5.68832,
      4.07645
    ],
    "SDPA (efficient, padded)": [
      2.08083,
      1.88749,
      1.82579,
      4.09072,
      3.76115,
      3.59728
    ],
    "SDPA (flash, padded)": [
      1.99408,
      1.83984,
      1.82886,
      3.96614,
      3.6912,
      3.60435
    ],
    "NestedTensor + SDPA": [
      8.92586,
      8.79014,
      8.86496,
      17.09344,
      16.86918,
      16.85174
    ],
    "Triton Ragged (ours)": [
      0.13619,
      0.04125,
      0.01536,
      0.33587,
      0.07885,
      0.02662
    ],
    "FlashAttention-2 (varlen)": [
      0.11264,
      0.0471,
      0.03379,
      0.25293,
      0.07168,
      0.05939
    ]
  },
  "p95": {
    "SDPA (math, padded)": [
      5.90336,
      3.11974,
      2.65302,
      11.37907,
      6.37747,
      4.78515
    ],
    "SDPA (efficient, padded)": [
      2.70931,
      2.49827,
      2.35725,
      4.83811,
      4.47306,
      4.32435
    ],
    "SDPA (flash, padded)": [
      2.54054,
      2.44429,
      2.39718,
      4.59341,
      4.39882,
      4.31299
    ],
    "NestedTensor + SDPA": [
      9.8225,
      9.63894,
      9.76998,
      18.33904,
      18.11654,
      18.13632
    ],
    "Triton Ragged (ours)": [
      0.14234,
      0.04301,
      0.02662,
      0.35021,
      0.07987,
      0.02781
    ],
    "FlashAttention-2 (varlen)": [
      0.1239,
      0.0536,
      0.05427,
      0.27034,
      0.07578,
      0.06144
    ]
  }
}