{
  "gpu": "NVIDIA RTX 4000 Ada Generation",
  "sm": "SM89",
  "timing": "cuda_events_median_ms",
  "warmup": 50,
  "jit_warmup": 150,
  "iters": 300,
  "configs": [
    "BS=32, 0% pruned",
    "BS=32, 50% pruned",
    "BS=32, 80% pruned",
    "BS=64, 0% pruned",
    "BS=64, 50% pruned",
    "BS=64, 80% pruned"
  ],
  "kernels": {
    "SDPA (math, padded)": [
      5.33288,
      2.60128,
      2.09493,
      10.69122,
      5.81971,
      4.10469
    ],
    "SDPA (efficient, padded)": [
      2.12787,
      1.98123,
      1.84525,
      4.20128,
      3.80211,
      3.60462
    ],
    "SDPA (flash, padded)": [
      2.00547,
      1.85824,
      1.84523,
      4.01613,
      3.7328,
      3.74654
    ],
    "NestedTensor + SDPA": [
      9.22824,
      9.17403,
      9.08701,
      17.49872,
      17.31395,
      17.2089
    ],
    "Triton Ragged (ours)": [
      0.1353,
      0.04198,
      0.02458,
      0.34406,
      0.07987,
      0.02765
    ],
    "FlashAttention-2 (varlen)": [
      0.11162,
      0.05222,
      0.05632,
      0.25395,
      0.07168,
      0.06042
    ]
  },
  "p5": {
    "SDPA (math, padded)": [
      5.28179,
      2.58483,
      2.08579,
      10.63306,
      5.71904,
      4.03171
    ],
    "SDPA (efficient, padded)": [
      2.09485,
      1.90675,
      1.82192,
      4.18694,
      3.74477,
      3.54918
    ],
    "SDPA (flash, padded)": [
      1.97254,
      1.8497,
      1.81565,
      3.99872,
      3.72019,
      3.60378
    ],
    "NestedTensor + SDPA": [
      9.14461,
      9.07251,
      8.86886,
      17.36813,
      17.01171,
      17.01261
    ],
    "Triton Ragged (ours)": [
      0.13517,
      0.04096,
      0.02355,
      0.3328,
      0.07885,
      0.02662
    ],
    "FlashAttention-2 (varlen)": [
      0.11059,
      0.0512,
      0.05427,
      0.25293,
      0.07066,
      0.05939
    ]
  },
  "p95": {
    "SDPA (math, padded)": [
      5.4057,
      2.67571,
      2.16874,
      10.83837,
      5.88048,
      4.25539
    ],
    "SDPA (efficient, padded)": [
      2.14218,
      1.99376,
      1.85674,
      4.35078,
      3.82467,
      3.7448
    ],
    "SDPA (flash, padded)": [
      2.01917,
      1.93254,
      1.85242,
      4.16461,
      3.75501,
      3.82342
    ],
    "NestedTensor + SDPA": [
      9.66256,
      9.58771,
      9.56285,
      18.59725,
      18.22851,
      18.0633
    ],
    "Triton Ragged (ours)": [
      0.13722,
      0.04301,
      0.02662,
      0.34714,
      0.07987,
      0.02781
    ],
    "FlashAttention-2 (varlen)": [
      0.11264,
      0.05427,
      0.05837,
      0.27034,
      0.07373,
      0.06144
    ]
  }
}