{
  "gpu": "NVIDIA RTX 4000 Ada Generation",
  "sm": "SM89",
  "timing": "cuda_events_median_ms",
  "warmup": 50,
  "jit_warmup": 150,
  "iters": 300,
  "configs": [
    "BS=32, 0% pruned",
    "BS=32, 50% pruned",
    "BS=32, 80% pruned",
    "BS=64, 0% pruned",
    "BS=64, 50% pruned",
    "BS=64, 80% pruned"
  ],
  "kernels": {
    "SDPA (math, padded)": [
      5.43846,
      2.6252,
      2.14014,
      10.62742,
      5.67872,
      4.07058
    ],
    "SDPA (efficient, padded)": [
      2.24154,
      2.02547,
      1.89338,
      4.15334,
      3.76218,
      3.56712
    ],
    "SDPA (flash, padded)": [
      2.1156,
      1.96394,
      1.82522,
      3.95981,
      3.67902,
      3.57224
    ],
    "NestedTensor + SDPA": [
      9.20174,
      9.15248,
      9.4588,
      17.34144,
      17.15354,
      16.97162
    ],
    "Triton Ragged (ours)": [
      0.13619,
      0.04198,
      0.0256,
      0.34202,
      0.07912,
      0.02765
    ],
    "FlashAttention-2 (varlen)": [
      0.11264,
      0.05325,
      0.05667,
      0.26419,
      0.07168,
      0.06042
    ]
  },
  "p5": {
    "SDPA (math, padded)": [
      5.3351,
      2.60893,
      2.06538,
      10.57894,
      5.62586,
      4.04992
    ],
    "SDPA (efficient, padded)": [
      2.15619,
      2.01114,
      1.82006,
      4.07267,
      3.68547,
      3.47446
    ],
    "SDPA (flash, padded)": [
      2.03776,
      1.95347,
      1.8135,
      3.93626,
      3.61254,
      3.50515
    ],
    "NestedTensor + SDPA": [
      9.1392,
      9.06752,
      9.01245,
      17.19389,
      16.95562,
      16.86349
    ],
    "Triton Ragged (ours)": [
      0.13517,
      0.04096,
      0.02458,
      0.33178,
      0.07885,
      0.02662
    ],
    "FlashAttention-2 (varlen)": [
      0.11059,
      0.05222,
      0.0553,
      0.25216,
      0.07066,
      0.05939
    ]
  },
  "p95": {
    "SDPA (math, padded)": [
      5.48752,
      2.69949,
      2.54669,
      10.71328,
      5.81958,
      4.20966
    ],
    "SDPA (efficient, padded)": [
      2.25882,
      2.10022,
      1.90352,
      4.28093,
      3.90048,
      3.68678
    ],
    "SDPA (flash, padded)": [
      2.2272,
      2.00602,
      1.89338,
      4.09482,
      3.69766,
      3.5913
    ],
    "NestedTensor + SDPA": [
      9.60704,
      9.59802,
      9.57866,
      18.31322,
      18.24938,
      17.78698
    ],
    "Triton Ragged (ours)": [
      0.13722,
      0.04301,
      0.02662,
      0.34406,
      0.07987,
      0.0279
    ],
    "FlashAttention-2 (varlen)": [
      0.11469,
      0.05632,
      0.05939,
      0.26931,
      0.07475,
      0.06144
    ]
  }
}