{
  "gpu": "NVIDIA RTX 4000 Ada Generation",
  "sm": "SM89",
  "timing": "cuda_events_median_ms",
  "warmup": 50,
  "jit_warmup": 150,
  "iters": 300,
  "configs": [
    "BS=32, 0% pruned",
    "BS=32, 50% pruned",
    "BS=32, 80% pruned",
    "BS=64, 0% pruned",
    "BS=64, 50% pruned",
    "BS=64, 80% pruned"
  ],
  "kernels": {
    "SDPA (math, padded)": [
      5.39605,
      2.5877,
      2.15062,
      10.60954,
      5.69414,
      4.04771
    ],
    "SDPA (efficient, padded)": [
      2.2343,
      2.00002,
      1.99992,
      4.13853,
      3.74278,
      3.67494
    ],
    "SDPA (flash, padded)": [
      2.17088,
      1.95058,
      2.00603,
      4.07267,
      3.66576,
      3.5583
    ],
    "NestedTensor + SDPA": [
      8.88314,
      8.99931,
      8.79566,
      17.07059,
      17.04174,
      16.47774
    ],
    "Triton Ragged (ours)": [
      0.13619,
      0.04198,
      0.02355,
      0.34406,
      0.07987,
      0.02765
    ],
    "FlashAttention-2 (varlen)": [
      0.11162,
      0.0512,
      0.0484,
      0.2601,
      0.07168,
      0.06042
    ]
  },
  "p5": {
    "SDPA (math, padded)": [
      5.3552,
      2.564,
      2.07574,
      10.57485,
      5.65046,
      4.02637
    ],
    "SDPA (efficient, padded)": [
      2.21773,
      1.96826,
      1.91616,
      4.11344,
      3.72941,
      3.53587
    ],
    "SDPA (flash, padded)": [
      2.10323,
      1.93434,
      1.9927,
      3.93728,
      3.65078,
      3.54422
    ],
    "NestedTensor + SDPA": [
      8.80966,
      8.74803,
      8.6855,
      16.66474,
      16.39622,
      16.26419
    ],
    "Triton Ragged (ours)": [
      0.13517,
      0.04096,
      0.02253,
      0.33075,
      0.07885,
      0.02662
    ],
    "FlashAttention-2 (varlen)": [
      0.11059,
      0.05018,
      0.0471,
      0.25293,
      0.07066,
      0.05939
    ]
  },
  "p95": {
    "SDPA (math, padded)": [
      5.44541,
      2.60438,
      2.18112,
      10.73363,
      5.80099,
      4.19091
    ],
    "SDPA (efficient, padded)": [
      2.304,
      2.01558,
      2.01699,
      4.33782,
      3.83216,
      3.75603
    ],
    "SDPA (flash, padded)": [
      2.18931,
      1.96301,
      2.05005,
      4.0919,
      3.79904,
      3.69277
    ],
    "NestedTensor + SDPA": [
      9.37162,
      9.41466,
      9.24349,
      17.7601,
      17.71725,
      17.42746
    ],
    "Triton Ragged (ours)": [
      0.13722,
      0.04301,
      0.0256,
      0.34714,
      0.07987,
      0.02787
    ],
    "FlashAttention-2 (varlen)": [
      0.11264,
      0.05427,
      0.05222,
      0.26138,
      0.07475,
      0.06144
    ]
  }
}