{
  "gpu": "NVIDIA RTX 4000 Ada Generation",
  "sm": "SM89",
  "timing": "cuda_events_median_ms",
  "warmup": 50,
  "jit_warmup": 150,
  "iters": 300,
  "configs": [
    "BS=32, 0% pruned",
    "BS=32, 50% pruned",
    "BS=32, 80% pruned",
    "BS=64, 0% pruned",
    "BS=64, 50% pruned",
    "BS=64, 80% pruned"
  ],
  "kernels": {
    "SDPA (math, padded)": [
      5.35603,
      2.58458,
      2.16152,
      10.7571,
      5.73944,
      4.07347
    ],
    "SDPA (efficient, padded)": [
      2.18846,
      1.94686,
      1.84117,
      4.1707,
      3.76696,
      3.57274
    ],
    "SDPA (flash, padded)": [
      2.00654,
      1.92614,
      1.83091,
      3.98344,
      3.70133,
      3.93421
    ],
    "NestedTensor + SDPA": [
      8.85629,
      9.08235,
      8.77978,
      16.77314,
      17.02906,
      16.46746
    ],
    "Triton Ragged (ours)": [
      0.13619,
      0.04198,
      0.02355,
      0.34406,
      0.07925,
      0.02765
    ],
    "FlashAttention-2 (varlen)": [
      0.11162,
      0.04813,
      0.05018,
      0.25312,
      0.07168,
      0.06042
    ]
  },
  "p5": {
    "SDPA (math, padded)": [
      5.28042,
      2.57331,
      2.08794,
      10.55446,
      5.67808,
      4.06016
    ],
    "SDPA (efficient, padded)": [
      2.13024,
      1.89232,
      1.82784,
      4.15642,
      3.74861,
      3.55968
    ],
    "SDPA (flash, padded)": [
      1.99782,
      1.8647,
      1.82477,
      3.96768,
      3.68435,
      3.77856
    ],
    "NestedTensor + SDPA": [
      8.79718,
      8.59718,
      8.69696,
      16.60419,
      16.36966,
      16.01219
    ],
    "Triton Ragged (ours)": [
      0.13517,
      0.04096,
      0.02253,
      0.33178,
      0.07885,
      0.02662
    ],
    "FlashAttention-2 (varlen)": [
      0.11059,
      0.04608,
      0.0471,
      0.25293,
      0.07066,
      0.05939
    ]
  },
  "p95": {
    "SDPA (math, padded)": [
      5.39366,
      2.65728,
      2.172,
      10.84518,
      5.84998,
      4.21827
    ],
    "SDPA (efficient, padded)": [
      2.19824,
      1.9753,
      1.91795,
      4.30867,
      3.78163,
      3.59334
    ],
    "SDPA (flash, padded)": [
      2.08077,
      1.97018,
      1.84506,
      4.12253,
      3.84397,
      3.95981
    ],
    "NestedTensor + SDPA": [
      9.07674,
      9.42726,
      9.1863,
      17.92307,
      17.52557,
      17.32131
    ],
    "Triton Ragged (ours)": [
      0.13722,
      0.0423,
      0.02467,
      0.34714,
      0.07987,
      0.02781
    ],
    "FlashAttention-2 (varlen)": [
      0.112,
      0.05018,
      0.05222,
      0.25498,
      0.0727,
      0.06144
    ]
  }
}