{
  "gpu": "NVIDIA RTX 4000 Ada Generation",
  "sm": "SM89",
  "timing": "cuda_events_median_ms",
  "warmup": 50,
  "jit_warmup": 150,
  "iters": 300,
  "configs": [
    "BS=32, 0% pruned",
    "BS=32, 50% pruned",
    "BS=32, 80% pruned",
    "BS=64, 0% pruned",
    "BS=64, 50% pruned",
    "BS=64, 80% pruned"
  ],
  "kernels": {
    "SDPA (math, padded)": [
      5.35846,
      2.61144,
      2.09011,
      10.98675,
      5.89107,
      4.21888
    ],
    "SDPA (efficient, padded)": [
      2.13408,
      1.99779,
      1.8673,
      4.24448,
      3.96392,
      3.72336
    ],
    "SDPA (flash, padded)": [
      2.01533,
      1.94672,
      1.89021,
      4.29325,
      3.91318,
      3.7324
    ],
    "NestedTensor + SDPA": [
      9.2872,
      9.19077,
      9.22067,
      17.43667,
      17.40645,
      17.08339
    ],
    "Triton Ragged (ours)": [
      0.13742,
      0.04198,
      0.02573,
      0.34509,
      0.07987,
      0.02765
    ],
    "FlashAttention-2 (varlen)": [
      0.116,
      0.04824,
      0.0512,
      0.26552,
      0.0727,
      0.06042
    ]
  },
  "p5": {
    "SDPA (math, padded)": [
      5.27974,
      2.54387,
      2.06438,
      10.65181,
      5.7129,
      4.06426
    ],
    "SDPA (efficient, padded)": [
      2.11651,
      1.92819,
      1.82579,
      4.18406,
      3.83565,
      3.59526
    ],
    "SDPA (flash, padded)": [
      1.99066,
      1.88182,
      1.87168,
      4.15232,
      3.77344,
      3.63418
    ],
    "NestedTensor + SDPA": [
      8.8679,
      8.776,
      8.7737,
      16.84256,
      16.63283,
      16.54269
    ],
    "Triton Ragged (ours)": [
      0.13619,
      0.04198,
      0.0256,
      0.33613,
      0.07885,
      0.02765
    ],
    "FlashAttention-2 (varlen)": [
      0.11264,
      0.03686,
      0.04813,
      0.25293,
      0.07168,
      0.06042
    ]
  },
  "p95": {
    "SDPA (math, padded)": [
      5.92589,
      3.11194,
      2.64611,
      11.40019,
      6.3864,
      4.77798
    ],
    "SDPA (efficient, padded)": [
      2.65926,
      2.5648,
      2.36019,
      4.864,
      4.50154,
      4.28643
    ],
    "SDPA (flash, padded)": [
      2.53542,
      2.4681,
      2.45043,
      4.83123,
      4.44813,
      4.28342
    ],
    "NestedTensor + SDPA": [
      9.74608,
      9.69216,
      9.68909,
      18.07466,
      18.07667,
      18.03782
    ],
    "Triton Ragged (ours)": [
      0.14234,
      0.04301,
      0.02765,
      0.35021,
      0.08006,
      0.02867
    ],
    "FlashAttention-2 (varlen)": [
      0.11776,
      0.05222,
      0.05325,
      0.26835,
      0.0768,
      0.06144
    ]
  }
}