{
  "gpu": "NVIDIA RTX 4000 Ada Generation",
  "sm": "SM89",
  "timing": "cuda_events_median_ms",
  "warmup": 50,
  "jit_warmup": 150,
  "iters": 300,
  "configs": [
    "BS=32, 0% pruned",
    "BS=32, 50% pruned",
    "BS=32, 80% pruned",
    "BS=64, 0% pruned",
    "BS=64, 50% pruned",
    "BS=64, 80% pruned"
  ],
  "kernels": {
    "SDPA (math, padded)": [
      5.34118,
      2.70234,
      2.11246,
      10.98288,
      5.8047,
      4.08507
    ],
    "SDPA (efficient, padded)": [
      2.2592,
      2.10229,
      1.96608,
      4.56602,
      3.84,
      3.72211
    ],
    "SDPA (flash, padded)": [
      2.13496,
      2.04882,
      1.93514,
      4.23432,
      3.71715,
      3.7224
    ],
    "NestedTensor + SDPA": [
      9.5399,
      9.44179,
      9.07987,
      17.73626,
      16.95096,
      16.91174
    ],
    "Triton Ragged (ours)": [
      0.13619,
      0.04198,
      0.02458,
      0.33382,
      0.07987,
      0.02765
    ],
    "FlashAttention-2 (varlen)": [
      0.11162,
      0.05325,
      0.0512,
      0.26522,
      0.07168,
      0.06042
    ]
  },
  "p5": {
    "SDPA (math, padded)": [
      5.31587,
      2.62144,
      2.09818,
      10.83005,
      5.70675,
      4.07046
    ],
    "SDPA (efficient, padded)": [
      2.24592,
      2.09318,
      1.95206,
      4.43187,
      3.78256,
      3.5799
    ],
    "SDPA (flash, padded)": [
      2.12378,
      1.97018,
      1.92109,
      4.16666,
      3.70106,
      3.59107
    ],
    "NestedTensor + SDPA": [
      9.09926,
      9.00646,
      8.95203,
      16.95123,
      16.74458,
      16.55002
    ],
    "Triton Ragged (ours)": [
      0.13517,
      0.04096,
      0.02355,
      0.33075,
      0.07885,
      0.02662
    ],
    "FlashAttention-2 (varlen)": [
      0.11059,
      0.0512,
      0.04915,
      0.25293,
      0.07066,
      0.05939
    ]
  },
  "p95": {
    "SDPA (math, padded)": [
      5.41395,
      2.74339,
      2.21286,
      11.09078,
      5.93312,
      4.10314
    ],
    "SDPA (efficient, padded)": [
      2.32634,
      2.11456,
      1.97699,
      4.60083,
      3.9424,
      3.80314
    ],
    "SDPA (flash, padded)": [
      2.14646,
      2.08896,
      1.97018,
      4.25904,
      3.85741,
      3.79904
    ],
    "NestedTensor + SDPA": [
      9.79645,
      9.74336,
      9.56723,
      18.53869,
      17.44582,
      17.81894
    ],
    "Triton Ragged (ours)": [
      0.13722,
      0.04301,
      0.02566,
      0.34509,
      0.07987,
      0.02781
    ],
    "FlashAttention-2 (varlen)": [
      0.12288,
      0.0553,
      0.0553,
      0.27034,
      0.07178,
      0.06144
    ]
  }
}