{
  "gpu": "NVIDIA RTX 4000 Ada Generation",
  "sm": "SM89",
  "timing": "cuda_events_median_ms",
  "warmup": 50,
  "jit_warmup": 150,
  "iters": 300,
  "configs": [
    "BS=32, 0% pruned",
    "BS=32, 50% pruned",
    "BS=32, 80% pruned",
    "BS=64, 0% pruned",
    "BS=64, 50% pruned",
    "BS=64, 80% pruned"
  ],
  "kernels": {
    "SDPA (math, padded)": [
      5.35962,
      2.64082,
      2.13266,
      10.67053,
      5.78989,
      4.22722
    ],
    "SDPA (efficient, padded)": [
      2.11957,
      1.95152,
      1.83037,
      4.14813,
      3.74394,
      3.74474
    ],
    "SDPA (flash, padded)": [
      1.99955,
      1.89653,
      1.79405,
      3.94874,
      3.6719,
      3.8659
    ],
    "NestedTensor + SDPA": [
      9.31413,
      8.90042,
      8.80045,
      16.79622,
      17.11816,
      16.476
    ],
    "Triton Ragged (ours)": [
      0.13619,
      0.04198,
      0.02355,
      0.34509,
      0.07987,
      0.02765
    ],
    "FlashAttention-2 (varlen)": [
      0.11162,
      0.0512,
      0.0512,
      0.25293,
      0.0727,
      0.06042
    ]
  },
  "p5": {
    "SDPA (math, padded)": [
      5.30637,
      2.56179,
      2.05958,
      10.57475,
      5.65453,
      4.08474
    ],
    "SDPA (efficient, padded)": [
      2.08102,
      1.87699,
      1.81654,
      4.04848,
      3.72877,
      3.6145
    ],
    "SDPA (flash, padded)": [
      1.98832,
      1.83485,
      1.78381,
      3.93088,
      3.65462,
      3.72429
    ],
    "NestedTensor + SDPA": [
      8.88627,
      8.73261,
      8.74973,
      16.65133,
      16.42582,
      16.25629
    ],
    "Triton Ragged (ours)": [
      0.1353,
      0.04096,
      0.02355,
      0.3369,
      0.07885,
      0.02662
    ],
    "FlashAttention-2 (varlen)": [
      0.11059,
      0.04915,
      0.04813,
      0.2519,
      0.07168,
      0.05946
    ]
  },
  "p95": {
    "SDPA (math, padded)": [
      5.39955,
      2.68394,
      2.18538,
      10.81242,
      5.87181,
      4.31949
    ],
    "SDPA (efficient, padded)": [
      2.1815,
      1.99443,
      1.89763,
      4.27315,
      3.8737,
      3.98851
    ],
    "SDPA (flash, padded)": [
      2.06883,
      1.94112,
      1.82672,
      4.10314,
      3.81235,
      3.92314
    ],
    "NestedTensor + SDPA": [
      9.44026,
      9.30704,
      9.20269,
      17.60358,
      17.70803,
      17.2104
    ],
    "Triton Ragged (ours)": [
      0.13824,
      0.04301,
      0.0256,
      0.34714,
      0.07997,
      0.0279
    ],
    "FlashAttention-2 (varlen)": [
      0.11264,
      0.05427,
      0.05427,
      0.26931,
      0.07475,
      0.06144
    ]
  }
}