{
  "gpu": "NVIDIA RTX 4000 Ada Generation",
  "sm": "SM89",
  "timing": "cuda_events_median_ms",
  "warmup": 50,
  "jit_warmup": 150,
  "iters": 300,
  "configs": [
    "BS=32, 0% pruned",
    "BS=32, 50% pruned",
    "BS=32, 80% pruned",
    "BS=64, 0% pruned",
    "BS=64, 50% pruned",
    "BS=64, 80% pruned"
  ],
  "kernels": {
    "SDPA (math, padded)": [
      5.34611,
      2.62656,
      2.08998,
      10.83339,
      5.7212,
      4.06323
    ],
    "SDPA (efficient, padded)": [
      2.24752,
      2.01829,
      1.95683,
      4.47437,
      3.75565,
      3.57514
    ],
    "SDPA (flash, padded)": [
      2.12582,
      2.03776,
      1.95379,
      4.22851,
      3.63206,
      3.57786
    ],
    "NestedTensor + SDPA": [
      9.01603,
      8.87806,
      8.90014,
      16.82139,
      16.57632,
      16.50712
    ],
    "Triton Ragged (ours)": [
      0.13619,
      0.04198,
      0.0256,
      0.34509,
      0.07987,
      0.02765
    ],
    "FlashAttention-2 (varlen)": [
      0.11162,
      0.04915,
      0.05222,
      0.25805,
      0.07168,
      0.06042
    ]
  },
  "p5": {
    "SDPA (math, padded)": [
      5.3096,
      2.59283,
      2.07971,
      10.77446,
      5.66477,
      4.04902
    ],
    "SDPA (efficient, padded)": [
      2.21286,
      2.00602,
      1.91898,
      4.41242,
      3.69254,
      3.56352
    ],
    "SDPA (flash, padded)": [
      2.10666,
      1.9641,
      1.94048,
      4.20774,
      3.61274,
      3.51232
    ],
    "NestedTensor + SDPA": [
      8.89344,
      8.65462,
      8.78467,
      16.69837,
      16.19734,
      16.32874
    ],
    "Triton Ragged (ours)": [
      0.13517,
      0.04096,
      0.02458,
      0.33178,
      0.07885,
      0.02662
    ],
    "FlashAttention-2 (varlen)": [
      0.11059,
      0.04717,
      0.05018,
      0.25702,
      0.07066,
      0.05939
    ]
  },
  "p95": {
    "SDPA (math, padded)": [
      5.40883,
      2.72765,
      2.11251,
      10.94118,
      5.81427,
      4.19635
    ],
    "SDPA (efficient, padded)": [
      2.31424,
      2.09408,
      1.9712,
      4.5783,
      3.77923,
      3.59334
    ],
    "SDPA (flash, padded)": [
      2.19136,
      2.08282,
      1.96813,
      4.3695,
      3.82806,
      3.59418
    ],
    "NestedTensor + SDPA": [
      9.548,
      9.29654,
      9.38483,
      17.61274,
      17.33158,
      17.34675
    ],
    "Triton Ragged (ours)": [
      0.13722,
      0.04227,
      0.02662,
      0.34714,
      0.07987,
      0.0279
    ],
    "FlashAttention-2 (varlen)": [
      0.11264,
      0.0512,
      0.05427,
      0.26931,
      0.0727,
      0.06144
    ]
  }
}