{
  "gpu": "NVIDIA RTX 4000 Ada Generation",
  "sm": "SM89",
  "timing": "cuda_events_median_ms",
  "warmup": 50,
  "jit_warmup": 150,
  "iters": 300,
  "configs": [
    "BS=32, 0% pruned",
    "BS=32, 50% pruned",
    "BS=32, 80% pruned",
    "BS=64, 0% pruned",
    "BS=64, 50% pruned",
    "BS=64, 80% pruned"
  ],
  "kernels": {
    "SDPA (math, padded)": [
      5.36022,
      2.58816,
      2.07272,
      10.62939,
      5.7089,
      4.06214
    ],
    "SDPA (efficient, padded)": [
      2.16269,
      1.88826,
      1.83194,
      4.53011,
      3.77013,
      3.5645
    ],
    "SDPA (flash, padded)": [
      1.98171,
      1.85206,
      1.82787,
      4.32024,
      3.68837,
      3.57861
    ],
    "NestedTensor + SDPA": [
      8.95074,
      8.83958,
      8.9288,
      16.84946,
      16.68234,
      16.54802
    ],
    "Triton Ragged (ours)": [
      0.13619,
      0.04198,
      0.02355,
      0.34304,
      0.07987,
      0.02765
    ],
    "FlashAttention-2 (varlen)": [
      0.11162,
      0.04915,
      0.04915,
      0.26624,
      0.07168,
      0.06042
    ]
  },
  "p5": {
    "SDPA (math, padded)": [
      5.3104,
      2.5591,
      2.06512,
      10.59021,
      5.65219,
      3.99014
    ],
    "SDPA (efficient, padded)": [
      2.0992,
      1.87866,
      1.82298,
      4.50662,
      3.74275,
      3.49974
    ],
    "SDPA (flash, padded)": [
      1.94867,
      1.83318,
      1.82189,
      4.18541,
      3.67418,
      3.56387
    ],
    "NestedTensor + SDPA": [
      8.78573,
      8.74803,
      8.64493,
      16.58573,
      16.49869,
      16.36842
    ],
    "Triton Ragged (ours)": [
      0.13517,
      0.04096,
      0.02253,
      0.33178,
      0.07885,
      0.02662
    ],
    "FlashAttention-2 (varlen)": [
      0.11059,
      0.0471,
      0.0471,
      0.25194,
      0.07066,
      0.05939
    ]
  },
  "p95": {
    "SDPA (math, padded)": [
      5.44118,
      2.64579,
      2.0809,
      10.78374,
      5.78867,
      4.21248
    ],
    "SDPA (efficient, padded)": [
      2.24992,
      1.96096,
      1.8985,
      4.6121,
      3.90042,
      3.58016
    ],
    "SDPA (flash, padded)": [
      2.04698,
      1.91507,
      1.8903,
      4.39779,
      3.82755,
      3.70995
    ],
    "NestedTensor + SDPA": [
      9.56336,
      9.24877,
      9.41978,
      17.60259,
      17.50016,
      17.42848
    ],
    "Triton Ragged (ours)": [
      0.13722,
      0.04301,
      0.02458,
      0.34509,
      0.0809,
      0.0279
    ],
    "FlashAttention-2 (varlen)": [
      0.12288,
      0.0512,
      0.05123,
      0.26934,
      0.07197,
      0.06144
    ]
  }
}