{
  "gpu": "NVIDIA RTX 4000 Ada Generation",
  "sm": "SM89",
  "timing": "cuda_events_median_ms",
  "warmup": 50,
  "jit_warmup": 150,
  "iters": 300,
  "configs": [
    "BS=32, 0% pruned",
    "BS=32, 50% pruned",
    "BS=32, 80% pruned",
    "BS=64, 0% pruned",
    "BS=64, 50% pruned",
    "BS=64, 80% pruned"
  ],
  "kernels": {
    "SDPA (math, padded)": [
      5.38166,
      2.62242,
      2.17509,
      10.93157,
      5.93002,
      4.24858
    ],
    "SDPA (efficient, padded)": [
      2.21002,
      1.98045,
      1.91898,
      4.35302,
      4.00798,
      3.76365
    ],
    "SDPA (flash, padded)": [
      2.08693,
      1.93562,
      1.92338,
      4.15861,
      3.9735,
      3.75603
    ],
    "NestedTensor + SDPA": [
      9.4356,
      9.32608,
      9.36846,
      17.63432,
      17.28118,
      17.39787
    ],
    "Triton Ragged (ours)": [
      0.13722,
      0.04198,
      0.0256,
      0.34406,
      0.07987,
      0.02765
    ],
    "FlashAttention-2 (varlen)": [
      0.11366,
      0.0512,
      0.05325,
      0.26317,
      0.0727,
      0.06042
    ]
  },
  "p5": {
    "SDPA (math, padded)": [
      5.29898,
      2.54954,
      2.09715,
      10.66986,
      5.75462,
      4.06733
    ],
    "SDPA (efficient, padded)": [
      2.13914,
      1.90576,
      1.84525,
      4.20272,
      3.93187,
      3.61165
    ],
    "SDPA (flash, padded)": [
      2.01523,
      1.86163,
      1.84915,
      4.00589,
      3.87907,
      3.6137
    ],
    "NestedTensor + SDPA": [
      8.97946,
      8.88422,
      8.9023,
      16.98099,
      16.74035,
      16.70554
    ],
    "Triton Ragged (ours)": [
      0.13619,
      0.04096,
      0.0248,
      0.33587,
      0.07885,
      0.02765
    ],
    "FlashAttention-2 (varlen)": [
      0.11264,
      0.03686,
      0.05018,
      0.25293,
      0.07168,
      0.06042
    ]
  },
  "p95": {
    "SDPA (math, padded)": [
      5.93206,
      3.09974,
      2.68493,
      11.40755,
      6.47062,
      4.77603
    ],
    "SDPA (efficient, padded)": [
      2.71238,
      2.49344,
      2.43747,
      4.89882,
      4.61517,
      4.34214
    ],
    "SDPA (flash, padded)": [
      2.6368,
      2.42883,
      2.44195,
      4.7207,
      4.60595,
      4.32333
    ],
    "NestedTensor + SDPA": [
      9.90125,
      9.75475,
      9.85808,
      18.34195,
      17.97021,
      18.03162
    ],
    "Triton Ragged (ours)": [
      0.14131,
      0.04301,
      0.02765,
      0.35021,
      0.07994,
      0.02867
    ],
    "FlashAttention-2 (varlen)": [
      0.11776,
      0.0553,
      0.05632,
      0.26624,
      0.07578,
      0.06144
    ]
  }
}