{
  "gpu": "NVIDIA RTX 4000 Ada Generation",
  "sm": "SM89",
  "timing": "cuda_events_median_ms",
  "warmup": 50,
  "jit_warmup": 150,
  "iters": 300,
  "configs": [
    "BS=32, 0% pruned",
    "BS=32, 50% pruned",
    "BS=32, 80% pruned",
    "BS=64, 0% pruned",
    "BS=64, 50% pruned",
    "BS=64, 80% pruned"
  ],
  "kernels": {
    "SDPA (math, padded)": [
      5.32795,
      2.59686,
      2.10627,
      10.8031,
      5.96275,
      4.15763
    ],
    "SDPA (efficient, padded)": [
      2.13709,
      1.91189,
      1.85037,
      4.57192,
      4.08163,
      3.98723
    ],
    "SDPA (flash, padded)": [
      2.01757,
      1.8548,
      1.84501,
      4.26088,
      3.97414,
      3.9807
    ],
    "NestedTensor + SDPA": [
      9.26606,
      9.15354,
      9.14739,
      17.36499,
      17.21504,
      17.09158
    ],
    "Triton Ragged (ours)": [
      0.13619,
      0.04198,
      0.02458,
      0.34202,
      0.07987,
      0.02765
    ],
    "FlashAttention-2 (varlen)": [
      0.11162,
      0.05222,
      0.05427,
      0.25294,
      0.07168,
      0.06042
    ]
  },
  "p5": {
    "SDPA (math, padded)": [
      5.28794,
      2.58765,
      2.09101,
      10.58624,
      5.81315,
      4.09498
    ],
    "SDPA (efficient, padded)": [
      2.12768,
      1.90355,
      1.81283,
      4.43094,
      4.03795,
      3.84131
    ],
    "SDPA (flash, padded)": [
      2.00842,
      1.81363,
      1.81763,
      4.23725,
      3.95795,
      3.8441
    ],
    "NestedTensor + SDPA": [
      9.14739,
      8.99277,
      8.89613,
      17.22134,
      17.08624,
      16.7168
    ],
    "Triton Ragged (ours)": [
      0.13517,
      0.04096,
      0.02355,
      0.33075,
      0.07885,
      0.02662
    ],
    "FlashAttention-2 (varlen)": [
      0.11059,
      0.05046,
      0.05222,
      0.2519,
      0.07066,
      0.05939
    ]
  },
  "p95": {
    "SDPA (math, padded)": [
      5.40979,
      2.67571,
      2.11875,
      11.04774,
      6.07056,
      4.22282
    ],
    "SDPA (efficient, padded)": [
      2.19648,
      1.98963,
      1.85856,
      4.64998,
      4.25779,
      4.02435
    ],
    "SDPA (flash, padded)": [
      2.02656,
      1.91283,
      1.85347,
      4.46976,
      4.15469,
      4.0704
    ],
    "NestedTensor + SDPA": [
      9.69933,
      9.61648,
      9.65811,
      18.20979,
      18.13606,
      17.92502
    ],
    "Triton Ragged (ours)": [
      0.13722,
      0.04221,
      0.0256,
      0.34406,
      0.07987,
      0.02778
    ],
    "FlashAttention-2 (varlen)": [
      0.11264,
      0.05427,
      0.05734,
      0.26829,
      0.0727,
      0.06144
    ]
  }
}