{
  "gpu": "NVIDIA RTX 4000 Ada Generation",
  "sm": "SM89",
  "timing": "cuda_events_median_ms",
  "warmup": 50,
  "jit_warmup": 150,
  "iters": 300,
  "configs": [
    "BS=32, 0% pruned",
    "BS=32, 50% pruned",
    "BS=32, 80% pruned",
    "BS=64, 0% pruned",
    "BS=64, 50% pruned",
    "BS=64, 80% pruned"
  ],
  "kernels": {
    "SDPA (math, padded)": [
      5.32018,
      2.54874,
      2.07875,
      10.57997,
      5.68739,
      4.03557
    ],
    "SDPA (efficient, padded)": [
      2.10114,
      1.86846,
      1.81901,
      4.13394,
      3.7376,
      3.5441
    ],
    "SDPA (flash, padded)": [
      1.97734,
      1.82837,
      1.81043,
      3.93114,
      3.67309,
      3.55323
    ],
    "NestedTensor + SDPA": [
      8.87603,
      8.81766,
      8.76629,
      16.8555,
      17.52379,
      16.57035
    ],
    "Triton Ragged (ours)": [
      0.13619,
      0.04198,
      0.02355,
      0.34304,
      0.07987,
      0.02765
    ],
    "FlashAttention-2 (varlen)": [
      0.11162,
      0.04915,
      0.04915,
      0.25395,
      0.07168,
      0.06042
    ]
  },
  "p5": {
    "SDPA (math, padded)": [
      5.25443,
      2.51597,
      2.0584,
      10.56051,
      5.64019,
      3.96669
    ],
    "SDPA (efficient, padded)": [
      2.08794,
      1.8425,
      1.80947,
      4.11069,
      3.68026,
      3.48365
    ],
    "SDPA (flash, padded)": [
      1.94435,
      1.81555,
      1.7784,
      3.89427,
      3.65965,
      3.54179
    ],
    "NestedTensor + SDPA": [
      8.68458,
      8.7511,
      8.6337,
      16.54752,
      16.39014,
      16.41821
    ],
    "Triton Ragged (ours)": [
      0.13517,
      0.04096,
      0.02253,
      0.33178,
      0.07885,
      0.02662
    ],
    "FlashAttention-2 (varlen)": [
      0.11059,
      0.04813,
      0.0471,
      0.25293,
      0.07066,
      0.05939
    ]
  },
  "p95": {
    "SDPA (math, padded)": [
      5.76922,
      2.5607,
      2.14221,
      10.71514,
      5.77536,
      4.24141
    ],
    "SDPA (efficient, padded)": [
      2.1209,
      1.87981,
      1.89354,
      4.15552,
      3.78173,
      3.67821
    ],
    "SDPA (flash, padded)": [
      2.05075,
      1.89645,
      1.8217,
      3.96288,
      3.72083,
      3.57894
    ],
    "NestedTensor + SDPA": [
      9.29894,
      9.2455,
      8.86272,
      17.88621,
      17.93206,
      17.41933
    ],
    "Triton Ragged (ours)": [
      0.13722,
      0.04301,
      0.02458,
      0.34618,
      0.07987,
      0.0279
    ],
    "FlashAttention-2 (varlen)": [
      0.11264,
      0.05146,
      0.0512,
      0.26931,
      0.07184,
      0.06144
    ]
  }
}