{
  "gpu": "NVIDIA RTX 4000 Ada Generation",
  "sm": "SM89",
  "timing": "cuda_events_median_ms",
  "warmup": 50,
  "jit_warmup": 150,
  "iters": 300,
  "configs": [
    "BS=32, 0% pruned",
    "BS=32, 50% pruned",
    "BS=32, 80% pruned",
    "BS=64, 0% pruned",
    "BS=64, 50% pruned",
    "BS=64, 80% pruned"
  ],
  "kernels": {
    "SDPA (math, padded)": [
      5.36931,
      2.624,
      2.14669,
      11.01005,
      5.85128,
      4.1975
    ],
    "SDPA (efficient, padded)": [
      2.16918,
      1.92512,
      1.89242,
      4.43283,
      3.90405,
      3.72501
    ],
    "SDPA (flash, padded)": [
      2.0407,
      1.93629,
      1.88606,
      4.23382,
      3.81622,
      3.81798
    ],
    "NestedTensor + SDPA": [
      9.28205,
      9.16336,
      9.1933,
      17.58682,
      17.29229,
      17.09938
    ],
    "Triton Ragged (ours)": [
      0.13619,
      0.04198,
      0.02363,
      0.34406,
      0.07987,
      0.02765
    ],
    "FlashAttention-2 (varlen)": [
      0.11162,
      0.0512,
      0.04813,
      0.26522,
      0.07098,
      0.06042
    ]
  },
  "p5": {
    "SDPA (math, padded)": [
      5.26848,
      2.55181,
      2.07421,
      10.64042,
      5.70061,
      4.06221
    ],
    "SDPA (efficient, padded)": [
      2.10637,
      1.89859,
      1.83603,
      4.25046,
      3.75808,
      3.59014
    ],
    "SDPA (flash, padded)": [
      1.99066,
      1.85139,
      1.87014,
      4.11242,
      3.67821,
      3.68742
    ],
    "NestedTensor + SDPA": [
      8.91085,
      8.81971,
      8.8199,
      16.87562,
      16.66045,
      16.54915
    ],
    "Triton Ragged (ours)": [
      0.13517,
      0.04134,
      0.02291,
      0.33587,
      0.07885,
      0.02662
    ],
    "FlashAttention-2 (varlen)": [
      0.11098,
      0.03686,
      0.0471,
      0.25498,
      0.07066,
      0.05939
    ]
  },
  "p95": {
    "SDPA (math, padded)": [
      5.93405,
      3.13139,
      2.66995,
      11.38701,
      6.4297,
      4.74419
    ],
    "SDPA (efficient, padded)": [
      2.65421,
      2.48544,
      2.33712,
      5.00531,
      4.45354,
      4.2945
    ],
    "SDPA (flash, padded)": [
      2.5367,
      2.45638,
      2.45453,
      4.8345,
      4.39395,
      4.38886
    ],
    "NestedTensor + SDPA": [
      9.77078,
      9.74826,
      9.67168,
      18.20147,
      18.01728,
      17.76736
    ],
    "Triton Ragged (ours)": [
      0.13824,
      0.04301,
      0.0256,
      0.34714,
      0.07987,
      0.02781
    ],
    "FlashAttention-2 (varlen)": [
      0.11264,
      0.0553,
      0.05222,
      0.2695,
      0.0727,
      0.06144
    ]
  }
}