{
  "gpu": "NVIDIA RTX 4000 Ada Generation",
  "sm": "SM89",
  "timing": "cuda_events_median_ms",
  "warmup": 50,
  "jit_warmup": 150,
  "iters": 300,
  "configs": [
    "BS=32, 0% pruned",
    "BS=32, 50% pruned",
    "BS=32, 80% pruned",
    "BS=64, 0% pruned",
    "BS=64, 50% pruned",
    "BS=64, 80% pruned"
  ],
  "kernels": {
    "SDPA (math, padded)": [
      5.36525,
      2.71261,
      2.12882,
      10.89858,
      5.95909,
      4.07245
    ],
    "SDPA (efficient, padded)": [
      2.22094,
      2.08954,
      1.96757,
      4.57512,
      4.05045,
      3.58096
    ],
    "SDPA (flash, padded)": [
      2.13811,
      1.99022,
      1.9671,
      4.25314,
      4.10738,
      3.71507
    ],
    "NestedTensor + SDPA": [
      8.87861,
      8.74406,
      9.09835,
      16.80888,
      16.61274,
      16.45037
    ],
    "Triton Ragged (ours)": [
      0.13619,
      0.04198,
      0.02355,
      0.34714,
      0.07987,
      0.02765
    ],
    "FlashAttention-2 (varlen)": [
      0.11264,
      0.04813,
      0.0492,
      0.26624,
      0.0727,
      0.06042
    ]
  },
  "p5": {
    "SDPA (math, padded)": [
      5.2943,
      2.61837,
      2.11171,
      10.81242,
      5.83168,
      4.05338
    ],
    "SDPA (efficient, padded)": [
      2.12275,
      2.01747,
      1.95789,
      4.43162,
      4.02637,
      3.52499
    ],
    "SDPA (flash, padded)": [
      2.10406,
      1.9712,
      1.93741,
      4.23514,
      3.968,
      3.57914
    ],
    "NestedTensor + SDPA": [
      8.77376,
      8.68352,
      8.67328,
      16.44461,
      16.39526,
      16.29814
    ],
    "Triton Ragged (ours)": [
      0.13619,
      0.04122,
      0.02253,
      0.3369,
      0.07885,
      0.02662
    ],
    "FlashAttention-2 (varlen)": [
      0.11162,
      0.04646,
      0.0471,
      0.25293,
      0.07168,
      0.05939
    ]
  },
  "p95": {
    "SDPA (math, padded)": [
      5.41594,
      2.76704,
      2.21286,
      11.02346,
      6.11658,
      4.0888
    ],
    "SDPA (efficient, padded)": [
      2.30195,
      2.13942,
      2.03888,
      4.65306,
      4.19942,
      3.77891
    ],
    "SDPA (flash, padded)": [
      2.2231,
      2.08589,
      2.03674,
      4.38979,
      4.1769,
      3.79597
    ],
    "NestedTensor + SDPA": [
      9.31533,
      9.21178,
      9.3751,
      17.66118,
      21.45667,
      17.48093
    ],
    "Triton Ragged (ours)": [
      0.13722,
      0.04301,
      0.02458,
      0.35021,
      0.08,
      0.02781
    ],
    "FlashAttention-2 (varlen)": [
      0.11366,
      0.0512,
      0.05251,
      0.27034,
      0.07475,
      0.06144
    ]
  }
}