{
  "gpu": "NVIDIA RTX 4000 Ada Generation",
  "sm": "SM89",
  "timing": "cuda_events_median_ms",
  "warmup": 50,
  "jit_warmup": 150,
  "iters": 300,
  "configs": [
    "BS=32, 0% pruned",
    "BS=32, 50% pruned",
    "BS=32, 80% pruned",
    "BS=64, 0% pruned",
    "BS=64, 50% pruned",
    "BS=64, 80% pruned"
  ],
  "kernels": {
    "SDPA (math, padded)": [
      5.34269,
      2.67968,
      2.08384,
      10.96696,
      5.8071,
      4.07245
    ],
    "SDPA (efficient, padded)": [
      2.10744,
      2.01237,
      1.9589,
      4.35619,
      3.77806,
      3.57557
    ],
    "SDPA (flash, padded)": [
      2.12701,
      1.95994,
      2.02138,
      4.23528,
      3.70698,
      3.57904
    ],
    "NestedTensor + SDPA": [
      8.94133,
      8.78045,
      8.98498,
      17.42245,
      17.28413,
      16.50637
    ],
    "Triton Ragged (ours)": [
      0.13619,
      0.04198,
      0.02355,
      0.34509,
      0.07987,
      0.02765
    ],
    "FlashAttention-2 (varlen)": [
      0.11162,
      0.04813,
      0.04915,
      0.26829,
      0.07168,
      0.06042
    ]
  },
  "p5": {
    "SDPA (math, padded)": [
      5.30925,
      2.60198,
      2.05072,
      10.85462,
      5.61904,
      4.00042
    ],
    "SDPA (efficient, padded)": [
      2.04365,
      2.00086,
      1.94355,
      4.08253,
      3.71226,
      3.49507
    ],
    "SDPA (flash, padded)": [
      2.10944,
      1.92922,
      1.94765,
      4.21683,
      3.68093,
      3.52157
    ],
    "NestedTensor + SDPA": [
      8.81469,
      8.58624,
      8.75008,
      16.67789,
      16.5152,
      16.36899
    ],
    "Triton Ragged (ours)": [
      0.13517,
      0.04198,
      0.02253,
      0.3328,
      0.07885,
      0.02662
    ],
    "FlashAttention-2 (varlen)": [
      0.11059,
      0.04614,
      0.0471,
      0.25293,
      0.07066,
      0.05939
    ]
  },
  "p95": {
    "SDPA (math, padded)": [
      5.39853,
      2.70237,
      2.10125,
      11.05069,
      5.94928,
      4.08986
    ],
    "SDPA (efficient, padded)": [
      2.2456,
      2.08486,
      2.03453,
      4.46464,
      3.95981,
      3.64371
    ],
    "SDPA (flash, padded)": [
      2.19942,
      1.97827,
      2.06029,
      4.37981,
      3.85024,
      3.60381
    ],
    "NestedTensor + SDPA": [
      9.32557,
      9.18253,
      9.33914,
      17.98758,
      17.70186,
      17.72736
    ],
    "Triton Ragged (ours)": [
      0.13722,
      0.04301,
      0.02458,
      0.34714,
      0.07997,
      0.02787
    ],
    "FlashAttention-2 (varlen)": [
      0.11264,
      0.0512,
      0.0512,
      0.27034,
      0.0721,
      0.06144
    ]
  }
}