{
  "gpu": "NVIDIA RTX 4000 Ada Generation",
  "sm": "SM89",
  "timing": "cuda_events_median_ms",
  "warmup": 50,
  "jit_warmup": 150,
  "iters": 300,
  "configs": [
    "BS=32, 0% pruned",
    "BS=32, 50% pruned",
    "BS=32, 80% pruned",
    "BS=64, 0% pruned",
    "BS=64, 50% pruned",
    "BS=64, 80% pruned"
  ],
  "kernels": {
    "SDPA (math, padded)": [
      5.36986,
      2.65046,
      2.15757,
      10.86035,
      5.85219,
      4.2199
    ],
    "SDPA (efficient, padded)": [
      2.13861,
      1.92533,
      1.94458,
      4.32226,
      3.91027,
      3.72326
    ],
    "SDPA (flash, padded)": [
      2.06498,
      1.86781,
      1.91134,
      4.1087,
      3.7151,
      3.73355
    ],
    "NestedTensor + SDPA": [
      9.64237,
      9.56826,
      9.61285,
      18.01952,
      18.04554,
      17.76403
    ],
    "Triton Ragged (ours)": [
      0.13738,
      0.04198,
      0.02458,
      0.34509,
      0.07987,
      0.02765
    ],
    "FlashAttention-2 (varlen)": [
      0.11571,
      0.05018,
      0.05427,
      0.25498,
      0.0727,
      0.06042
    ]
  },
  "p5": {
    "SDPA (math, padded)": [
      5.29165,
      2.58064,
      2.08141,
      10.65133,
      5.70358,
      4.07424
    ],
    "SDPA (efficient, padded)": [
      2.12304,
      1.8504,
      1.90685,
      4.17101,
      3.75603,
      3.57786
    ],
    "SDPA (flash, padded)": [
      1.9927,
      1.79821,
      1.83603,
      3.96902,
      3.68928,
      3.59357
    ],
    "NestedTensor + SDPA": [
      9.17683,
      9.10541,
      9.10848,
      17.41414,
      17.23888,
      17.11718
    ],
    "Triton Ragged (ours)": [
      0.13619,
      0.04096,
      0.02355,
      0.3369,
      0.07885,
      0.02662
    ],
    "FlashAttention-2 (varlen)": [
      0.11264,
      0.03686,
      0.03379,
      0.2519,
      0.07168,
      0.05939
    ]
  },
  "p95": {
    "SDPA (math, padded)": [
      5.92179,
      3.18346,
      2.69619,
      11.37152,
      6.39181,
      4.78618
    ],
    "SDPA (efficient, padded)": [
      2.6871,
      2.46362,
      2.44019,
      4.8776,
      4.43802,
      4.30182
    ],
    "SDPA (flash, padded)": [
      2.5968,
      2.00602,
      2.43987,
      4.62883,
      4.32947,
      4.27616
    ],
    "NestedTensor + SDPA": [
      10.08224,
      10.03008,
      10.05581,
      18.74944,
      18.67469,
      18.48406
    ],
    "Triton Ragged (ours)": [
      0.14234,
      0.04301,
      0.02563,
      0.35021,
      0.07987,
      0.02787
    ],
    "FlashAttention-2 (varlen)": [
      0.11776,
      0.0553,
      0.05632,
      0.26624,
      0.07373,
      0.06144
    ]
  }
}