{
  "gpu": "NVIDIA RTX 4000 Ada Generation",
  "sm": "SM89",
  "timing": "cuda_events_median_ms",
  "warmup": 50,
  "jit_warmup": 150,
  "iters": 300,
  "configs": [
    "BS=32, 0% pruned",
    "BS=32, 50% pruned",
    "BS=32, 80% pruned",
    "BS=64, 0% pruned",
    "BS=64, 50% pruned",
    "BS=64, 80% pruned"
  ],
  "kernels": {
    "SDPA (math, padded)": [
      5.41554,
      2.6327,
      2.10346,
      10.86166,
      5.83066,
      4.0737
    ],
    "SDPA (efficient, padded)": [
      2.31117,
      2.08803,
      2.03163,
      4.43392,
      3.90144,
      3.57669
    ],
    "SDPA (flash, padded)": [
      2.13494,
      2.04587,
      2.03781,
      4.09696,
      3.71866,
      3.5896
    ],
    "NestedTensor + SDPA": [
      9.2173,
      8.83085,
      8.8971,
      17.3731,
      17.15619,
      16.42707
    ],
    "Triton Ragged (ours)": [
      0.13722,
      0.04198,
      0.02458,
      0.33894,
      0.07987,
      0.02765
    ],
    "FlashAttention-2 (varlen)": [
      0.11179,
      0.04915,
      0.0512,
      0.26829,
      0.07168,
      0.06042
    ]
  },
  "p5": {
    "SDPA (math, padded)": [
      5.3424,
      2.60403,
      2.09101,
      10.7919,
      5.69542,
      4.05811
    ],
    "SDPA (efficient, padded)": [
      2.24982,
      1.99987,
      1.92598,
      4.41466,
      3.7673,
      3.55504
    ],
    "SDPA (flash, padded)": [
      2.11661,
      1.97325,
      2.02538,
      3.95981,
      3.69046,
      3.57376
    ],
    "NestedTensor + SDPA": [
      8.87194,
      8.75725,
      8.7289,
      16.59821,
      16.40243,
      16.18838
    ],
    "Triton Ragged (ours)": [
      0.13619,
      0.04096,
      0.02355,
      0.33587,
      0.07885,
      0.02662
    ],
    "FlashAttention-2 (varlen)": [
      0.11162,
      0.04742,
      0.04915,
      0.25293,
      0.07066,
      0.05939
    ]
  },
  "p95": {
    "SDPA (math, padded)": [
      5.46438,
      2.70461,
      2.17258,
      11.0336,
      5.90054,
      4.21856
    ],
    "SDPA (efficient, padded)": [
      2.33267,
      2.13795,
      2.08077,
      4.56941,
      3.94826,
      3.71712
    ],
    "SDPA (flash, padded)": [
      2.20432,
      2.09203,
      2.0816,
      4.37658,
      3.8537,
      3.73763
    ],
    "NestedTensor + SDPA": [
      9.49133,
      9.25706,
      9.2631,
      17.88416,
      17.69155,
      17.19808
    ],
    "Triton Ragged (ours)": [
      0.13926,
      0.04234,
      0.02582,
      0.34918,
      0.07994,
      0.02778
    ],
    "FlashAttention-2 (varlen)": [
      0.11302,
      0.05222,
      0.05427,
      0.27034,
      0.0727,
      0.06144
    ]
  }
}