{
  "gpu": "NVIDIA RTX 4000 Ada Generation",
  "sm": "SM89",
  "timing": "cuda_events_median_ms",
  "warmup": 50,
  "jit_warmup": 150,
  "iters": 300,
  "configs": [
    "BS=32, 0% pruned",
    "BS=32, 50% pruned",
    "BS=32, 80% pruned",
    "BS=64, 0% pruned",
    "BS=64, 50% pruned",
    "BS=64, 80% pruned"
  ],
  "kernels": {
    "SDPA (math, padded)": [
      5.37957,
      2.64704,
      2.14133,
      11.03923,
      5.87525,
      4.246
    ],
    "SDPA (efficient, padded)": [
      2.2388,
      1.97739,
      1.87904,
      4.45133,
      3.94341,
      3.86485
    ],
    "SDPA (flash, padded)": [
      2.18317,
      1.91488,
      1.96298,
      4.27522,
      4.0467,
      3.996
    ],
    "NestedTensor + SDPA": [
      9.74749,
      9.70014,
      9.6553,
      18.21886,
      18.18278,
      18.03677
    ],
    "Triton Ragged (ours)": [
      0.14067,
      0.04198,
      0.02371,
      0.34406,
      0.07987,
      0.02765
    ],
    "FlashAttention-2 (varlen)": [
      0.11366,
      0.05837,
      0.05734,
      0.25395,
      0.0727,
      0.06042
    ]
  },
  "p5": {
    "SDPA (math, padded)": [
      5.29712,
      2.57024,
      2.09066,
      10.66326,
      5.72006,
      4.09046
    ],
    "SDPA (efficient, padded)": [
      2.16064,
      1.90864,
      1.83907,
      4.22566,
      3.82483,
      3.71949
    ],
    "SDPA (flash, padded)": [
      2.13094,
      1.89718,
      1.89133,
      4.09293,
      3.8985,
      3.78915
    ],
    "NestedTensor + SDPA": [
      9.27949,
      9.23674,
      9.16352,
      17.54726,
      17.3271,
      17.19773
    ],
    "Triton Ragged (ours)": [
      0.13619,
      0.04198,
      0.02355,
      0.33587,
      0.07885,
      0.02662
    ],
    "FlashAttention-2 (varlen)": [
      0.11264,
      0.03789,
      0.03482,
      0.2519,
      0.07168,
      0.05939
    ]
  },
  "p95": {
    "SDPA (math, padded)": [
      5.90771,
      3.16426,
      2.67123,
      11.43302,
      6.42058,
      4.79437
    ],
    "SDPA (efficient, padded)": [
      2.76314,
      2.45824,
      2.43821,
      5.03603,
      4.54957,
      4.45245
    ],
    "SDPA (flash, padded)": [
      2.72051,
      2.52621,
      2.48701,
      4.83734,
      4.61619,
      4.56416
    ],
    "NestedTensor + SDPA": [
      10.18224,
      10.12224,
      10.02301,
      18.93069,
      18.89581,
      18.77094
    ],
    "Triton Ragged (ours)": [
      0.14234,
      0.04301,
      0.0256,
      0.34918,
      0.07987,
      0.02784
    ],
    "FlashAttention-2 (varlen)": [
      0.12496,
      0.06144,
      0.05939,
      0.26931,
      0.07373,
      0.06144
    ]
  }
}