{
  "gpu": "NVIDIA RTX 4000 Ada Generation",
  "sm": "SM89",
  "timing": "cuda_events_median_ms",
  "warmup": 50,
  "jit_warmup": 150,
  "iters": 300,
  "configs": [
    "BS=32, 0% pruned",
    "BS=32, 50% pruned",
    "BS=32, 80% pruned",
    "BS=64, 0% pruned",
    "BS=64, 50% pruned",
    "BS=64, 80% pruned"
  ],
  "kernels": {
    "SDPA (math, padded)": [
      5.35042,
      2.61885,
      2.07478,
      10.65771,
      5.73843,
      4.07144
    ],
    "SDPA (efficient, padded)": [
      2.30605,
      1.89582,
      1.83842,
      4.17107,
      3.77379,
      3.57859
    ],
    "SDPA (flash, padded)": [
      1.99792,
      1.84712,
      1.80656,
      3.97752,
      3.74822,
      3.60038
    ],
    "NestedTensor + SDPA": [
      9.23851,
      9.17211,
      9.16565,
      17.48581,
      17.23123,
      17.11021
    ],
    "Triton Ragged (ours)": [
      0.13619,
      0.04198,
      0.02355,
      0.34406,
      0.07987,
      0.02765
    ],
    "FlashAttention-2 (varlen)": [
      0.11162,
      0.0512,
      0.05325,
      0.26522,
      0.07101,
      0.06042
    ]
  },
  "p5": {
    "SDPA (math, padded)": [
      5.31866,
      2.56717,
      2.03942,
      10.60938,
      5.68294,
      4.05712
    ],
    "SDPA (efficient, padded)": [
      2.12787,
      1.88739,
      1.79747,
      4.15843,
      3.75738,
      3.5648
    ],
    "SDPA (flash, padded)": [
      1.98758,
      1.84013,
      1.79178,
      3.90173,
      3.63827,
      3.57478
    ],
    "NestedTensor + SDPA": [
      9.15354,
      9.00438,
      8.99802,
      17.28272,
      16.91034,
      16.97523
    ],
    "Triton Ragged (ours)": [
      0.13517,
      0.04096,
      0.02266,
      0.33184,
      0.07885,
      0.02662
    ],
    "FlashAttention-2 (varlen)": [
      0.11059,
      0.05018,
      0.0512,
      0.25296,
      0.07066,
      0.05939
    ]
  },
  "p95": {
    "SDPA (math, padded)": [
      5.42925,
      2.65277,
      2.08589,
      10.83414,
      5.84918,
      4.08986
    ],
    "SDPA (efficient, padded)": [
      2.32538,
      1.9679,
      1.84659,
      4.1984,
      3.91578,
      3.72
    ],
    "SDPA (flash, padded)": [
      2.00989,
      1.85661,
      1.87494,
      4.11955,
      3.92192,
      3.72634
    ],
    "NestedTensor + SDPA": [
      9.70342,
      9.30064,
      9.60029,
      18.35094,
      17.6681,
      17.96986
    ],
    "Triton Ragged (ours)": [
      0.13722,
      0.04301,
      0.02474,
      0.34714,
      0.07987,
      0.02781
    ],
    "FlashAttention-2 (varlen)": [
      0.11264,
      0.05427,
      0.0553,
      0.26931,
      0.0719,
      0.06144
    ]
  }
}