{
  "gpu": "NVIDIA RTX 4000 Ada Generation",
  "sm": "SM89",
  "timing": "cuda_events_median_ms",
  "warmup": 50,
  "jit_warmup": 150,
  "iters": 300,
  "configs": [
    "BS=32, 0% pruned",
    "BS=32, 50% pruned",
    "BS=32, 80% pruned",
    "BS=64, 0% pruned",
    "BS=64, 50% pruned",
    "BS=64, 80% pruned"
  ],
  "kernels": {
    "SDPA (math, padded)": [
      5.3008,
      2.63278,
      2.06464,
      10.63731,
      5.75283,
      4.05877
    ],
    "SDPA (efficient, padded)": [
      2.15613,
      1.87992,
      1.82579,
      4.14618,
      3.76678,
      3.5041
    ],
    "SDPA (flash, padded)": [
      2.05518,
      1.90064,
      1.82507,
      3.95269,
      3.80168,
      3.75325
    ],
    "NestedTensor + SDPA": [
      8.83392,
      8.77466,
      8.69426,
      16.6764,
      16.50282,
      17.00954
    ],
    "Triton Ragged (ours)": [
      0.13619,
      0.04198,
      0.02283,
      0.34406,
      0.07987,
      0.02765
    ],
    "FlashAttention-2 (varlen)": [
      0.11366,
      0.04813,
      0.0471,
      0.2612,
      0.07168,
      0.06042
    ]
  },
  "p5": {
    "SDPA (math, padded)": [
      5.25386,
      2.55898,
      2.05642,
      10.52899,
      5.66365,
      3.98851
    ],
    "SDPA (efficient, padded)": [
      2.0951,
      1.86973,
      1.8143,
      4.13056,
      3.74282,
      3.47686
    ],
    "SDPA (flash, padded)": [
      1.98963,
      1.83798,
      1.8176,
      3.93341,
      3.66506,
      3.54202
    ],
    "NestedTensor + SDPA": [
      8.77965,
      8.68522,
      8.5143,
      16.26541,
      16.36234,
      16.30621
    ],
    "Triton Ragged (ours)": [
      0.13517,
      0.04096,
      0.0217,
      0.3328,
      0.07885,
      0.02662
    ],
    "FlashAttention-2 (varlen)": [
      0.11059,
      0.0471,
      0.04506,
      0.25293,
      0.07066,
      0.05939
    ]
  },
  "p95": {
    "SDPA (math, padded)": [
      5.39853,
      2.64598,
      2.07395,
      10.73846,
      5.87238,
      4.20627
    ],
    "SDPA (efficient, padded)": [
      2.17942,
      1.95085,
      1.88723,
      4.28374,
      3.95286,
      3.71405
    ],
    "SDPA (flash, padded)": [
      2.09581,
      1.91386,
      1.89645,
      4.08819,
      3.88915,
      3.92941
    ],
    "NestedTensor + SDPA": [
      9.21686,
      9.21907,
      9.13075,
      17.47085,
      17.25235,
      17.5031
    ],
    "Triton Ragged (ours)": [
      0.13722,
      0.0423,
      0.02394,
      0.34714,
      0.08003,
      0.02774
    ],
    "FlashAttention-2 (varlen)": [
      0.11571,
      0.0512,
      0.05018,
      0.26317,
      0.07203,
      0.06144
    ]
  }
}