{
  "gpu": "NVIDIA RTX 4000 Ada Generation",
  "sm": "SM89",
  "timing": "cuda_events_median_ms",
  "warmup": 50,
  "jit_warmup": 150,
  "iters": 300,
  "configs": [
    "BS=32, 0% pruned",
    "BS=32, 50% pruned",
    "BS=32, 80% pruned",
    "BS=64, 0% pruned",
    "BS=64, 50% pruned",
    "BS=64, 80% pruned"
  ],
  "kernels": {
    "SDPA (math, padded)": [
      5.3401,
      2.61728,
      2.07458,
      10.87474,
      5.83685,
      4.12774
    ],
    "SDPA (efficient, padded)": [
      2.24787,
      2.01819,
      1.83678,
      4.34904,
      3.96189,
      3.80621
    ],
    "SDPA (flash, padded)": [
      2.12427,
      1.96792,
      1.8247,
      4.23445,
      3.94736,
      3.8185
    ],
    "NestedTensor + SDPA": [
      8.88848,
      8.77574,
      8.82637,
      16.78304,
      16.53571,
      17.16218
    ],
    "Triton Ragged (ours)": [
      0.13619,
      0.04198,
      0.02355,
      0.34509,
      0.07987,
      0.02765
    ],
    "FlashAttention-2 (varlen)": [
      0.11162,
      0.04813,
      0.04915,
      0.25395,
      0.07168,
      0.06042
    ]
  },
  "p5": {
    "SDPA (math, padded)": [
      5.26848,
      2.59648,
      2.06234,
      10.67149,
      5.66173,
      4.05101
    ],
    "SDPA (efficient, padded)": [
      2.23418,
      2.00598,
      1.81043,
      4.09795,
      3.85018,
      3.64659
    ],
    "SDPA (flash, padded)": [
      2.09178,
      1.9567,
      1.79507,
      4.21818,
      3.93014,
      3.75194
    ],
    "NestedTensor + SDPA": [
      8.80349,
      8.60467,
      8.73174,
      16.63283,
      16.40102,
      16.37786
    ],
    "Triton Ragged (ours)": [
      0.13517,
      0.04096,
      0.02269,
      0.3328,
      0.07885,
      0.02765
    ],
    "FlashAttention-2 (varlen)": [
      0.11059,
      0.0471,
      0.04813,
      0.252,
      0.07066,
      0.06042
    ]
  },
  "p95": {
    "SDPA (math, padded)": [
      5.43456,
      2.69696,
      2.14653,
      11.00051,
      5.95558,
      4.29587
    ],
    "SDPA (efficient, padded)": [
      2.30912,
      2.1159,
      1.84931,
      4.43597,
      4.13798,
      3.94442
    ],
    "SDPA (flash, padded)": [
      2.19546,
      2.0224,
      1.84307,
      4.38275,
      4.08998,
      3.83098
    ],
    "NestedTensor + SDPA": [
      9.32557,
      9.17914,
      9.39286,
      17.01366,
      17.37046,
      17.62304
    ],
    "Triton Ragged (ours)": [
      0.13722,
      0.04224,
      0.0256,
      0.34714,
      0.07987,
      0.02867
    ],
    "FlashAttention-2 (varlen)": [
      0.1239,
      0.05053,
      0.05136,
      0.26931,
      0.07373,
      0.06144
    ]
  }
}