{
  "gpu": "NVIDIA RTX 4000 Ada Generation",
  "sm": "SM89",
  "timing": "cuda_events_median_ms",
  "warmup": 50,
  "jit_warmup": 150,
  "iters": 300,
  "configs": [
    "BS=32, 0% pruned",
    "BS=32, 50% pruned",
    "BS=32, 80% pruned",
    "BS=64, 0% pruned",
    "BS=64, 50% pruned",
    "BS=64, 80% pruned"
  ],
  "kernels": {
    "SDPA (math, padded)": [
      5.35595,
      2.59128,
      2.15602,
      10.74154,
      5.73339,
      4.25475
    ],
    "SDPA (efficient, padded)": [
      2.22718,
      1.98464,
      1.86616,
      4.18552,
      3.78882,
      3.5945
    ],
    "SDPA (flash, padded)": [
      2.20474,
      1.92826,
      1.91158,
      3.99462,
      3.95571,
      3.59526
    ],
    "NestedTensor + SDPA": [
      9.32819,
      9.71272,
      9.31408,
      17.65256,
      17.43147,
      17.33013
    ],
    "Triton Ragged (ours)": [
      0.13517,
      0.04198,
      0.02355,
      0.34304,
      0.07987,
      0.02765
    ],
    "FlashAttention-2 (varlen)": [
      0.11162,
      0.05325,
      0.05427,
      0.26624,
      0.07099,
      0.06083
    ]
  },
  "p5": {
    "SDPA (math, padded)": [
      5.33018,
      2.5751,
      2.08285,
      10.61683,
      5.61459,
      4.00982
    ],
    "SDPA (efficient, padded)": [
      2.1719,
      1.91693,
      1.83882,
      4.09395,
      3.77424,
      3.52963
    ],
    "SDPA (flash, padded)": [
      2.13322,
      1.92,
      1.90365,
      3.9721,
      3.81648,
      3.5328
    ],
    "NestedTensor + SDPA": [
      9.26611,
      9.2121,
      9.19034,
      17.47952,
      16.99443,
      16.97267
    ],
    "Triton Ragged (ours)": [
      0.13414,
      0.04096,
      0.02253,
      0.33178,
      0.07885,
      0.02765
    ],
    "FlashAttention-2 (varlen)": [
      0.11059,
      0.05222,
      0.05222,
      0.256,
      0.07066,
      0.06042
    ]
  },
  "p95": {
    "SDPA (math, padded)": [
      5.43744,
      2.65942,
      2.19478,
      10.77648,
      5.81123,
      4.40211
    ],
    "SDPA (efficient, padded)": [
      2.27123,
      2.02752,
      1.9264,
      4.3897,
      3.81734,
      3.73462
    ],
    "SDPA (flash, padded)": [
      2.21798,
      1.9703,
      1.91907,
      4.13206,
      4.09309,
      3.61677
    ],
    "NestedTensor + SDPA": [
      9.7729,
      12.11104,
      9.84781,
      18.46074,
      18.56938,
      18.13811
    ],
    "Triton Ragged (ours)": [
      0.13619,
      0.04301,
      0.02458,
      0.34714,
      0.07987,
      0.02867
    ],
    "FlashAttention-2 (varlen)": [
      0.11264,
      0.05632,
      0.05558,
      0.2695,
      0.07181,
      0.06144
    ]
  }
}