{
  "gpu": "NVIDIA RTX 4000 Ada Generation",
  "sm": "SM89",
  "timing": "cuda_events_median_ms",
  "warmup": 50,
  "jit_warmup": 150,
  "iters": 300,
  "configs": [
    "BS=32, 0% pruned",
    "BS=32, 50% pruned",
    "BS=32, 80% pruned",
    "BS=64, 0% pruned",
    "BS=64, 50% pruned",
    "BS=64, 80% pruned"
  ],
  "kernels": {
    "SDPA (math, padded)": [
      5.35083,
      2.59712,
      2.09328,
      10.81917,
      5.68013,
      4.02208
    ],
    "SDPA (efficient, padded)": [
      2.22355,
      1.99424,
      2.00806,
      4.37862,
      3.76269,
      3.51224
    ],
    "SDPA (flash, padded)": [
      2.10125,
      1.91166,
      1.93843,
      4.18816,
      3.79573,
      3.52765
    ],
    "NestedTensor + SDPA": [
      8.8853,
      8.63242,
      8.72835,
      16.75547,
      16.60421,
      16.40973
    ],
    "Triton Ragged (ours)": [
      0.13517,
      0.04198,
      0.02355,
      0.34202,
      0.07987,
      0.02765
    ],
    "FlashAttention-2 (varlen)": [
      0.11162,
      0.04813,
      0.04813,
      0.25293,
      0.07168,
      0.06064
    ]
  },
  "p5": {
    "SDPA (math, padded)": [
      5.28509,
      2.58218,
      2.0807,
      10.54822,
      5.63574,
      3.96582
    ],
    "SDPA (efficient, padded)": [
      2.20979,
      1.98259,
      1.9456,
      4.35507,
      3.72858,
      3.44682
    ],
    "SDPA (flash, padded)": [
      2.09098,
      1.80525,
      1.92342,
      4.15846,
      3.6567,
      3.50906
    ],
    "NestedTensor + SDPA": [
      8.77773,
      8.53299,
      8.66058,
      16.41574,
      16.47939,
      16.0512
    ],
    "Triton Ragged (ours)": [
      0.13517,
      0.04096,
      0.02253,
      0.3328,
      0.07885,
      0.02765
    ],
    "FlashAttention-2 (varlen)": [
      0.11059,
      0.0471,
      0.04611,
      0.2519,
      0.07066,
      0.06042
    ]
  },
  "p95": {
    "SDPA (math, padded)": [
      5.41277,
      2.6839,
      2.17395,
      10.9463,
      5.79274,
      4.88835
    ],
    "SDPA (efficient, padded)": [
      2.29786,
      2.06566,
      2.048,
      4.51686,
      3.88096,
      3.52973
    ],
    "SDPA (flash, padded)": [
      2.11354,
      1.94691,
      2.01011,
      4.3273,
      3.8144,
      3.66061
    ],
    "NestedTensor + SDPA": [
      9.3399,
      8.83306,
      9.09994,
      17.59203,
      17.60355,
      17.16531
    ],
    "Triton Ragged (ours)": [
      0.13645,
      0.04227,
      0.02458,
      0.34432,
      0.07987,
      0.02867
    ],
    "FlashAttention-2 (varlen)": [
      0.11264,
      0.0512,
      0.05136,
      0.26845,
      0.07373,
      0.06144
    ]
  }
}