{
  "gpu": "NVIDIA RTX 4000 Ada Generation",
  "sm": "SM89",
  "timing": "cuda_events_median_ms",
  "warmup": 50,
  "jit_warmup": 150,
  "iters": 300,
  "configs": [
    "BS=32, 0% pruned",
    "BS=32, 50% pruned",
    "BS=32, 80% pruned",
    "BS=64, 0% pruned",
    "BS=64, 50% pruned",
    "BS=64, 80% pruned"
  ],
  "kernels": {
    "SDPA (math, padded)": [
      5.37344,
      2.58208,
      2.07358,
      10.71123,
      5.65398,
      4.18803
    ],
    "SDPA (efficient, padded)": [
      2.29478,
      1.9723,
      1.87501,
      4.13179,
      3.74368,
      3.67102
    ],
    "SDPA (flash, padded)": [
      2.17344,
      1.94125,
      1.87611,
      3.93429,
      3.66306,
      3.58584
    ],
    "NestedTensor + SDPA": [
      9.32458,
      8.97128,
      8.80434,
      16.90765,
      16.69216,
      16.59342
    ],
    "Triton Ragged (ours)": [
      0.13619,
      0.04198,
      0.02355,
      0.34406,
      0.07987,
      0.02765
    ],
    "FlashAttention-2 (varlen)": [
      0.11162,
      0.05222,
      0.0471,
      0.25395,
      0.07168,
      0.06042
    ]
  },
  "p5": {
    "SDPA (math, padded)": [
      5.29939,
      2.54528,
      2.05824,
      10.5704,
      5.63098,
      4.03558
    ],
    "SDPA (efficient, padded)": [
      2.22106,
      1.96198,
      1.80256,
      4.07142,
      3.68947,
      3.52896
    ],
    "SDPA (flash, padded)": [
      2.10842,
      1.91626,
      1.80531,
      3.91994,
      3.59834,
      3.54061
    ],
    "NestedTensor + SDPA": [
      8.79133,
      8.8457,
      8.60986,
      16.76403,
      16.38835,
      16.1168
    ],
    "Triton Ragged (ours)": [
      0.13517,
      0.04096,
      0.02253,
      0.33178,
      0.07885,
      0.02675
    ],
    "FlashAttention-2 (varlen)": [
      0.11059,
      0.05018,
      0.04506,
      0.25293,
      0.07066,
      0.05939
    ]
  },
  "p95": {
    "SDPA (math, padded)": [
      5.42714,
      2.61152,
      2.14525,
      10.79677,
      5.77744,
      4.25802
    ],
    "SDPA (efficient, padded)": [
      2.33779,
      2.00522,
      2.0247,
      4.27114,
      3.88016,
      3.75334
    ],
    "SDPA (flash, padded)": [
      2.21459,
      1.96506,
      1.88691,
      3.95162,
      3.67904,
      3.75091
    ],
    "NestedTensor + SDPA": [
      9.5633,
      9.5447,
      8.87629,
      17.67219,
      17.7152,
      21.72538
    ],
    "Triton Ragged (ours)": [
      0.13722,
      0.04227,
      0.02458,
      0.34714,
      0.07987,
      0.02867
    ],
    "FlashAttention-2 (varlen)": [
      0.12224,
      0.0553,
      0.05018,
      0.26931,
      0.07187,
      0.06144
    ]
  }
}