{
  "gpu": "NVIDIA RTX 4000 Ada Generation",
  "sm": "SM89",
  "timing": "cuda_events_median_ms",
  "warmup": 50,
  "jit_warmup": 150,
  "iters": 300,
  "configs": [
    "BS=32, 0% pruned",
    "BS=32, 50% pruned",
    "BS=32, 80% pruned",
    "BS=64, 0% pruned",
    "BS=64, 50% pruned",
    "BS=64, 80% pruned"
  ],
  "kernels": {
    "SDPA (math, padded)": [
      5.32379,
      2.6112,
      2.06029,
      10.77062,
      5.68925,
      4.13742
    ],
    "SDPA (efficient, padded)": [
      2.23416,
      2.0183,
      1.94765,
      4.16251,
      3.76115,
      3.57904
    ],
    "SDPA (flash, padded)": [
      2.0843,
      2.03366,
      1.94779,
      3.968,
      3.68616,
      3.5881
    ],
    "NestedTensor + SDPA": [
      8.9877,
      8.9185,
      9.26208,
      16.92379,
      16.66662,
      16.58893
    ],
    "Triton Ragged (ours)": [
      0.13619,
      0.04198,
      0.0256,
      0.34406,
      0.07987,
      0.02765
    ],
    "FlashAttention-2 (varlen)": [
      0.11162,
      0.04813,
      0.0512,
      0.25395,
      0.07168,
      0.06042
    ]
  },
  "p5": {
    "SDPA (math, padded)": [
      5.24272,
      2.59805,
      2.04426,
      10.5984,
      5.59488,
      3.9897
    ],
    "SDPA (efficient, padded)": [
      2.20262,
      1.99885,
      1.91104,
      4.1001,
      3.74781,
      3.56147
    ],
    "SDPA (flash, padded)": [
      2.07462,
      1.97616,
      1.91264,
      3.95443,
      3.624,
      3.57475
    ],
    "NestedTensor + SDPA": [
      8.85043,
      8.80502,
      8.78675,
      16.78477,
      16.5664,
      16.22733
    ],
    "Triton Ragged (ours)": [
      0.13517,
      0.04096,
      0.02458,
      0.33178,
      0.07885,
      0.02662
    ],
    "FlashAttention-2 (varlen)": [
      0.11059,
      0.04608,
      0.04915,
      0.25293,
      0.07066,
      0.05939
    ]
  },
  "p95": {
    "SDPA (math, padded)": [
      5.40435,
      2.69005,
      2.09402,
      11.00394,
      5.83146,
      4.3305
    ],
    "SDPA (efficient, padded)": [
      2.24986,
      2.08973,
      1.96096,
      4.29056,
      3.89664,
      3.79226
    ],
    "SDPA (flash, padded)": [
      2.12275,
      2.04467,
      1.96301,
      3.99235,
      3.82176,
      3.72755
    ],
    "NestedTensor + SDPA": [
      9.41661,
      9.36534,
      9.43843,
      17.71245,
      16.85504,
      17.37216
    ],
    "Triton Ragged (ours)": [
      0.13722,
      0.04234,
      0.02662,
      0.34611,
      0.0809,
      0.02765
    ],
    "FlashAttention-2 (varlen)": [
      0.11264,
      0.0512,
      0.05325,
      0.2695,
      0.07174,
      0.06144
    ]
  }
}