{
  "gpu": "NVIDIA RTX 4000 Ada Generation",
  "sm": "SM89",
  "timing": "cuda_events_median_ms",
  "warmup": 50,
  "jit_warmup": 150,
  "iters": 300,
  "configs": [
    "BS=32, 0% pruned",
    "BS=32, 50% pruned",
    "BS=32, 80% pruned",
    "BS=64, 0% pruned",
    "BS=64, 50% pruned",
    "BS=64, 80% pruned"
  ],
  "kernels": {
    "SDPA (math, padded)": [
      5.35597,
      2.59485,
      2.12238,
      10.81498,
      5.78016,
      4.06616
    ],
    "SDPA (efficient, padded)": [
      2.23909,
      2.01211,
      1.95379,
      4.41218,
      3.76542,
      3.58342
    ],
    "SDPA (flash, padded)": [
      2.11125,
      1.97323,
      1.95075,
      4.22605,
      3.68706,
      3.57979
    ],
    "NestedTensor + SDPA": [
      9.13776,
      8.76915,
      8.77261,
      16.77213,
      16.50406,
      16.38848
    ],
    "Triton Ragged (ours)": [
      0.13619,
      0.04198,
      0.02355,
      0.34406,
      0.07987,
      0.02765
    ],
    "FlashAttention-2 (varlen)": [
      0.11366,
      0.0471,
      0.04915,
      0.25293,
      0.07094,
      0.06042
    ]
  },
  "p5": {
    "SDPA (math, padded)": [
      5.2992,
      2.58048,
      2.0695,
      10.58701,
      5.67194,
      4.04915
    ],
    "SDPA (efficient, padded)": [
      2.22413,
      2.00192,
      1.91898,
      4.3961,
      3.74541,
      3.55635
    ],
    "SDPA (flash, padded)": [
      2.07782,
      1.95584,
      1.91386,
      4.2025,
      3.6209,
      3.51712
    ],
    "NestedTensor + SDPA": [
      8.80538,
      8.56157,
      8.66611,
      16.3695,
      16.1105,
      16.28262
    ],
    "Triton Ragged (ours)": [
      0.13517,
      0.04096,
      0.02253,
      0.33178,
      0.07885,
      0.02662
    ],
    "FlashAttention-2 (varlen)": [
      0.11059,
      0.04506,
      0.04813,
      0.2519,
      0.07066,
      0.05939
    ]
  },
  "p95": {
    "SDPA (math, padded)": [
      5.42531,
      2.62067,
      2.16576,
      10.9527,
      5.93123,
      4.21571
    ],
    "SDPA (efficient, padded)": [
      2.31139,
      2.08691,
      2.02954,
      4.55066,
      3.90582,
      3.71408
    ],
    "SDPA (flash, padded)": [
      2.1272,
      2.04493,
      2.01453,
      4.36634,
      3.70294,
      3.70688
    ],
    "NestedTensor + SDPA": [
      9.47507,
      9.31002,
      9.16992,
      17.22266,
      17.41754,
      17.18701
    ],
    "Triton Ragged (ours)": [
      0.13722,
      0.04301,
      0.02477,
      0.34611,
      0.07987,
      0.02787
    ],
    "FlashAttention-2 (varlen)": [
      0.11571,
      0.04915,
      0.05152,
      0.25395,
      0.07475,
      0.06144
    ]
  }
}