{
  "gpu": "NVIDIA RTX 4000 Ada Generation",
  "sm": "SM89",
  "timing": "cuda_events_median_ms",
  "warmup": 50,
  "jit_warmup": 150,
  "iters": 300,
  "configs": [
    "BS=32, 0% pruned",
    "BS=32, 50% pruned",
    "BS=32, 80% pruned",
    "BS=64, 0% pruned",
    "BS=64, 50% pruned",
    "BS=64, 80% pruned"
  ],
  "kernels": {
    "SDPA (math, padded)": [
      5.34944,
      2.64485,
      2.1376,
      10.62211,
      5.70264,
      4.11443
    ],
    "SDPA (efficient, padded)": [
      2.24779,
      2.0224,
      1.83301,
      4.15269,
      3.89574,
      3.82771
    ],
    "SDPA (flash, padded)": [
      2.1847,
      1.9641,
      1.89542,
      3.96678,
      3.70066,
      3.8339
    ],
    "NestedTensor + SDPA": [
      9.40077,
      8.91494,
      9.10029,
      16.91341,
      17.14736,
      16.5805
    ],
    "Triton Ragged (ours)": [
      0.13619,
      0.04198,
      0.02464,
      0.34202,
      0.07987,
      0.02765
    ],
    "FlashAttention-2 (varlen)": [
      0.11162,
      0.04934,
      0.05125,
      0.26624,
      0.07168,
      0.06042
    ]
  },
  "p5": {
    "SDPA (math, padded)": [
      5.31642,
      2.54256,
      2.06883,
      10.5831,
      5.66989,
      4.06122
    ],
    "SDPA (efficient, padded)": [
      2.23443,
      2.00893,
      1.82374,
      4.13696,
      3.76218,
      3.79325
    ],
    "SDPA (flash, padded)": [
      2.11789,
      1.95382,
      1.81974,
      3.95162,
      3.68218,
      3.81658
    ],
    "NestedTensor + SDPA": [
      8.9463,
      8.8496,
      8.76816,
      16.71757,
      16.5376,
      16.41677
    ],
    "Triton Ragged (ours)": [
      0.13517,
      0.04096,
      0.02362,
      0.33075,
      0.07885,
      0.02765
    ],
    "FlashAttention-2 (varlen)": [
      0.11059,
      0.04813,
      0.05018,
      0.25309,
      0.07066,
      0.05939
    ]
  },
  "p95": {
    "SDPA (math, padded)": [
      5.40662,
      2.72691,
      2.15859,
      10.71616,
      5.83277,
      4.16851
    ],
    "SDPA (efficient, padded)": [
      2.29997,
      2.09686,
      1.90566,
      4.29184,
      3.98746,
      3.96698
    ],
    "SDPA (flash, padded)": [
      2.2016,
      1.97907,
      1.91005,
      3.98835,
      3.83795,
      3.9639
    ],
    "NestedTensor + SDPA": [
      9.65734,
      9.41056,
      9.29546,
      17.79107,
      17.90573,
      17.39034
    ],
    "Triton Ragged (ours)": [
      0.13722,
      0.04234,
      0.02662,
      0.34509,
      0.07987,
      0.02867
    ],
    "FlashAttention-2 (varlen)": [
      0.11264,
      0.05222,
      0.05427,
      0.26829,
      0.07178,
      0.06144
    ]
  }
}