{
  "gpu": "NVIDIA RTX 4000 Ada Generation",
  "sm": "SM89",
  "timing": "cuda_events_median_ms",
  "warmup": 50,
  "jit_warmup": 150,
  "iters": 300,
  "configs": [
    "BS=32, 0% pruned",
    "BS=32, 50% pruned",
    "BS=32, 80% pruned",
    "BS=64, 0% pruned",
    "BS=64, 50% pruned",
    "BS=64, 80% pruned"
  ],
  "kernels": {
    "SDPA (math, padded)": [
      5.33682,
      2.65114,
      2.1488,
      10.86264,
      5.86782,
      4.29394
    ],
    "SDPA (efficient, padded)": [
      2.20491,
      1.99994,
      1.91386,
      4.31677,
      3.98146,
      3.80536
    ],
    "SDPA (flash, padded)": [
      2.09611,
      1.93941,
      1.9251,
      4.12774,
      3.85843,
      3.776
    ],
    "NestedTensor + SDPA": [
      9.31174,
      9.57019,
      9.39683,
      17.90818,
      17.90195,
      17.98632
    ],
    "Triton Ragged (ours)": [
      0.13926,
      0.04198,
      0.0256,
      0.34611,
      0.07987,
      0.02765
    ],
    "FlashAttention-2 (varlen)": [
      0.11366,
      0.05427,
      0.0512,
      0.26317,
      0.0727,
      0.06042
    ]
  },
  "p5": {
    "SDPA (math, padded)": [
      5.2888,
      2.58064,
      2.0736,
      10.624,
      5.71603,
      4.0847
    ],
    "SDPA (efficient, padded)": [
      2.13914,
      1.91795,
      1.8367,
      4.17302,
      3.78586,
      3.59322
    ],
    "SDPA (flash, padded)": [
      2.02224,
      1.87411,
      1.84918,
      3.98643,
      3.71293,
      3.61667
    ],
    "NestedTensor + SDPA": [
      8.97213,
      8.98253,
      8.94134,
      17.05245,
      17.07251,
      16.91002
    ],
    "Triton Ragged (ours)": [
      0.13619,
      0.04198,
      0.02458,
      0.3369,
      0.07885,
      0.02662
    ],
    "FlashAttention-2 (varlen)": [
      0.11264,
      0.03686,
      0.04813,
      0.25293,
      0.07168,
      0.05939
    ]
  },
  "p95": {
    "SDPA (math, padded)": [
      5.8984,
      3.18806,
      2.62691,
      11.4127,
      6.41126,
      4.81174
    ],
    "SDPA (efficient, padded)": [
      2.73229,
      2.5161,
      2.41882,
      4.87603,
      4.49946,
      4.33731
    ],
    "SDPA (flash, padded)": [
      2.65421,
      2.44035,
      2.45686,
      4.67562,
      4.43085,
      4.31734
    ],
    "NestedTensor + SDPA": [
      9.83872,
      10.01536,
      9.86314,
      18.57606,
      18.48726,
      18.45053
    ],
    "Triton Ragged (ours)": [
      0.14131,
      0.04301,
      0.02662,
      0.35021,
      0.07987,
      0.02771
    ],
    "FlashAttention-2 (varlen)": [
      0.11674,
      0.05757,
      0.0553,
      0.26522,
      0.07475,
      0.06144
    ]
  }
}