{
  "gpu": "NVIDIA RTX 4000 Ada Generation",
  "sm": "SM89",
  "timing": "cuda_events_median_ms",
  "warmup": 50,
  "jit_warmup": 150,
  "iters": 300,
  "configs": [
    "BS=32, 0% pruned",
    "BS=32, 50% pruned",
    "BS=32, 80% pruned",
    "BS=64, 0% pruned",
    "BS=64, 50% pruned",
    "BS=64, 80% pruned"
  ],
  "kernels": {
    "SDPA (math, padded)": [
      5.4724,
      2.7509,
      2.24147,
      10.64448,
      5.79339,
      4.08269
    ],
    "SDPA (efficient, padded)": [
      2.23803,
      2.00499,
      1.94253,
      4.17022,
      3.76509,
      3.5839
    ],
    "SDPA (flash, padded)": [
      2.10485,
      1.95277,
      1.94253,
      3.97406,
      3.6791,
      3.58466
    ],
    "NestedTensor + SDPA": [
      9.17197,
      9.08301,
      9.0779,
      17.36136,
      17.188,
      17.088
    ],
    "Triton Ragged (ours)": [
      0.13619,
      0.04198,
      0.02355,
      0.34304,
      0.07987,
      0.02765
    ],
    "FlashAttention-2 (varlen)": [
      0.11162,
      0.0512,
      0.05018,
      0.26829,
      0.07168,
      0.06042
    ]
  },
  "p5": {
    "SDPA (math, padded)": [
      5.40125,
      2.68077,
      2.17395,
      10.59738,
      5.67766,
      4.00384
    ],
    "SDPA (efficient, padded)": [
      2.22387,
      1.99456,
      1.93126,
      4.15411,
      3.7128,
      3.55328
    ],
    "SDPA (flash, padded)": [
      2.09206,
      1.94048,
      1.93162,
      3.95165,
      3.61264,
      3.51098
    ],
    "NestedTensor + SDPA": [
      9.05443,
      8.95107,
      8.9559,
      17.18682,
      16.97709,
      16.69734
    ],
    "Triton Ragged (ours)": [
      0.13517,
      0.04096,
      0.02253,
      0.33178,
      0.07885,
      0.02765
    ],
    "FlashAttention-2 (varlen)": [
      0.11059,
      0.04915,
      0.04813,
      0.25293,
      0.07066,
      0.05939
    ]
  },
  "p95": {
    "SDPA (math, padded)": [
      5.50886,
      2.76992,
      2.29754,
      10.71104,
      6.6992,
      4.21888
    ],
    "SDPA (efficient, padded)": [
      2.30707,
      2.08282,
      2.00051,
      4.31194,
      3.77952,
      3.72326
    ],
    "SDPA (flash, padded)": [
      2.11942,
      2.01638,
      2.01933,
      4.11056,
      3.69875,
      3.73242
    ],
    "NestedTensor + SDPA": [
      9.60426,
      9.55085,
      9.50947,
      18.58058,
      18.07053,
      17.93126
    ],
    "Triton Ragged (ours)": [
      0.13722,
      0.04301,
      0.0248,
      0.34611,
      0.07987,
      0.02867
    ],
    "FlashAttention-2 (varlen)": [
      0.11264,
      0.05325,
      0.05427,
      0.27136,
      0.07475,
      0.06144
    ]
  }
}