{
  "gpu": "NVIDIA RTX 4000 Ada Generation",
  "sm": "SM89",
  "timing": "cuda_events_median_ms",
  "warmup": 50,
  "jit_warmup": 150,
  "iters": 300,
  "configs": [
    "BS=32, 0% pruned",
    "BS=32, 50% pruned",
    "BS=32, 80% pruned",
    "BS=64, 0% pruned",
    "BS=64, 50% pruned",
    "BS=64, 80% pruned"
  ],
  "kernels": {
    "SDPA (math, padded)": [
      5.34733,
      2.66034,
      2.09338,
      10.97472,
      5.84123,
      4.22528
    ],
    "SDPA (efficient, padded)": [
      2.13154,
      1.9672,
      1.9099,
      4.24448,
      3.90978,
      3.61405
    ],
    "SDPA (flash, padded)": [
      2.07486,
      1.91597,
      1.90114,
      4.1181,
      3.83803,
      3.73893
    ],
    "NestedTensor + SDPA": [
      9.18632,
      8.90982,
      9.13474,
      17.57274,
      17.30099,
      17.36494
    ],
    "Triton Ragged (ours)": [
      0.13722,
      0.04198,
      0.0256,
      0.34509,
      0.07987,
      0.02765
    ],
    "FlashAttention-2 (varlen)": [
      0.11382,
      0.0471,
      0.04915,
      0.26419,
      0.0727,
      0.06042
    ]
  },
  "p5": {
    "SDPA (math, padded)": [
      5.28486,
      2.58458,
      2.07642,
      10.63424,
      5.63699,
      4.00794
    ],
    "SDPA (efficient, padded)": [
      2.07379,
      1.89606,
      1.84019,
      4.09907,
      3.76659,
      3.5624
    ],
    "SDPA (flash, padded)": [
      2.00374,
      1.85139,
      1.83706,
      3.9697,
      3.69664,
      3.59226
    ],
    "NestedTensor + SDPA": [
      8.8289,
      8.74992,
      8.70886,
      16.82157,
      16.5839,
      16.57958
    ],
    "Triton Ragged (ours)": [
      0.13619,
      0.04138,
      0.02458,
      0.33587,
      0.07885,
      0.02662
    ],
    "FlashAttention-2 (varlen)": [
      0.11264,
      0.0361,
      0.03277,
      0.2519,
      0.07168,
      0.05965
    ]
  },
  "p95": {
    "SDPA (math, padded)": [
      5.90298,
      3.21453,
      2.65907,
      11.38195,
      6.39302,
      4.7944
    ],
    "SDPA (efficient, padded)": [
      2.23206,
      2.51427,
      2.43507,
      4.8137,
      4.49213,
      4.24755
    ],
    "SDPA (flash, padded)": [
      2.59766,
      2.42483,
      2.42083,
      4.67968,
      4.41818,
      4.30694
    ],
    "NestedTensor + SDPA": [
      9.68909,
      9.47008,
      9.58032,
      18.22608,
      17.84934,
      18.04186
    ],
    "Triton Ragged (ours)": [
      0.14234,
      0.04301,
      0.02662,
      0.34918,
      0.07994,
      0.02768
    ],
    "FlashAttention-2 (varlen)": [
      0.11776,
      0.05142,
      0.05427,
      0.26829,
      0.07405,
      0.06144
    ]
  }
}