{
  "gpu": "NVIDIA RTX 4000 Ada Generation",
  "sm": "SM89",
  "timing": "cuda_events_median_ms",
  "warmup": 50,
  "jit_warmup": 150,
  "iters": 300,
  "configs": [
    "BS=32, 0% pruned",
    "BS=32, 50% pruned",
    "BS=32, 80% pruned",
    "BS=64, 0% pruned",
    "BS=64, 50% pruned",
    "BS=64, 80% pruned"
  ],
  "kernels": {
    "SDPA (math, padded)": [
      5.3837,
      2.60301,
      2.09949,
      10.75827,
      5.8797,
      4.10982
    ],
    "SDPA (efficient, padded)": [
      2.14118,
      1.91285,
      1.92205,
      4.18509,
      3.80192,
      3.60352
    ],
    "SDPA (flash, padded)": [
      2.01626,
      1.86413,
      1.87234,
      3.98658,
      3.7241,
      3.6343
    ],
    "NestedTensor + SDPA": [
      9.00728,
      8.9273,
      8.86982,
      16.89389,
      16.74613,
      16.65174
    ],
    "Triton Ragged (ours)": [
      0.13693,
      0.04198,
      0.02458,
      0.34509,
      0.07987,
      0.02765
    ],
    "FlashAttention-2 (varlen)": [
      0.11469,
      0.05018,
      0.05222,
      0.26726,
      0.07181,
      0.06042
    ]
  },
  "p5": {
    "SDPA (math, padded)": [
      5.2992,
      2.59066,
      2.08998,
      10.62707,
      5.72538,
      4.08781
    ],
    "SDPA (efficient, padded)": [
      2.11546,
      1.90224,
      1.85242,
      4.16461,
      3.7865,
      3.58685
    ],
    "SDPA (flash, padded)": [
      1.98963,
      1.85344,
      1.81146,
      3.91987,
      3.63046,
      3.60243
    ],
    "NestedTensor + SDPA": [
      8.79526,
      8.8361,
      8.78694,
      16.60314,
      16.51514,
      16.49488
    ],
    "Triton Ragged (ours)": [
      0.13558,
      0.04096,
      0.02253,
      0.33792,
      0.07885,
      0.02765
    ],
    "FlashAttention-2 (varlen)": [
      0.11162,
      0.04915,
      0.0512,
      0.25293,
      0.07168,
      0.06042
    ]
  },
  "p95": {
    "SDPA (math, padded)": [
      5.43168,
      2.67571,
      2.18099,
      10.79773,
      5.96992,
      4.32813
    ],
    "SDPA (efficient, padded)": [
      2.21274,
      1.9889,
      1.96096,
      4.32835,
      3.94432,
      3.74794
    ],
    "SDPA (flash, padded)": [
      2.09184,
      1.93322,
      1.92307,
      4.13373,
      3.86675,
      3.75603
    ],
    "NestedTensor + SDPA": [
      9.43642,
      9.40038,
      9.32051,
      17.84896,
      17.8985,
      17.45504
    ],
    "Triton Ragged (ours)": [
      0.13843,
      0.04301,
      0.0256,
      0.34816,
      0.07987,
      0.02867
    ],
    "FlashAttention-2 (varlen)": [
      0.11587,
      0.05325,
      0.0553,
      0.27136,
      0.07475,
      0.06144
    ]
  }
}