{
  "gpu": "NVIDIA RTX 4000 Ada Generation",
  "sm": "SM89",
  "timing": "cuda_events_median_ms",
  "warmup": 50,
  "jit_warmup": 150,
  "iters": 300,
  "configs": [
    "BS=32, 0% pruned",
    "BS=32, 50% pruned",
    "BS=32, 80% pruned",
    "BS=64, 0% pruned",
    "BS=64, 50% pruned",
    "BS=64, 80% pruned"
  ],
  "kernels": {
    "SDPA (math, padded)": [
      5.37661,
      2.55814,
      2.05595,
      10.61282,
      5.77549,
      4.11238
    ],
    "SDPA (efficient, padded)": [
      2.23496,
      1.98451,
      1.81984,
      4.13998,
      3.75202,
      3.90861
    ],
    "SDPA (flash, padded)": [
      2.0345,
      1.83494,
      1.87925,
      4.06944,
      3.65282,
      3.8288
    ],
    "NestedTensor + SDPA": [
      9.29334,
      8.86258,
      8.83512,
      16.9641,
      16.78498,
      16.61038
    ],
    "Triton Ragged (ours)": [
      0.13619,
      0.04198,
      0.02458,
      0.34406,
      0.07987,
      0.02765
    ],
    "FlashAttention-2 (varlen)": [
      0.11162,
      0.04915,
      0.05222,
      0.26317,
      0.07168,
      0.06042
    ]
  },
  "p5": {
    "SDPA (math, padded)": [
      5.31549,
      2.50595,
      2.04787,
      10.56768,
      5.64099,
      4.08269
    ],
    "SDPA (efficient, padded)": [
      2.14323,
      1.9375,
      1.80736,
      4.11888,
      3.72544,
      3.7673
    ],
    "SDPA (flash, padded)": [
      1.96813,
      1.82272,
      1.80429,
      3.9305,
      3.6393,
      3.77549
    ],
    "NestedTensor + SDPA": [
      8.7631,
      8.76544,
      8.75315,
      16.80794,
      16.47718,
      16.41462
    ],
    "Triton Ragged (ours)": [
      0.13517,
      0.04125,
      0.02355,
      0.3328,
      0.07885,
      0.02685
    ],
    "FlashAttention-2 (varlen)": [
      0.11059,
      0.04813,
      0.05018,
      0.25293,
      0.07066,
      0.05939
    ]
  },
  "p95": {
    "SDPA (math, padded)": [
      5.42947,
      2.6223,
      2.11843,
      10.76944,
      5.88374,
      4.14406
    ],
    "SDPA (efficient, padded)": [
      2.6153,
      1.996,
      1.89434,
      4.27418,
      3.8791,
      3.98864
    ],
    "SDPA (flash, padded)": [
      2.05075,
      1.84832,
      1.92605,
      4.15715,
      3.78246,
      3.95328
    ],
    "NestedTensor + SDPA": [
      9.43222,
      9.28666,
      9.27846,
      17.9568,
      17.55443,
      17.4159
    ],
    "Triton Ragged (ours)": [
      0.13722,
      0.04234,
      0.0256,
      0.34611,
      0.07987,
      0.02867
    ],
    "FlashAttention-2 (varlen)": [
      0.12288,
      0.05222,
      0.05427,
      0.26931,
      0.0727,
      0.06144
    ]
  }
}