{
  "gpu": "NVIDIA RTX 4000 Ada Generation",
  "sm": "SM89",
  "timing": "cuda_events_median_ms",
  "warmup": 50,
  "jit_warmup": 150,
  "iters": 300,
  "configs": [
    "BS=32, 0% pruned",
    "BS=32, 50% pruned",
    "BS=32, 80% pruned",
    "BS=64, 0% pruned",
    "BS=64, 50% pruned",
    "BS=64, 80% pruned"
  ],
  "kernels": {
    "SDPA (math, padded)": [
      5.31851,
      2.57725,
      2.08694,
      10.6665,
      5.80312,
      4.32384
    ],
    "SDPA (efficient, padded)": [
      2.12994,
      1.89318,
      1.83411,
      4.26784,
      3.77736,
      3.81586
    ],
    "SDPA (flash, padded)": [
      1.99773,
      1.85139,
      1.83227,
      4.09598,
      3.7335,
      3.84314
    ],
    "NestedTensor + SDPA": [
      9.01464,
      9.29942,
      8.92094,
      17.2544,
      17.4437,
      17.41037
    ],
    "Triton Ragged (ours)": [
      0.13722,
      0.04198,
      0.02355,
      0.34509,
      0.07987,
      0.02765
    ],
    "FlashAttention-2 (varlen)": [
      0.11264,
      0.05018,
      0.05325,
      0.26642,
      0.0727,
      0.06042
    ]
  },
  "p5": {
    "SDPA (math, padded)": [
      5.27795,
      2.56717,
      2.07264,
      10.59626,
      5.70467,
      4.29232
    ],
    "SDPA (efficient, padded)": [
      2.11597,
      1.88314,
      1.82477,
      4.15251,
      3.7265,
      3.79494
    ],
    "SDPA (flash, padded)": [
      1.98736,
      1.8391,
      1.80326,
      3.96083,
      3.6841,
      3.76525
    ],
    "NestedTensor + SDPA": [
      8.85888,
      8.86288,
      8.78656,
      16.72829,
      16.63763,
      16.56422
    ],
    "Triton Ragged (ours)": [
      0.13619,
      0.04096,
      0.02253,
      0.3369,
      0.07885,
      0.02662
    ],
    "FlashAttention-2 (varlen)": [
      0.11162,
      0.04915,
      0.0512,
      0.25395,
      0.07168,
      0.05971
    ]
  },
  "p95": {
    "SDPA (math, padded)": [
      5.37462,
      2.59034,
      2.15952,
      10.77955,
      5.87555,
      4.52986
    ],
    "SDPA (efficient, padded)": [
      2.19686,
      1.96941,
      1.84826,
      4.36531,
      3.91443,
      3.95667
    ],
    "SDPA (flash, padded)": [
      2.07354,
      1.92544,
      1.85139,
      4.1233,
      3.85715,
      4.03661
    ],
    "NestedTensor + SDPA": [
      9.4369,
      9.55619,
      9.54566,
      18.06035,
      17.96,
      17.87293
    ],
    "Triton Ragged (ours)": [
      0.13926,
      0.04301,
      0.02458,
      0.34918,
      0.0809,
      0.02787
    ],
    "FlashAttention-2 (varlen)": [
      0.12186,
      0.05325,
      0.05542,
      0.27142,
      0.07373,
      0.06144
    ]
  }
}