{
  "gpu": "NVIDIA RTX 4000 Ada Generation",
  "sm": "SM89",
  "timing": "cuda_events_median_ms",
  "warmup": 50,
  "jit_warmup": 150,
  "iters": 300,
  "configs": [
    "BS=32, 0% pruned",
    "BS=32, 50% pruned",
    "BS=32, 80% pruned",
    "BS=64, 0% pruned",
    "BS=64, 50% pruned",
    "BS=64, 80% pruned"
  ],
  "kernels": {
    "SDPA (math, padded)": [
      5.35947,
      2.58515,
      2.08392,
      10.66376,
      5.81242,
      4.15229
    ],
    "SDPA (efficient, padded)": [
      2.25794,
      1.90362,
      1.84488,
      4.18826,
      3.79597,
      3.8384
    ],
    "SDPA (flash, padded)": [
      2.01426,
      1.85029,
      1.84229,
      4.00072,
      3.83584,
      3.84205
    ],
    "NestedTensor + SDPA": [
      9.26715,
      9.12123,
      9.10298,
      17.43778,
      17.2185,
      17.10458
    ],
    "Triton Ragged (ours)": [
      0.13619,
      0.04198,
      0.02355,
      0.34406,
      0.07987,
      0.02765
    ],
    "FlashAttention-2 (varlen)": [
      0.11162,
      0.05222,
      0.05222,
      0.26726,
      0.07168,
      0.06074
    ]
  },
  "p5": {
    "SDPA (math, padded)": [
      5.32477,
      2.5312,
      2.07667,
      10.62,
      5.69549,
      4.11853
    ],
    "SDPA (efficient, padded)": [
      2.16576,
      1.89437,
      1.83674,
      4.15251,
      3.77965,
      3.81747
    ],
    "SDPA (flash, padded)": [
      1.9985,
      1.84086,
      1.83485,
      3.98064,
      3.70166,
      3.82976
    ],
    "NestedTensor + SDPA": [
      9.15251,
      8.89856,
      8.90163,
      17.26771,
      17.06378,
      16.88371
    ],
    "Triton Ragged (ours)": [
      0.13517,
      0.04096,
      0.02253,
      0.33178,
      0.07885,
      0.02765
    ],
    "FlashAttention-2 (varlen)": [
      0.11059,
      0.05018,
      0.05018,
      0.256,
      0.07066,
      0.06042
    ]
  },
  "p95": {
    "SDPA (math, padded)": [
      5.42611,
      3.0016,
      2.09613,
      10.79114,
      5.92112,
      4.31002
    ],
    "SDPA (efficient, padded)": [
      2.2745,
      1.98285,
      1.91917,
      4.20454,
      3.9393,
      3.98131
    ],
    "SDPA (flash, padded)": [
      2.08694,
      1.92144,
      1.91174,
      4.14925,
      3.86013,
      3.9711
    ],
    "NestedTensor + SDPA": [
      9.7065,
      9.55597,
      9.17914,
      18.20979,
      18.03578,
      17.93536
    ],
    "Triton Ragged (ours)": [
      0.13722,
      0.04227,
      0.02458,
      0.34714,
      0.07987,
      0.02867
    ],
    "FlashAttention-2 (varlen)": [
      0.11264,
      0.05427,
      0.05427,
      0.27136,
      0.07187,
      0.06144
    ]
  }
}