{
  "gpu": "NVIDIA RTX 4000 Ada Generation",
  "sm": "SM89",
  "timing": "cuda_events_median_ms",
  "warmup": 50,
  "jit_warmup": 150,
  "iters": 300,
  "configs": [
    "BS=32, 0% pruned",
    "BS=32, 50% pruned",
    "BS=32, 80% pruned",
    "BS=64, 0% pruned",
    "BS=64, 50% pruned",
    "BS=64, 80% pruned"
  ],
  "kernels": {
    "SDPA (math, padded)": [
      5.32941,
      2.61734,
      2.06349,
      10.6968,
      5.74874,
      4.2359
    ],
    "SDPA (efficient, padded)": [
      2.19853,
      1.87187,
      1.81656,
      4.12064,
      3.86528,
      3.90758
    ],
    "SDPA (flash, padded)": [
      2.0992,
      1.83082,
      1.83906,
      3.93326,
      3.92275,
      3.81861
    ],
    "NestedTensor + SDPA": [
      8.91072,
      8.75299,
      8.77827,
      16.77414,
      16.58994,
      16.46032
    ],
    "Triton Ragged (ours)": [
      0.13619,
      0.04198,
      0.02355,
      0.34304,
      0.07987,
      0.02765
    ],
    "FlashAttention-2 (varlen)": [
      0.11162,
      0.04813,
      0.04813,
      0.25907,
      0.07168,
      0.06042
    ]
  },
  "p5": {
    "SDPA (math, padded)": [
      5.28573,
      2.54746,
      2.05133,
      10.56666,
      5.64509,
      4.07347
    ],
    "SDPA (efficient, padded)": [
      2.1719,
      1.86451,
      1.80349,
      4.05709,
      3.7288,
      3.89024
    ],
    "SDPA (flash, padded)": [
      2.0817,
      1.8176,
      1.76333,
      3.86694,
      3.8423,
      3.74886
    ],
    "NestedTensor + SDPA": [
      8.71341,
      8.62822,
      8.70387,
      16.68826,
      16.34227,
      16.30413
    ],
    "Triton Ragged (ours)": [
      0.13517,
      0.04096,
      0.02253,
      0.33178,
      0.07885,
      0.02662
    ],
    "FlashAttention-2 (varlen)": [
      0.11059,
      0.04608,
      0.04608,
      0.25293,
      0.07066,
      0.05939
    ]
  },
  "p95": {
    "SDPA (math, padded)": [
      5.38522,
      2.65811,
      2.13178,
      10.78493,
      5.86666,
      4.29056
    ],
    "SDPA (efficient, padded)": [
      2.2313,
      1.93843,
      1.88723,
      4.14387,
      4.13798,
      3.92499
    ],
    "SDPA (flash, padded)": [
      2.11158,
      1.89542,
      1.88314,
      3.96493,
      4.05197,
      3.97824
    ],
    "NestedTensor + SDPA": [
      9.34099,
      8.81728,
      9.21456,
      17.25354,
      17.37421,
      17.24992
    ],
    "Triton Ragged (ours)": [
      0.13722,
      0.04301,
      0.02458,
      0.34611,
      0.07987,
      0.02781
    ],
    "FlashAttention-2 (varlen)": [
      0.11264,
      0.05018,
      0.05018,
      0.26624,
      0.07178,
      0.06144
    ]
  }
}