{
  "gpu": "NVIDIA RTX 4000 Ada Generation",
  "sm": "SM89",
  "timing": "cuda_events_median_ms",
  "warmup": 50,
  "jit_warmup": 150,
  "iters": 300,
  "configs": [
    "BS=32, 0% pruned",
    "BS=32, 50% pruned",
    "BS=32, 80% pruned",
    "BS=64, 0% pruned",
    "BS=64, 50% pruned",
    "BS=64, 80% pruned"
  ],
  "kernels": {
    "SDPA (math, padded)": [
      5.41235,
      2.58523,
      2.09613,
      10.66389,
      5.72211,
      4.29774
    ],
    "SDPA (efficient, padded)": [
      2.15205,
      1.97474,
      1.8473,
      4.26704,
      4.04278,
      3.8303
    ],
    "SDPA (flash, padded)": [
      2.01045,
      1.87853,
      1.84934,
      4.13398,
      3.96077,
      3.83592
    ],
    "NestedTensor + SDPA": [
      9.24757,
      9.12838,
      9.11438,
      17.47299,
      17.18062,
      17.00878
    ],
    "Triton Ragged (ours)": [
      0.13619,
      0.04198,
      0.02253,
      0.34406,
      0.07987,
      0.02765
    ],
    "FlashAttention-2 (varlen)": [
      0.11162,
      0.05632,
      0.05222,
      0.25725,
      0.07168,
      0.06042
    ]
  },
  "p5": {
    "SDPA (math, padded)": [
      5.35142,
      2.57536,
      2.08794,
      10.61171,
      5.6535,
      4.1112
    ],
    "SDPA (efficient, padded)": [
      2.07667,
      1.90042,
      1.83834,
      4.1721,
      3.79904,
      3.77014
    ],
    "SDPA (flash, padded)": [
      1.99578,
      1.84717,
      1.82477,
      3.98947,
      3.93834,
      3.7737
    ],
    "NestedTensor + SDPA": [
      9.13203,
      9.0368,
      9.00608,
      17.25827,
      16.8745,
      16.56419
    ],
    "Triton Ragged (ours)": [
      0.13517,
      0.04096,
      0.0215,
      0.33178,
      0.07885,
      0.02765
    ],
    "FlashAttention-2 (varlen)": [
      0.11059,
      0.0553,
      0.05018,
      0.256,
      0.07066,
      0.05952
    ]
  },
  "p95": {
    "SDPA (math, padded)": [
      5.46816,
      2.66003,
      2.16595,
      10.71718,
      5.85523,
      4.43306
    ],
    "SDPA (efficient, padded)": [
      2.22413,
      2.01933,
      1.92429,
      4.33674,
      4.0663,
      3.96515
    ],
    "SDPA (flash, padded)": [
      2.07987,
      1.93162,
      1.86298,
      4.20762,
      4.09498,
      3.95878
    ],
    "NestedTensor + SDPA": [
      9.68909,
      9.56518,
      9.58656,
      18.34698,
      18.08762,
      17.86096
    ],
    "Triton Ragged (ours)": [
      0.13722,
      0.04243,
      0.02384,
      0.34714,
      0.08006,
      0.02867
    ],
    "FlashAttention-2 (varlen)": [
      0.11203,
      0.05939,
      0.05427,
      0.26829,
      0.0727,
      0.06144
    ]
  }
}