{
  "gpu": "NVIDIA RTX 4000 Ada Generation",
  "sm": "SM89",
  "timing": "cuda_events_median_ms",
  "warmup": 50,
  "jit_warmup": 150,
  "iters": 300,
  "configs": [
    "BS=32, 0% pruned",
    "BS=32, 50% pruned",
    "BS=32, 80% pruned",
    "BS=64, 0% pruned",
    "BS=64, 50% pruned",
    "BS=64, 80% pruned"
  ],
  "kernels": {
    "SDPA (math, padded)": [
      5.37077,
      2.5983,
      2.08899,
      10.82453,
      5.78018,
      4.06722
    ],
    "SDPA (efficient, padded)": [
      2.31506,
      1.89235,
      2.00781,
      4.42165,
      3.75936,
      3.56766
    ],
    "SDPA (flash, padded)": [
      2.21594,
      1.87443,
      1.9415,
      4.19219,
      3.67517,
      3.63293
    ],
    "NestedTensor + SDPA": [
      9.11677,
      9.08531,
      8.6528,
      17.16014,
      16.94874,
      16.26994
    ],
    "Triton Ragged (ours)": [
      0.13722,
      0.04198,
      0.02355,
      0.34611,
      0.07987,
      0.02765
    ],
    "FlashAttention-2 (varlen)": [
      0.11162,
      0.05018,
      0.0503,
      0.26829,
      0.07168,
      0.06059
    ]
  },
  "p5": {
    "SDPA (math, padded)": [
      5.33011,
      2.52445,
      2.07466,
      10.70899,
      5.69139,
      4.04662
    ],
    "SDPA (efficient, padded)": [
      2.24563,
      1.87725,
      1.9159,
      4.36765,
      3.74189,
      3.54125
    ],
    "SDPA (flash, padded)": [
      2.11533,
      1.84013,
      1.92643,
      4.17587,
      3.6608,
      3.56557
    ],
    "NestedTensor + SDPA": [
      8.73059,
      8.48077,
      8.46131,
      16.4352,
      16.18842,
      16.08019
    ],
    "Triton Ragged (ours)": [
      0.13517,
      0.04096,
      0.02253,
      0.3369,
      0.07885,
      0.02765
    ],
    "FlashAttention-2 (varlen)": [
      0.11059,
      0.04915,
      0.04915,
      0.25293,
      0.07168,
      0.06042
    ]
  },
  "p95": {
    "SDPA (math, padded)": [
      5.43846,
      2.68099,
      2.17101,
      10.9937,
      5.96173,
      4.21139
    ],
    "SDPA (efficient, padded)": [
      2.33702,
      1.9599,
      2.02,
      4.53222,
      3.89834,
      3.70512
    ],
    "SDPA (flash, padded)": [
      2.23744,
      2.02858,
      2.01405,
      4.32864,
      3.72218,
      3.72048
    ],
    "NestedTensor + SDPA": [
      9.46381,
      9.30166,
      9.10029,
      17.49606,
      17.6169,
      17.20627
    ],
    "Triton Ragged (ours)": [
      0.13824,
      0.04301,
      0.02458,
      0.35021,
      0.07987,
      0.02867
    ],
    "FlashAttention-2 (varlen)": [
      0.11264,
      0.05325,
      0.05325,
      0.27034,
      0.07286,
      0.06144
    ]
  }
}