{
  "gpu": "NVIDIA RTX 4000 Ada Generation",
  "sm": "SM89",
  "timing": "cuda_events_median_ms",
  "warmup": 50,
  "jit_warmup": 150,
  "iters": 300,
  "configs": [
    "BS=32, 0% pruned",
    "BS=32, 50% pruned",
    "BS=32, 80% pruned",
    "BS=64, 0% pruned",
    "BS=64, 50% pruned",
    "BS=64, 80% pruned"
  ],
  "kernels": {
    "SDPA (math, padded)": [
      5.34203,
      2.5732,
      2.08179,
      10.68611,
      5.74837,
      4.07728
    ],
    "SDPA (efficient, padded)": [
      2.23451,
      1.89242,
      1.836,
      4.18309,
      3.77387,
      3.71546
    ],
    "SDPA (flash, padded)": [
      2.11947,
      1.86882,
      1.90107,
      4.09042,
      3.69971,
      3.70483
    ],
    "NestedTensor + SDPA": [
      8.99309,
      8.7509,
      8.74293,
      16.8064,
      16.63981,
      16.6815
    ],
    "Triton Ragged (ours)": [
      0.13619,
      0.04198,
      0.02478,
      0.34406,
      0.07987,
      0.02765
    ],
    "FlashAttention-2 (varlen)": [
      0.11162,
      0.04915,
      0.04915,
      0.26726,
      0.07168,
      0.06042
    ]
  },
  "p5": {
    "SDPA (math, padded)": [
      5.31046,
      2.5641,
      2.05312,
      10.58816,
      5.68218,
      4.05606
    ],
    "SDPA (efficient, padded)": [
      2.19955,
      1.87603,
      1.82557,
      4.15437,
      3.75808,
      3.57005
    ],
    "SDPA (flash, padded)": [
      2.08589,
      1.83734,
      1.82646,
      3.89427,
      3.66579,
      3.57683
    ],
    "NestedTensor + SDPA": [
      8.80819,
      8.58035,
      8.68445,
      16.65149,
      16.48534,
      16.37478
    ],
    "Triton Ragged (ours)": [
      0.13517,
      0.04096,
      0.02458,
      0.33178,
      0.07885,
      0.02691
    ],
    "FlashAttention-2 (varlen)": [
      0.11059,
      0.0471,
      0.0471,
      0.256,
      0.07066,
      0.06042
    ]
  },
  "p95": {
    "SDPA (math, padded)": [
      5.42208,
      2.65011,
      2.16166,
      10.84109,
      5.9136,
      4.2191
    ],
    "SDPA (efficient, padded)": [
      2.25075,
      1.96678,
      1.90938,
      4.38275,
      3.92192,
      3.76253
    ],
    "SDPA (flash, padded)": [
      2.13914,
      1.91386,
      1.94253,
      4.17066,
      3.84173,
      3.73453
    ],
    "NestedTensor + SDPA": [
      9.32557,
      9.19962,
      9.18301,
      17.58515,
      17.4753,
      17.42029
    ],
    "Triton Ragged (ours)": [
      0.13722,
      0.04301,
      0.02662,
      0.34611,
      0.07987,
      0.02867
    ],
    "FlashAttention-2 (varlen)": [
      0.12288,
      0.05354,
      0.05427,
      0.27034,
      0.0727,
      0.06144
    ]
  }
}