{
  "gpu": "NVIDIA RTX 4000 Ada Generation",
  "sm": "SM89",
  "timing": "cuda_events_median_ms",
  "warmup": 50,
  "jit_warmup": 150,
  "iters": 300,
  "configs": [
    "BS=32, 0% pruned",
    "BS=32, 50% pruned",
    "BS=32, 80% pruned",
    "BS=64, 0% pruned",
    "BS=64, 50% pruned",
    "BS=64, 80% pruned"
  ],
  "kernels": {
    "SDPA (math, padded)": [
      5.3051,
      2.56038,
      2.14851,
      10.64344,
      5.93818,
      4.20437
    ],
    "SDPA (efficient, padded)": [
      2.16421,
      1.88416,
      1.82198,
      4.15963,
      4.0903,
      3.57376
    ],
    "SDPA (flash, padded)": [
      1.98872,
      1.8621,
      1.81835,
      4.00026,
      3.90554,
      3.60779
    ],
    "NestedTensor + SDPA": [
      8.92365,
      8.78946,
      8.77907,
      17.40301,
      17.04786,
      16.47021
    ],
    "Triton Ragged (ours)": [
      0.1364,
      0.04198,
      0.02355,
      0.34714,
      0.07987,
      0.02765
    ],
    "FlashAttention-2 (varlen)": [
      0.11162,
      0.04813,
      0.0512,
      0.25395,
      0.07168,
      0.06042
    ]
  },
  "p5": {
    "SDPA (math, padded)": [
      5.26237,
      2.52909,
      2.06195,
      10.52189,
      5.87091,
      4.05299
    ],
    "SDPA (efficient, padded)": [
      2.10458,
      1.8721,
      1.81232,
      4.14074,
      3.95331,
      3.5575
    ],
    "SDPA (flash, padded)": [
      1.97837,
      1.80019,
      1.78717,
      3.94474,
      3.88608,
      3.50118
    ],
    "NestedTensor + SDPA": [
      8.8064,
      8.69811,
      8.68045,
      16.50342,
      16.29174,
      16.26634
    ],
    "Triton Ragged (ours)": [
      0.13526,
      0.04096,
      0.02253,
      0.3369,
      0.07885,
      0.02662
    ],
    "FlashAttention-2 (varlen)": [
      0.11059,
      0.04608,
      0.04915,
      0.25293,
      0.07168,
      0.05939
    ]
  },
  "p95": {
    "SDPA (math, padded)": [
      5.37258,
      2.57725,
      2.18147,
      10.81549,
      6.13485,
      4.29056
    ],
    "SDPA (efficient, padded)": [
      2.18624,
      1.94902,
      1.89235,
      4.30426,
      4.18032,
      3.71574
    ],
    "SDPA (flash, padded)": [
      2.06218,
      1.90669,
      1.82678,
      4.14925,
      4.08986,
      3.7911
    ],
    "NestedTensor + SDPA": [
      9.48531,
      9.21702,
      9.18717,
      17.95379,
      17.74624,
      17.65686
    ],
    "Triton Ragged (ours)": [
      0.13926,
      0.04301,
      0.0256,
      0.34918,
      0.07987,
      0.0279
    ],
    "FlashAttention-2 (varlen)": [
      0.11264,
      0.05018,
      0.05325,
      0.26934,
      0.0727,
      0.06144
    ]
  }
}