{
  "gpu": "NVIDIA RTX 4000 Ada Generation",
  "sm": "SM89",
  "timing": "cuda_events_median_ms",
  "warmup": 50,
  "jit_warmup": 150,
  "iters": 300,
  "configs": [
    "BS=32, 0% pruned",
    "BS=32, 50% pruned",
    "BS=32, 80% pruned",
    "BS=64, 0% pruned",
    "BS=64, 50% pruned",
    "BS=64, 80% pruned"
  ],
  "kernels": {
    "SDPA (math, padded)": [
      5.36595,
      2.58867,
      2.15774,
      11.09904,
      5.92382,
      4.25563
    ],
    "SDPA (efficient, padded)": [
      2.1903,
      1.96096,
      1.90566,
      4.35182,
      3.89621,
      3.7127
    ],
    "SDPA (flash, padded)": [
      2.06438,
      1.91586,
      1.90571,
      4.10315,
      3.85594,
      3.81373
    ],
    "NestedTensor + SDPA": [
      9.42872,
      9.52083,
      9.34286,
      17.85344,
      17.54939,
      17.66198
    ],
    "Triton Ragged (ours)": [
      0.13731,
      0.04198,
      0.0256,
      0.34509,
      0.07987,
      0.02765
    ],
    "FlashAttention-2 (varlen)": [
      0.11366,
      0.05134,
      0.05018,
      0.26726,
      0.0727,
      0.06042
    ]
  },
  "p5": {
    "SDPA (math, padded)": [
      5.28771,
      2.57434,
      2.08688,
      10.71846,
      5.72499,
      4.09258
    ],
    "SDPA (efficient, padded)": [
      2.1153,
      1.88803,
      1.80288,
      4.19741,
      3.67318,
      3.50237
    ],
    "SDPA (flash, padded)": [
      1.96442,
      1.8455,
      1.83398,
      3.91885,
      3.70826,
      3.66077
    ],
    "NestedTensor + SDPA": [
      8.97638,
      8.96336,
      8.89462,
      17.0449,
      16.7895,
      16.78314
    ],
    "Triton Ragged (ours)": [
      0.13619,
      0.04125,
      0.02458,
      0.33587,
      0.07885,
      0.02662
    ],
    "FlashAttention-2 (varlen)": [
      0.11264,
      0.05018,
      0.03277,
      0.25395,
      0.07168,
      0.05939
    ]
  },
  "p95": {
    "SDPA (math, padded)": [
      5.93408,
      3.16928,
      2.68784,
      11.44285,
      6.45974,
      4.8087
    ],
    "SDPA (efficient, padded)": [
      2.72077,
      2.50176,
      2.42874,
      4.92045,
      4.42266,
      4.23629
    ],
    "SDPA (flash, padded)": [
      2.51485,
      2.4625,
      2.38797,
      4.62624,
      4.39632,
      4.36253
    ],
    "NestedTensor + SDPA": [
      9.90106,
      10.0279,
      9.89978,
      18.49958,
      18.23366,
      18.30195
    ],
    "Triton Ragged (ours)": [
      0.14234,
      0.04301,
      0.02701,
      0.35021,
      0.07987,
      0.02867
    ],
    "FlashAttention-2 (varlen)": [
      0.11776,
      0.0553,
      0.0553,
      0.27034,
      0.07373,
      0.06144
    ]
  }
}