{
  "gpu": "NVIDIA RTX 4000 Ada Generation",
  "sm": "SM89",
  "timing": "cuda_events_median_ms",
  "warmup": 50,
  "jit_warmup": 150,
  "iters": 300,
  "configs": [
    "BS=32, 0% pruned",
    "BS=32, 50% pruned",
    "BS=32, 80% pruned",
    "BS=64, 0% pruned",
    "BS=64, 50% pruned",
    "BS=64, 80% pruned"
  ],
  "kernels": {
    "SDPA (math, padded)": [
      5.3605,
      2.59126,
      2.1545,
      10.86046,
      5.82451,
      4.14822
    ],
    "SDPA (efficient, padded)": [
      2.19346,
      1.9645,
      1.84422,
      4.35762,
      3.93779,
      3.72531
    ],
    "SDPA (flash, padded)": [
      2.07152,
      1.86054,
      1.8432,
      3.99963,
      3.84056,
      3.73957
    ],
    "NestedTensor + SDPA": [
      9.38994,
      9.30037,
      9.02962,
      17.65283,
      17.39981,
      17.28109
    ],
    "Triton Ragged (ours)": [
      0.13984,
      0.04198,
      0.02355,
      0.34576,
      0.07987,
      0.02765
    ],
    "FlashAttention-2 (varlen)": [
      0.11366,
      0.0512,
      0.05222,
      0.26522,
      0.0727,
      0.06042
    ]
  },
  "p5": {
    "SDPA (math, padded)": [
      5.2816,
      2.57446,
      2.07667,
      10.65062,
      5.69242,
      4.07629
    ],
    "SDPA (efficient, padded)": [
      2.12291,
      1.89376,
      1.83194,
      4.20864,
      3.78048,
      3.53792
    ],
    "SDPA (flash, padded)": [
      1.99885,
      1.84333,
      1.83091,
      3.97603,
      3.69562,
      3.59661
    ],
    "NestedTensor + SDPA": [
      8.91914,
      8.88899,
      8.80474,
      16.93901,
      16.7383,
      16.59789
    ],
    "Triton Ragged (ours)": [
      0.13619,
      0.04096,
      0.02253,
      0.33587,
      0.07885,
      0.02662
    ],
    "FlashAttention-2 (varlen)": [
      0.11264,
      0.03994,
      0.03379,
      0.25293,
      0.07066,
      0.05939
    ]
  },
  "p95": {
    "SDPA (math, padded)": [
      5.89942,
      3.11507,
      2.65728,
      11.39059,
      6.40992,
      4.75917
    ],
    "SDPA (efficient, padded)": [
      2.66202,
      2.44134,
      2.2815,
      4.92954,
      4.51072,
      4.3159
    ],
    "SDPA (flash, padded)": [
      2.53133,
      2.39859,
      2.28576,
      4.57933,
      4.40307,
      4.32102
    ],
    "NestedTensor + SDPA": [
      9.8808,
      9.68678,
      9.48797,
      18.28442,
      17.96413,
      17.94358
    ],
    "Triton Ragged (ours)": [
      0.14134,
      0.04301,
      0.02458,
      0.35021,
      0.0799,
      0.0279
    ],
    "FlashAttention-2 (varlen)": [
      0.11674,
      0.05459,
      0.05427,
      0.26835,
      0.07475,
      0.06144
    ]
  }
}