{
  "gpu": "NVIDIA RTX 4000 Ada Generation",
  "sm": "SM89",
  "timing": "cuda_events_median_ms",
  "warmup": 50,
  "jit_warmup": 150,
  "iters": 300,
  "configs": [
    "BS=32, 0% pruned",
    "BS=32, 50% pruned",
    "BS=32, 80% pruned",
    "BS=64, 0% pruned",
    "BS=64, 50% pruned",
    "BS=64, 80% pruned"
  ],
  "kernels": {
    "SDPA (math, padded)": [
      5.35194,
      2.60506,
      2.16872,
      10.84707,
      5.78718,
      4.10354
    ],
    "SDPA (efficient, padded)": [
      2.23331,
      2.00294,
      1.95174,
      4.40683,
      3.75202,
      3.55048
    ],
    "SDPA (flash, padded)": [
      2.11568,
      1.95891,
      1.94589,
      4.19854,
      3.67622,
      3.56947
    ],
    "NestedTensor + SDPA": [
      9.01338,
      8.91198,
      8.88109,
      17.11786,
      16.70704,
      17.04496
    ],
    "Triton Ragged (ours)": [
      0.13619,
      0.04198,
      0.02355,
      0.34406,
      0.07987,
      0.02765
    ],
    "FlashAttention-2 (varlen)": [
      0.11162,
      0.05018,
      0.04915,
      0.26624,
      0.07168,
      0.06042
    ]
  },
  "p5": {
    "SDPA (math, padded)": [
      5.29942,
      2.56922,
      2.07894,
      10.69946,
      5.72614,
      4.03968
    ],
    "SDPA (efficient, padded)": [
      2.22003,
      1.89642,
      1.93718,
      4.33738,
      3.7375,
      3.53469
    ],
    "SDPA (flash, padded)": [
      2.0992,
      1.92739,
      1.93434,
      4.17792,
      3.66285,
      3.55309
    ],
    "NestedTensor + SDPA": [
      8.82893,
      8.80026,
      8.80845,
      16.92298,
      16.3369,
      16.56013
    ],
    "Triton Ragged (ours)": [
      0.13517,
      0.04096,
      0.02253,
      0.33178,
      0.07885,
      0.02765
    ],
    "FlashAttention-2 (varlen)": [
      0.11059,
      0.04813,
      0.0471,
      0.25427,
      0.07066,
      0.06042
    ]
  },
  "p95": {
    "SDPA (math, padded)": [
      5.41008,
      2.636,
      2.21587,
      10.972,
      5.97197,
      4.2527
    ],
    "SDPA (efficient, padded)": [
      2.26205,
      2.06317,
      2.02435,
      4.53741,
      3.88387,
      3.6881
    ],
    "SDPA (flash, padded)": [
      2.18115,
      2.02582,
      2.01718,
      4.36845,
      3.81142,
      3.70112
    ],
    "NestedTensor + SDPA": [
      9.44038,
      9.36544,
      9.33907,
      17.9927,
      17.46547,
      17.81059
    ],
    "Triton Ragged (ours)": [
      0.13722,
      0.04301,
      0.0256,
      0.34714,
      0.07987,
      0.02867
    ],
    "FlashAttention-2 (varlen)": [
      0.11264,
      0.05222,
      0.0512,
      0.27136,
      0.0727,
      0.06144
    ]
  }
}