{
  "gpu": "NVIDIA RTX 4000 Ada Generation",
  "sm": "SM89",
  "timing": "cuda_events_median_ms",
  "warmup": 50,
  "jit_warmup": 150,
  "iters": 300,
  "configs": [
    "BS=32, 0% pruned",
    "BS=32, 50% pruned",
    "BS=32, 80% pruned",
    "BS=64, 0% pruned",
    "BS=64, 50% pruned",
    "BS=64, 80% pruned"
  ],
  "kernels": {
    "SDPA (math, padded)": [
      5.39019,
      2.60971,
      2.08358,
      10.63834,
      5.70579,
      4.07347
    ],
    "SDPA (efficient, padded)": [
      2.31101,
      1.9369,
      1.83501,
      4.16768,
      3.77123,
      3.58654
    ],
    "SDPA (flash, padded)": [
      2.12349,
      1.87512,
      1.83398,
      3.97533,
      3.70738,
      3.60091
    ],
    "NestedTensor + SDPA": [
      9.22283,
      9.1208,
      9.04962,
      17.50616,
      17.21966,
      17.14125
    ],
    "Triton Ragged (ours)": [
      0.13619,
      0.04198,
      0.02355,
      0.34309,
      0.07987,
      0.02765
    ],
    "FlashAttention-2 (varlen)": [
      0.11162,
      0.05325,
      0.05222,
      0.26726,
      0.0708,
      0.06042
    ]
  },
  "p5": {
    "SDPA (math, padded)": [
      5.3104,
      2.56739,
      2.04595,
      10.5943,
      5.65955,
      4.05811
    ],
    "SDPA (efficient, padded)": [
      2.23949,
      1.88621,
      1.7961,
      4.15437,
      3.75542,
      3.57274
    ],
    "SDPA (flash, padded)": [
      2.09014,
      1.84218,
      1.79706,
      3.96083,
      3.6905,
      3.58381
    ],
    "NestedTensor + SDPA": [
      9.03782,
      9.05117,
      8.87069,
      17.32851,
      17.06118,
      16.86835
    ],
    "Triton Ragged (ours)": [
      0.13517,
      0.04118,
      0.02253,
      0.33178,
      0.07885,
      0.02765
    ],
    "FlashAttention-2 (varlen)": [
      0.11059,
      0.0512,
      0.05056,
      0.25293,
      0.07066,
      0.05939
    ]
  },
  "p95": {
    "SDPA (math, padded)": [
      5.43645,
      2.65395,
      2.09494,
      10.76019,
      5.79338,
      4.21168
    ],
    "SDPA (efficient, padded)": [
      2.35622,
      1.97325,
      1.84525,
      4.18912,
      3.78563,
      3.72627
    ],
    "SDPA (flash, padded)": [
      2.19568,
      1.9201,
      1.84627,
      4.11056,
      3.84717,
      3.73584
    ],
    "NestedTensor + SDPA": [
      9.52934,
      9.78918,
      9.15347,
      18.63782,
      18.03981,
      17.96992
    ],
    "Triton Ragged (ours)": [
      0.13722,
      0.04301,
      0.02458,
      0.34714,
      0.07987,
      0.02867
    ],
    "FlashAttention-2 (varlen)": [
      0.11264,
      0.05568,
      0.0553,
      0.27034,
      0.07181,
      0.06144
    ]
  }
}