{
  "gpu": "NVIDIA RTX 4000 Ada Generation",
  "sm": "SM89",
  "timing": "cuda_events_median_ms",
  "warmup": 50,
  "jit_warmup": 150,
  "iters": 300,
  "configs": [
    "BS=32, 0% pruned",
    "BS=32, 50% pruned",
    "BS=32, 80% pruned",
    "BS=64, 0% pruned",
    "BS=64, 50% pruned",
    "BS=64, 80% pruned"
  ],
  "kernels": {
    "SDPA (math, padded)": [
      5.29789,
      2.71258,
      2.10634,
      10.90411,
      5.84566,
      4.17874
    ],
    "SDPA (efficient, padded)": [
      2.12562,
      2.04096,
      2.0079,
      4.56022,
      4.04949,
      3.85946
    ],
    "SDPA (flash, padded)": [
      2.01307,
      1.98451,
      1.96915,
      4.38374,
      3.86269,
      3.8615
    ],
    "NestedTensor + SDPA": [
      9.36042,
      9.06632,
      9.1136,
      17.38349,
      17.2152,
      17.09733
    ],
    "Triton Ragged (ours)": [
      0.13619,
      0.04198,
      0.02355,
      0.3447,
      0.07987,
      0.02765
    ],
    "FlashAttention-2 (varlen)": [
      0.11162,
      0.05018,
      0.05018,
      0.25406,
      0.07168,
      0.06083
    ]
  },
  "p5": {
    "SDPA (math, padded)": [
      5.2777,
      2.68813,
      2.09306,
      10.81155,
      5.792,
      4.13286
    ],
    "SDPA (efficient, padded)": [
      2.09504,
      2.02266,
      1.96368,
      4.42701,
      4.03251,
      3.83978
    ],
    "SDPA (flash, padded)": [
      1.98074,
      1.97325,
      1.94662,
      4.23629,
      3.72496,
      3.84512
    ],
    "NestedTensor + SDPA": [
      9.12384,
      8.88525,
      8.99072,
      17.0895,
      17.0889,
      16.95949
    ],
    "Triton Ragged (ours)": [
      0.13517,
      0.04134,
      0.02253,
      0.3328,
      0.07885,
      0.02765
    ],
    "FlashAttention-2 (varlen)": [
      0.11059,
      0.04813,
      0.04826,
      0.25293,
      0.07066,
      0.06042
    ]
  },
  "p95": {
    "SDPA (math, padded)": [
      5.40979,
      2.74442,
      2.13597,
      11.07558,
      5.98733,
      4.34384
    ],
    "SDPA (efficient, padded)": [
      2.14214,
      2.1463,
      2.08794,
      4.60285,
      4.18509,
      3.99667
    ],
    "SDPA (flash, padded)": [
      2.08355,
      2.09082,
      1.98042,
      4.41011,
      4.10125,
      4.00061
    ],
    "NestedTensor + SDPA": [
      9.77101,
      9.53242,
      9.54189,
      18.39002,
      18.04902,
      17.96707
    ],
    "Triton Ragged (ours)": [
      0.13722,
      0.04301,
      0.02499,
      0.34714,
      0.07994,
      0.02867
    ],
    "FlashAttention-2 (varlen)": [
      0.11264,
      0.05325,
      0.05325,
      0.26963,
      0.0727,
      0.06144
    ]
  }
}