{
  "gpu": "NVIDIA RTX 4000 Ada Generation",
  "sm": "SM89",
  "timing": "cuda_events_median_ms",
  "warmup": 50,
  "jit_warmup": 150,
  "iters": 300,
  "configs": [
    "BS=32, 0% pruned",
    "BS=32, 50% pruned",
    "BS=32, 80% pruned",
    "BS=64, 0% pruned",
    "BS=64, 50% pruned",
    "BS=64, 80% pruned"
  ],
  "kernels": {
    "SDPA (math, padded)": [
      5.36061,
      2.70298,
      2.09101,
      10.67198,
      5.72614,
      4.11115
    ],
    "SDPA (efficient, padded)": [
      2.27021,
      1.97222,
      1.84726,
      4.18704,
      3.80805,
      3.73349
    ],
    "SDPA (flash, padded)": [
      2.19432,
      1.85549,
      1.92229,
      3.98336,
      3.73166,
      3.62086
    ],
    "NestedTensor + SDPA": [
      9.15661,
      9.01443,
      9.11155,
      17.30678,
      17.27949,
      17.03206
    ],
    "Triton Ragged (ours)": [
      0.13528,
      0.04198,
      0.02355,
      0.34509,
      0.07987,
      0.02765
    ],
    "FlashAttention-2 (varlen)": [
      0.11162,
      0.05054,
      0.05018,
      0.25498,
      0.07168,
      0.06042
    ]
  },
  "p5": {
    "SDPA (math, padded)": [
      5.32378,
      2.56819,
      2.05517,
      10.62618,
      5.7055,
      4.08179
    ],
    "SDPA (efficient, padded)": [
      2.24358,
      1.89718,
      1.81658,
      4.17075,
      3.79296,
      3.59014
    ],
    "SDPA (flash, padded)": [
      2.12771,
      1.8463,
      1.91386,
      3.91782,
      3.71482,
      3.59936
    ],
    "NestedTensor + SDPA": [
      9.00413,
      8.81859,
      8.95693,
      16.96275,
      16.83866,
      16.84275
    ],
    "Triton Ragged (ours)": [
      0.13517,
      0.04096,
      0.02253,
      0.3328,
      0.07885,
      0.02765
    ],
    "FlashAttention-2 (varlen)": [
      0.11059,
      0.04915,
      0.04813,
      0.25293,
      0.07066,
      0.06042
    ]
  },
  "p95": {
    "SDPA (math, padded)": [
      5.43437,
      3.0679,
      2.10048,
      10.72525,
      5.85901,
      4.25616
    ],
    "SDPA (efficient, padded)": [
      2.36442,
      2.01318,
      1.85651,
      4.20595,
      3.82362,
      3.75501
    ],
    "SDPA (flash, padded)": [
      2.21162,
      1.93126,
      1.96438,
      4.00362,
      3.86656,
      3.7567
    ],
    "NestedTensor + SDPA": [
      9.6215,
      9.08771,
      9.50605,
      18.26202,
      18.07878,
      17.90042
    ],
    "Triton Ragged (ours)": [
      0.13722,
      0.04211,
      0.02458,
      0.34714,
      0.07987,
      0.02867
    ],
    "FlashAttention-2 (varlen)": [
      0.12186,
      0.05325,
      0.05222,
      0.27034,
      0.0727,
      0.06144
    ]
  }
}