{
  "gpu": "NVIDIA RTX 4000 Ada Generation",
  "sm": "SM89",
  "timing": "cuda_events_median_ms",
  "warmup": 50,
  "jit_warmup": 150,
  "iters": 300,
  "configs": [
    "BS=32, 0% pruned",
    "BS=32, 50% pruned",
    "BS=32, 80% pruned",
    "BS=64, 0% pruned",
    "BS=64, 50% pruned",
    "BS=64, 80% pruned"
  ],
  "kernels": {
    "SDPA (math, padded)": [
      5.33043,
      2.65523,
      2.08282,
      10.66432,
      5.8539,
      4.10131
    ],
    "SDPA (efficient, padded)": [
      2.1327,
      1.96661,
      1.83584,
      4.19133,
      3.91168,
      3.57478
    ],
    "SDPA (flash, padded)": [
      2.00488,
      1.91971,
      1.83808,
      3.99475,
      3.83136,
      3.72051
    ],
    "NestedTensor + SDPA": [
      9.41232,
      8.90269,
      8.8728,
      17.32366,
      16.77227,
      17.2119
    ],
    "Triton Ragged (ours)": [
      0.13619,
      0.04198,
      0.02355,
      0.34509,
      0.07987,
      0.02765
    ],
    "FlashAttention-2 (varlen)": [
      0.11165,
      0.05222,
      0.05018,
      0.25293,
      0.07168,
      0.06144
    ]
  },
  "p5": {
    "SDPA (math, padded)": [
      5.26643,
      2.58083,
      2.0736,
      10.60941,
      5.69971,
      4.01613
    ],
    "SDPA (efficient, padded)": [
      2.12109,
      1.88928,
      1.80592,
      4.09498,
      3.7671,
      3.50413
    ],
    "SDPA (flash, padded)": [
      1.9968,
      1.8521,
      1.82989,
      3.97846,
      3.69562,
      3.5841
    ],
    "NestedTensor + SDPA": [
      8.97536,
      8.68746,
      8.71197,
      16.8737,
      16.52115,
      16.48742
    ],
    "Triton Ragged (ours)": [
      0.13549,
      0.04096,
      0.02253,
      0.3369,
      0.07885,
      0.02765
    ],
    "FlashAttention-2 (varlen)": [
      0.11162,
      0.05018,
      0.04813,
      0.2519,
      0.07168,
      0.06042
    ]
  },
  "p95": {
    "SDPA (math, padded)": [
      5.3801,
      2.66925,
      2.15248,
      10.8329,
      5.93798,
      4.22986
    ],
    "SDPA (efficient, padded)": [
      2.20557,
      1.98317,
      1.90794,
      4.32438,
      3.99053,
      3.70995
    ],
    "SDPA (flash, padded)": [
      2.01482,
      1.96336,
      1.90979,
      4.01101,
      3.85331,
      3.74547
    ],
    "NestedTensor + SDPA": [
      9.69709,
      9.36717,
      9.32659,
      18.13587,
      17.70966,
      17.86275
    ],
    "Triton Ragged (ours)": [
      0.13722,
      0.04234,
      0.02458,
      0.34714,
      0.07987,
      0.02867
    ],
    "FlashAttention-2 (varlen)": [
      0.11277,
      0.0553,
      0.05334,
      0.26755,
      0.0727,
      0.06147
    ]
  }
}