{
  "gpu": "NVIDIA RTX 4000 Ada Generation",
  "sm": "SM89",
  "timing": "cuda_events_median_ms",
  "warmup": 50,
  "jit_warmup": 150,
  "iters": 300,
  "configs": [
    "BS=32, 0% pruned",
    "BS=32, 50% pruned",
    "BS=32, 80% pruned",
    "BS=64, 0% pruned",
    "BS=64, 50% pruned",
    "BS=64, 80% pruned"
  ],
  "kernels": {
    "SDPA (math, padded)": [
      5.32122,
      2.61499,
      2.15987,
      10.62907,
      5.79339,
      4.21328
    ],
    "SDPA (efficient, padded)": [
      2.20472,
      2.0224,
      1.91386,
      4.23587,
      4.01306,
      3.57069
    ],
    "SDPA (flash, padded)": [
      2.12582,
      1.97552,
      1.8403,
      4.22453,
      3.9453,
      3.71008
    ],
    "NestedTensor + SDPA": [
      9.30611,
      9.60512,
      9.17038,
      17.56488,
      16.9815,
      17.2789
    ],
    "Triton Ragged (ours)": [
      0.13619,
      0.04198,
      0.02458,
      0.34509,
      0.07987,
      0.02765
    ],
    "FlashAttention-2 (varlen)": [
      0.11162,
      0.05427,
      0.0575,
      0.26422,
      0.07168,
      0.06042
    ]
  },
  "p5": {
    "SDPA (math, padded)": [
      5.29715,
      2.59702,
      2.14938,
      10.59011,
      5.68947,
      4.03456
    ],
    "SDPA (efficient, padded)": [
      2.15757,
      2.00182,
      1.836,
      4.08678,
      3.96928,
      3.50413
    ],
    "SDPA (flash, padded)": [
      2.11254,
      1.96739,
      1.80762,
      4.19635,
      3.92592,
      3.57914
    ],
    "NestedTensor + SDPA": [
      9.24288,
      9.14653,
      9.10144,
      17.39776,
      16.8447,
      17.13971
    ],
    "Triton Ragged (ours)": [
      0.13517,
      0.04096,
      0.02355,
      0.33178,
      0.07885,
      0.02662
    ],
    "FlashAttention-2 (varlen)": [
      0.11059,
      0.05325,
      0.05632,
      0.25293,
      0.07066,
      0.05939
    ]
  },
  "p95": {
    "SDPA (math, padded)": [
      5.42208,
      2.7031,
      2.21286,
      10.75728,
      6.67514,
      4.31104
    ],
    "SDPA (efficient, padded)": [
      2.27533,
      2.03469,
      1.9241,
      4.58874,
      4.14822,
      3.7088
    ],
    "SDPA (flash, padded)": [
      2.2017,
      1.98656,
      1.84934,
      4.4247,
      4.07837,
      3.74778
    ],
    "NestedTensor + SDPA": [
      9.72832,
      9.87462,
      9.60806,
      18.82214,
      18.21699,
      18.1289
    ],
    "Triton Ragged (ours)": [
      0.13722,
      0.04301,
      0.0256,
      0.34714,
      0.07994,
      0.02787
    ],
    "FlashAttention-2 (varlen)": [
      0.12294,
      0.05734,
      0.06042,
      0.26931,
      0.07475,
      0.06144
    ]
  }
}