{
  "gpu": "NVIDIA RTX 4000 Ada Generation",
  "sm": "SM89",
  "timing": "cuda_events_median_ms",
  "warmup": 50,
  "jit_warmup": 150,
  "iters": 300,
  "configs": [
    "BS=32, 0% pruned",
    "BS=32, 50% pruned",
    "BS=32, 80% pruned",
    "BS=64, 0% pruned",
    "BS=64, 50% pruned",
    "BS=64, 80% pruned"
  ],
  "kernels": {
    "SDPA (math, padded)": [
      5.34352,
      2.60339,
      2.09334,
      10.82374,
      5.89877,
      4.17069
    ],
    "SDPA (efficient, padded)": [
      2.23437,
      2.06678,
      1.94678,
      4.38773,
      3.99974,
      3.54459
    ],
    "SDPA (flash, padded)": [
      2.1149,
      2.0183,
      1.93738,
      4.19642,
      3.92901,
      3.56557
    ],
    "NestedTensor + SDPA": [
      8.90114,
      9.20902,
      8.78955,
      16.84174,
      16.72075,
      16.5111
    ],
    "Triton Ragged (ours)": [
      0.13619,
      0.04198,
      0.02355,
      0.34406,
      0.07987,
      0.02765
    ],
    "FlashAttention-2 (varlen)": [
      0.11162,
      0.04813,
      0.0471,
      0.25395,
      0.07107,
      0.06042
    ]
  },
  "p5": {
    "SDPA (math, padded)": [
      5.28998,
      2.58749,
      2.07866,
      10.57894,
      5.7641,
      4.03069
    ],
    "SDPA (efficient, padded)": [
      2.21174,
      1.99504,
      1.93434,
      4.32016,
      3.98339,
      3.53088
    ],
    "SDPA (flash, padded)": [
      2.0951,
      1.95293,
      1.90269,
      4.17462,
      3.91482,
      3.54816
    ],
    "NestedTensor + SDPA": [
      8.83997,
      8.63334,
      8.59174,
      16.6615,
      16.57114,
      16.3799
    ],
    "Triton Ragged (ours)": [
      0.13517,
      0.04128,
      0.02253,
      0.33178,
      0.07885,
      0.02662
    ],
    "FlashAttention-2 (varlen)": [
      0.11059,
      0.0471,
      0.04506,
      0.25293,
      0.07066,
      0.05939
    ]
  },
  "p95": {
    "SDPA (math, padded)": [
      5.41286,
      2.6921,
      2.16666,
      10.95373,
      5.95661,
      4.25059
    ],
    "SDPA (efficient, padded)": [
      2.30077,
      2.07866,
      2.02138,
      4.41008,
      4.13389,
      3.69165
    ],
    "SDPA (flash, padded)": [
      2.21491,
      2.05926,
      1.95072,
      4.33971,
      3.94867,
      3.58195
    ],
    "NestedTensor + SDPA": [
      9.31635,
      9.48816,
      8.86909,
      17.62102,
      17.52662,
      17.28208
    ],
    "Triton Ragged (ours)": [
      0.13722,
      0.04301,
      0.02458,
      0.34714,
      0.07987,
      0.02778
    ],
    "FlashAttention-2 (varlen)": [
      0.12211,
      0.05046,
      0.05018,
      0.25414,
      0.07206,
      0.06144
    ]
  }
}