{
  "gpu": "NVIDIA RTX 4000 Ada Generation",
  "sm": "SM89",
  "timing": "cuda_events_median_ms",
  "warmup": 50,
  "jit_warmup": 150,
  "iters": 300,
  "configs": [
    "BS=32, 0% pruned",
    "BS=32, 50% pruned",
    "BS=32, 80% pruned",
    "BS=64, 0% pruned",
    "BS=64, 50% pruned",
    "BS=64, 80% pruned"
  ],
  "kernels": {
    "SDPA (math, padded)": [
      5.33605,
      2.64536,
      2.07155,
      10.64354,
      5.72522,
      4.0481
    ],
    "SDPA (efficient, padded)": [
      2.24456,
      1.95894,
      1.82915,
      4.15949,
      3.76115,
      3.57171
    ],
    "SDPA (flash, padded)": [
      2.18624,
      1.85645,
      1.82064,
      3.97618,
      3.72808,
      3.60456
    ],
    "NestedTensor + SDPA": [
      9.25789,
      8.7961,
      8.73368,
      16.71115,
      16.52744,
      16.42704
    ],
    "Triton Ragged (ours)": [
      0.13619,
      0.04198,
      0.02485,
      0.34202,
      0.07987,
      0.02765
    ],
    "FlashAttention-2 (varlen)": [
      0.11162,
      0.04813,
      0.05018,
      0.26624,
      0.07098,
      0.06042
    ]
  },
  "p5": {
    "SDPA (math, padded)": [
      5.29584,
      2.62688,
      2.03165,
      10.59114,
      5.66678,
      4.03286
    ],
    "SDPA (efficient, padded)": [
      2.22845,
      1.88621,
      1.78694,
      4.1423,
      3.74784,
      3.55366
    ],
    "SDPA (flash, padded)": [
      2.09686,
      1.83891,
      1.7879,
      3.8935,
      3.60854,
      3.49885
    ],
    "NestedTensor + SDPA": [
      8.83098,
      8.72768,
      8.55962,
      16.60528,
      16.39322,
      16.31542
    ],
    "Triton Ragged (ours)": [
      0.13517,
      0.04096,
      0.02458,
      0.33075,
      0.07885,
      0.02701
    ],
    "FlashAttention-2 (varlen)": [
      0.11059,
      0.04608,
      0.04813,
      0.25395,
      0.07066,
      0.05939
    ]
  },
  "p95": {
    "SDPA (math, padded)": [
      5.39546,
      2.68979,
      2.08294,
      10.74982,
      5.82118,
      4.07312
    ],
    "SDPA (efficient, padded)": [
      2.31526,
      1.97018,
      1.86336,
      4.29978,
      3.87898,
      3.71107
    ],
    "SDPA (flash, padded)": [
      2.23254,
      1.92333,
      1.85888,
      4.11853,
      3.83587,
      3.8
    ],
    "NestedTensor + SDPA": [
      9.3911,
      9.20781,
      8.79821,
      17.53088,
      17.32224,
      17.53731
    ],
    "Triton Ragged (ours)": [
      0.13722,
      0.04227,
      0.02662,
      0.34509,
      0.07987,
      0.02867
    ],
    "FlashAttention-2 (varlen)": [
      0.12186,
      0.05018,
      0.05222,
      0.26931,
      0.07184,
      0.06144
    ]
  }
}