{
  "gpu": "NVIDIA RTX 4000 Ada Generation",
  "sm": "SM89",
  "timing": "cuda_events_median_ms",
  "warmup": 50,
  "jit_warmup": 150,
  "iters": 300,
  "configs": [
    "BS=32, 0% pruned",
    "BS=32, 50% pruned",
    "BS=32, 80% pruned",
    "BS=64, 0% pruned",
    "BS=64, 50% pruned",
    "BS=64, 80% pruned"
  ],
  "kernels": {
    "SDPA (math, padded)": [
      5.34115,
      2.60301,
      2.07179,
      10.62093,
      5.67912,
      4.06118
    ],
    "SDPA (efficient, padded)": [
      2.07485,
      2.07053,
      1.89474,
      4.15661,
      3.75499,
      3.56557
    ],
    "SDPA (flash, padded)": [
      2.17458,
      1.96442,
      1.89645,
      3.96896,
      3.69179,
      3.58093
    ],
    "NestedTensor + SDPA": [
      8.87187,
      8.81613,
      8.74946,
      16.8264,
      16.54989,
      16.69624
    ],
    "Triton Ragged (ours)": [
      0.13619,
      0.04198,
      0.02355,
      0.34406,
      0.07987,
      0.02765
    ],
    "FlashAttention-2 (varlen)": [
      0.11162,
      0.04915,
      0.04915,
      0.26624,
      0.07101,
      0.06042
    ]
  },
  "p5": {
    "SDPA (math, padded)": [
      5.26848,
      2.5721,
      2.06355,
      10.58781,
      5.66272,
      4.04589
    ],
    "SDPA (efficient, padded)": [
      2.05392,
      2.00003,
      1.82246,
      4.0704,
      3.6632,
      3.48198
    ],
    "SDPA (flash, padded)": [
      2.04454,
      1.95091,
      1.82563,
      3.95162,
      3.67923,
      3.51459
    ],
    "NestedTensor + SDPA": [
      8.67226,
      8.74906,
      8.54733,
      16.6871,
      16.45274,
      16.41197
    ],
    "Triton Ragged (ours)": [
      0.13517,
      0.04118,
      0.02253,
      0.33178,
      0.07885,
      0.02675
    ],
    "FlashAttention-2 (varlen)": [
      0.11059,
      0.0471,
      0.0471,
      0.25293,
      0.07066,
      0.05939
    ]
  },
  "p95": {
    "SDPA (math, padded)": [
      5.39053,
      2.65443,
      2.14835,
      10.70522,
      5.81424,
      4.07654
    ],
    "SDPA (efficient, padded)": [
      2.12589,
      2.08864,
      1.93811,
      4.18099,
      3.88381,
      3.60464
    ],
    "SDPA (flash, padded)": [
      2.2231,
      2.03795,
      1.93437,
      4.10867,
      3.70483,
      3.71837
    ],
    "NestedTensor + SDPA": [
      8.94874,
      9.25008,
      9.38266,
      17.64045,
      17.2536,
      17.33837
    ],
    "Triton Ragged (ours)": [
      0.13722,
      0.04301,
      0.02458,
      0.34714,
      0.07987,
      0.02867
    ],
    "FlashAttention-2 (varlen)": [
      0.11264,
      0.0512,
      0.0512,
      0.26726,
      0.07203,
      0.06144
    ]
  }
}