{
  "gpu": "NVIDIA RTX 4000 Ada Generation",
  "sm": "SM89",
  "timing": "cuda_events_median_ms",
  "warmup": 50,
  "jit_warmup": 150,
  "iters": 300,
  "configs": [
    "BS=32, 0% pruned",
    "BS=32, 50% pruned",
    "BS=32, 80% pruned",
    "BS=64, 0% pruned",
    "BS=64, 50% pruned",
    "BS=64, 80% pruned"
  ],
  "kernels": {
    "SDPA (math, padded)": [
      5.35923,
      2.57741,
      2.07634,
      10.86218,
      5.82283,
      4.19968
    ],
    "SDPA (efficient, padded)": [
      2.12488,
      1.96203,
      1.8985,
      4.30808,
      3.91259,
      3.66526
    ],
    "SDPA (flash, padded)": [
      2.0623,
      1.91205,
      1.83456,
      4.10925,
      3.97346,
      3.72667
    ],
    "NestedTensor + SDPA": [
      9.26805,
      9.0288,
      9.19293,
      17.46533,
      17.28262,
      17.32789
    ],
    "Triton Ragged (ours)": [
      0.13722,
      0.04198,
      0.02355,
      0.34611,
      0.07987,
      0.02765
    ],
    "FlashAttention-2 (varlen)": [
      0.11366,
      0.04813,
      0.04813,
      0.26214,
      0.07168,
      0.06042
    ]
  },
  "p5": {
    "SDPA (math, padded)": [
      5.27642,
      2.56307,
      2.06474,
      10.61171,
      5.67158,
      4.05328
    ],
    "SDPA (efficient, padded)": [
      2.10054,
      1.89117,
      1.82867,
      4.16154,
      3.7591,
      3.55533
    ],
    "SDPA (flash, padded)": [
      1.98451,
      1.84832,
      1.82272,
      3.968,
      3.77475,
      3.58502
    ],
    "NestedTensor + SDPA": [
      8.7489,
      8.75622,
      8.75891,
      16.70848,
      16.54477,
      16.48947
    ],
    "Triton Ragged (ours)": [
      0.13619,
      0.04096,
      0.01536,
      0.33587,
      0.07885,
      0.02662
    ],
    "FlashAttention-2 (varlen)": [
      0.11264,
      0.04608,
      0.0329,
      0.25293,
      0.07066,
      0.05939
    ]
  },
  "p95": {
    "SDPA (math, padded)": [
      5.89414,
      3.13139,
      2.64704,
      11.33875,
      6.34294,
      4.77696
    ],
    "SDPA (efficient, padded)": [
      2.69722,
      2.48528,
      2.42074,
      4.88685,
      4.46566,
      4.24346
    ],
    "SDPA (flash, padded)": [
      2.52416,
      2.47571,
      2.356,
      4.66022,
      4.5272,
      4.28851
    ],
    "NestedTensor + SDPA": [
      9.7249,
      9.52013,
      9.62774,
      18.16288,
      17.87603,
      17.8903
    ],
    "Triton Ragged (ours)": [
      0.14131,
      0.04301,
      0.02662,
      0.35021,
      0.08013,
      0.02794
    ],
    "FlashAttention-2 (varlen)": [
      0.11776,
      0.0512,
      0.05222,
      0.26419,
      0.07299,
      0.06144
    ]
  }
}