{
  "gpu": "NVIDIA RTX 4000 Ada Generation",
  "sm": "SM89",
  "timing": "cuda_events_median_ms",
  "warmup": 50,
  "jit_warmup": 150,
  "iters": 300,
  "configs": [
    "BS=32, 0% pruned",
    "BS=32, 50% pruned",
    "BS=32, 80% pruned",
    "BS=64, 0% pruned",
    "BS=64, 50% pruned",
    "BS=64, 80% pruned"
  ],
  "kernels": {
    "SDPA (math, padded)": [
      5.35962,
      2.56578,
      2.0703,
      10.63986,
      5.7016,
      4.11811
    ],
    "SDPA (efficient, padded)": [
      2.08995,
      1.94662,
      1.81894,
      4.15064,
      3.89024,
      3.80046
    ],
    "SDPA (flash, padded)": [
      2.05848,
      1.90976,
      1.8304,
      3.90278,
      3.69357,
      3.79885
    ],
    "NestedTensor + SDPA": [
      9.05261,
      8.90419,
      8.8715,
      17.02915,
      16.8105,
      17.25683
    ],
    "Triton Ragged (ours)": [
      0.13626,
      0.04198,
      0.02355,
      0.34714,
      0.07987,
      0.02765
    ],
    "FlashAttention-2 (varlen)": [
      0.11162,
      0.05152,
      0.0512,
      0.26726,
      0.07168,
      0.06075
    ]
  },
  "p5": {
    "SDPA (math, padded)": [
      5.32672,
      2.53338,
      2.05997,
      10.59229,
      5.66477,
      4.05405
    ],
    "SDPA (efficient, padded)": [
      2.07987,
      1.87306,
      1.78278,
      4.10227,
      3.75808,
      3.77382
    ],
    "SDPA (flash, padded)": [
      1.98883,
      1.84013,
      1.77658,
      3.87658,
      3.58502,
      3.48915
    ],
    "NestedTensor + SDPA": [
      8.82074,
      8.83875,
      8.79693,
      16.80282,
      16.6417,
      16.61747
    ],
    "Triton Ragged (ours)": [
      0.13517,
      0.04096,
      0.02253,
      0.3369,
      0.07885,
      0.02765
    ],
    "FlashAttention-2 (varlen)": [
      0.11162,
      0.05018,
      0.04915,
      0.256,
      0.07168,
      0.06042
    ]
  },
  "p95": {
    "SDPA (math, padded)": [
      5.40374,
      2.64374,
      2.14323,
      10.74176,
      5.89744,
      4.2496
    ],
    "SDPA (efficient, padded)": [
      2.12861,
      1.99066,
      1.89302,
      4.17568,
      3.96595,
      3.93933
    ],
    "SDPA (flash, padded)": [
      2.09114,
      1.94662,
      1.89542,
      3.97414,
      3.82874,
      3.91661
    ],
    "NestedTensor + SDPA": [
      9.50886,
      11.67747,
      9.32384,
      18.03469,
      17.65069,
      17.94253
    ],
    "Triton Ragged (ours)": [
      0.13926,
      0.0424,
      0.02458,
      0.34918,
      0.08006,
      0.02867
    ],
    "FlashAttention-2 (varlen)": [
      0.11264,
      0.05427,
      0.05325,
      0.27136,
      0.0727,
      0.06144
    ]
  }
}