{
  "gpu": "NVIDIA RTX 4000 Ada Generation",
  "sm": "SM89",
  "timing": "cuda_events_median_ms",
  "warmup": 50,
  "jit_warmup": 150,
  "iters": 300,
  "configs": [
    "BS=32, 0% pruned",
    "BS=32, 50% pruned",
    "BS=32, 80% pruned",
    "BS=64, 0% pruned",
    "BS=64, 50% pruned",
    "BS=64, 80% pruned"
  ],
  "kernels": {
    "SDPA (math, padded)": [
      5.36083,
      2.70949,
      2.15659,
      10.8653,
      5.89568,
      4.11136
    ],
    "SDPA (efficient, padded)": [
      2.12854,
      2.06797,
      1.94942,
      4.40218,
      4.14317,
      3.94854
    ],
    "SDPA (flash, padded)": [
      1.99427,
      1.96915,
      1.94502,
      4.21776,
      3.93634,
      3.95237
    ],
    "NestedTensor + SDPA": [
      9.2575,
      8.79006,
      8.79293,
      16.75522,
      16.58437,
      16.55725
    ],
    "Triton Ragged (ours)": [
      0.13722,
      0.04198,
      0.02355,
      0.33894,
      0.07987,
      0.02765
    ],
    "FlashAttention-2 (varlen)": [
      0.11162,
      0.04813,
      0.0471,
      0.26624,
      0.0727,
      0.06042
    ]
  },
  "p5": {
    "SDPA (math, padded)": [
      5.28486,
      2.65926,
      2.08179,
      10.74502,
      5.77126,
      4.03757
    ],
    "SDPA (efficient, padded)": [
      2.1136,
      2.0009,
      1.92819,
      4.33786,
      4.00486,
      3.81427
    ],
    "SDPA (flash, padded)": [
      1.96915,
      1.95568,
      1.93536,
      4.19533,
      3.87482,
      3.81763
    ],
    "NestedTensor + SDPA": [
      8.86163,
      8.67942,
      8.65856,
      16.39936,
      16.15974,
      16.36045
    ],
    "Triton Ragged (ours)": [
      0.13619,
      0.04096,
      0.02253,
      0.33587,
      0.07885,
      0.02662
    ],
    "FlashAttention-2 (varlen)": [
      0.11162,
      0.04608,
      0.04608,
      0.25293,
      0.07168,
      0.05978
    ]
  },
  "p95": {
    "SDPA (math, padded)": [
      5.40029,
      2.728,
      2.20128,
      10.99606,
      6.01306,
      4.18099
    ],
    "SDPA (efficient, padded)": [
      2.19405,
      2.0952,
      2.02211,
      4.54349,
      4.22912,
      4.02659
    ],
    "SDPA (flash, padded)": [
      2.00499,
      2.03776,
      2.02029,
      4.35101,
      4.07654,
      4.0112
    ],
    "NestedTensor + SDPA": [
      9.46989,
      9.23638,
      9.2201,
      17.50835,
      17.46845,
      17.42467
    ],
    "Triton Ragged (ours)": [
      0.13926,
      0.04301,
      0.0248,
      0.34941,
      0.07987,
      0.02867
    ],
    "FlashAttention-2 (varlen)": [
      0.11264,
      0.05018,
      0.04915,
      0.27034,
      0.07373,
      0.06144
    ]
  }
}