{
  "gpu": "NVIDIA RTX 4000 Ada Generation",
  "sm": "SM89",
  "timing": "cuda_events_median_ms",
  "warmup": 50,
  "jit_warmup": 150,
  "iters": 300,
  "configs": [
    "BS=32, 0% pruned",
    "BS=32, 50% pruned",
    "BS=32, 80% pruned",
    "BS=64, 0% pruned",
    "BS=64, 50% pruned",
    "BS=64, 80% pruned"
  ],
  "kernels": {
    "SDPA (math, padded)": [
      5.3352,
      2.60096,
      2.13293,
      10.64038,
      5.89107,
      4.0335
    ],
    "SDPA (efficient, padded)": [
      2.23133,
      2.00422,
      1.89133,
      4.19074,
      3.98234,
      3.67821
    ],
    "SDPA (flash, padded)": [
      2.06538,
      2.03264,
      1.94867,
      4.05123,
      3.87768,
      3.4815
    ],
    "NestedTensor + SDPA": [
      8.81562,
      9.09725,
      8.6831,
      16.71941,
      17.26157,
      16.31336
    ],
    "Triton Ragged (ours)": [
      0.13517,
      0.04198,
      0.02355,
      0.3444,
      0.07987,
      0.02765
    ],
    "FlashAttention-2 (varlen)": [
      0.11366,
      0.04813,
      0.04813,
      0.25907,
      0.07168,
      0.06042
    ]
  },
  "p5": {
    "SDPA (math, padded)": [
      5.304,
      2.57654,
      2.0695,
      10.57088,
      5.86138,
      3.96941
    ],
    "SDPA (efficient, padded)": [
      2.20035,
      1.99475,
      1.84634,
      4.12979,
      3.93763,
      3.47638
    ],
    "SDPA (flash, padded)": [
      1.95686,
      1.95565,
      1.93955,
      3.87072,
      3.71434,
      3.45795
    ],
    "NestedTensor + SDPA": [
      8.66304,
      8.69581,
      8.60877,
      16.38704,
      16.4217,
      15.94902
    ],
    "Triton Ragged (ours)": [
      0.13517,
      0.04096,
      0.02253,
      0.33178,
      0.07885,
      0.02765
    ],
    "FlashAttention-2 (varlen)": [
      0.11059,
      0.04608,
      0.04608,
      0.25293,
      0.07066,
      0.05939
    ]
  },
  "p95": {
    "SDPA (math, padded)": [
      5.39235,
      2.63475,
      2.18419,
      10.74982,
      6.11021,
      4.25472
    ],
    "SDPA (efficient, padded)": [
      2.24461,
      2.0767,
      2.01699,
      4.34854,
      4.10042,
      3.75194
    ],
    "SDPA (flash, padded)": [
      2.18346,
      2.07379,
      2.01939,
      5.45786,
      4.02333,
      3.56432
    ],
    "NestedTensor + SDPA": [
      8.99306,
      9.3943,
      9.0665,
      17.41312,
      17.77763,
      17.14413
    ],
    "Triton Ragged (ours)": [
      0.13651,
      0.0424,
      0.02467,
      0.34714,
      0.07987,
      0.02867
    ],
    "FlashAttention-2 (varlen)": [
      0.11469,
      0.05046,
      0.0512,
      0.27136,
      0.07187,
      0.06144
    ]
  }
}