{
  "gpu": "NVIDIA RTX 4000 Ada Generation",
  "sm": "SM89",
  "timing": "cuda_events_median_ms",
  "warmup": 50,
  "jit_warmup": 150,
  "iters": 300,
  "configs": [
    "BS=32, 0% pruned",
    "BS=32, 50% pruned",
    "BS=32, 80% pruned",
    "BS=64, 0% pruned",
    "BS=64, 50% pruned",
    "BS=64, 80% pruned"
  ],
  "kernels": {
    "SDPA (math, padded)": [
      5.34446,
      2.57741,
      2.08312,
      10.65389,
      5.79277,
      4.22298
    ],
    "SDPA (efficient, padded)": [
      2.25075,
      1.94952,
      1.84248,
      4.18304,
      3.79187,
      3.73394
    ],
    "SDPA (flash, padded)": [
      2.09901,
      1.85509,
      1.8409,
      3.9936,
      3.66389,
      3.60746
    ],
    "NestedTensor + SDPA": [
      9.09405,
      9.0356,
      9.04283,
      17.19587,
      17.03034,
      17.44125
    ],
    "Triton Ragged (ours)": [
      0.13619,
      0.04198,
      0.0256,
      0.34099,
      0.07987,
      0.02765
    ],
    "FlashAttention-2 (varlen)": [
      0.11469,
      0.05341,
      0.05358,
      0.26624,
      0.07168,
      0.06042
    ]
  },
  "p5": {
    "SDPA (math, padded)": [
      5.3033,
      2.56861,
      2.04998,
      10.61376,
      5.69242,
      4.0776
    ],
    "SDPA (efficient, padded)": [
      2.21882,
      1.89542,
      1.83501,
      4.16563,
      3.72429,
      3.58925
    ],
    "SDPA (flash, padded)": [
      2.08406,
      1.84448,
      1.83296,
      3.98109,
      3.64646,
      3.59014
    ],
    "NestedTensor + SDPA": [
      8.96474,
      8.97024,
      8.9408,
      16.77526,
      16.8151,
      16.84173
    ],
    "Triton Ragged (ours)": [
      0.13517,
      0.04134,
      0.02458,
      0.33178,
      0.07885,
      0.02765
    ],
    "FlashAttention-2 (varlen)": [
      0.11059,
      0.05222,
      0.05155,
      0.25395,
      0.07066,
      0.06042
    ]
  },
  "p95": {
    "SDPA (math, padded)": [
      5.42413,
      2.58765,
      2.16371,
      10.77875,
      5.85613,
      4.30285
    ],
    "SDPA (efficient, padded)": [
      2.26509,
      1.97939,
      1.91693,
      4.32333,
      3.93418,
      3.8144
    ],
    "SDPA (flash, padded)": [
      2.13264,
      1.92701,
      1.84762,
      4.01837,
      3.73386,
      3.74646
    ],
    "NestedTensor + SDPA": [
      9.41158,
      9.49043,
      9.49146,
      18.08013,
      17.83085,
      17.80266
    ],
    "Triton Ragged (ours)": [
      0.13722,
      0.04301,
      0.02662,
      0.34611,
      0.07987,
      0.02867
    ],
    "FlashAttention-2 (varlen)": [
      0.11674,
      0.05632,
      0.05664,
      0.26966,
      0.0727,
      0.06144
    ]
  }
}