{
  "gpu": "NVIDIA RTX 4000 Ada Generation",
  "sm": "SM89",
  "timing": "cuda_events_median_ms",
  "warmup": 50,
  "jit_warmup": 150,
  "iters": 300,
  "configs": [
    "BS=32, 0% pruned",
    "BS=32, 50% pruned",
    "BS=32, 80% pruned",
    "BS=64, 0% pruned",
    "BS=64, 50% pruned",
    "BS=64, 80% pruned"
  ],
  "kernels": {
    "SDPA (math, padded)": [
      5.39554,
      2.61952,
      2.10013,
      10.62683,
      5.72981,
      4.06066
    ],
    "SDPA (efficient, padded)": [
      2.32024,
      2.09722,
      1.84053,
      4.29205,
      3.77856,
      3.58195
    ],
    "SDPA (flash, padded)": [
      2.20261,
      2.048,
      1.83296,
      4.09773,
      3.70522,
      3.58619
    ],
    "NestedTensor + SDPA": [
      9.28286,
      9.51154,
      9.11461,
      17.4805,
      17.34061,
      17.55136
    ],
    "Triton Ragged (ours)": [
      0.13619,
      0.04198,
      0.02355,
      0.34202,
      0.07987,
      0.02765
    ],
    "FlashAttention-2 (varlen)": [
      0.11264,
      0.05427,
      0.05427,
      0.25395,
      0.07168,
      0.06042
    ]
  },
  "p5": {
    "SDPA (math, padded)": [
      5.31069,
      2.57741,
      2.06848,
      10.59424,
      5.66787,
      4.04493
    ],
    "SDPA (efficient, padded)": [
      2.2487,
      2.02854,
      1.82682,
      4.15238,
      3.76218,
      3.56454
    ],
    "SDPA (flash, padded)": [
      2.18925,
      1.98246,
      1.82384,
      3.96387,
      3.63443,
      3.52493
    ],
    "NestedTensor + SDPA": [
      9.00122,
      9.19245,
      8.98378,
      17.33325,
      17.03219,
      16.79462
    ],
    "Triton Ragged (ours)": [
      0.13517,
      0.04096,
      0.02253,
      0.33075,
      0.07885,
      0.02662
    ],
    "FlashAttention-2 (varlen)": [
      0.11059,
      0.05325,
      0.05242,
      0.25293,
      0.07066,
      0.05939
    ]
  },
  "p95": {
    "SDPA (math, padded)": [
      5.45392,
      2.69686,
      2.54259,
      10.7601,
      5.89824,
      4.20762
    ],
    "SDPA (efficient, padded)": [
      2.35651,
      2.13709,
      1.91283,
      4.38282,
      4.69299,
      3.72387
    ],
    "SDPA (flash, padded)": [
      2.23949,
      2.08896,
      1.90845,
      4.12736,
      3.91459,
      3.78374
    ],
    "NestedTensor + SDPA": [
      9.49862,
      9.94304,
      9.48147,
      18.4921,
      18.52826,
      18.35814
    ],
    "Triton Ragged (ours)": [
      0.13722,
      0.04301,
      0.02458,
      0.34406,
      0.07987,
      0.02787
    ],
    "FlashAttention-2 (varlen)": [
      0.11366,
      0.05734,
      0.05661,
      0.26726,
      0.0727,
      0.06144
    ]
  }
}