{
  "gpu": "NVIDIA RTX 4000 Ada Generation",
  "sm": "SM89",
  "timing": "cuda_events_median_ms",
  "warmup": 50,
  "jit_warmup": 150,
  "iters": 300,
  "configs": [
    "BS=32, 0% pruned",
    "BS=32, 50% pruned",
    "BS=32, 80% pruned",
    "BS=64, 0% pruned",
    "BS=64, 50% pruned",
    "BS=64, 80% pruned"
  ],
  "kernels": {
    "SDPA (math, padded)": [
      5.39877,
      2.60992,
      2.09608,
      10.63494,
      5.72211,
      4.05594
    ],
    "SDPA (efficient, padded)": [
      2.19939,
      2.01523,
      1.90413,
      4.15443,
      3.75584,
      3.55328
    ],
    "SDPA (flash, padded)": [
      2.09811,
      1.96077,
      1.82886,
      3.97317,
      3.69214,
      3.57789
    ],
    "NestedTensor + SDPA": [
      9.1376,
      9.06456,
      9.04704,
      17.28922,
      17.08029,
      16.96051
    ],
    "Triton Ragged (ours)": [
      0.13619,
      0.04198,
      0.0256,
      0.34304,
      0.07987,
      0.02765
    ],
    "FlashAttention-2 (varlen)": [
      0.11162,
      0.05293,
      0.05325,
      0.26112,
      0.07168,
      0.06042
    ]
  },
  "p5": {
    "SDPA (math, padded)": [
      5.32685,
      2.59043,
      2.06234,
      10.59706,
      5.65734,
      4.04006
    ],
    "SDPA (efficient, padded)": [
      2.09306,
      2.00509,
      1.82963,
      4.1367,
      3.66506,
      3.45811
    ],
    "SDPA (flash, padded)": [
      1.94253,
      1.9272,
      1.8216,
      3.9465,
      3.63008,
      3.55411
    ],
    "NestedTensor + SDPA": [
      8.91808,
      8.88346,
      8.99379,
      16.96643,
      16.93658,
      16.8425
    ],
    "Triton Ragged (ours)": [
      0.13517,
      0.04096,
      0.02458,
      0.33088,
      0.07885,
      0.02662
    ],
    "FlashAttention-2 (varlen)": [
      0.11059,
      0.0512,
      0.05133,
      0.25293,
      0.07066,
      0.05939
    ]
  },
  "p95": {
    "SDPA (math, padded)": [
      5.44835,
      2.63171,
      2.13645,
      10.67917,
      5.79379,
      4.19453
    ],
    "SDPA (efficient, padded)": [
      2.31322,
      2.02752,
      1.95277,
      4.24102,
      3.81126,
      3.69891
    ],
    "SDPA (flash, padded)": [
      2.17421,
      1.9753,
      1.89949,
      4.15846,
      3.83811,
      3.712
    ],
    "NestedTensor + SDPA": [
      9.20848,
      9.49149,
      9.50269,
      18.48419,
      17.90576,
      17.81424
    ],
    "Triton Ragged (ours)": [
      0.13722,
      0.0423,
      0.02662,
      0.34611,
      0.08,
      0.02778
    ],
    "FlashAttention-2 (varlen)": [
      0.12288,
      0.0553,
      0.05837,
      0.27136,
      0.07206,
      0.06144
    ]
  }
}