{
  "gpu": "NVIDIA RTX 4000 Ada Generation",
  "sm": "SM89",
  "timing": "cuda_events_median_ms",
  "warmup": 50,
  "jit_warmup": 150,
  "iters": 300,
  "configs": [
    "BS=32, 0% pruned",
    "BS=32, 50% pruned",
    "BS=32, 80% pruned",
    "BS=64, 0% pruned",
    "BS=64, 50% pruned",
    "BS=64, 80% pruned"
  ],
  "kernels": {
    "SDPA (math, padded)": [
      5.2992,
      2.56814,
      2.13614,
      10.6244,
      5.68013,
      4.05293
    ],
    "SDPA (efficient, padded)": [
      2.10344,
      1.88006,
      1.88723,
      4.14592,
      3.83693,
      3.55862
    ],
    "SDPA (flash, padded)": [
      1.98656,
      1.83488,
      1.89133,
      3.95984,
      3.67355,
      3.58389
    ],
    "NestedTensor + SDPA": [
      8.98608,
      8.93294,
      8.88538,
      16.95546,
      16.77616,
      16.75363
    ],
    "Triton Ragged (ours)": [
      0.13619,
      0.04198,
      0.02355,
      0.34406,
      0.07987,
      0.02765
    ],
    "FlashAttention-2 (varlen)": [
      0.11162,
      0.05222,
      0.04915,
      0.26726,
      0.07168,
      0.06042
    ]
  },
  "p5": {
    "SDPA (math, padded)": [
      5.27053,
      2.55693,
      2.03162,
      10.58304,
      5.65949,
      3.99565
    ],
    "SDPA (efficient, padded)": [
      2.05414,
      1.84803,
      1.81728,
      4.0736,
      3.74442,
      3.48326
    ],
    "SDPA (flash, padded)": [
      1.94458,
      1.8248,
      1.81642,
      3.87542,
      3.65299,
      3.49325
    ],
    "NestedTensor + SDPA": [
      8.92202,
      8.83917,
      8.63744,
      16.78138,
      16.36765,
      16.56422
    ],
    "Triton Ragged (ours)": [
      0.13517,
      0.04109,
      0.02253,
      0.33178,
      0.07885,
      0.02662
    ],
    "FlashAttention-2 (varlen)": [
      0.11059,
      0.05018,
      0.04813,
      0.25702,
      0.07066,
      0.05974
    ]
  },
  "p95": {
    "SDPA (math, padded)": [
      5.40058,
      2.63782,
      2.18138,
      10.73882,
      5.81427,
      4.08678
    ],
    "SDPA (efficient, padded)": [
      2.16867,
      1.89504,
      1.93024,
      4.33667,
      3.89213,
      3.58163
    ],
    "SDPA (flash, padded)": [
      2.05203,
      1.90259,
      1.9353,
      4.0888,
      3.87469,
      3.71712
    ],
    "NestedTensor + SDPA": [
      9.41027,
      9.37744,
      9.45837,
      17.82874,
      17.61587,
      17.53702
    ],
    "Triton Ragged (ours)": [
      0.13722,
      0.04301,
      0.02467,
      0.34714,
      0.07987,
      0.02867
    ],
    "FlashAttention-2 (varlen)": [
      0.11264,
      0.05427,
      0.05222,
      0.27034,
      0.07475,
      0.06144
    ]
  }
}