{
  "gpu": "NVIDIA RTX 4000 Ada Generation",
  "sm": "SM89",
  "timing": "cuda_events_median_ms",
  "warmup": 50,
  "jit_warmup": 150,
  "iters": 300,
  "configs": [
    "BS=32, 0% pruned",
    "BS=32, 50% pruned",
    "BS=32, 80% pruned",
    "BS=64, 0% pruned",
    "BS=64, 50% pruned",
    "BS=64, 80% pruned"
  ],
  "kernels": {
    "SDPA (math, padded)": [
      5.39459,
      2.59706,
      2.08091,
      10.85272,
      5.85312,
      4.21976
    ],
    "SDPA (efficient, padded)": [
      2.18936,
      1.92115,
      1.89226,
      4.30509,
      3.91187,
      3.7181
    ],
    "SDPA (flash, padded)": [
      2.05893,
      1.85749,
      1.90978,
      4.1341,
      3.84818,
      3.6869
    ],
    "NestedTensor + SDPA": [
      9.472,
      9.11624,
      9.0757,
      17.4884,
      17.34395,
      17.34013
    ],
    "Triton Ragged (ours)": [
      0.14093,
      0.04198,
      0.0256,
      0.34509,
      0.07987,
      0.02765
    ],
    "FlashAttention-2 (varlen)": [
      0.11366,
      0.04813,
      0.0512,
      0.26726,
      0.07294,
      0.06042
    ]
  },
  "p5": {
    "SDPA (math, padded)": [
      5.28685,
      2.56829,
      2.06746,
      10.63526,
      5.69651,
      4.06835
    ],
    "SDPA (efficient, padded)": [
      2.11859,
      1.88928,
      1.82886,
      4.1984,
      3.76714,
      3.57274
    ],
    "SDPA (flash, padded)": [
      1.98995,
      1.82272,
      1.82886,
      3.98973,
      3.70112,
      3.58707
    ],
    "NestedTensor + SDPA": [
      8.84125,
      8.76573,
      8.70947,
      16.7912,
      16.54912,
      16.62298
    ],
    "Triton Ragged (ours)": [
      0.13619,
      0.04096,
      0.01536,
      0.33587,
      0.07885,
      0.02765
    ],
    "FlashAttention-2 (varlen)": [
      0.11264,
      0.03686,
      0.03302,
      0.25293,
      0.07168,
      0.05971
    ]
  },
  "p95": {
    "SDPA (math, padded)": [
      6.07139,
      3.17142,
      2.62778,
      11.41043,
      6.40582,
      4.78848
    ],
    "SDPA (efficient, padded)": [
      2.74842,
      2.48026,
      2.40538,
      4.83533,
      4.45568,
      4.28237
    ],
    "SDPA (flash, padded)": [
      2.60387,
      2.36765,
      2.39104,
      4.70022,
      4.41958,
      4.216
    ],
    "NestedTensor + SDPA": [
      9.91642,
      9.69421,
      9.5239,
      18.13606,
      17.98486,
      17.87114
    ],
    "Triton Ragged (ours)": [
      0.14234,
      0.04301,
      0.02666,
      0.34918,
      0.07987,
      0.02867
    ],
    "FlashAttention-2 (varlen)": [
      0.11776,
      0.05158,
      0.05459,
      0.26963,
      0.07475,
      0.06144
    ]
  }
}