{
  "gpu": "NVIDIA RTX 4000 Ada Generation",
  "sm": "SM89",
  "timing": "cuda_events_median_ms",
  "warmup": 50,
  "jit_warmup": 150,
  "iters": 300,
  "configs": [
    "BS=32, 0% pruned",
    "BS=32, 50% pruned",
    "BS=32, 80% pruned",
    "BS=64, 0% pruned",
    "BS=64, 50% pruned",
    "BS=64, 80% pruned"
  ],
  "kernels": {
    "SDPA (math, padded)": [
      5.3615,
      2.64237,
      2.14677,
      11.03251,
      5.8383,
      4.21512
    ],
    "SDPA (efficient, padded)": [
      2.14733,
      1.93638,
      1.9036,
      4.30893,
      3.89829,
      3.72272
    ],
    "SDPA (flash, padded)": [
      2.09582,
      1.92301,
      1.89747,
      4.19123,
      3.85238,
      3.7355
    ],
    "NestedTensor + SDPA": [
      9.39152,
      8.90826,
      9.16838,
      17.67232,
      17.608,
      17.49862
    ],
    "Triton Ragged (ours)": [
      0.13722,
      0.04198,
      0.02458,
      0.34509,
      0.07987,
      0.02765
    ],
    "FlashAttention-2 (varlen)": [
      0.11366,
      0.05018,
      0.0512,
      0.26419,
      0.0727,
      0.06042
    ]
  },
  "p5": {
    "SDPA (math, padded)": [
      5.28384,
      2.5815,
      2.07155,
      10.62502,
      5.69354,
      4.06835
    ],
    "SDPA (efficient, padded)": [
      2.13088,
      1.89776,
      1.83296,
      4.16058,
      3.76307,
      3.58566
    ],
    "SDPA (flash, padded)": [
      2.0265,
      1.85242,
      1.82394,
      4.07418,
      3.70518,
      3.58707
    ],
    "NestedTensor + SDPA": [
      8.89347,
      8.77683,
      8.72131,
      16.91238,
      16.80803,
      16.65942
    ],
    "Triton Ragged (ours)": [
      0.13619,
      0.04138,
      0.02355,
      0.33587,
      0.07885,
      0.02662
    ],
    "FlashAttention-2 (varlen)": [
      0.11264,
      0.03686,
      0.03398,
      0.25293,
      0.07168,
      0.05939
    ]
  },
  "p95": {
    "SDPA (math, padded)": [
      5.9063,
      3.15107,
      2.67674,
      11.39322,
      6.3889,
      4.76774
    ],
    "SDPA (efficient, padded)": [
      2.69894,
      2.46682,
      2.42381,
      4.82816,
      4.40218,
      4.22605
    ],
    "SDPA (flash, padded)": [
      2.64602,
      2.46259,
      2.37363,
      4.74829,
      4.41549,
      4.2967
    ],
    "NestedTensor + SDPA": [
      9.89709,
      9.51603,
      9.6,
      18.2057,
      18.17469,
      17.99168
    ],
    "Triton Ragged (ours)": [
      0.14131,
      0.04301,
      0.02662,
      0.35021,
      0.07987,
      0.02867
    ],
    "FlashAttention-2 (varlen)": [
      0.11674,
      0.05427,
      0.05328,
      0.26624,
      0.07373,
      0.06144
    ]
  }
}