{
  "gpu": "NVIDIA RTX 4000 Ada Generation",
  "sm": "SM89",
  "timing": "cuda_events_median_ms",
  "warmup": 50,
  "jit_warmup": 150,
  "iters": 300,
  "configs": [
    "BS=32, 0% pruned",
    "BS=32, 50% pruned",
    "BS=32, 80% pruned",
    "BS=64, 0% pruned",
    "BS=64, 50% pruned",
    "BS=64, 80% pruned"
  ],
  "kernels": {
    "SDPA (math, padded)": [
      5.33554,
      2.61741,
      2.1055,
      10.91264,
      5.8803,
      4.17814
    ],
    "SDPA (efficient, padded)": [
      2.29069,
      2.01624,
      1.89896,
      4.42368,
      4.02022,
      3.82997
    ],
    "SDPA (flash, padded)": [
      2.18806,
      1.96915,
      1.93958,
      4.21312,
      3.9363,
      3.59906
    ],
    "NestedTensor + SDPA": [
      9.27712,
      8.7875,
      8.78611,
      16.92245,
      16.6685,
      16.59498
    ],
    "Triton Ragged (ours)": [
      0.13619,
      0.04198,
      0.02355,
      0.34304,
      0.07987,
      0.02765
    ],
    "FlashAttention-2 (varlen)": [
      0.11162,
      0.04813,
      0.04813,
      0.26112,
      0.07168,
      0.06042
    ]
  },
  "p5": {
    "SDPA (math, padded)": [
      5.30227,
      2.60096,
      2.08998,
      10.81232,
      5.79882,
      4.13798
    ],
    "SDPA (efficient, padded)": [
      2.22515,
      2.00531,
      1.7879,
      4.40557,
      4.00179,
      3.81549
    ],
    "SDPA (flash, padded)": [
      2.12179,
      1.9535,
      1.78147,
      3.98438,
      3.77037,
      3.51581
    ],
    "NestedTensor + SDPA": [
      8.7345,
      8.72653,
      8.72038,
      16.80384,
      16.35418,
      16.4136
    ],
    "Triton Ragged (ours)": [
      0.13517,
      0.04125,
      0.02253,
      0.33206,
      0.07885,
      0.02662
    ],
    "FlashAttention-2 (varlen)": [
      0.11059,
      0.0471,
      0.0463,
      0.25293,
      0.07066,
      0.05939
    ]
  },
  "p95": {
    "SDPA (math, padded)": [
      5.38765,
      2.688,
      2.18112,
      11.01914,
      5.96397,
      4.30179
    ],
    "SDPA (efficient, padded)": [
      2.32118,
      2.09478,
      1.96112,
      4.55987,
      4.15539,
      3.86253
    ],
    "SDPA (flash, padded)": [
      2.22698,
      2.07149,
      1.98794,
      4.36406,
      3.97722,
      3.832
    ],
    "NestedTensor + SDPA": [
      9.53888,
      8.86477,
      9.2119,
      17.7664,
      17.43155,
      17.5183
    ],
    "Triton Ragged (ours)": [
      0.13722,
      0.04301,
      0.02458,
      0.34509,
      0.07987,
      0.02784
    ],
    "FlashAttention-2 (varlen)": [
      0.11264,
      0.0512,
      0.0512,
      0.26934,
      0.07187,
      0.06144
    ]
  }
}