{
  "gpu": "NVIDIA RTX 4000 Ada Generation",
  "sm": "SM89",
  "timing": "cuda_events_median_ms",
  "warmup": 50,
  "jit_warmup": 150,
  "iters": 300,
  "configs": [
    "BS=32, 0% pruned",
    "BS=32, 50% pruned",
    "BS=32, 80% pruned",
    "BS=64, 0% pruned",
    "BS=64, 50% pruned",
    "BS=64, 80% pruned"
  ],
  "kernels": {
    "SDPA (math, padded)": [
      5.34483,
      2.56206,
      2.07046,
      10.6199,
      5.69381,
      4.05094
    ],
    "SDPA (efficient, padded)": [
      2.29184,
      1.88112,
      1.89421,
      4.14835,
      3.88973,
      3.5584
    ],
    "SDPA (flash, padded)": [
      2.10885,
      1.83718,
      1.89344,
      3.96429,
      3.68333,
      3.5811
    ],
    "NestedTensor + SDPA": [
      8.91392,
      8.87488,
      8.82854,
      17.6403,
      16.65037,
      16.5289
    ],
    "Triton Ragged (ours)": [
      0.13619,
      0.04198,
      0.02355,
      0.34202,
      0.07987,
      0.02765
    ],
    "FlashAttention-2 (varlen)": [
      0.11162,
      0.05038,
      0.0471,
      0.25293,
      0.07168,
      0.06042
    ]
  },
  "p5": {
    "SDPA (math, padded)": [
      5.29574,
      2.55181,
      2.06109,
      10.57792,
      5.59312,
      3.94957
    ],
    "SDPA (efficient, padded)": [
      2.26931,
      1.8729,
      1.82067,
      4.08269,
      3.74989,
      3.54202
    ],
    "SDPA (flash, padded)": [
      2.09613,
      1.82682,
      1.82355,
      3.89232,
      3.66883,
      3.5625
    ],
    "NestedTensor + SDPA": [
      8.73472,
      8.7808,
      8.77158,
      16.80058,
      16.39965,
      16.20077
    ],
    "Triton Ragged (ours)": [
      0.13517,
      0.04096,
      0.02253,
      0.33203,
      0.07885,
      0.02662
    ],
    "FlashAttention-2 (varlen)": [
      0.11059,
      0.04915,
      0.04608,
      0.2519,
      0.07066,
      0.05939
    ]
  },
  "p95": {
    "SDPA (math, padded)": [
      5.42739,
      2.63347,
      2.14221,
      10.74406,
      5.7664,
      4.19533
    ],
    "SDPA (efficient, padded)": [
      2.32755,
      1.89581,
      1.93926,
      4.2745,
      4.00384,
      3.69152
    ],
    "SDPA (flash, padded)": [
      2.17805,
      1.84934,
      1.9039,
      3.97926,
      3.70176,
      3.71814
    ],
    "NestedTensor + SDPA": [
      9.00003,
      9.48019,
      9.24842,
      18.15792,
      17.82682,
      17.3353
    ],
    "Triton Ragged (ours)": [
      0.13722,
      0.0423,
      0.02458,
      0.34406,
      0.07987,
      0.02784
    ],
    "FlashAttention-2 (varlen)": [
      0.12288,
      0.05427,
      0.04957,
      0.26624,
      0.07181,
      0.06144
    ]
  }
}