{
  "gpu": "NVIDIA RTX 4000 Ada Generation",
  "sm": "SM89",
  "timing": "cuda_events_median_ms",
  "warmup": 50,
  "jit_warmup": 150,
  "iters": 300,
  "configs": [
    "BS=32, 0% pruned",
    "BS=32, 50% pruned",
    "BS=32, 80% pruned",
    "BS=64, 0% pruned",
    "BS=64, 50% pruned",
    "BS=64, 80% pruned"
  ],
  "kernels": {
    "SDPA (math, padded)": [
      5.40454,
      2.61939,
      2.1104,
      10.86157,
      5.87051,
      4.15806
    ],
    "SDPA (efficient, padded)": [
      2.29269,
      2.01728,
      2.01211,
      4.41632,
      4.15133,
      3.80928
    ],
    "SDPA (flash, padded)": [
      2.11547,
      1.96608,
      2.01336,
      4.21376,
      3.93728,
      3.85277
    ],
    "NestedTensor + SDPA": [
      8.86368,
      8.8093,
      9.13827,
      16.96837,
      17.06021,
      16.45107
    ],
    "Triton Ragged (ours)": [
      0.13619,
      0.04198,
      0.0256,
      0.34509,
      0.07987,
      0.02765
    ],
    "FlashAttention-2 (varlen)": [
      0.11264,
      0.04915,
      0.0512,
      0.26931,
      0.0727,
      0.06042
    ]
  },
  "p5": {
    "SDPA (math, padded)": [
      5.3391,
      2.60198,
      2.06448,
      10.77053,
      5.79254,
      4.08678
    ],
    "SDPA (efficient, padded)": [
      2.23949,
      2.00685,
      1.94048,
      4.39398,
      4.0233,
      3.75274
    ],
    "SDPA (flash, padded)": [
      2.08966,
      1.93741,
      1.94048,
      4.14998,
      3.92202,
      3.82134
    ],
    "NestedTensor + SDPA": [
      8.77232,
      8.7248,
      8.6519,
      16.59069,
      16.44749,
      16.05645
    ],
    "Triton Ragged (ours)": [
      0.13517,
      0.04096,
      0.02458,
      0.3369,
      0.07885,
      0.02662
    ],
    "FlashAttention-2 (varlen)": [
      0.11162,
      0.0471,
      0.04915,
      0.25395,
      0.07168,
      0.05939
    ]
  },
  "p95": {
    "SDPA (math, padded)": [
      5.45152,
      2.7063,
      2.21357,
      11.00528,
      6.00029,
      4.21069
    ],
    "SDPA (efficient, padded)": [
      2.3255,
      2.08605,
      2.03059,
      4.55782,
      4.22704,
      3.85674
    ],
    "SDPA (flash, padded)": [
      2.18618,
      2.00915,
      2.02829,
      4.34278,
      4.07587,
      3.97792
    ],
    "NestedTensor + SDPA": [
      9.45344,
      9.35626,
      9.41056,
      17.61654,
      17.36678,
      17.29712
    ],
    "Triton Ragged (ours)": [
      0.13926,
      0.04234,
      0.02662,
      0.34918,
      0.0809,
      0.02787
    ],
    "FlashAttention-2 (varlen)": [
      0.12186,
      0.0512,
      0.05427,
      0.27136,
      0.07475,
      0.06144
    ]
  }
}