{
  "gpu": "NVIDIA RTX 4000 Ada Generation",
  "sm": "SM89",
  "timing": "cuda_events_median_ms",
  "warmup": 50,
  "jit_warmup": 150,
  "iters": 300,
  "configs": [
    "BS=32, 0% pruned",
    "BS=32, 50% pruned",
    "BS=32, 80% pruned",
    "BS=64, 0% pruned",
    "BS=64, 50% pruned",
    "BS=64, 80% pruned"
  ],
  "kernels": {
    "SDPA (math, padded)": [
      5.33914,
      2.5856,
      2.15757,
      10.66354,
      5.8995,
      4.28352
    ],
    "SDPA (efficient, padded)": [
      2.19798,
      1.89213,
      1.94894,
      4.17618,
      4.0101,
      3.5799
    ],
    "SDPA (flash, padded)": [
      2.03525,
      1.85274,
      1.90864,
      3.98317,
      4.07624,
      3.60141
    ],
    "NestedTensor + SDPA": [
      9.58611,
      9.30669,
      9.47525,
      17.30048,
      17.17658,
      17.23304
    ],
    "Triton Ragged (ours)": [
      0.13626,
      0.04198,
      0.02355,
      0.34714,
      0.07987,
      0.02765
    ],
    "FlashAttention-2 (varlen)": [
      0.11264,
      0.0553,
      0.0553,
      0.26522,
      0.07203,
      0.06042
    ]
  },
  "p5": {
    "SDPA (math, padded)": [
      5.29126,
      2.57011,
      2.08486,
      10.59226,
      5.76438,
      4.0745
    ],
    "SDPA (efficient, padded)": [
      2.1311,
      1.8152,
      1.90874,
      4.15542,
      3.97517,
      3.56669
    ],
    "SDPA (flash, padded)": [
      2.00403,
      1.81248,
      1.83501,
      3.96768,
      3.9335,
      3.5801
    ],
    "NestedTensor + SDPA": [
      9.12486,
      8.86067,
      9.02963,
      17.09642,
      16.99821,
      16.8448
    ],
    "Triton Ragged (ours)": [
      0.1352,
      0.04096,
      0.02253,
      0.3369,
      0.07885,
      0.02662
    ],
    "FlashAttention-2 (varlen)": [
      0.11162,
      0.05334,
      0.05325,
      0.25293,
      0.07168,
      0.05939
    ]
  },
  "p95": {
    "SDPA (math, padded)": [
      5.38624,
      2.68288,
      2.17296,
      10.77421,
      6.01171,
      4.98707
    ],
    "SDPA (efficient, padded)": [
      2.21472,
      1.97139,
      1.96192,
      4.31206,
      4.13696,
      3.712
    ],
    "SDPA (flash, padded)": [
      2.09101,
      1.96301,
      1.95171,
      4.12458,
      4.15027,
      3.81062
    ],
    "NestedTensor + SDPA": [
      9.84394,
      11.93677,
      9.72717,
      18.21389,
      18.26202,
      18.07562
    ],
    "Triton Ragged (ours)": [
      0.13926,
      0.04301,
      0.02483,
      0.35021,
      0.08003,
      0.0279
    ],
    "FlashAttention-2 (varlen)": [
      0.12288,
      0.05734,
      0.05734,
      0.27034,
      0.07312,
      0.06144
    ]
  }
}