{
  "gpu": "NVIDIA RTX 4000 Ada Generation",
  "sm": "SM89",
  "timing": "cuda_events_median_ms",
  "warmup": 50,
  "jit_warmup": 150,
  "iters": 300,
  "configs": [
    "BS=32, 0% pruned",
    "BS=32, 50% pruned",
    "BS=32, 80% pruned",
    "BS=64, 0% pruned",
    "BS=64, 50% pruned",
    "BS=64, 80% pruned"
  ],
  "kernels": {
    "SDPA (math, padded)": [
      5.35251,
      2.5784,
      2.0715,
      10.86715,
      5.9289,
      4.29146
    ],
    "SDPA (efficient, padded)": [
      2.13453,
      1.8995,
      1.83726,
      4.42056,
      4.16485,
      3.82213
    ],
    "SDPA (flash, padded)": [
      1.99987,
      1.91232,
      1.83878,
      4.21683,
      3.94957,
      3.82981
    ],
    "NestedTensor + SDPA": [
      9.26981,
      9.13555,
      9.52352,
      17.31894,
      17.12195,
      17.0263
    ],
    "Triton Ragged (ours)": [
      0.13619,
      0.04198,
      0.02355,
      0.34406,
      0.07987,
      0.02765
    ],
    "FlashAttention-2 (varlen)": [
      0.11162,
      0.04934,
      0.05018,
      0.25466,
      0.07168,
      0.06042
    ]
  },
  "p5": {
    "SDPA (math, padded)": [
      5.27555,
      2.56819,
      2.03776,
      10.8073,
      5.80198,
      4.11034
    ],
    "SDPA (efficient, padded)": [
      2.10944,
      1.89018,
      1.80963,
      4.40122,
      4.00896,
      3.80525
    ],
    "SDPA (flash, padded)": [
      1.96506,
      1.84125,
      1.8143,
      4.15027,
      3.93306,
      3.80624
    ],
    "NestedTensor + SDPA": [
      9.1503,
      8.91267,
      9.0449,
      16.95622,
      16.83558,
      16.74467
    ],
    "Triton Ragged (ours)": [
      0.13517,
      0.04096,
      0.02253,
      0.3311,
      0.07885,
      0.02662
    ],
    "FlashAttention-2 (varlen)": [
      0.11059,
      0.04813,
      0.04813,
      0.25293,
      0.07066,
      0.05939
    ]
  },
  "p95": {
    "SDPA (math, padded)": [
      5.38515,
      2.65309,
      2.08995,
      10.99981,
      6.00672,
      4.38682
    ],
    "SDPA (efficient, padded)": [
      2.2224,
      2.00499,
      1.84589,
      4.56486,
      4.2496,
      3.94957
    ],
    "SDPA (flash, padded)": [
      2.01523,
      1.9241,
      1.91107,
      4.24538,
      4.09216,
      3.9639
    ],
    "NestedTensor + SDPA": [
      9.81402,
      9.58122,
      9.8089,
      18.10944,
      17.96608,
      17.8681
    ],
    "Triton Ragged (ours)": [
      0.13722,
      0.04301,
      0.02458,
      0.34611,
      0.07987,
      0.02774
    ],
    "FlashAttention-2 (varlen)": [
      0.11264,
      0.05325,
      0.05222,
      0.27034,
      0.07309,
      0.06144
    ]
  }
}