{
  "gpu": "NVIDIA RTX 4000 Ada Generation",
  "sm": "SM89",
  "timing": "cuda_events_median_ms",
  "warmup": 50,
  "jit_warmup": 150,
  "iters": 300,
  "configs": [
    "BS=32, 0% pruned",
    "BS=32, 50% pruned",
    "BS=32, 80% pruned",
    "BS=64, 0% pruned",
    "BS=64, 50% pruned",
    "BS=64, 80% pruned"
  ],
  "kernels": {
    "SDPA (math, padded)": [
      5.3973,
      2.71662,
      2.14219,
      10.72726,
      5.98861,
      4.2669
    ],
    "SDPA (efficient, padded)": [
      2.2247,
      2.058,
      2.03264,
      4.15896,
      3.97005,
      3.86462
    ],
    "SDPA (flash, padded)": [
      2.0972,
      1.99578,
      1.98749,
      4.07653,
      3.89403,
      3.80552
    ],
    "NestedTensor + SDPA": [
      8.88149,
      9.03222,
      8.74234,
      17.09107,
      16.54163,
      16.43235
    ],
    "Triton Ragged (ours)": [
      0.13619,
      0.04198,
      0.02355,
      0.34611,
      0.07987,
      0.02765
    ],
    "FlashAttention-2 (varlen)": [
      0.11162,
      0.0471,
      0.05018,
      0.25702,
      0.0719,
      0.06042
    ]
  },
  "p5": {
    "SDPA (math, padded)": [
      5.35027,
      2.63094,
      2.10624,
      10.58192,
      5.86422,
      4.17414
    ],
    "SDPA (efficient, padded)": [
      2.19789,
      1.97702,
      1.94134,
      4.12774,
      3.95354,
      3.76115
    ],
    "SDPA (flash, padded)": [
      2.08154,
      1.82477,
      1.91667,
      3.93523,
      3.88096,
      3.77549
    ],
    "NestedTensor + SDPA": [
      8.78314,
      8.67238,
      8.66406,
      16.44202,
      16.36867,
      16.28672
    ],
    "Triton Ragged (ours)": [
      0.13517,
      0.04096,
      0.02253,
      0.3369,
      0.07885,
      0.02765
    ],
    "FlashAttention-2 (varlen)": [
      0.11059,
      0.04506,
      0.04915,
      0.25498,
      0.07168,
      0.06042
    ]
  },
  "p95": {
    "SDPA (math, padded)": [
      5.47328,
      2.7535,
      2.21491,
      10.88614,
      6.05798,
      4.47978
    ],
    "SDPA (efficient, padded)": [
      2.32432,
      2.10534,
      2.04698,
      4.29632,
      4.10515,
      3.98058
    ],
    "SDPA (flash, padded)": [
      2.18214,
      2.02051,
      2.02173,
      4.15939,
      3.91066,
      3.99667
    ],
    "NestedTensor + SDPA": [
      9.36176,
      9.21533,
      9.15283,
      17.7289,
      17.34544,
      17.58822
    ],
    "Triton Ragged (ours)": [
      0.13926,
      0.04301,
      0.02458,
      0.34918,
      0.07997,
      0.02867
    ],
    "FlashAttention-2 (varlen)": [
      0.11264,
      0.05018,
      0.05325,
      0.26931,
      0.0729,
      0.06144
    ]
  }
}