{
  "gpu": "NVIDIA RTX 4000 Ada Generation",
  "sm": "SM89",
  "timing": "cuda_events_median_ms",
  "warmup": 50,
  "jit_warmup": 150,
  "iters": 300,
  "configs": [
    "BS=32, 0% pruned",
    "BS=32, 50% pruned",
    "BS=32, 80% pruned",
    "BS=64, 0% pruned",
    "BS=64, 50% pruned",
    "BS=64, 80% pruned"
  ],
  "kernels": {
    "SDPA (math, padded)": [
      5.35766,
      2.62389,
      2.08477,
      10.88,
      5.86144,
      4.22602
    ],
    "SDPA (efficient, padded)": [
      2.14786,
      1.91072,
      1.88954,
      4.29547,
      3.88803,
      3.76098
    ],
    "SDPA (flash, padded)": [
      2.06434,
      1.91261,
      1.8985,
      4.14765,
      3.83371,
      3.73259
    ],
    "NestedTensor + SDPA": [
      9.39013,
      9.43107,
      9.29259,
      17.63331,
      17.40851,
      17.60888
    ],
    "Triton Ragged (ours)": [
      0.13722,
      0.04198,
      0.02355,
      0.34509,
      0.07987,
      0.02765
    ],
    "FlashAttention-2 (varlen)": [
      0.11366,
      0.05018,
      0.05051,
      0.25395,
      0.07168,
      0.06077
    ]
  },
  "p5": {
    "SDPA (math, padded)": [
      5.28038,
      2.54886,
      2.0719,
      10.61392,
      5.6863,
      4.07763
    ],
    "SDPA (efficient, padded)": [
      2.11354,
      1.88458,
      1.8265,
      4.15206,
      3.74707,
      3.57683
    ],
    "SDPA (flash, padded)": [
      1.99245,
      1.8391,
      1.82499,
      4.00182,
      3.68944,
      3.58416
    ],
    "NestedTensor + SDPA": [
      8.98976,
      8.94973,
      8.90368,
      16.8753,
      16.73523,
      16.81818
    ],
    "Triton Ragged (ours)": [
      0.13619,
      0.04198,
      0.02253,
      0.33587,
      0.07885,
      0.02765
    ],
    "FlashAttention-2 (varlen)": [
      0.11264,
      0.03686,
      0.04915,
      0.25293,
      0.07066,
      0.06042
    ]
  },
  "p95": {
    "SDPA (math, padded)": [
      5.91053,
      3.08902,
      2.63574,
      11.3824,
      6.4471,
      4.78506
    ],
    "SDPA (efficient, padded)": [
      2.65955,
      2.46358,
      2.39923,
      4.85078,
      4.40237,
      4.3223
    ],
    "SDPA (flash, padded)": [
      2.61491,
      2.41034,
      2.4361,
      4.68378,
      4.40298,
      4.30797
    ],
    "NestedTensor + SDPA": [
      9.89197,
      9.91226,
      9.70214,
      18.28867,
      18.21008,
      18.27219
    ],
    "Triton Ragged (ours)": [
      0.14246,
      0.04301,
      0.0256,
      0.35021,
      0.07987,
      0.02867
    ],
    "FlashAttention-2 (varlen)": [
      0.11674,
      0.05229,
      0.05427,
      0.26726,
      0.07475,
      0.06144
    ]
  }
}