{
  "gpu": "NVIDIA RTX 4000 Ada Generation",
  "sm": "SM89",
  "timing": "cuda_events_median_ms",
  "warmup": 50,
  "jit_warmup": 150,
  "iters": 300,
  "configs": [
    "BS=32, 0% pruned",
    "BS=32, 50% pruned",
    "BS=32, 80% pruned",
    "BS=64, 0% pruned",
    "BS=64, 50% pruned",
    "BS=64, 80% pruned"
  ],
  "kernels": {
    "SDPA (math, padded)": [
      5.36166,
      2.66573,
      2.14472,
      10.60864,
      5.77331,
      4.0665
    ],
    "SDPA (efficient, padded)": [
      2.26914,
      2.01808,
      1.90157,
      4.16237,
      3.7697,
      3.69464
    ],
    "SDPA (flash, padded)": [
      2.11763,
      1.96808,
      1.82816,
      3.95581,
      3.68718,
      3.71054
    ],
    "NestedTensor + SDPA": [
      9.14595,
      9.40958,
      9.01438,
      17.25395,
      17.01496,
      16.94669
    ],
    "Triton Ragged (ours)": [
      0.13619,
      0.04198,
      0.02458,
      0.34509,
      0.07987,
      0.02765
    ],
    "FlashAttention-2 (varlen)": [
      0.11162,
      0.05325,
      0.05325,
      0.25395,
      0.07168,
      0.06042
    ]
  },
  "p5": {
    "SDPA (math, padded)": [
      5.30125,
      2.59379,
      2.07469,
      10.58304,
      5.65379,
      4.04198
    ],
    "SDPA (efficient, padded)": [
      2.2272,
      2.00842,
      1.82384,
      4.14413,
      3.75408,
      3.55248
    ],
    "SDPA (flash, padded)": [
      2.10534,
      1.95718,
      1.8176,
      3.94035,
      3.6168,
      3.6953
    ],
    "NestedTensor + SDPA": [
      8.96922,
      8.97453,
      8.90125,
      17.06496,
      16.61629,
      16.80474
    ],
    "Triton Ragged (ours)": [
      0.13517,
      0.04131,
      0.02355,
      0.3328,
      0.07885,
      0.02765
    ],
    "FlashAttention-2 (varlen)": [
      0.11059,
      0.0512,
      0.05139,
      0.25293,
      0.07066,
      0.05974
    ]
  },
  "p95": {
    "SDPA (math, padded)": [
      5.40845,
      2.69824,
      2.18442,
      10.74973,
      5.87901,
      4.21376
    ],
    "SDPA (efficient, padded)": [
      2.35453,
      2.03162,
      2.01622,
      4.29978,
      3.90349,
      3.77824
    ],
    "SDPA (flash, padded)": [
      2.1904,
      2.03264,
      1.89952,
      3.97299,
      3.71123,
      3.78915
    ],
    "NestedTensor + SDPA": [
      9.53843,
      9.59277,
      9.49981,
      18.08925,
      17.82477,
      17.84013
    ],
    "Triton Ragged (ours)": [
      0.13722,
      0.04301,
      0.02662,
      0.34714,
      0.07987,
      0.02867
    ],
    "FlashAttention-2 (varlen)": [
      0.12304,
      0.0553,
      0.05734,
      0.26931,
      0.0727,
      0.06144
    ]
  }
}