{
  "gpu": "NVIDIA RTX 4000 Ada Generation",
  "sm": "SM89",
  "timing": "cuda_events_median_ms",
  "warmup": 50,
  "jit_warmup": 150,
  "iters": 300,
  "configs": [
    "BS=32, 0% pruned",
    "BS=32, 50% pruned",
    "BS=32, 80% pruned",
    "BS=64, 0% pruned",
    "BS=64, 50% pruned",
    "BS=64, 80% pruned"
  ],
  "kernels": {
    "SDPA (math, padded)": [
      5.28437,
      2.64909,
      2.1475,
      10.75394,
      5.70251,
      4.19672
    ],
    "SDPA (efficient, padded)": [
      2.12123,
      1.97256,
      1.83912,
      4.1815,
      3.97819,
      3.58707
    ],
    "SDPA (flash, padded)": [
      1.9968,
      1.84526,
      1.83738,
      4.11298,
      3.84206,
      3.82555
    ],
    "NestedTensor + SDPA": [
      9.66459,
      9.11987,
      9.13584,
      17.26349,
      17.55235,
      17.15494
    ],
    "Triton Ragged (ours)": [
      0.13619,
      0.04198,
      0.0256,
      0.34304,
      0.0792,
      0.02765
    ],
    "FlashAttention-2 (varlen)": [
      0.11162,
      0.0535,
      0.05632,
      0.25395,
      0.07168,
      0.06042
    ]
  },
  "p5": {
    "SDPA (math, padded)": [
      5.26336,
      2.64077,
      2.0439,
      10.6057,
      5.67424,
      4.06426
    ],
    "SDPA (efficient, padded)": [
      2.10739,
      1.8904,
      1.79626,
      4.15632,
      3.8983,
      3.50208
    ],
    "SDPA (flash, padded)": [
      1.95488,
      1.83706,
      1.82925,
      3.9209,
      3.82173,
      3.67309
    ],
    "NestedTensor + SDPA": [
      9.15456,
      9.06134,
      8.90163,
      16.86118,
      17.03526,
      16.95357
    ],
    "Triton Ragged (ours)": [
      0.13517,
      0.04118,
      0.02458,
      0.33178,
      0.07885,
      0.02765
    ],
    "FlashAttention-2 (varlen)": [
      0.11059,
      0.05222,
      0.05427,
      0.25293,
      0.07066,
      0.05939
    ]
  },
  "p95": {
    "SDPA (math, padded)": [
      5.35245,
      2.66365,
      2.16278,
      10.84854,
      5.89936,
      4.23424
    ],
    "SDPA (efficient, padded)": [
      2.18726,
      2.01811,
      1.88397,
      4.32198,
      3.99872,
      3.73459
    ],
    "SDPA (flash, padded)": [
      2.02883,
      1.91562,
      1.90496,
      4.19763,
      3.92192,
      3.97414
    ],
    "NestedTensor + SDPA": [
      9.94509,
      9.54163,
      9.60102,
      17.42765,
      18.00672,
      17.9241
    ],
    "Triton Ragged (ours)": [
      0.13722,
      0.04301,
      0.02662,
      0.34611,
      0.07987,
      0.02867
    ],
    "FlashAttention-2 (varlen)": [
      0.12186,
      0.05757,
      0.05939,
      0.26931,
      0.0727,
      0.06144
    ]
  }
}