{
  "gpu": "NVIDIA RTX 4000 Ada Generation",
  "sm": "SM89",
  "timing": "cuda_events_median_ms",
  "warmup": 50,
  "jit_warmup": 150,
  "iters": 300,
  "configs": [
    "BS=32, 0% pruned",
    "BS=32, 50% pruned",
    "BS=32, 80% pruned",
    "BS=64, 0% pruned",
    "BS=64, 50% pruned",
    "BS=64, 80% pruned"
  ],
  "kernels": {
    "SDPA (math, padded)": [
      5.30635,
      2.60494,
      2.06144,
      10.6516,
      5.78571,
      4.04989
    ],
    "SDPA (efficient, padded)": [
      2.22022,
      2.06736,
      1.8147,
      4.14653,
      3.7505,
      3.584
    ],
    "SDPA (flash, padded)": [
      2.16061,
      1.95149,
      1.81762,
      3.95477,
      3.66899,
      3.80006
    ],
    "NestedTensor + SDPA": [
      8.93942,
      8.82824,
      8.75584,
      16.78173,
      16.59837,
      16.50533
    ],
    "Triton Ragged (ours)": [
      0.13619,
      0.04198,
      0.02355,
      0.34304,
      0.07987,
      0.02765
    ],
    "FlashAttention-2 (varlen)": [
      0.11162,
      0.04915,
      0.0495,
      0.26522,
      0.07168,
      0.06042
    ]
  },
  "p5": {
    "SDPA (math, padded)": [
      5.21942,
      2.58493,
      2.05242,
      10.57382,
      5.64736,
      4.02768
    ],
    "SDPA (efficient, padded)": [
      2.11354,
      1.99146,
      1.79213,
      4.03984,
      3.73469,
      3.47024
    ],
    "SDPA (flash, padded)": [
      2.09286,
      1.9407,
      1.78192,
      3.9383,
      3.65546,
      3.74477
    ],
    "NestedTensor + SDPA": [
      8.83917,
      8.76122,
      8.69571,
      16.66346,
      16.46874,
      16.12397
    ],
    "Triton Ragged (ours)": [
      0.13517,
      0.04096,
      0.02253,
      0.33178,
      0.07885,
      0.02662
    ],
    "FlashAttention-2 (varlen)": [
      0.11059,
      0.04813,
      0.04813,
      0.25293,
      0.07066,
      0.05939
    ]
  },
  "p95": {
    "SDPA (math, padded)": [
      5.38819,
      2.6817,
      2.08384,
      10.78925,
      5.8665,
      4.20042
    ],
    "SDPA (efficient, padded)": [
      2.24256,
      2.08282,
      1.82656,
      4.2752,
      3.87987,
      3.93728
    ],
    "SDPA (flash, padded)": [
      2.18522,
      2.01712,
      1.82682,
      4.09126,
      3.68634,
      3.92214
    ],
    "NestedTensor + SDPA": [
      9.33786,
      9.25594,
      9.18797,
      17.58003,
      17.43494,
      17.33325
    ],
    "Triton Ragged (ours)": [
      0.13722,
      0.04227,
      0.02458,
      0.34714,
      0.07987,
      0.02771
    ],
    "FlashAttention-2 (varlen)": [
      0.12218,
      0.0512,
      0.05222,
      0.26931,
      0.07373,
      0.06144
    ]
  }
}