{
  "gpu": "NVIDIA RTX 4000 Ada Generation",
  "sm": "SM89",
  "timing": "cuda_events_median_ms",
  "warmup": 50,
  "jit_warmup": 150,
  "iters": 300,
  "configs": [
    "BS=32, 0% pruned",
    "BS=32, 50% pruned",
    "BS=32, 80% pruned",
    "BS=64, 0% pruned",
    "BS=64, 50% pruned",
    "BS=64, 80% pruned"
  ],
  "kernels": {
    "SDPA (math, padded)": [
      5.38106,
      2.6527,
      2.08083,
      10.8148,
      5.78749,
      4.06733
    ],
    "SDPA (efficient, padded)": [
      2.2435,
      2.00397,
      1.94754,
      4.3991,
      4.0031,
      3.70078
    ],
    "SDPA (flash, padded)": [
      2.11659,
      1.95891,
      2.01523,
      4.20685,
      3.93058,
      3.57786
    ],
    "NestedTensor + SDPA": [
      8.84734,
      8.77912,
      8.90216,
      16.7999,
      16.42867,
      16.33691
    ],
    "Triton Ragged (ours)": [
      0.13619,
      0.04198,
      0.0256,
      0.34406,
      0.07987,
      0.02765
    ],
    "FlashAttention-2 (varlen)": [
      0.11162,
      0.04813,
      0.04813,
      0.26726,
      0.07168,
      0.06042
    ]
  },
  "p5": {
    "SDPA (math, padded)": [
      5.30352,
      2.58454,
      2.06541,
      10.73971,
      5.73747,
      4.05094
    ],
    "SDPA (efficient, padded)": [
      2.22413,
      1.99373,
      1.93827,
      4.37952,
      3.94342,
      3.6823
    ],
    "SDPA (flash, padded)": [
      2.10432,
      1.94662,
      1.94874,
      4.13901,
      3.8615,
      3.56147
    ],
    "NestedTensor + SDPA": [
      8.78467,
      8.62106,
      8.65075,
      16.61645,
      16.02355,
      15.9784
    ],
    "Triton Ragged (ours)": [
      0.13517,
      0.04096,
      0.02458,
      0.33178,
      0.07885,
      0.02662
    ],
    "FlashAttention-2 (varlen)": [
      0.11059,
      0.04646,
      0.0471,
      0.25322,
      0.07066,
      0.05939
    ]
  },
  "p95": {
    "SDPA (math, padded)": [
      5.43424,
      2.69539,
      2.15568,
      10.89946,
      5.88288,
      4.21069
    ],
    "SDPA (efficient, padded)": [
      2.30912,
      2.08077,
      2.01318,
      4.5401,
      4.1431,
      3.78122
    ],
    "SDPA (flash, padded)": [
      2.13203,
      2.02445,
      2.04205,
      4.35098,
      4.07978,
      3.71341
    ],
    "NestedTensor + SDPA": [
      9.2272,
      9.23258,
      9.19162,
      17.57286,
      17.092,
      16.93594
    ],
    "Triton Ragged (ours)": [
      0.13722,
      0.04237,
      0.02662,
      0.34714,
      0.07987,
      0.02787
    ],
    "FlashAttention-2 (varlen)": [
      0.11389,
      0.05018,
      0.0512,
      0.27034,
      0.07578,
      0.06144
    ]
  }
}