{
  "gpu": "NVIDIA RTX 4000 Ada Generation",
  "sm": "SM89",
  "timing": "cuda_events_median_ms",
  "warmup": 50,
  "jit_warmup": 150,
  "iters": 300,
  "configs": [
    "BS=32, 0% pruned",
    "BS=32, 50% pruned",
    "BS=32, 80% pruned",
    "BS=64, 0% pruned",
    "BS=64, 50% pruned",
    "BS=64, 80% pruned"
  ],
  "kernels": {
    "SDPA (math, padded)": [
      5.33085,
      2.57246,
      2.17907,
      10.62546,
      5.72976,
      4.08976
    ],
    "SDPA (efficient, padded)": [
      2.18118,
      1.88006,
      1.89878,
      4.15445,
      3.75408,
      3.81901
    ],
    "SDPA (flash, padded)": [
      2.00346,
      1.83947,
      1.8952,
      3.96186,
      3.68845,
      3.81738
    ],
    "NestedTensor + SDPA": [
      9.24554,
      8.67738,
      9.15749,
      16.95698,
      16.76642,
      16.63962
    ],
    "Triton Ragged (ours)": [
      0.13619,
      0.04198,
      0.02355,
      0.34202,
      0.07987,
      0.02765
    ],
    "FlashAttention-2 (varlen)": [
      0.11162,
      0.0471,
      0.04813,
      0.25395,
      0.07168,
      0.06042
    ]
  },
  "p5": {
    "SDPA (math, padded)": [
      5.26749,
      2.56074,
      2.05907,
      10.55232,
      5.67091,
      4.06016
    ],
    "SDPA (efficient, padded)": [
      2.10851,
      1.87085,
      1.82989,
      4.13827,
      3.74259,
      3.79709
    ],
    "SDPA (flash, padded)": [
      1.98768,
      1.81658,
      1.8193,
      3.94547,
      3.63213,
      3.80314
    ],
    "NestedTensor + SDPA": [
      8.85642,
      8.56781,
      8.66547,
      16.7977,
      16.63789,
      16.51507
    ],
    "Triton Ragged (ours)": [
      0.13517,
      0.04138,
      0.02253,
      0.33075,
      0.07885,
      0.02662
    ],
    "FlashAttention-2 (varlen)": [
      0.11059,
      0.04544,
      0.0471,
      0.25293,
      0.07066,
      0.05939
    ]
  },
  "p95": {
    "SDPA (math, padded)": [
      5.36576,
      2.64397,
      2.19238,
      10.74586,
      5.83683,
      4.25181
    ],
    "SDPA (efficient, padded)": [
      2.22611,
      1.9497,
      1.94214,
      4.29437,
      3.89184,
      3.9569
    ],
    "SDPA (flash, padded)": [
      2.0951,
      1.85069,
      1.90368,
      4.09293,
      3.70371,
      3.95059
    ],
    "NestedTensor + SDPA": [
      11.58586,
      8.82995,
      9.48122,
      17.78176,
      17.60461,
      17.43958
    ],
    "Triton Ragged (ours)": [
      0.13722,
      0.04301,
      0.02458,
      0.34406,
      0.07987,
      0.0279
    ],
    "FlashAttention-2 (varlen)": [
      0.11264,
      0.04915,
      0.05018,
      0.25498,
      0.07475,
      0.06144
    ]
  }
}