{
  "gpu": "NVIDIA RTX 4000 Ada Generation",
  "sm": "SM89",
  "timing": "cuda_events_median_ms",
  "warmup": 50,
  "jit_warmup": 150,
  "iters": 300,
  "configs": [
    "BS=32, 0% pruned",
    "BS=32, 50% pruned",
    "BS=32, 80% pruned",
    "BS=64, 0% pruned",
    "BS=64, 50% pruned",
    "BS=64, 80% pruned"
  ],
  "kernels": {
    "SDPA (math, padded)": [
      5.39955,
      2.57766,
      2.15034,
      10.81128,
      5.70669,
      4.07152
    ],
    "SDPA (efficient, padded)": [
      2.31219,
      1.90149,
      1.95686,
      4.42112,
      3.7847,
      3.70995
    ],
    "SDPA (flash, padded)": [
      2.01011,
      1.85242,
      2.0183,
      4.23882,
      3.70995,
      3.66064
    ],
    "NestedTensor + SDPA": [
      9.29792,
      9.22781,
      9.17576,
      18.33677,
      18.14883,
      17.64147
    ],
    "Triton Ragged (ours)": [
      0.13619,
      0.04198,
      0.02458,
      0.34406,
      0.07987,
      0.02765
    ],
    "FlashAttention-2 (varlen)": [
      0.11469,
      0.0553,
      0.05837,
      0.2675,
      0.07168,
      0.06042
    ]
  },
  "p5": {
    "SDPA (math, padded)": [
      5.31968,
      2.56717,
      2.0841,
      10.72102,
      5.67539,
      3.99974
    ],
    "SDPA (efficient, padded)": [
      2.12685,
      1.89338,
      1.9335,
      4.39533,
      3.73965,
      3.57075
    ],
    "SDPA (flash, padded)": [
      1.99475,
      1.84381,
      1.95174,
      4.18714,
      3.69152,
      3.58304
    ],
    "NestedTensor + SDPA": [
      9.07264,
      9.14509,
      9.12384,
      17.50109,
      17.30253,
      17.08544
    ],
    "Triton Ragged (ours)": [
      0.13517,
      0.04096,
      0.02355,
      0.33178,
      0.07885,
      0.02704
    ],
    "FlashAttention-2 (varlen)": [
      0.11059,
      0.05357,
      0.05632,
      0.25293,
      0.07066,
      0.06042
    ]
  },
  "p95": {
    "SDPA (math, padded)": [
      5.44147,
      2.64538,
      2.17843,
      10.97523,
      5.8225,
      4.21978
    ],
    "SDPA (efficient, padded)": [
      2.64502,
      1.98042,
      1.96915,
      4.55987,
      3.80086,
      3.73248
    ],
    "SDPA (flash, padded)": [
      2.0807,
      1.9264,
      2.03664,
      4.38477,
      3.84925,
      3.7384
    ],
    "NestedTensor + SDPA": [
      9.42803,
      9.7856,
      9.61363,
      18.9225,
      18.64797,
      18.37459
    ],
    "Triton Ragged (ours)": [
      0.13722,
      0.04218,
      0.02589,
      0.34714,
      0.07987,
      0.02867
    ],
    "FlashAttention-2 (varlen)": [
      0.11674,
      0.05734,
      0.06048,
      0.27034,
      0.0727,
      0.06144
    ]
  }
}