{
  "gpu": "NVIDIA RTX 4000 Ada Generation",
  "sm": "SM89",
  "timing": "cuda_events_median_ms",
  "warmup": 50,
  "jit_warmup": 150,
  "iters": 300,
  "configs": [
    "BS=32, 0% pruned",
    "BS=32, 50% pruned",
    "BS=32, 80% pruned",
    "BS=64, 0% pruned",
    "BS=64, 50% pruned",
    "BS=64, 80% pruned"
  ],
  "kernels": {
    "SDPA (math, padded)": [
      5.36171,
      2.59789,
      2.16166,
      10.75779,
      5.73261,
      4.07445
    ],
    "SDPA (efficient, padded)": [
      2.13784,
      1.96893,
      1.84512,
      4.33098,
      3.8569,
      3.67411
    ],
    "SDPA (flash, padded)": [
      2.01216,
      1.89138,
      1.86675,
      4.1521,
      3.69544,
      3.66134
    ],
    "NestedTensor + SDPA": [
      9.04349,
      9.17453,
      8.98867,
      17.06872,
      16.74512,
      16.9601
    ],
    "Triton Ragged (ours)": [
      0.13619,
      0.04198,
      0.0256,
      0.34509,
      0.07987,
      0.02765
    ],
    "FlashAttention-2 (varlen)": [
      0.11162,
      0.05018,
      0.05222,
      0.26419,
      0.07189,
      0.06042
    ]
  },
  "p5": {
    "SDPA (math, padded)": [
      5.28902,
      2.5856,
      2.08522,
      10.6281,
      5.7088,
      4.01085
    ],
    "SDPA (efficient, padded)": [
      2.12787,
      1.87315,
      1.83398,
      4.30362,
      3.7632,
      3.57283
    ],
    "SDPA (flash, padded)": [
      2.00093,
      1.81632,
      1.83088,
      3.97821,
      3.62093,
      3.57786
    ],
    "NestedTensor + SDPA": [
      8.81894,
      8.83814,
      8.65216,
      16.62566,
      16.46832,
      16.51933
    ],
    "Triton Ragged (ours)": [
      0.13536,
      0.04096,
      0.02458,
      0.33792,
      0.07885,
      0.02765
    ],
    "FlashAttention-2 (varlen)": [
      0.11059,
      0.04915,
      0.04915,
      0.2519,
      0.07168,
      0.06042
    ]
  },
  "p95": {
    "SDPA (math, padded)": [
      5.41594,
      2.67264,
      2.20672,
      10.85235,
      5.89446,
      4.2199
    ],
    "SDPA (efficient, padded)": [
      2.20877,
      2.01837,
      1.92819,
      4.4032,
      3.98646,
      3.94342
    ],
    "SDPA (flash, padded)": [
      2.08486,
      1.97008,
      1.91488,
      4.21274,
      3.84035,
      3.74035
    ],
    "NestedTensor + SDPA": [
      9.47098,
      9.53754,
      9.51728,
      18.16042,
      17.5399,
      17.94141
    ],
    "Triton Ragged (ours)": [
      0.13824,
      0.04301,
      0.02662,
      0.34714,
      0.07987,
      0.02867
    ],
    "FlashAttention-2 (varlen)": [
      0.11264,
      0.05325,
      0.05632,
      0.26931,
      0.07302,
      0.06144
    ]
  }
}