{
  "gpu": "NVIDIA RTX 4000 Ada Generation",
  "sm": "SM89",
  "timing": "cuda_events_median_ms",
  "warmup": 50,
  "jit_warmup": 150,
  "iters": 300,
  "configs": [
    "BS=32, 0% pruned",
    "BS=32, 50% pruned",
    "BS=32, 80% pruned",
    "BS=64, 0% pruned",
    "BS=64, 50% pruned",
    "BS=64, 80% pruned"
  ],
  "kernels": {
    "SDPA (math, padded)": [
      5.38795,
      2.59982,
      2.19914,
      10.79565,
      5.7569,
      4.18338
    ],
    "SDPA (efficient, padded)": [
      2.24274,
      2.02302,
      2.03878,
      4.41344,
      3.76909,
      3.69971
    ],
    "SDPA (flash, padded)": [
      2.11866,
      1.96211,
      1.89669,
      4.36224,
      3.68691,
      3.5753
    ],
    "NestedTensor + SDPA": [
      9.22203,
      9.53229,
      9.10741,
      17.4319,
      17.20171,
      17.10525
    ],
    "Triton Ragged (ours)": [
      0.13619,
      0.04198,
      0.02355,
      0.34406,
      0.07987,
      0.02765
    ],
    "FlashAttention-2 (varlen)": [
      0.11162,
      0.05734,
      0.05222,
      0.26744,
      0.07168,
      0.06042
    ]
  },
  "p5": {
    "SDPA (math, padded)": [
      5.29712,
      2.57434,
      2.15654,
      10.60266,
      5.6584,
      4.04355
    ],
    "SDPA (efficient, padded)": [
      2.232,
      2.00602,
      2.0224,
      4.39632,
      3.7479,
      3.67398
    ],
    "SDPA (flash, padded)": [
      2.10534,
      1.95078,
      1.85549,
      3.89139,
      3.58093,
      3.4775
    ],
    "NestedTensor + SDPA": [
      9.14106,
      9.10342,
      8.89136,
      17.05859,
      16.80218,
      16.74426
    ],
    "Triton Ragged (ours)": [
      0.13517,
      0.04096,
      0.02253,
      0.33178,
      0.07885,
      0.02662
    ],
    "FlashAttention-2 (varlen)": [
      0.11059,
      0.05571,
      0.0512,
      0.25418,
      0.07066,
      0.05939
    ]
  },
  "p95": {
    "SDPA (math, padded)": [
      5.41901,
      2.67478,
      2.23642,
      10.92506,
      5.8921,
      4.27315
    ],
    "SDPA (efficient, padded)": [
      2.25792,
      2.09306,
      2.07789,
      4.54746,
      3.90058,
      3.77722
    ],
    "SDPA (flash, padded)": [
      2.18726,
      2.03674,
      1.94022,
      4.43802,
      3.82173,
      3.71302
    ],
    "NestedTensor + SDPA": [
      9.59168,
      9.88672,
      9.53648,
      18.44736,
      18.07331,
      17.94458
    ],
    "Triton Ragged (ours)": [
      0.13722,
      0.04227,
      0.02458,
      0.34714,
      0.0809,
      0.02794
    ],
    "FlashAttention-2 (varlen)": [
      0.12186,
      0.06042,
      0.05459,
      0.27034,
      0.07373,
      0.06144
    ]
  }
}