{
  "gpu": "NVIDIA RTX 4000 Ada Generation",
  "sm": "SM89",
  "timing": "cuda_events_median_ms",
  "warmup": 50,
  "jit_warmup": 150,
  "iters": 300,
  "configs": [
    "BS=32, 0% pruned",
    "BS=32, 50% pruned",
    "BS=32, 80% pruned",
    "BS=64, 0% pruned",
    "BS=64, 50% pruned",
    "BS=64, 80% pruned"
  ],
  "kernels": {
    "SDPA (math, padded)": [
      5.41594,
      2.68603,
      2.16682,
      10.70034,
      5.81891,
      4.0337
    ],
    "SDPA (efficient, padded)": [
      2.24378,
      2.07565,
      1.94782,
      4.13286,
      3.9837,
      3.52971
    ],
    "SDPA (flash, padded)": [
      2.11986,
      1.91152,
      1.94862,
      3.9552,
      3.90974,
      3.6771
    ],
    "NestedTensor + SDPA": [
      8.94346,
      8.8493,
      8.81562,
      16.75358,
      17.21629,
      16.65886
    ],
    "Triton Ragged (ours)": [
      0.13642,
      0.04198,
      0.02355,
      0.34714,
      0.07987,
      0.02765
    ],
    "FlashAttention-2 (varlen)": [
      0.11162,
      0.0512,
      0.05018,
      0.25395,
      0.0727,
      0.06042
    ]
  },
  "p5": {
    "SDPA (math, padded)": [
      5.33197,
      2.61526,
      2.08896,
      10.56864,
      5.75078,
      3.96883
    ],
    "SDPA (efficient, padded)": [
      2.21184,
      2.00806,
      1.93456,
      4.07347,
      3.9383,
      3.46931
    ],
    "SDPA (flash, padded)": [
      2.07962,
      1.85738,
      1.9353,
      3.93229,
      3.89427,
      3.54509
    ],
    "NestedTensor + SDPA": [
      8.77667,
      8.76352,
      8.73677,
      16.5416,
      16.43494,
      16.26182
    ],
    "Triton Ragged (ours)": [
      0.13619,
      0.04096,
      0.02253,
      0.33792,
      0.07885,
      0.02765
    ],
    "FlashAttention-2 (varlen)": [
      0.11162,
      0.04925,
      0.04915,
      0.25293,
      0.07168,
      0.05978
    ]
  },
  "p95": {
    "SDPA (math, padded)": [
      5.46099,
      2.70438,
      2.18726,
      11.0481,
      5.92477,
      4.16704
    ],
    "SDPA (efficient, padded)": [
      2.31526,
      2.11866,
      2.02138,
      4.15245,
      4.12173,
      3.55328
    ],
    "SDPA (flash, padded)": [
      2.18624,
      1.9649,
      2.06006,
      4.09098,
      4.04378,
      3.70499
    ],
    "NestedTensor + SDPA": [
      9.55683,
      9.42182,
      9.25968,
      17.55405,
      17.67936,
      17.72326
    ],
    "Triton Ragged (ours)": [
      0.13926,
      0.04301,
      0.02458,
      0.35021,
      0.07987,
      0.02867
    ],
    "FlashAttention-2 (varlen)": [
      0.11264,
      0.05427,
      0.05222,
      0.27034,
      0.07475,
      0.06144
    ]
  }
}