{
  "gpu": "NVIDIA RTX 4000 Ada Generation",
  "sm": "SM89",
  "timing": "cuda_events_median_ms",
  "warmup": 50,
  "jit_warmup": 150,
  "iters": 300,
  "configs": [
    "BS=32, 0% pruned",
    "BS=32, 50% pruned",
    "BS=32, 80% pruned",
    "BS=64, 0% pruned",
    "BS=64, 50% pruned",
    "BS=64, 80% pruned"
  ],
  "kernels": {
    "SDPA (math, padded)": [
      5.32896,
      2.55803,
      2.1269,
      10.61683,
      5.65232,
      4.02742
    ],
    "SDPA (efficient, padded)": [
      2.09578,
      1.87826,
      1.8135,
      4.13491,
      3.7332,
      3.53792
    ],
    "SDPA (flash, padded)": [
      1.98256,
      1.82674,
      1.80939,
      3.93525,
      3.66301,
      3.66203
    ],
    "NestedTensor + SDPA": [
      8.86514,
      8.75926,
      8.72842,
      16.71782,
      16.554,
      17.20531
    ],
    "Triton Ragged (ours)": [
      0.13619,
      0.04198,
      0.02458,
      0.34099,
      0.07987,
      0.02765
    ],
    "FlashAttention-2 (varlen)": [
      0.11162,
      0.04915,
      0.04915,
      0.26829,
      0.07168,
      0.06042
    ]
  },
  "p5": {
    "SDPA (math, padded)": [
      5.24586,
      2.54704,
      2.05216,
      10.55037,
      5.57773,
      3.94582
    ],
    "SDPA (efficient, padded)": [
      2.08512,
      1.8688,
      1.80429,
      4.11648,
      3.67846,
      3.47034
    ],
    "SDPA (flash, padded)": [
      1.96426,
      1.81485,
      1.80214,
      3.8656,
      3.65056,
      3.5409
    ],
    "NestedTensor + SDPA": [
      8.78317,
      8.64874,
      8.66304,
      16.45466,
      16.43728,
      16.0759
    ],
    "Triton Ragged (ours)": [
      0.13517,
      0.04198,
      0.02253,
      0.33178,
      0.07885,
      0.02662
    ],
    "FlashAttention-2 (varlen)": [
      0.11059,
      0.0471,
      0.0471,
      0.25293,
      0.07066,
      0.05939
    ]
  },
  "p95": {
    "SDPA (math, padded)": [
      5.41862,
      2.57638,
      2.13914,
      10.7215,
      5.79661,
      4.16182
    ],
    "SDPA (efficient, padded)": [
      2.10723,
      1.94662,
      1.82506,
      4.27315,
      3.74893,
      3.55242
    ],
    "SDPA (flash, padded)": [
      2.04874,
      1.84013,
      1.81658,
      4.08166,
      3.67507,
      3.69142
    ],
    "NestedTensor + SDPA": [
      9.28256,
      9.25587,
      9.16653,
      16.83251,
      17.33734,
      17.67616
    ],
    "Triton Ragged (ours)": [
      0.13722,
      0.04301,
      0.0256,
      0.34611,
      0.07987,
      0.02781
    ],
    "FlashAttention-2 (varlen)": [
      0.12186,
      0.0512,
      0.05222,
      0.26957,
      0.0727,
      0.06144
    ]
  }
}