{
  "gpu": "NVIDIA RTX 4000 Ada Generation",
  "sm": "SM89",
  "timing": "cuda_events_median_ms",
  "warmup": 50,
  "jit_warmup": 150,
  "iters": 300,
  "configs": [
    "BS=32, 0% pruned",
    "BS=32, 50% pruned",
    "BS=32, 80% pruned",
    "BS=64, 0% pruned",
    "BS=64, 50% pruned",
    "BS=64, 80% pruned"
  ],
  "kernels": {
    "SDPA (math, padded)": [
      5.31914,
      2.62299,
      2.08877,
      10.71635,
      5.8457,
      4.21795
    ],
    "SDPA (efficient, padded)": [
      2.17702,
      1.9569,
      1.89842,
      4.23986,
      4.11176,
      3.90349
    ],
    "SDPA (flash, padded)": [
      1.99517,
      1.84525,
      1.84627,
      4.11248,
      4.07245,
      3.77442
    ],
    "NestedTensor + SDPA": [
      9.36467,
      9.28256,
      9.22778,
      16.99277,
      16.67746,
      17.32915
    ],
    "Triton Ragged (ours)": [
      0.13619,
      0.04198,
      0.02355,
      0.34611,
      0.07987,
      0.02765
    ],
    "FlashAttention-2 (varlen)": [
      0.11264,
      0.05222,
      0.04813,
      0.26726,
      0.07168,
      0.06042
    ]
  },
  "p5": {
    "SDPA (math, padded)": [
      5.26438,
      2.556,
      2.07382,
      10.60061,
      5.69037,
      4.07251
    ],
    "SDPA (efficient, padded)": [
      2.10739,
      1.88528,
      1.83501,
      4.09882,
      3.94208,
      3.73862
    ],
    "SDPA (flash, padded)": [
      1.98246,
      1.83734,
      1.83398,
      3.96986,
      3.89027,
      3.68656
    ],
    "NestedTensor + SDPA": [
      8.93162,
      8.832,
      8.79318,
      16.7383,
      16.50714,
      16.5225
    ],
    "Triton Ragged (ours)": [
      0.13517,
      0.04198,
      0.01536,
      0.33587,
      0.07885,
      0.02765
    ],
    "FlashAttention-2 (varlen)": [
      0.11162,
      0.03587,
      0.03277,
      0.25293,
      0.07066,
      0.05962
    ]
  },
  "p95": {
    "SDPA (math, padded)": [
      5.42003,
      2.65933,
      2.16269,
      10.85946,
      5.98045,
      4.30899
    ],
    "SDPA (efficient, padded)": [
      2.20144,
      1.96944,
      1.95363,
      4.38371,
      4.18925,
      4.0192
    ],
    "SDPA (flash, padded)": [
      2.07664,
      1.85616,
      1.92112,
      4.19936,
      4.16083,
      3.92566
    ],
    "NestedTensor + SDPA": [
      9.61229,
      9.51629,
      9.5191,
      17.81453,
      17.85453,
      17.84013
    ],
    "Triton Ragged (ours)": [
      0.13725,
      0.04301,
      0.02458,
      0.34918,
      0.0809,
      0.02867
    ],
    "FlashAttention-2 (varlen)": [
      0.12288,
      0.0553,
      0.05222,
      0.27034,
      0.07373,
      0.06144
    ]
  }
}