{
  "gpu": "NVIDIA RTX 4000 Ada Generation",
  "sm": "SM89",
  "timing": "cuda_events_median_ms",
  "warmup": 50,
  "jit_warmup": 150,
  "iters": 300,
  "configs": [
    "BS=32, 0% pruned",
    "BS=32, 50% pruned",
    "BS=32, 80% pruned",
    "BS=64, 0% pruned",
    "BS=64, 50% pruned",
    "BS=64, 80% pruned"
  ],
  "kernels": {
    "SDPA (math, padded)": [
      5.34547,
      2.63584,
      2.13323,
      10.89291,
      5.83219,
      4.06733
    ],
    "SDPA (efficient, padded)": [
      2.13696,
      1.94355,
      1.81952,
      4.20403,
      3.80192,
      3.70544
    ],
    "SDPA (flash, padded)": [
      2.07664,
      1.89654,
      1.84525,
      4.13963,
      3.77998,
      3.63418
    ],
    "NestedTensor + SDPA": [
      9.0813,
      9.18118,
      9.19704,
      17.57286,
      17.29755,
      17.23854
    ],
    "Triton Ragged (ours)": [
      0.14029,
      0.04198,
      0.02374,
      0.34611,
      0.07987,
      0.02765
    ],
    "FlashAttention-2 (varlen)": [
      0.11366,
      0.0512,
      0.0512,
      0.25466,
      0.0727,
      0.06042
    ]
  },
  "p5": {
    "SDPA (math, padded)": [
      5.27053,
      2.5568,
      2.05446,
      10.60429,
      5.68419,
      4.0016
    ],
    "SDPA (efficient, padded)": [
      2.11034,
      1.87802,
      1.78509,
      4.14016,
      3.74579,
      3.56368
    ],
    "SDPA (flash, padded)": [
      1.99517,
      1.83709,
      1.78394,
      3.99334,
      3.5832,
      3.47827
    ],
    "NestedTensor + SDPA": [
      8.82275,
      8.75798,
      8.74086,
      16.82534,
      16.59213,
      16.58368
    ],
    "Triton Ragged (ours)": [
      0.13619,
      0.04134,
      0.01536,
      0.33587,
      0.07885,
      0.02662
    ],
    "FlashAttention-2 (varlen)": [
      0.11264,
      0.03686,
      0.03277,
      0.25293,
      0.07168,
      0.05939
    ]
  },
  "p95": {
    "SDPA (math, padded)": [
      5.88397,
      3.16944,
      2.67344,
      11.32032,
      6.3703,
      4.68867
    ],
    "SDPA (efficient, padded)": [
      2.69616,
      2.45722,
      2.31629,
      4.82918,
      4.40208,
      4.23229
    ],
    "SDPA (flash, padded)": [
      2.5823,
      2.41251,
      2.38694,
      4.68966,
      4.41258,
      4.2455
    ],
    "NestedTensor + SDPA": [
      9.68397,
      9.66749,
      9.67574,
      18.23261,
      17.99066,
      17.83946
    ],
    "Triton Ragged (ours)": [
      0.14234,
      0.04301,
      0.0256,
      0.35021,
      0.07987,
      0.02784
    ],
    "FlashAttention-2 (varlen)": [
      0.11674,
      0.05427,
      0.05466,
      0.26829,
      0.07504,
      0.06144
    ]
  }
}