{
  "gpu": "NVIDIA RTX 4000 Ada Generation",
  "sm": "SM89",
  "timing": "cuda_events_median_ms",
  "warmup": 50,
  "jit_warmup": 150,
  "iters": 300,
  "configs": [
    "BS=32, 0% pruned",
    "BS=32, 50% pruned",
    "BS=32, 80% pruned",
    "BS=64, 0% pruned",
    "BS=64, 50% pruned",
    "BS=64, 80% pruned"
  ],
  "kernels": {
    "SDPA (math, padded)": [
      5.33726,
      2.62138,
      2.18741,
      10.87283,
      5.87566,
      4.25114
    ],
    "SDPA (efficient, padded)": [
      2.23539,
      2.00806,
      1.95026,
      4.39603,
      4.01507,
      3.81338
    ],
    "SDPA (flash, padded)": [
      2.11866,
      2.00499,
      1.95466,
      4.34997,
      4.05811,
      3.81747
    ],
    "NestedTensor + SDPA": [
      9.06691,
      8.92928,
      8.88627,
      17.00923,
      16.8132,
      16.75683
    ],
    "Triton Ragged (ours)": [
      0.13619,
      0.04198,
      0.02355,
      0.34509,
      0.07987,
      0.02765
    ],
    "FlashAttention-2 (varlen)": [
      0.11162,
      0.0512,
      0.04915,
      0.26829,
      0.07168,
      0.06042
    ]
  },
  "p5": {
    "SDPA (math, padded)": [
      5.31046,
      2.5945,
      2.10739,
      10.81139,
      5.78355,
      4.16358
    ],
    "SDPA (efficient, padded)": [
      2.22208,
      1.97939,
      1.94048,
      4.32918,
      3.9944,
      3.75091
    ],
    "SDPA (flash, padded)": [
      2.10842,
      1.95194,
      1.94141,
      4.1472,
      3.92013,
      3.75398
    ],
    "NestedTensor + SDPA": [
      8.80333,
      8.87706,
      8.7255,
      16.60621,
      16.66957,
      16.63203
    ],
    "Triton Ragged (ours)": [
      0.13517,
      0.04096,
      0.02253,
      0.33085,
      0.07885,
      0.02662
    ],
    "FlashAttention-2 (varlen)": [
      0.11059,
      0.04915,
      0.0471,
      0.25315,
      0.07066,
      0.05939
    ]
  },
  "p95": {
    "SDPA (math, padded)": [
      5.42106,
      2.69824,
      2.23027,
      10.99469,
      5.98397,
      4.40195
    ],
    "SDPA (efficient, padded)": [
      2.2497,
      2.01933,
      2.02118,
      4.41824,
      4.14944,
      3.95674
    ],
    "SDPA (flash, padded)": [
      2.13107,
      2.03978,
      2.02547,
      4.43187,
      4.1336,
      3.8472
    ],
    "NestedTensor + SDPA": [
      9.63917,
      9.40819,
      9.19347,
      17.90698,
      17.6271,
      17.54112
    ],
    "Triton Ragged (ours)": [
      0.13722,
      0.04301,
      0.02458,
      0.34714,
      0.0799,
      0.02794
    ],
    "FlashAttention-2 (varlen)": [
      0.11264,
      0.0553,
      0.0512,
      0.27034,
      0.07373,
      0.06144
    ]
  }
}