{
  "gpu": "NVIDIA RTX 4000 Ada Generation",
  "sm": "SM89",
  "timing": "cuda_events_median_ms",
  "warmup": 50,
  "jit_warmup": 150,
  "iters": 300,
  "configs": [
    "BS=32, 0% pruned",
    "BS=32, 50% pruned",
    "BS=32, 80% pruned",
    "BS=64, 0% pruned",
    "BS=64, 50% pruned",
    "BS=64, 80% pruned"
  ],
  "kernels": {
    "SDPA (math, padded)": [
      5.32826,
      2.57238,
      2.10483,
      10.81998,
      5.72006,
      4.20352
    ],
    "SDPA (efficient, padded)": [
      2.12378,
      1.88952,
      1.88938,
      4.40045,
      3.75501,
      3.69885
    ],
    "SDPA (flash, padded)": [
      2.00517,
      1.84403,
      2.01421,
      3.94875,
      3.92101,
      3.56864
    ],
    "NestedTensor + SDPA": [
      8.87875,
      8.7231,
      8.72435,
      16.79918,
      16.51026,
      16.4009
    ],
    "Triton Ragged (ours)": [
      0.13619,
      0.04198,
      0.02458,
      0.34202,
      0.07925,
      0.02765
    ],
    "FlashAttention-2 (varlen)": [
      0.11162,
      0.05018,
      0.05035,
      0.26726,
      0.07168,
      0.06058
    ]
  },
  "p5": {
    "SDPA (math, padded)": [
      5.27741,
      2.56205,
      2.02854,
      10.74608,
      5.66035,
      4.18714
    ],
    "SDPA (efficient, padded)": [
      2.11149,
      1.88006,
      1.78685,
      4.38614,
      3.67475,
      3.56163
    ],
    "SDPA (flash, padded)": [
      1.9511,
      1.83395,
      1.94454,
      3.8848,
      3.72634,
      3.48592
    ],
    "NestedTensor + SDPA": [
      8.78502,
      8.63642,
      8.54019,
      16.58778,
      16.12701,
      16.00502
    ],
    "Triton Ragged (ours)": [
      0.13517,
      0.04131,
      0.02355,
      0.33178,
      0.07885,
      0.02765
    ],
    "FlashAttention-2 (varlen)": [
      0.11059,
      0.04813,
      0.04915,
      0.25293,
      0.07066,
      0.06042
    ]
  },
  "p95": {
    "SDPA (math, padded)": [
      5.39238,
      2.64106,
      2.15347,
      10.97114,
      5.88477,
      4.27603
    ],
    "SDPA (efficient, padded)": [
      2.18739,
      1.96378,
      1.9609,
      4.41856,
      3.8871,
      3.7201
    ],
    "SDPA (flash, padded)": [
      2.06806,
      1.85984,
      2.05517,
      3.98934,
      4.60698,
      3.61862
    ],
    "NestedTensor + SDPA": [
      9.33786,
      8.93648,
      9.17606,
      17.5575,
      17.31363,
      17.27693
    ],
    "Triton Ragged (ours)": [
      0.13722,
      0.04221,
      0.02662,
      0.34509,
      0.07987,
      0.02867
    ],
    "FlashAttention-2 (varlen)": [
      0.12288,
      0.05325,
      0.05341,
      0.26867,
      0.0727,
      0.06144
    ]
  }
}