{
  "gpu": "NVIDIA RTX 4000 Ada Generation",
  "sm": "SM89",
  "timing": "cuda_events_median_ms",
  "warmup": 50,
  "jit_warmup": 150,
  "iters": 300,
  "configs": [
    "BS=32, 0% pruned",
    "BS=32, 50% pruned",
    "BS=32, 80% pruned",
    "BS=64, 0% pruned",
    "BS=64, 50% pruned",
    "BS=64, 80% pruned"
  ],
  "kernels": {
    "SDPA (math, padded)": [
      5.36098,
      2.60301,
      2.12181,
      10.88406,
      5.84838,
      4.24024
    ],
    "SDPA (efficient, padded)": [
      2.2528,
      2.01219,
      2.02979,
      4.42754,
      4.02538,
      3.82434
    ],
    "SDPA (flash, padded)": [
      2.20069,
      1.97291,
      1.95939,
      4.2304,
      3.9567,
      3.97096
    ],
    "NestedTensor + SDPA": [
      8.8739,
      8.79974,
      8.75659,
      16.94158,
      16.49869,
      16.33944
    ],
    "Triton Ragged (ours)": [
      0.13619,
      0.04198,
      0.02355,
      0.34509,
      0.07987,
      0.02765
    ],
    "FlashAttention-2 (varlen)": [
      0.11162,
      0.04813,
      0.04813,
      0.26829,
      0.07168,
      0.06042
    ]
  },
  "p5": {
    "SDPA (math, padded)": [
      5.31763,
      2.53338,
      2.0992,
      10.79398,
      5.79686,
      4.14515
    ],
    "SDPA (efficient, padded)": [
      2.21254,
      1.93638,
      1.96067,
      4.40915,
      4.00698,
      3.81018
    ],
    "SDPA (flash, padded)": [
      2.13709,
      1.96166,
      1.94458,
      4.16461,
      3.94138,
      3.83997
    ],
    "NestedTensor + SDPA": [
      8.78086,
      8.71712,
      8.68966,
      16.35328,
      16.38477,
      15.95306
    ],
    "Triton Ragged (ours)": [
      0.13517,
      0.04096,
      0.02253,
      0.33178,
      0.07885,
      0.02765
    ],
    "FlashAttention-2 (varlen)": [
      0.11059,
      0.0471,
      0.0471,
      0.25293,
      0.07066,
      0.05939
    ]
  },
  "p95": {
    "SDPA (math, padded)": [
      5.41798,
      2.63987,
      2.21283,
      10.98947,
      5.96051,
      4.43376
    ],
    "SDPA (efficient, padded)": [
      2.33363,
      2.02438,
      2.07155,
      4.50253,
      4.16256,
      3.96493
    ],
    "SDPA (flash, padded)": [
      2.23664,
      1.99373,
      2.05862,
      4.35814,
      4.00787,
      4.03984
    ],
    "NestedTensor + SDPA": [
      9.31802,
      9.25491,
      9.20061,
      18.01018,
      17.06074,
      16.94106
    ],
    "Triton Ragged (ours)": [
      0.13722,
      0.04234,
      0.02458,
      0.34714,
      0.07987,
      0.02867
    ],
    "FlashAttention-2 (varlen)": [
      0.12192,
      0.05018,
      0.05018,
      0.27136,
      0.07373,
      0.06144
    ]
  }
}