{
  "gpu": "NVIDIA RTX 4000 Ada Generation",
  "sm": "SM89",
  "timing": "cuda_events_median_ms",
  "warmup": 50,
  "jit_warmup": 150,
  "iters": 300,
  "configs": [
    "BS=32, 0% pruned",
    "BS=32, 50% pruned",
    "BS=32, 80% pruned",
    "BS=64, 0% pruned",
    "BS=64, 50% pruned",
    "BS=64, 80% pruned"
  ],
  "kernels": {
    "SDPA (math, padded)": [
      5.36627,
      2.63155,
      2.13322,
      10.66546,
      5.882,
      4.08406
    ],
    "SDPA (efficient, padded)": [
      2.26714,
      2.08366,
      2.0224,
      4.31235,
      3.9251,
      3.5945
    ],
    "SDPA (flash, padded)": [
      2.13811,
      1.97827,
      1.95994,
      4.20059,
      3.8432,
      3.61677
    ],
    "NestedTensor + SDPA": [
      9.15104,
      9.05626,
      8.7687,
      16.77054,
      17.01099,
      17.00691
    ],
    "Triton Ragged (ours)": [
      0.13722,
      0.04198,
      0.0248,
      0.34509,
      0.07987,
      0.02765
    ],
    "FlashAttention-2 (varlen)": [
      0.11162,
      0.0512,
      0.0512,
      0.26522,
      0.0727,
      0.06042
    ]
  },
  "p5": {
    "SDPA (math, padded)": [
      5.32787,
      2.60195,
      2.09523,
      10.61696,
      5.72621,
      4.01306
    ],
    "SDPA (efficient, padded)": [
      2.25075,
      2.01098,
      1.9497,
      4.17792,
      3.77584,
      3.57478
    ],
    "SDPA (flash, padded)": [
      2.11882,
      1.96413,
      1.94867,
      3.99872,
      3.70656,
      3.58605
    ],
    "NestedTensor + SDPA": [
      8.89139,
      8.76096,
      8.68595,
      16.57728,
      16.4567,
      16.37171
    ],
    "Triton Ragged (ours)": [
      0.13619,
      0.04096,
      0.02458,
      0.3369,
      0.07885,
      0.02662
    ],
    "FlashAttention-2 (varlen)": [
      0.11101,
      0.05018,
      0.04915,
      0.25395,
      0.07168,
      0.05939
    ]
  },
  "p95": {
    "SDPA (math, padded)": [
      5.43642,
      2.71235,
      2.20701,
      10.84416,
      6.02288,
      4.24579
    ],
    "SDPA (efficient, padded)": [
      2.33478,
      2.10432,
      2.04176,
      4.40422,
      4.01504,
      3.80109
    ],
    "SDPA (flash, padded)": [
      2.21504,
      2.048,
      2.03264,
      4.22381,
      3.87174,
      3.75309
    ],
    "NestedTensor + SDPA": [
      9.48224,
      9.48106,
      9.22624,
      17.95904,
      17.71824,
      17.62202
    ],
    "Triton Ragged (ours)": [
      0.13926,
      0.04301,
      0.02662,
      0.34733,
      0.07987,
      0.02797
    ],
    "FlashAttention-2 (varlen)": [
      0.11267,
      0.05427,
      0.05341,
      0.26624,
      0.07373,
      0.06144
    ]
  }
}