{
  "gpu": "NVIDIA RTX 4000 Ada Generation",
  "sm": "SM89",
  "timing": "cuda_events_median_ms",
  "warmup": 50,
  "jit_warmup": 150,
  "iters": 300,
  "configs": [
    "BS=32, 0% pruned",
    "BS=32, 50% pruned",
    "BS=32, 80% pruned",
    "BS=64, 0% pruned",
    "BS=64, 50% pruned",
    "BS=64, 80% pruned"
  ],
  "kernels": {
    "SDPA (math, padded)": [
      5.30955,
      2.5563,
      2.0553,
      10.61896,
      5.65811,
      4.15642
    ],
    "SDPA (efficient, padded)": [
      2.22822,
      1.84416,
      1.81453,
      4.11838,
      3.72866,
      3.67104
    ],
    "SDPA (flash, padded)": [
      1.98285,
      1.84746,
      1.87698,
      4.05094,
      3.646,
      3.56216
    ],
    "NestedTensor + SDPA": [
      8.85206,
      8.7101,
      8.6979,
      16.60261,
      16.49058,
      16.3633
    ],
    "Triton Ragged (ours)": [
      0.13517,
      0.04198,
      0.02355,
      0.34406,
      0.07987,
      0.02765
    ],
    "FlashAttention-2 (varlen)": [
      0.11162,
      0.0471,
      0.04741,
      0.25395,
      0.07168,
      0.06042
    ]
  },
  "p5": {
    "SDPA (math, padded)": [
      5.28614,
      2.54464,
      2.04595,
      10.57178,
      5.61779,
      4.01437
    ],
    "SDPA (efficient, padded)": [
      2.20979,
      1.83526,
      1.80333,
      4.1001,
      3.71622,
      3.53581
    ],
    "SDPA (flash, padded)": [
      1.96822,
      1.82554,
      1.804,
      3.91392,
      3.59117,
      3.48672
    ],
    "NestedTensor + SDPA": [
      8.59066,
      8.63539,
      8.58522,
      16.4608,
      16.09734,
      16.19968
    ],
    "Triton Ragged (ours)": [
      0.13517,
      0.04096,
      0.02253,
      0.33178,
      0.07885,
      0.02688
    ],
    "FlashAttention-2 (varlen)": [
      0.11059,
      0.04608,
      0.04608,
      0.25293,
      0.07066,
      0.06042
    ]
  },
  "p95": {
    "SDPA (math, padded)": [
      5.40042,
      2.62582,
      2.12685,
      10.72538,
      5.78253,
      4.24448
    ],
    "SDPA (efficient, padded)": [
      2.29773,
      1.87802,
      1.88198,
      4.2537,
      3.74589,
      3.74758
    ],
    "SDPA (flash, padded)": [
      2.1033,
      1.89987,
      1.89034,
      4.07283,
      3.77958,
      3.75603
    ],
    "NestedTensor + SDPA": [
      9.32659,
      9.15187,
      9.12589,
      17.77056,
      17.50016,
      17.46842
    ],
    "Triton Ragged (ours)": [
      0.13722,
      0.04227,
      0.0256,
      0.34714,
      0.07987,
      0.02867
    ],
    "FlashAttention-2 (varlen)": [
      0.12288,
      0.05018,
      0.0512,
      0.26934,
      0.07475,
      0.06144
    ]
  }
}