{
  "gpu": "NVIDIA RTX 4000 Ada Generation",
  "sm": "SM89",
  "timing": "cuda_events_median_ms",
  "warmup": 50,
  "jit_warmup": 150,
  "iters": 300,
  "configs": [
    "BS=32, 0% pruned",
    "BS=32, 50% pruned",
    "BS=32, 80% pruned",
    "BS=64, 0% pruned",
    "BS=64, 50% pruned",
    "BS=64, 80% pruned"
  ],
  "kernels": {
    "SDPA (math, padded)": [
      5.29832,
      2.56512,
      2.07053,
      10.6455,
      5.7323,
      4.01099
    ],
    "SDPA (efficient, padded)": [
      2.11442,
      1.88293,
      1.83274,
      4.17587,
      3.7643,
      3.58123
    ],
    "SDPA (flash, padded)": [
      2.00858,
      1.83186,
      1.83547,
      4.09131,
      3.67618,
      3.58192
    ],
    "NestedTensor + SDPA": [
      8.87686,
      8.79466,
      8.76894,
      16.83045,
      16.61536,
      16.54227
    ],
    "Triton Ragged (ours)": [
      0.13619,
      0.04198,
      0.0256,
      0.34202,
      0.07987,
      0.02765
    ],
    "FlashAttention-2 (varlen)": [
      0.11094,
      0.04915,
      0.0512,
      0.25907,
      0.07168,
      0.06042
    ]
  },
  "p5": {
    "SDPA (math, padded)": [
      5.24294,
      2.53235,
      2.06131,
      10.56051,
      5.60845,
      3.97306
    ],
    "SDPA (efficient, padded)": [
      2.1024,
      1.87373,
      1.82106,
      4.15194,
      3.70586,
      3.51328
    ],
    "SDPA (flash, padded)": [
      1.98112,
      1.80838,
      1.82067,
      3.96109,
      3.66272,
      3.56762
    ],
    "NestedTensor + SDPA": [
      8.78899,
      8.65478,
      8.69792,
      16.68074,
      16.52547,
      16.44054
    ],
    "Triton Ragged (ours)": [
      0.13517,
      0.04096,
      0.02458,
      0.33075,
      0.07885,
      0.02662
    ],
    "FlashAttention-2 (varlen)": [
      0.11059,
      0.04813,
      0.05018,
      0.25293,
      0.07066,
      0.05939
    ]
  },
  "p95": {
    "SDPA (math, padded)": [
      5.35069,
      2.63853,
      2.08179,
      10.74995,
      5.82758,
      4.21242
    ],
    "SDPA (efficient, padded)": [
      2.12813,
      1.95482,
      1.89936,
      4.36122,
      3.8953,
      3.78986
    ],
    "SDPA (flash, padded)": [
      2.0656,
      1.84621,
      1.90464,
      4.12704,
      3.69539,
      3.60038
    ],
    "NestedTensor + SDPA": [
      9.27258,
      9.18733,
      9.22106,
      17.65002,
      17.43462,
      17.34349
    ],
    "Triton Ragged (ours)": [
      0.13722,
      0.04224,
      0.02662,
      0.34442,
      0.0809,
      0.02803
    ],
    "FlashAttention-2 (varlen)": [
      0.11174,
      0.0512,
      0.05427,
      0.26726,
      0.0727,
      0.06144
    ]
  }
}