{
  "gpu": "NVIDIA RTX 4000 Ada Generation",
  "sm": "SM89",
  "timing": "cuda_events_median_ms",
  "warmup": 50,
  "jit_warmup": 150,
  "iters": 300,
  "configs": [
    "BS=32, 0% pruned",
    "BS=32, 50% pruned",
    "BS=32, 80% pruned",
    "BS=64, 0% pruned",
    "BS=64, 50% pruned",
    "BS=64, 80% pruned"
  ],
  "kernels": {
    "SDPA (math, padded)": [
      5.35651,
      2.58826,
      2.09106,
      10.83083,
      5.846,
      4.13312
    ],
    "SDPA (efficient, padded)": [
      2.17202,
      1.90272,
      1.97251,
      4.42061,
      3.97776,
      3.7091
    ],
    "SDPA (flash, padded)": [
      2.01728,
      1.85549,
      2.03981,
      4.00998,
      3.94952,
      3.74682
    ],
    "NestedTensor + SDPA": [
      9.18088,
      9.09734,
      9.14432,
      17.40203,
      17.18243,
      17.09499
    ],
    "Triton Ragged (ours)": [
      0.13619,
      0.04198,
      0.02253,
      0.34304,
      0.0792,
      0.02765
    ],
    "FlashAttention-2 (varlen)": [
      0.11162,
      0.0524,
      0.05123,
      0.26624,
      0.07168,
      0.06074
    ]
  },
  "p5": {
    "SDPA (math, padded)": [
      5.28496,
      2.57734,
      2.0488,
      10.7744,
      5.75667,
      4.09702
    ],
    "SDPA (efficient, padded)": [
      2.1239,
      1.86787,
      1.80845,
      4.11136,
      3.7417,
      3.55354
    ],
    "SDPA (flash, padded)": [
      1.96621,
      1.84634,
      1.9671,
      3.91693,
      3.88813,
      3.55318
    ],
    "NestedTensor + SDPA": [
      9.05728,
      8.89267,
      9.06624,
      17.16646,
      17.03322,
      16.68595
    ],
    "Triton Ragged (ours)": [
      0.13517,
      0.04096,
      0.0215,
      0.33178,
      0.07885,
      0.02765
    ],
    "FlashAttention-2 (varlen)": [
      0.11059,
      0.0512,
      0.05018,
      0.25395,
      0.07066,
      0.06042
    ]
  },
  "p95": {
    "SDPA (math, padded)": [
      5.38214,
      2.66723,
      2.16867,
      10.90458,
      5.91667,
      4.2967
    ],
    "SDPA (efficient, padded)": [
      2.20461,
      1.96915,
      2.07469,
      4.57216,
      4.15238,
      3.83386
    ],
    "SDPA (flash, padded)": [
      2.09923,
      1.93126,
      2.08077,
      4.39878,
      4.08752,
      3.83357
    ],
    "NestedTensor + SDPA": [
      11.91322,
      9.18426,
      9.59776,
      18.24976,
      17.5831,
      18.22698
    ],
    "Triton Ragged (ours)": [
      0.13722,
      0.04301,
      0.02394,
      0.34611,
      0.07987,
      0.02867
    ],
    "FlashAttention-2 (varlen)": [
      0.11264,
      0.0553,
      0.05427,
      0.26829,
      0.07283,
      0.06144
    ]
  }
}