{
  "gpu": "NVIDIA RTX 4000 Ada Generation",
  "sm": "SM89",
  "timing": "cuda_events_median_ms",
  "warmup": 50,
  "jit_warmup": 150,
  "iters": 300,
  "configs": [
    "BS=32, 0% pruned",
    "BS=32, 50% pruned",
    "BS=32, 80% pruned",
    "BS=64, 0% pruned",
    "BS=64, 50% pruned",
    "BS=64, 80% pruned"
  ],
  "kernels": {
    "SDPA (math, padded)": [
      5.34506,
      2.63834,
      2.1457,
      10.75502,
      5.79112,
      4.24429
    ],
    "SDPA (efficient, padded)": [
      2.16803,
      1.94765,
      1.93635,
      4.28022,
      4.00106,
      3.78926
    ],
    "SDPA (flash, padded)": [
      1.98659,
      1.90362,
      1.94253,
      3.95042,
      4.03446,
      3.79056
    ],
    "NestedTensor + SDPA": [
      9.18949,
      9.53691,
      9.11035,
      17.37062,
      17.15654,
      17.18645
    ],
    "Triton Ragged (ours)": [
      0.13619,
      0.04198,
      0.02458,
      0.34406,
      0.07987,
      0.02765
    ],
    "FlashAttention-2 (varlen)": [
      0.11162,
      0.05222,
      0.0553,
      0.26624,
      0.07168,
      0.06042
    ]
  },
  "p5": {
    "SDPA (math, padded)": [
      5.26643,
      2.62656,
      2.07021,
      10.60352,
      5.71606,
      4.09293
    ],
    "SDPA (efficient, padded)": [
      2.10141,
      1.87565,
      1.88941,
      4.13862,
      3.95776,
      3.75706
    ],
    "SDPA (flash, padded)": [
      1.97632,
      1.82973,
      1.92496,
      3.93421,
      3.90243,
      3.75296
    ],
    "NestedTensor + SDPA": [
      8.9281,
      9.03085,
      8.89168,
      16.95536,
      16.77846,
      16.95334
    ],
    "Triton Ragged (ours)": [
      0.13517,
      0.04096,
      0.02355,
      0.33178,
      0.07885,
      0.02662
    ],
    "FlashAttention-2 (varlen)": [
      0.11059,
      0.0512,
      0.05427,
      0.25395,
      0.07066,
      0.05939
    ]
  },
  "p95": {
    "SDPA (math, padded)": [
      5.38746,
      2.67974,
      2.16275,
      11.05306,
      5.87274,
      4.27942
    ],
    "SDPA (efficient, padded)": [
      2.18445,
      1.95997,
      1.95174,
      4.37267,
      4.13885,
      3.92986
    ],
    "SDPA (flash, padded)": [
      1.99843,
      1.94669,
      2.01187,
      3.9697,
      4.07552,
      3.99062
    ],
    "NestedTensor + SDPA": [
      9.67402,
      9.81533,
      9.56518,
      18.05517,
      18.02128,
      18.02848
    ],
    "Triton Ragged (ours)": [
      0.13722,
      0.04301,
      0.0256,
      0.34611,
      0.07987,
      0.02787
    ],
    "FlashAttention-2 (varlen)": [
      0.11264,
      0.05456,
      0.05837,
      0.27034,
      0.0727,
      0.06144
    ]
  }
}