{
  "gpu": "NVIDIA RTX 4000 Ada Generation",
  "sm": "SM89",
  "timing": "cuda_events_median_ms",
  "warmup": 50,
  "jit_warmup": 150,
  "iters": 300,
  "configs": [
    "BS=32, 0% pruned",
    "BS=32, 50% pruned",
    "BS=32, 80% pruned",
    "BS=64, 0% pruned",
    "BS=64, 50% pruned",
    "BS=64, 80% pruned"
  ],
  "kernels": {
    "SDPA (math, padded)": [
      5.35962,
      2.62779,
      2.09214,
      10.64602,
      5.94469,
      4.14334
    ],
    "SDPA (efficient, padded)": [
      2.19034,
      2.03093,
      1.8473,
      4.17587,
      4.15374,
      3.59245
    ],
    "SDPA (flash, padded)": [
      2.00326,
      1.97555,
      1.91192,
      4.1156,
      3.91534,
      3.60474
    ],
    "NestedTensor + SDPA": [
      9.20077,
      9.11968,
      9.11053,
      17.42142,
      17.12907,
      17.14565
    ],
    "Triton Ragged (ours)": [
      0.13619,
      0.04198,
      0.02355,
      0.34413,
      0.07987,
      0.02765
    ],
    "FlashAttention-2 (varlen)": [
      0.11162,
      0.05325,
      0.05246,
      0.26726,
      0.07168,
      0.06042
    ]
  },
  "p5": {
    "SDPA (math, padded)": [
      5.28691,
      2.59165,
      2.08301,
      10.61293,
      5.77843,
      4.09408
    ],
    "SDPA (efficient, padded)": [
      2.1808,
      2.00406,
      1.83843,
      4.16256,
      4.00886,
      3.57725
    ],
    "SDPA (flash, padded)": [
      1.98941,
      1.96374,
      1.83706,
      3.97274,
      3.70512,
      3.58816
    ],
    "NestedTensor + SDPA": [
      8.99491,
      9.03795,
      9.04397,
      17.23488,
      16.89293,
      17.01472
    ],
    "Triton Ragged (ours)": [
      0.13517,
      0.04096,
      0.02253,
      0.33197,
      0.07885,
      0.02662
    ],
    "FlashAttention-2 (varlen)": [
      0.11059,
      0.0512,
      0.0512,
      0.25293,
      0.07066,
      0.05939
    ]
  },
  "p95": {
    "SDPA (math, padded)": [
      5.39267,
      2.6727,
      2.10458,
      10.76806,
      6.0568,
      4.29568
    ],
    "SDPA (efficient, padded)": [
      2.20768,
      2.10714,
      1.92102,
      4.31926,
      4.22598,
      3.61165
    ],
    "SDPA (flash, padded)": [
      2.0736,
      2.048,
      1.9241,
      4.13594,
      3.95674,
      3.62627
    ],
    "NestedTensor + SDPA": [
      9.2713,
      9.55258,
      9.55392,
      18.29571,
      17.9159,
      18.2999
    ],
    "Triton Ragged (ours)": [
      0.13722,
      0.04234,
      0.0247,
      0.34714,
      0.0799,
      0.02794
    ],
    "FlashAttention-2 (varlen)": [
      0.12205,
      0.0553,
      0.0553,
      0.27034,
      0.07475,
      0.06144
    ]
  }
}