{
  "gpu": "NVIDIA RTX 4000 Ada Generation",
  "sm": "SM89",
  "timing": "cuda_events_median_ms",
  "warmup": 50,
  "jit_warmup": 150,
  "iters": 300,
  "configs": [
    "BS=32, 0% pruned",
    "BS=32, 50% pruned",
    "BS=32, 80% pruned",
    "BS=64, 0% pruned",
    "BS=64, 50% pruned",
    "BS=64, 80% pruned"
  ],
  "kernels": {
    "SDPA (math, padded)": [
      5.79082,
      2.68219,
      2.15043,
      10.88531,
      5.85318,
      4.09021
    ],
    "SDPA (efficient, padded)": [
      2.18773,
      1.96378,
      1.90491,
      4.34896,
      3.91486,
      3.72019
    ],
    "SDPA (flash, padded)": [
      2.06562,
      1.92466,
      1.85741,
      4.1216,
      3.82874,
      3.7233
    ],
    "NestedTensor + SDPA": [
      9.79872,
      9.6128,
      9.71622,
      18.01786,
      17.9679,
      17.65923
    ],
    "Triton Ragged (ours)": [
      0.13722,
      0.04198,
      0.02458,
      0.34611,
      0.07987,
      0.02765
    ],
    "FlashAttention-2 (varlen)": [
      0.11366,
      0.05734,
      0.05734,
      0.25331,
      0.0727,
      0.06042
    ]
  },
  "p5": {
    "SDPA (math, padded)": [
      5.3504,
      2.63866,
      2.08896,
      10.62794,
      5.6832,
      4.04787
    ],
    "SDPA (efficient, padded)": [
      2.12259,
      1.89235,
      1.82995,
      4.17491,
      3.76922,
      3.58093
    ],
    "SDPA (flash, padded)": [
      1.99568,
      1.84387,
      1.82989,
      3.97283,
      3.68429,
      3.57581
    ],
    "NestedTensor + SDPA": [
      9.23546,
      9.1648,
      9.19562,
      17.38163,
      17.25642,
      17.15917
    ],
    "Triton Ragged (ours)": [
      0.13619,
      0.04138,
      0.02355,
      0.33587,
      0.07885,
      0.02662
    ],
    "FlashAttention-2 (varlen)": [
      0.11264,
      0.03693,
      0.05632,
      0.2519,
      0.07168,
      0.06042
    ]
  },
  "p95": {
    "SDPA (math, padded)": [
      6.3191,
      3.2041,
      2.66342,
      11.36339,
      6.41434,
      4.71523
    ],
    "SDPA (efficient, padded)": [
      2.72682,
      2.44262,
      2.41562,
      4.89786,
      4.4673,
      4.28954
    ],
    "SDPA (flash, padded)": [
      2.59174,
      2.48019,
      2.40128,
      4.70304,
      4.39808,
      4.24243
    ],
    "NestedTensor + SDPA": [
      10.33728,
      10.07293,
      10.16758,
      18.78835,
      18.56317,
      18.5129
    ],
    "Triton Ragged (ours)": [
      0.14234,
      0.04301,
      0.02573,
      0.35021,
      0.0809,
      0.02867
    ],
    "FlashAttention-2 (varlen)": [
      0.11674,
      0.05974,
      0.06042,
      0.26624,
      0.07398,
      0.06144
    ]
  }
}