{
  "gpu": "NVIDIA RTX 4000 Ada Generation",
  "sm": "SM89",
  "timing": "cuda_events_median_ms",
  "warmup": 50,
  "jit_warmup": 150,
  "iters": 300,
  "configs": [
    "BS=32, 0% pruned",
    "BS=32, 50% pruned",
    "BS=32, 80% pruned",
    "BS=64, 0% pruned",
    "BS=64, 50% pruned",
    "BS=64, 80% pruned"
  ],
  "kernels": {
    "SDPA (math, padded)": [
      5.39323,
      2.58253,
      2.08176,
      10.76643,
      5.72005,
      4.14483
    ],
    "SDPA (efficient, padded)": [
      2.19048,
      1.97325,
      1.84326,
      4.25683,
      3.78638,
      3.59234
    ],
    "SDPA (flash, padded)": [
      2.07045,
      1.9168,
      1.84118,
      4.00384,
      3.72554,
      3.60379
    ],
    "NestedTensor + SDPA": [
      9.29622,
      9.20723,
      9.58674,
      17.51347,
      17.86931,
      17.1561
    ],
    "Triton Ragged (ours)": [
      0.13619,
      0.04198,
      0.02355,
      0.34406,
      0.07987,
      0.02765
    ],
    "FlashAttention-2 (varlen)": [
      0.11264,
      0.05222,
      0.05325,
      0.26829,
      0.07107,
      0.0608
    ]
  },
  "p5": {
    "SDPA (math, padded)": [
      5.32662,
      2.57024,
      2.04525,
      10.62979,
      5.61891,
      3.99872
    ],
    "SDPA (efficient, padded)": [
      2.12874,
      1.89958,
      1.8096,
      4.10858,
      3.72038,
      3.57974
    ],
    "SDPA (flash, padded)": [
      1.99894,
      1.8473,
      1.80851,
      3.98234,
      3.70278,
      3.58493
    ],
    "NestedTensor + SDPA": [
      9.20128,
      8.93821,
      9.14534,
      17.36074,
      17.20934,
      16.76493
    ],
    "Triton Ragged (ours)": [
      0.13517,
      0.04096,
      0.02253,
      0.332,
      0.07885,
      0.02765
    ],
    "FlashAttention-2 (varlen)": [
      0.11059,
      0.05018,
      0.0512,
      0.25293,
      0.07066,
      0.06042
    ]
  },
  "p95": {
    "SDPA (math, padded)": [
      5.43034,
      2.65952,
      2.10822,
      10.86054,
      5.82454,
      4.24346
    ],
    "SDPA (efficient, padded)": [
      2.23363,
      1.98531,
      1.8511,
      4.39501,
      3.80102,
      3.73261
    ],
    "SDPA (flash, padded)": [
      2.08365,
      1.92717,
      1.84918,
      4.14618,
      3.86458,
      3.79936
    ],
    "NestedTensor + SDPA": [
      9.7833,
      9.67885,
      9.88026,
      18.45862,
      18.29581,
      18.05312
    ],
    "Triton Ragged (ours)": [
      0.13722,
      0.04301,
      0.02458,
      0.34714,
      0.07987,
      0.02867
    ],
    "FlashAttention-2 (varlen)": [
      0.11469,
      0.0553,
      0.05542,
      0.27136,
      0.07206,
      0.06144
    ]
  }
}