{
  "gpu": "NVIDIA RTX 4000 Ada Generation",
  "sm": "SM89",
  "timing": "cuda_events_median_ms",
  "warmup": 50,
  "jit_warmup": 150,
  "iters": 300,
  "configs": [
    "BS=32, 0% pruned",
    "BS=32, 50% pruned",
    "BS=32, 80% pruned",
    "BS=64, 0% pruned",
    "BS=64, 50% pruned",
    "BS=64, 80% pruned"
  ],
  "kernels": {
    "SDPA (math, padded)": [
      5.37202,
      2.56952,
      2.18674,
      10.67414,
      5.78714,
      4.4337
    ],
    "SDPA (efficient, padded)": [
      2.2004,
      1.88816,
      2.05053,
      4.29166,
      3.77973,
      3.80622
    ],
    "SDPA (flash, padded)": [
      2.0695,
      1.83698,
      1.8647,
      3.97619,
      3.84976,
      3.81744
    ],
    "NestedTensor + SDPA": [
      9.15934,
      9.49938,
      9.1667,
      17.46227,
      17.50978,
      17.93938
    ],
    "Triton Ragged (ours)": [
      0.13722,
      0.04198,
      0.02355,
      0.34406,
      0.08192,
      0.02765
    ],
    "FlashAttention-2 (varlen)": [
      0.11264,
      0.0553,
      0.05325,
      0.26112,
      0.07168,
      0.06042
    ]
  },
  "p5": {
    "SDPA (math, padded)": [
      5.29408,
      2.56166,
      2.13194,
      10.62298,
      5.67501,
      4.29261
    ],
    "SDPA (efficient, padded)": [
      2.13402,
      1.85978,
      1.9456,
      4.15254,
      3.76083,
      3.73232
    ],
    "SDPA (flash, padded)": [
      2.00419,
      1.8127,
      1.78803,
      3.96464,
      3.74688,
      3.49696
    ],
    "NestedTensor + SDPA": [
      9.08288,
      9.03475,
      9.02544,
      17.27405,
      16.88707,
      17.02877
    ],
    "Triton Ragged (ours)": [
      0.13619,
      0.04096,
      0.02253,
      0.33382,
      0.08192,
      0.02662
    ],
    "FlashAttention-2 (varlen)": [
      0.11162,
      0.05427,
      0.0512,
      0.25293,
      0.07066,
      0.05939
    ]
  },
  "p95": {
    "SDPA (math, padded)": [
      5.42144,
      2.58246,
      2.2033,
      10.82202,
      5.90662,
      4.51888
    ],
    "SDPA (efficient, padded)": [
      2.20979,
      1.89712,
      2.06746,
      4.31392,
      3.97818,
      4.00768
    ],
    "SDPA (flash, padded)": [
      2.0857,
      1.86189,
      2.02445,
      3.9936,
      4.06704,
      4.01203
    ],
    "NestedTensor + SDPA": [
      11.91731,
      9.75501,
      9.59795,
      18.32653,
      18.46973,
      18.43318
    ],
    "Triton Ragged (ours)": [
      0.13926,
      0.04301,
      0.02458,
      0.34714,
      0.08294,
      0.02774
    ],
    "FlashAttention-2 (varlen)": [
      0.11366,
      0.05837,
      0.0553,
      0.26214,
      0.07578,
      0.06144
    ]
  }
}