{
  "gpu": "NVIDIA RTX 4000 Ada Generation",
  "sm": "SM89",
  "timing": "cuda_events_median_ms",
  "warmup": 50,
  "jit_warmup": 150,
  "iters": 300,
  "configs": [
    "BS=32, 0% pruned",
    "BS=32, 50% pruned",
    "BS=32, 80% pruned",
    "BS=64, 0% pruned",
    "BS=64, 50% pruned",
    "BS=64, 80% pruned"
  ],
  "kernels": {
    "SDPA (math, padded)": [
      5.33299,
      2.6665,
      2.10042,
      10.84443,
      5.71926,
      4.0693
    ],
    "SDPA (efficient, padded)": [
      2.30542,
      2.08179,
      1.95482,
      4.42778,
      3.71411,
      3.5745
    ],
    "SDPA (flash, padded)": [
      2.12683,
      1.92765,
      1.95174,
      4.2259,
      3.68949,
      3.5799
    ],
    "NestedTensor + SDPA": [
      8.8781,
      8.85904,
      8.84685,
      16.84378,
      16.51608,
      16.42854
    ],
    "Triton Ragged (ours)": [
      0.13619,
      0.04198,
      0.0259,
      0.34304,
      0.07987,
      0.02765
    ],
    "FlashAttention-2 (varlen)": [
      0.11366,
      0.04813,
      0.05222,
      0.2601,
      0.07168,
      0.06042
    ]
  },
  "p5": {
    "SDPA (math, padded)": [
      5.30246,
      2.59277,
      2.07997,
      10.57002,
      5.66682,
      4.05302
    ],
    "SDPA (efficient, padded)": [
      2.22995,
      2.00714,
      1.93405,
      4.41037,
      3.70074,
      3.56032
    ],
    "SDPA (flash, padded)": [
      2.11046,
      1.88006,
      1.94323,
      4.20352,
      3.62378,
      3.56634
    ],
    "NestedTensor + SDPA": [
      8.79014,
      8.62736,
      8.76646,
      16.56422,
      16.34326,
      16.14435
    ],
    "Triton Ragged (ours)": [
      0.13517,
      0.04096,
      0.0256,
      0.33178,
      0.07885,
      0.02662
    ],
    "FlashAttention-2 (varlen)": [
      0.11059,
      0.0471,
      0.0512,
      0.25302,
      0.07066,
      0.05939
    ]
  },
  "p95": {
    "SDPA (math, padded)": [
      5.39632,
      2.70653,
      2.176,
      10.9575,
      5.81926,
      4.25238
    ],
    "SDPA (efficient, padded)": [
      2.34906,
      2.1208,
      1.96483,
      4.62643,
      3.77958,
      3.71446
    ],
    "SDPA (flash, padded)": [
      2.19853,
      2.044,
      1.96234,
      4.37539,
      3.70995,
      3.72461
    ],
    "NestedTensor + SDPA": [
      9.28739,
      9.40141,
      9.45344,
      17.39776,
      17.35094,
      17.2073
    ],
    "Triton Ragged (ours)": [
      0.13722,
      0.04237,
      0.02765,
      0.34611,
      0.07987,
      0.02784
    ],
    "FlashAttention-2 (varlen)": [
      0.11571,
      0.0512,
      0.0553,
      0.27136,
      0.07203,
      0.06144
    ]
  }
}