{
  "gpu": "NVIDIA RTX 4000 Ada Generation",
  "sm": "SM89",
  "timing": "cuda_events_median_ms",
  "warmup": 50,
  "jit_warmup": 150,
  "iters": 300,
  "configs": [
    "BS=32, 0% pruned",
    "BS=32, 50% pruned",
    "BS=32, 80% pruned",
    "BS=64, 0% pruned",
    "BS=64, 50% pruned",
    "BS=64, 80% pruned"
  ],
  "kernels": {
    "SDPA (math, padded)": [
      5.31042,
      2.6399,
      2.0777,
      10.70178,
      5.89638,
      4.2128
    ],
    "SDPA (efficient, padded)": [
      2.11661,
      1.95686,
      1.83139,
      4.13795,
      3.77315,
      3.58298
    ],
    "SDPA (flash, padded)": [
      1.99762,
      1.83914,
      1.82477,
      3.96698,
      3.70176,
      3.81978
    ],
    "NestedTensor + SDPA": [
      8.91392,
      8.82888,
      8.81366,
      17.32454,
      16.67123,
      16.49848
    ],
    "Triton Ragged (ours)": [
      0.13619,
      0.04198,
      0.02355,
      0.34306,
      0.07987,
      0.02765
    ],
    "FlashAttention-2 (varlen)": [
      0.11162,
      0.0492,
      0.04915,
      0.25498,
      0.07168,
      0.06042
    ]
  },
  "p5": {
    "SDPA (math, padded)": [
      5.23398,
      2.56829,
      2.06848,
      10.58826,
      5.67379,
      4.0737
    ],
    "SDPA (efficient, padded)": [
      2.08195,
      1.88621,
      1.82272,
      4.0041,
      3.67958,
      3.4952
    ],
    "SDPA (flash, padded)": [
      1.98861,
      1.80224,
      1.80003,
      3.90646,
      3.68806,
      3.80304
    ],
    "NestedTensor + SDPA": [
      8.81443,
      8.75334,
      8.64138,
      16.7465,
      16.5273,
      16.39424
    ],
    "Triton Ragged (ours)": [
      0.13517,
      0.04096,
      0.02253,
      0.33178,
      0.07885,
      0.02662
    ],
    "FlashAttention-2 (varlen)": [
      0.11059,
      0.04813,
      0.04813,
      0.25293,
      0.07066,
      0.05939
    ]
  },
  "p95": {
    "SDPA (math, padded)": [
      5.7832,
      2.65747,
      2.14227,
      10.82266,
      5.92589,
      4.23741
    ],
    "SDPA (efficient, padded)": [
      2.17293,
      1.9671,
      1.93741,
      4.18016,
      3.91782,
      3.81021
    ],
    "SDPA (flash, padded)": [
      2.0063,
      1.95171,
      1.83398,
      3.98579,
      3.7161,
      3.86992
    ],
    "NestedTensor + SDPA": [
      9.36861,
      9.26131,
      9.22931,
      18.01837,
      17.5063,
      17.34845
    ],
    "Triton Ragged (ours)": [
      0.13722,
      0.04301,
      0.02464,
      0.34611,
      0.0799,
      0.02803
    ],
    "FlashAttention-2 (varlen)": [
      0.12186,
      0.05222,
      0.05222,
      0.27066,
      0.07373,
      0.06144
    ]
  }
}