{
  "gpu": "NVIDIA RTX 4000 Ada Generation",
  "sm": "SM89",
  "timing": "cuda_events_median_ms",
  "warmup": 50,
  "jit_warmup": 150,
  "iters": 300,
  "configs": [
    "BS=32, 0% pruned",
    "BS=32, 50% pruned",
    "BS=32, 80% pruned",
    "BS=64, 0% pruned",
    "BS=64, 50% pruned",
    "BS=64, 80% pruned"
  ],
  "kernels": {
    "SDPA (math, padded)": [
      5.31638,
      2.55496,
      2.05318,
      10.5809,
      5.66125,
      4.08883
    ],
    "SDPA (efficient, padded)": [
      2.23099,
      1.87162,
      1.79066,
      4.12725,
      3.7376,
      3.77616
    ],
    "SDPA (flash, padded)": [
      2.10744,
      1.82638,
      1.81658,
      3.94035,
      3.6608,
      3.78078
    ],
    "NestedTensor + SDPA": [
      8.94878,
      8.79544,
      8.7612,
      16.90107,
      16.62154,
      16.57344
    ],
    "Triton Ragged (ours)": [
      0.13619,
      0.04198,
      0.02458,
      0.34202,
      0.07987,
      0.02765
    ],
    "FlashAttention-2 (varlen)": [
      0.11162,
      0.0471,
      0.04915,
      0.26522,
      0.07168,
      0.06042
    ]
  },
  "p5": {
    "SDPA (math, padded)": [
      5.28282,
      2.54362,
      2.016,
      10.53453,
      5.63626,
      4.05709
    ],
    "SDPA (efficient, padded)": [
      2.22,
      1.86086,
      1.78074,
      4.11104,
      3.72634,
      3.75837
    ],
    "SDPA (flash, padded)": [
      2.08806,
      1.77952,
      1.80621,
      3.92,
      3.64237,
      3.76198
    ],
    "NestedTensor + SDPA": [
      8.81376,
      8.6473,
      8.70093,
      16.44122,
      16.21504,
      16.39216
    ],
    "Triton Ragged (ours)": [
      0.13517,
      0.04096,
      0.02355,
      0.33075,
      0.07885,
      0.02662
    ],
    "FlashAttention-2 (varlen)": [
      0.11059,
      0.04608,
      0.0471,
      0.25395,
      0.07066,
      0.05939
    ]
  },
  "p95": {
    "SDPA (math, padded)": [
      5.36685,
      2.62522,
      2.06438,
      10.68157,
      5.78963,
      4.23706
    ],
    "SDPA (efficient, padded)": [
      2.24851,
      1.93946,
      1.81862,
      4.15648,
      3.75366,
      3.81734
    ],
    "SDPA (flash, padded)": [
      2.1793,
      1.85651,
      1.89024,
      4.0745,
      3.79917,
      3.79616
    ],
    "NestedTensor + SDPA": [
      9.30845,
      9.22723,
      8.83507,
      17.75808,
      17.408,
      17.39088
    ],
    "Triton Ragged (ours)": [
      0.13722,
      0.04234,
      0.0256,
      0.34509,
      0.07987,
      0.02781
    ],
    "FlashAttention-2 (varlen)": [
      0.12186,
      0.05018,
      0.0512,
      0.26624,
      0.07373,
      0.06144
    ]
  }
}