{
  "gpu": "NVIDIA RTX 4000 Ada Generation",
  "sm": "SM89",
  "timing": "cuda_events_median_ms",
  "warmup": 50,
  "jit_warmup": 150,
  "iters": 300,
  "configs": [
    "BS=32, 0% pruned",
    "BS=32, 50% pruned",
    "BS=32, 80% pruned",
    "BS=64, 0% pruned",
    "BS=64, 50% pruned",
    "BS=64, 80% pruned"
  ],
  "kernels": {
    "SDPA (math, padded)": [
      5.32331,
      2.59277,
      2.14747,
      10.65818,
      5.69235,
      4.06528
    ],
    "SDPA (efficient, padded)": [
      2.11891,
      1.96198,
      1.83589,
      4.17744,
      3.77462,
      3.58354
    ],
    "SDPA (flash, padded)": [
      1.99565,
      1.90982,
      1.84218,
      4.10965,
      3.7217,
      3.58502
    ],
    "NestedTensor + SDPA": [
      9.20285,
      9.19104,
      9.11461,
      17.49701,
      17.23187,
      17.11051
    ],
    "Triton Ragged (ours)": [
      0.13619,
      0.04198,
      0.02382,
      0.34406,
      0.07987,
      0.02765
    ],
    "FlashAttention-2 (varlen)": [
      0.11162,
      0.05632,
      0.05325,
      0.25907,
      0.07168,
      0.06042
    ]
  },
  "p5": {
    "SDPA (math, padded)": [
      5.26538,
      2.53206,
      2.13709,
      10.59968,
      5.66701,
      4.04685
    ],
    "SDPA (efficient, padded)": [
      2.10394,
      1.88928,
      1.82682,
      4.10522,
      3.75606,
      3.56045
    ],
    "SDPA (flash, padded)": [
      1.98144,
      1.83782,
      1.82883,
      3.96902,
      3.67597,
      3.56762
    ],
    "NestedTensor + SDPA": [
      9.01101,
      9.09722,
      9.03085,
      17.2135,
      16.81754,
      16.83776
    ],
    "Triton Ragged (ours)": [
      0.13517,
      0.04096,
      0.02355,
      0.33178,
      0.07885,
      0.02685
    ],
    "FlashAttention-2 (varlen)": [
      0.11059,
      0.05222,
      0.0512,
      0.25498,
      0.07066,
      0.05939
    ]
  },
  "p95": {
    "SDPA (math, padded)": [
      5.38243,
      2.64704,
      2.19251,
      10.75069,
      5.82246,
      4.08374
    ],
    "SDPA (efficient, padded)": [
      2.18512,
      1.99987,
      1.84531,
      4.34176,
      3.91373,
      3.71888
    ],
    "SDPA (flash, padded)": [
      2.00602,
      1.92419,
      1.91078,
      4.14131,
      3.84717,
      3.72237
    ],
    "NestedTensor + SDPA": [
      9.58874,
      9.6512,
      9.59488,
      18.69434,
      18.13299,
      17.88723
    ],
    "Triton Ragged (ours)": [
      0.13722,
      0.04237,
      0.0256,
      0.34714,
      0.07987,
      0.02867
    ],
    "FlashAttention-2 (varlen)": [
      0.11264,
      0.05939,
      0.05632,
      0.26947,
      0.07213,
      0.06144
    ]
  }
}