{
  "gpu": "NVIDIA RTX 4000 Ada Generation",
  "sm": "SM89",
  "timing": "cuda_events_median_ms",
  "warmup": 50,
  "jit_warmup": 150,
  "iters": 300,
  "configs": [
    "BS=32, 0% pruned",
    "BS=32, 50% pruned",
    "BS=32, 80% pruned",
    "BS=64, 0% pruned",
    "BS=64, 50% pruned",
    "BS=64, 80% pruned"
  ],
  "kernels": {
    "SDPA (math, padded)": [
      5.34381,
      2.64293,
      2.12571,
      10.81139,
      5.80555,
      4.1841
    ],
    "SDPA (efficient, padded)": [
      2.18755,
      1.95589,
      1.87597,
      4.2917,
      3.91675,
      3.56691
    ],
    "SDPA (flash, padded)": [
      2.00277,
      1.91843,
      1.82357,
      4.09819,
      3.91166,
      3.70478
    ],
    "NestedTensor + SDPA": [
      9.29394,
      9.2421,
      9.18786,
      17.52253,
      17.43862,
      17.39008
    ],
    "Triton Ragged (ours)": [
      0.13722,
      0.04198,
      0.02355,
      0.34509,
      0.07987,
      0.02765
    ],
    "FlashAttention-2 (varlen)": [
      0.11366,
      0.05018,
      0.05018,
      0.25309,
      0.0727,
      0.06042
    ]
  },
  "p5": {
    "SDPA (math, padded)": [
      5.23674,
      2.5664,
      2.05312,
      10.61274,
      5.66483,
      4.03037
    ],
    "SDPA (efficient, padded)": [
      2.09718,
      1.88131,
      1.8096,
      4.1409,
      3.76422,
      3.54122
    ],
    "SDPA (flash, padded)": [
      1.97427,
      1.85139,
      1.80848,
      3.95158,
      3.74851,
      3.56454
    ],
    "NestedTensor + SDPA": [
      8.8504,
      8.78902,
      8.748,
      16.81408,
      16.73482,
      16.57978
    ],
    "Triton Ragged (ours)": [
      0.13619,
      0.04198,
      0.01539,
      0.3369,
      0.07885,
      0.02765
    ],
    "FlashAttention-2 (varlen)": [
      0.11264,
      0.03904,
      0.03277,
      0.2519,
      0.07168,
      0.06042
    ]
  },
  "p95": {
    "SDPA (math, padded)": [
      5.88186,
      3.17338,
      2.65322,
      11.37664,
      6.3273,
      4.72566
    ],
    "SDPA (efficient, padded)": [
      2.71872,
      2.48966,
      2.35418,
      4.85373,
      4.44819,
      4.17581
    ],
    "SDPA (flash, padded)": [
      2.41584,
      2.44531,
      2.39309,
      4.65706,
      4.46771,
      4.24141
    ],
    "NestedTensor + SDPA": [
      9.7873,
      9.69606,
      9.6041,
      18.2016,
      18.00582,
      18.06848
    ],
    "Triton Ragged (ours)": [
      0.14234,
      0.04301,
      0.02458,
      0.34928,
      0.08,
      0.02867
    ],
    "FlashAttention-2 (varlen)": [
      0.11776,
      0.05325,
      0.05325,
      0.26726,
      0.07389,
      0.06144
    ]
  }
}