{
  "gpu": "NVIDIA RTX 4000 Ada Generation",
  "sm": "SM89",
  "timing": "cuda_events_median_ms",
  "warmup": 50,
  "jit_warmup": 150,
  "iters": 300,
  "configs": [
    "BS=32, 0% pruned",
    "BS=32, 50% pruned",
    "BS=32, 80% pruned",
    "BS=64, 0% pruned",
    "BS=64, 50% pruned",
    "BS=64, 80% pruned"
  ],
  "kernels": {
    "SDPA (math, padded)": [
      5.40894,
      2.58371,
      2.20413,
      10.6771,
      5.74499,
      4.16154
    ],
    "SDPA (efficient, padded)": [
      2.34453,
      1.90771,
      1.91899,
      4.20856,
      3.80109,
      3.74168
    ],
    "SDPA (flash, padded)": [
      2.13296,
      1.85651,
      1.85253,
      4.0159,
      3.86458,
      3.69715
    ],
    "NestedTensor + SDPA": [
      9.21712,
      9.51142,
      9.10882,
      17.34086,
      17.40725,
      17.0455
    ],
    "Triton Ragged (ours)": [
      0.13533,
      0.04198,
      0.02458,
      0.34406,
      0.0792,
      0.02765
    ],
    "FlashAttention-2 (varlen)": [
      0.11162,
      0.05045,
      0.05427,
      0.26829,
      0.07168,
      0.06042
    ]
  },
  "p5": {
    "SDPA (math, padded)": [
      5.32134,
      2.57418,
      2.09203,
      10.62326,
      5.6832,
      4.07859
    ],
    "SDPA (efficient, padded)": [
      2.25283,
      1.89818,
      1.84698,
      4.19123,
      3.78339,
      3.5975
    ],
    "SDPA (flash, padded)": [
      2.0999,
      1.8473,
      1.84211,
      3.99366,
      3.72326,
      3.60109
    ],
    "NestedTensor + SDPA": [
      9.00915,
      9.08931,
      9.00976,
      17.21446,
      16.93286,
      16.81818
    ],
    "Triton Ragged (ours)": [
      0.1345,
      0.04096,
      0.02355,
      0.3328,
      0.07885,
      0.02765
    ],
    "FlashAttention-2 (varlen)": [
      0.11059,
      0.04915,
      0.05222,
      0.25293,
      0.07066,
      0.05939
    ]
  },
  "p95": {
    "SDPA (math, padded)": [
      5.44832,
      2.59789,
      2.21885,
      10.73133,
      5.80842,
      4.24653
    ],
    "SDPA (efficient, padded)": [
      2.37651,
      1.91622,
      1.93229,
      4.34598,
      3.83603,
      3.7624
    ],
    "SDPA (flash, padded)": [
      2.21286,
      1.86784,
      1.92512,
      4.16045,
      3.9423,
      3.76298
    ],
    "NestedTensor + SDPA": [
      9.65974,
      9.85024,
      9.5712,
      18.25066,
      18.4871,
      17.60461
    ],
    "Triton Ragged (ours)": [
      0.13722,
      0.04234,
      0.02662,
      0.34714,
      0.07987,
      0.02867
    ],
    "FlashAttention-2 (varlen)": [
      0.11264,
      0.05325,
      0.05632,
      0.27034,
      0.07373,
      0.06144
    ]
  }
}