{
  "gpu": "NVIDIA RTX 4000 Ada Generation",
  "sm": "SM89",
  "timing": "cuda_events_median_ms",
  "warmup": 50,
  "jit_warmup": 150,
  "iters": 300,
  "configs": [
    "BS=32, 0% pruned",
    "BS=32, 50% pruned",
    "BS=32, 80% pruned",
    "BS=64, 0% pruned",
    "BS=64, 50% pruned",
    "BS=64, 80% pruned"
  ],
  "kernels": {
    "SDPA (math, padded)": [
      5.34718,
      2.61742,
      2.10539,
      10.85136,
      5.70075,
      4.07672
    ],
    "SDPA (efficient, padded)": [
      2.24358,
      2.01216,
      1.95224,
      4.41258,
      3.77541,
      3.57195
    ],
    "SDPA (flash, padded)": [
      2.19856,
      2.02179,
      1.95104,
      4.22093,
      3.70587,
      3.59424
    ],
    "NestedTensor + SDPA": [
      8.99234,
      8.98872,
      8.87752,
      16.92877,
      16.74178,
      16.57998
    ],
    "Triton Ragged (ours)": [
      0.13619,
      0.04198,
      0.02458,
      0.34406,
      0.07987,
      0.02765
    ],
    "FlashAttention-2 (varlen)": [
      0.11162,
      0.04915,
      0.05018,
      0.25395,
      0.07168,
      0.06042
    ]
  },
  "p5": {
    "SDPA (math, padded)": [
      5.31251,
      2.59594,
      2.09197,
      10.6496,
      5.67126,
      4.05606
    ],
    "SDPA (efficient, padded)": [
      2.22835,
      2.00294,
      1.93952,
      4.3703,
      3.75296,
      3.56147
    ],
    "SDPA (flash, padded)": [
      2.11376,
      1.95174,
      1.94346,
      4.20352,
      3.69053,
      3.57603
    ],
    "NestedTensor + SDPA": [
      8.87194,
      8.78797,
      8.80141,
      16.80931,
      16.43354,
      16.46797
    ],
    "Triton Ragged (ours)": [
      0.13517,
      0.04096,
      0.02355,
      0.33075,
      0.07885,
      0.02662
    ],
    "FlashAttention-2 (varlen)": [
      0.11059,
      0.0471,
      0.0471,
      0.25293,
      0.07066,
      0.05939
    ]
  },
  "p95": {
    "SDPA (math, padded)": [
      5.42618,
      2.67059,
      2.12275,
      10.96701,
      5.83584,
      4.22208
    ],
    "SDPA (efficient, padded)": [
      2.31014,
      2.08691,
      2.0265,
      4.5407,
      3.92003,
      3.58502
    ],
    "SDPA (flash, padded)": [
      2.23347,
      2.03878,
      1.97053,
      4.36138,
      3.84016,
      3.72835
    ],
    "NestedTensor + SDPA": [
      9.54333,
      9.33888,
      9.4976,
      17.72106,
      17.8719,
      17.37725
    ],
    "Triton Ragged (ours)": [
      0.13722,
      0.04237,
      0.02662,
      0.34714,
      0.0799,
      0.02774
    ],
    "FlashAttention-2 (varlen)": [
      0.11264,
      0.0512,
      0.05427,
      0.26931,
      0.07187,
      0.06144
    ]
  }
}