{
  "gpu": "NVIDIA RTX 4000 Ada Generation",
  "sm": "SM89",
  "timing": "cuda_events_median_ms",
  "warmup": 50,
  "jit_warmup": 150,
  "iters": 300,
  "configs": [
    "BS=32, 0% pruned",
    "BS=32, 50% pruned",
    "BS=32, 80% pruned",
    "BS=64, 0% pruned",
    "BS=64, 50% pruned",
    "BS=64, 80% pruned"
  ],
  "kernels": {
    "SDPA (math, padded)": [
      5.33544,
      2.63066,
      2.0613,
      10.62816,
      5.76498,
      4.05299
    ],
    "SDPA (efficient, padded)": [
      2.1063,
      1.94662,
      1.9456,
      4.15315,
      3.76536,
      3.57878
    ],
    "SDPA (flash, padded)": [
      1.97619,
      1.84117,
      1.9425,
      4.00576,
      3.69766,
      3.58443
    ],
    "NestedTensor + SDPA": [
      8.97077,
      9.29059,
      8.87304,
      17.11688,
      17.48411,
      16.64546
    ],
    "Triton Ragged (ours)": [
      0.13619,
      0.04198,
      0.02355,
      0.34304,
      0.07987,
      0.02765
    ],
    "FlashAttention-2 (varlen)": [
      0.11162,
      0.05222,
      0.04915,
      0.26112,
      0.07168,
      0.06042
    ]
  },
  "p5": {
    "SDPA (math, padded)": [
      5.25837,
      2.55795,
      2.02445,
      10.58512,
      5.72314,
      3.9903
    ],
    "SDPA (efficient, padded)": [
      2.07466,
      1.87299,
      1.84544,
      4.13491,
      3.68054,
      3.48906
    ],
    "SDPA (flash, padded)": [
      1.93434,
      1.82784,
      1.93024,
      3.88128,
      3.68058,
      3.57069
    ],
    "NestedTensor + SDPA": [
      8.77773,
      8.83613,
      8.81142,
      16.90522,
      16.65728,
      16.26963
    ],
    "Triton Ragged (ours)": [
      0.13517,
      0.04096,
      0.02253,
      0.33178,
      0.07885,
      0.02662
    ],
    "FlashAttention-2 (varlen)": [
      0.11059,
      0.05018,
      0.04813,
      0.25293,
      0.07066,
      0.05939
    ]
  },
  "p95": {
    "SDPA (math, padded)": [
      5.37907,
      2.64378,
      2.09632,
      10.73645,
      5.92077,
      4.07347
    ],
    "SDPA (efficient, padded)": [
      2.16371,
      1.95875,
      1.95699,
      4.2888,
      4.12589,
      3.70998
    ],
    "SDPA (flash, padded)": [
      2.05722,
      1.90259,
      2.01421,
      4.10506,
      3.83802,
      3.70893
    ],
    "NestedTensor + SDPA": [
      9.07981,
      9.58874,
      9.30611,
      17.84317,
      17.67632,
      17.41107
    ],
    "Triton Ragged (ours)": [
      0.13722,
      0.04301,
      0.02458,
      0.34643,
      0.0799,
      0.02781
    ],
    "FlashAttention-2 (varlen)": [
      0.12288,
      0.0553,
      0.05222,
      0.27034,
      0.0727,
      0.06144
    ]
  }
}