{
  "gpu": "NVIDIA RTX 4000 Ada Generation",
  "sm": "SM89",
  "timing": "cuda_events_median_ms",
  "warmup": 50,
  "jit_warmup": 150,
  "iters": 300,
  "configs": [
    "BS=32, 0% pruned",
    "BS=32, 50% pruned",
    "BS=32, 80% pruned",
    "BS=64, 0% pruned",
    "BS=64, 50% pruned",
    "BS=64, 80% pruned"
  ],
  "kernels": {
    "SDPA (math, padded)": [
      5.34725,
      2.60506,
      2.17794,
      10.86877,
      5.92758,
      4.15435
    ],
    "SDPA (efficient, padded)": [
      2.29187,
      2.01229,
      1.95277,
      4.44365,
      4.14133,
      3.81347
    ],
    "SDPA (flash, padded)": [
      2.18213,
      1.86274,
      1.95584,
      4.21672,
      3.93501,
      3.81944
    ],
    "NestedTensor + SDPA": [
      8.86925,
      8.85416,
      8.78946,
      16.81939,
      16.61432,
      16.56885
    ],
    "Triton Ragged (ours)": [
      0.13517,
      0.04198,
      0.02355,
      0.34509,
      0.07987,
      0.02765
    ],
    "FlashAttention-2 (varlen)": [
      0.11162,
      0.0512,
      0.04813,
      0.26829,
      0.07168,
      0.06042
    ]
  },
  "p5": {
    "SDPA (math, padded)": [
      5.31251,
      2.58867,
      2.16131,
      10.58509,
      5.77056,
      4.10125
    ],
    "SDPA (efficient, padded)": [
      2.22826,
      1.99606,
      1.92416,
      4.38886,
      4.01408,
      3.80128
    ],
    "SDPA (flash, padded)": [
      2.10637,
      1.80122,
      1.94355,
      4.19738,
      3.87405,
      3.75222
    ],
    "NestedTensor + SDPA": [
      8.79514,
      8.7593,
      8.56246,
      16.67478,
      16.35827,
      16.31744
    ],
    "Triton Ragged (ours)": [
      0.13414,
      0.04096,
      0.02253,
      0.33178,
      0.07885,
      0.02662
    ],
    "FlashAttention-2 (varlen)": [
      0.11059,
      0.04915,
      0.04608,
      0.25395,
      0.07066,
      0.05939
    ]
  },
  "p95": {
    "SDPA (math, padded)": [
      5.41466,
      2.64525,
      2.23946,
      11.06227,
      6.00458,
      4.20547
    ],
    "SDPA (efficient, padded)": [
      2.31014,
      2.08198,
      2.02342,
      4.54986,
      4.22093,
      3.95494
    ],
    "SDPA (flash, padded)": [
      2.19546,
      1.96608,
      2.03162,
      4.35498,
      4.06758,
      3.95366
    ],
    "NestedTensor + SDPA": [
      9.28182,
      9.2632,
      9.43104,
      17.7175,
      17.46224,
      17.35066
    ],
    "Triton Ragged (ours)": [
      0.13619,
      0.04301,
      0.02458,
      0.34714,
      0.07987,
      0.02781
    ],
    "FlashAttention-2 (varlen)": [
      0.112,
      0.05427,
      0.0512,
      0.27136,
      0.0727,
      0.06144
    ]
  }
}