{
  "gpu": "NVIDIA RTX 4000 Ada Generation",
  "sm": "SM89",
  "timing": "cuda_events_median_ms",
  "warmup": 50,
  "jit_warmup": 150,
  "iters": 300,
  "configs": [
    "BS=32, 0% pruned",
    "BS=32, 50% pruned",
    "BS=32, 80% pruned",
    "BS=64, 0% pruned",
    "BS=64, 50% pruned",
    "BS=64, 80% pruned"
  ],
  "kernels": {
    "SDPA (math, padded)": [
      5.36534,
      2.59277,
      2.08611,
      10.61723,
      5.76491,
      4.15954
    ],
    "SDPA (efficient, padded)": [
      2.2999,
      2.002,
      1.85693,
      4.14822,
      4.00595,
      3.80198
    ],
    "SDPA (flash, padded)": [
      2.07914,
      1.94858,
      1.82498,
      3.9477,
      3.8941,
      3.73093
    ],
    "NestedTensor + SDPA": [
      9.02691,
      8.89614,
      8.9856,
      17.08885,
      16.90008,
      16.78235
    ],
    "Triton Ragged (ours)": [
      0.13619,
      0.04198,
      0.02355,
      0.34304,
      0.07987,
      0.02765
    ],
    "FlashAttention-2 (varlen)": [
      0.11098,
      0.05018,
      0.04915,
      0.26112,
      0.07168,
      0.06042
    ]
  },
  "p5": {
    "SDPA (math, padded)": [
      5.30214,
      2.56701,
      2.07155,
      10.57965,
      5.65277,
      4.08883
    ],
    "SDPA (efficient, padded)": [
      2.28762,
      1.98451,
      1.7727,
      4.13267,
      3.98426,
      3.74998
    ],
    "SDPA (flash, padded)": [
      1.95165,
      1.92291,
      1.81555,
      3.85936,
      3.64726,
      3.47779
    ],
    "NestedTensor + SDPA": [
      8.94771,
      8.67942,
      8.87923,
      16.96784,
      16.78512,
      16.40243
    ],
    "Triton Ragged (ours)": [
      0.13517,
      0.04096,
      0.02253,
      0.33178,
      0.07885,
      0.02662
    ],
    "FlashAttention-2 (varlen)": [
      0.11059,
      0.04813,
      0.04749,
      0.25293,
      0.07066,
      0.05939
    ]
  },
  "p95": {
    "SDPA (math, padded)": [
      5.42589,
      2.61504,
      2.16064,
      10.74278,
      5.96579,
      4.31309
    ],
    "SDPA (efficient, padded)": [
      2.33142,
      2.01728,
      1.95034,
      4.27754,
      4.13802,
      3.93334
    ],
    "SDPA (flash, padded)": [
      2.18112,
      1.96915,
      1.90029,
      4.0097,
      4.06198,
      3.82054
    ],
    "NestedTensor + SDPA": [
      9.5264,
      9.22458,
      9.53958,
      17.87597,
      17.72621,
      17.67731
    ],
    "Triton Ragged (ours)": [
      0.13722,
      0.0423,
      0.02458,
      0.34611,
      0.08003,
      0.02768
    ],
    "FlashAttention-2 (varlen)": [
      0.11264,
      0.05222,
      0.0512,
      0.26941,
      0.07206,
      0.06144
    ]
  }
}