{
  "gpu": "NVIDIA RTX 4000 Ada Generation",
  "sm": "SM89",
  "timing": "cuda_events_median_ms",
  "warmup": 50,
  "jit_warmup": 150,
  "iters": 300,
  "configs": [
    "BS=32, 0% pruned",
    "BS=32, 50% pruned",
    "BS=32, 80% pruned",
    "BS=64, 0% pruned",
    "BS=64, 50% pruned",
    "BS=64, 80% pruned"
  ],
  "kernels": {
    "SDPA (math, padded)": [
      5.3473,
      2.55437,
      2.05824,
      10.63549,
      5.68246,
      4.16666
    ],
    "SDPA (efficient, padded)": [
      2.15771,
      1.88424,
      1.81862,
      4.14208,
      3.8748,
      3.67515
    ],
    "SDPA (flash, padded)": [
      1.97755,
      1.82968,
      1.8176,
      3.9465,
      3.78557,
      3.68026
    ],
    "NestedTensor + SDPA": [
      9.11747,
      9.14445,
      8.96515,
      17.25992,
      16.98765,
      16.90107
    ],
    "Triton Ragged (ours)": [
      0.13619,
      0.04198,
      0.02355,
      0.34325,
      0.07987,
      0.02765
    ],
    "FlashAttention-2 (varlen)": [
      0.11162,
      0.05018,
      0.05018,
      0.25395,
      0.07168,
      0.06042
    ]
  },
  "p5": {
    "SDPA (math, padded)": [
      5.296,
      2.54355,
      2.04595,
      10.57251,
      5.63523,
      4.02608
    ],
    "SDPA (efficient, padded)": [
      2.09008,
      1.86982,
      1.80851,
      4.12144,
      3.73462,
      3.52477
    ],
    "SDPA (flash, padded)": [
      1.96829,
      1.82067,
      1.80838,
      3.93011,
      3.64646,
      3.54006
    ],
    "NestedTensor + SDPA": [
      8.9703,
      9.01533,
      8.87603,
      16.88307,
      16.60134,
      16.72826
    ],
    "Triton Ragged (ours)": [
      0.13517,
      0.04096,
      0.02253,
      0.33178,
      0.07885,
      0.02662
    ],
    "FlashAttention-2 (varlen)": [
      0.11059,
      0.04813,
      0.04813,
      0.25293,
      0.07066,
      0.05939
    ]
  },
  "p95": {
    "SDPA (math, padded)": [
      5.43642,
      2.62614,
      2.13469,
      10.79194,
      5.90621,
      4.25501
    ],
    "SDPA (efficient, padded)": [
      2.62554,
      1.956,
      1.88314,
      4.34586,
      3.89315,
      3.75526
    ],
    "SDPA (flash, padded)": [
      1.99066,
      1.90016,
      1.89133,
      3.968,
      3.80928,
      3.77037
    ],
    "NestedTensor + SDPA": [
      9.56211,
      9.5392,
      9.30301,
      18.11251,
      18.06512,
      17.73853
    ],
    "Triton Ragged (ours)": [
      0.13722,
      0.04301,
      0.02458,
      0.34714,
      0.07987,
      0.02778
    ],
    "FlashAttention-2 (varlen)": [
      0.12195,
      0.05222,
      0.05222,
      0.26931,
      0.0729,
      0.06144
    ]
  }
}