{
  "gpu": "NVIDIA RTX 4000 Ada Generation",
  "sm": "SM89",
  "timing": "cuda_events_median_ms",
  "warmup": 50,
  "jit_warmup": 150,
  "iters": 300,
  "configs": [
    "BS=32, 0% pruned",
    "BS=32, 50% pruned",
    "BS=32, 80% pruned",
    "BS=64, 0% pruned",
    "BS=64, 50% pruned",
    "BS=64, 80% pruned"
  ],
  "kernels": {
    "SDPA (math, padded)": [
      5.308,
      2.67997,
      2.16187,
      10.89802,
      5.77275,
      4.14704
    ],
    "SDPA (efficient, padded)": [
      2.2501,
      2.02051,
      1.9611,
      4.17578,
      4.15949,
      3.59094
    ],
    "SDPA (flash, padded)": [
      2.13086,
      1.98912,
      1.95816,
      3.97517,
      4.14618,
      3.60141
    ],
    "NestedTensor + SDPA": [
      9.25091,
      8.77573,
      8.78592,
      16.72685,
      16.50157,
      16.462
    ],
    "Triton Ragged (ours)": [
      0.13619,
      0.04198,
      0.02458,
      0.34304,
      0.07987,
      0.02765
    ],
    "FlashAttention-2 (varlen)": [
      0.11162,
      0.05018,
      0.0512,
      0.26931,
      0.07168,
      0.06042
    ]
  },
  "p5": {
    "SDPA (math, padded)": [
      5.27014,
      2.60112,
      2.08589,
      10.8072,
      5.69222,
      4.00998
    ],
    "SDPA (efficient, padded)": [
      2.23354,
      2.01002,
      1.95181,
      4.10234,
      4.00896,
      3.51104
    ],
    "SDPA (flash, padded)": [
      2.11827,
      1.96589,
      1.95072,
      3.95965,
      4.08154,
      3.59037
    ],
    "NestedTensor + SDPA": [
      8.81357,
      8.70093,
      8.70803,
      16.5439,
      16.2857,
      16.28758
    ],
    "Triton Ragged (ours)": [
      0.13517,
      0.04134,
      0.02355,
      0.33178,
      0.07885,
      0.02662
    ],
    "FlashAttention-2 (varlen)": [
      0.11059,
      0.04915,
      0.05018,
      0.25395,
      0.07066,
      0.05939
    ]
  },
  "p95": {
    "SDPA (math, padded)": [
      5.35859,
      2.71155,
      2.22822,
      11.0336,
      5.88678,
      4.19136
    ],
    "SDPA (efficient, padded)": [
      2.31526,
      2.09613,
      1.97222,
      4.36454,
      4.22918,
      3.73683
    ],
    "SDPA (flash, padded)": [
      2.19939,
      2.04902,
      1.96912,
      4.1175,
      4.172,
      3.73376
    ],
    "NestedTensor + SDPA": [
      9.49658,
      9.28461,
      9.2392,
      17.84122,
      17.25478,
      17.26976
    ],
    "Triton Ragged (ours)": [
      0.13722,
      0.04301,
      0.02573,
      0.34714,
      0.07987,
      0.02778
    ],
    "FlashAttention-2 (varlen)": [
      0.11264,
      0.05325,
      0.05325,
      0.27136,
      0.07373,
      0.06144
    ]
  }
}