{
  "gpu": "NVIDIA RTX 4000 Ada Generation",
  "sm": "SM89",
  "timing": "cuda_events_median_ms",
  "warmup": 50,
  "jit_warmup": 150,
  "iters": 300,
  "configs": [
    "BS=32, 0% pruned",
    "BS=32, 50% pruned",
    "BS=32, 80% pruned",
    "BS=64, 0% pruned",
    "BS=64, 50% pruned",
    "BS=64, 80% pruned"
  ],
  "kernels": {
    "SDPA (math, padded)": [
      5.34923,
      2.6184,
      2.08664,
      10.6537,
      5.92694,
      4.1799
    ],
    "SDPA (efficient, padded)": [
      2.25301,
      1.98451,
      1.91386,
      4.19186,
      4.04354,
      3.84205
    ],
    "SDPA (flash, padded)": [
      2.12882,
      1.92819,
      1.84541,
      3.98835,
      3.90664,
      3.84835
    ],
    "NestedTensor + SDPA": [
      9.18112,
      9.1753,
      9.12373,
      17.3687,
      17.36554,
      17.09458
    ],
    "Triton Ragged (ours)": [
      0.13619,
      0.04198,
      0.02374,
      0.34202,
      0.07987,
      0.02765
    ],
    "FlashAttention-2 (varlen)": [
      0.11162,
      0.05427,
      0.05238,
      0.2601,
      0.07168,
      0.06042
    ]
  },
  "p5": {
    "SDPA (math, padded)": [
      5.31024,
      2.58061,
      2.07971,
      10.55974,
      5.81133,
      4.14003
    ],
    "SDPA (efficient, padded)": [
      2.2231,
      1.91078,
      1.84086,
      4.12899,
      3.98112,
      3.77411
    ],
    "SDPA (flash, padded)": [
      2.11677,
      1.8537,
      1.83603,
      3.96595,
      3.88717,
      3.83008
    ],
    "NestedTensor + SDPA": [
      8.97331,
      8.95194,
      9.05011,
      17.20397,
      16.96294,
      16.86227
    ],
    "Triton Ragged (ours)": [
      0.13517,
      0.04096,
      0.02355,
      0.33098,
      0.07885,
      0.02765
    ],
    "FlashAttention-2 (varlen)": [
      0.11059,
      0.0512,
      0.0512,
      0.25395,
      0.07066,
      0.05958
    ]
  },
  "p95": {
    "SDPA (math, padded)": [
      5.42336,
      2.64368,
      2.09728,
      10.77555,
      6.04774,
      4.24022
    ],
    "SDPA (efficient, padded)": [
      2.2703,
      1.99293,
      1.95293,
      4.20832,
      4.06634,
      3.85965
    ],
    "SDPA (flash, padded)": [
      2.14358,
      1.93734,
      1.92182,
      4.0072,
      3.97078,
      3.94621
    ],
    "NestedTensor + SDPA": [
      9.25251,
      9.844,
      9.54989,
      18.50506,
      18.08704,
      17.93229
    ],
    "Triton Ragged (ours)": [
      0.13722,
      0.04227,
      0.0256,
      0.34611,
      0.07987,
      0.02867
    ],
    "FlashAttention-2 (varlen)": [
      0.12288,
      0.05837,
      0.0553,
      0.26931,
      0.0727,
      0.06144
    ]
  }
}