{
  "gpu": "NVIDIA RTX 4000 Ada Generation",
  "sm": "SM89",
  "timing": "cuda_events_median_ms",
  "warmup": 50,
  "jit_warmup": 150,
  "iters": 300,
  "configs": [
    "BS=32, 0% pruned",
    "BS=32, 50% pruned",
    "BS=32, 80% pruned",
    "BS=64, 0% pruned",
    "BS=64, 50% pruned",
    "BS=64, 80% pruned"
  ],
  "kernels": {
    "SDPA (math, padded)": [
      5.35867,
      2.68819,
      2.172,
      10.8811,
      5.88474,
      4.07789
    ],
    "SDPA (efficient, padded)": [
      2.24461,
      2.02238,
      1.86266,
      4.41859,
      4.01528,
      3.58205
    ],
    "SDPA (flash, padded)": [
      2.10123,
      2.03264,
      1.95582,
      4.20731,
      3.72032,
      3.60448
    ],
    "NestedTensor + SDPA": [
      9.03099,
      9.36235,
      9.37987,
      17.63718,
      16.84162,
      16.74918
    ],
    "Triton Ragged (ours)": [
      0.13517,
      0.04198,
      0.02458,
      0.34304,
      0.07987,
      0.02765
    ],
    "FlashAttention-2 (varlen)": [
      0.11162,
      0.05018,
      0.05325,
      0.26829,
      0.07168,
      0.06042
    ]
  },
  "p5": {
    "SDPA (math, padded)": [
      5.31472,
      2.60522,
      2.09408,
      10.8064,
      5.80707,
      4.06288
    ],
    "SDPA (efficient, padded)": [
      2.23027,
      2.00909,
      1.77152,
      4.38573,
      3.69443,
      3.51616
    ],
    "SDPA (flash, padded)": [
      2.08202,
      1.96474,
      1.91898,
      3.8977,
      3.70352,
      3.53062
    ],
    "NestedTensor + SDPA": [
      8.96102,
      8.92928,
      8.95078,
      17.07712,
      16.46003,
      16.37456
    ],
    "Triton Ragged (ours)": [
      0.13414,
      0.04096,
      0.02355,
      0.33178,
      0.07885,
      0.02662
    ],
    "FlashAttention-2 (varlen)": [
      0.11059,
      0.04813,
      0.0512,
      0.25293,
      0.07066,
      0.05939
    ]
  },
  "p95": {
    "SDPA (math, padded)": [
      5.44963,
      2.7401,
      2.2016,
      11.02416,
      6.00781,
      4.22054
    ],
    "SDPA (efficient, padded)": [
      2.3145,
      2.09994,
      1.9447,
      4.5527,
      4.05197,
      3.72224
    ],
    "SDPA (flash, padded)": [
      2.18595,
      2.05517,
      2.03286,
      4.24534,
      3.86211,
      3.74496
    ],
    "NestedTensor + SDPA": [
      9.45539,
      9.64918,
      9.63357,
      18.37261,
      17.61587,
      17.51843
    ],
    "Triton Ragged (ours)": [
      0.13619,
      0.04301,
      0.02662,
      0.34714,
      0.07987,
      0.02784
    ],
    "FlashAttention-2 (varlen)": [
      0.11264,
      0.05325,
      0.0553,
      0.27034,
      0.07197,
      0.06144
    ]
  }
}