{
  "gpu": "NVIDIA RTX 4000 Ada Generation",
  "sm": "SM89",
  "timing": "cuda_events_median_ms",
  "warmup": 50,
  "jit_warmup": 150,
  "iters": 300,
  "configs": [
    "BS=32, 0% pruned",
    "BS=32, 50% pruned",
    "BS=32, 80% pruned",
    "BS=64, 0% pruned",
    "BS=64, 50% pruned",
    "BS=64, 80% pruned"
  ],
  "kernels": {
    "SDPA (math, padded)": [
      5.38082,
      2.7073,
      2.16474,
      10.90146,
      5.84646,
      4.24586
    ],
    "SDPA (efficient, padded)": [
      2.21674,
      1.99962,
      1.91502,
      4.33978,
      3.96394,
      3.78488
    ],
    "SDPA (flash, padded)": [
      2.16176,
      1.95019,
      1.95174,
      4.3432,
      3.90042,
      3.81986
    ],
    "NestedTensor + SDPA": [
      9.6677,
      9.60051,
      9.58874,
      18.10139,
      18.3127,
      18.13408
    ],
    "Triton Ragged (ours)": [
      0.13722,
      0.04198,
      0.02355,
      0.34611,
      0.07987,
      0.02765
    ],
    "FlashAttention-2 (varlen)": [
      0.11571,
      0.05325,
      0.05734,
      0.26522,
      0.07168,
      0.06042
    ]
  },
  "p5": {
    "SDPA (math, padded)": [
      5.30432,
      2.66224,
      2.08979,
      10.65485,
      5.71085,
      4.09171
    ],
    "SDPA (efficient, padded)": [
      2.15347,
      1.92234,
      1.844,
      4.2161,
      3.79597,
      3.62461
    ],
    "SDPA (flash, padded)": [
      2.11763,
      1.87085,
      1.87891,
      4.19533,
      3.69347,
      3.61258
    ],
    "NestedTensor + SDPA": [
      9.19245,
      9.14125,
      9.11462,
      17.44282,
      17.3137,
      17.20013
    ],
    "Triton Ragged (ours)": [
      0.13619,
      0.04096,
      0.01536,
      0.33587,
      0.07885,
      0.02662
    ],
    "FlashAttention-2 (varlen)": [
      0.11264,
      0.03686,
      0.03379,
      0.25293,
      0.07066,
      0.05939
    ]
  },
  "p95": {
    "SDPA (math, padded)": [
      5.93306,
      3.23392,
      2.65715,
      11.42067,
      6.3705,
      4.78106
    ],
    "SDPA (efficient, padded)": [
      2.7369,
      2.50355,
      2.38899,
      4.9367,
      4.53939,
      4.33139
    ],
    "SDPA (flash, padded)": [
      2.69226,
      2.41971,
      2.47398,
      4.93875,
      4.45142,
      4.41242
    ],
    "NestedTensor + SDPA": [
      10.1169,
      10.03418,
      9.99123,
      19.03331,
      18.89366,
      18.64179
    ],
    "Triton Ragged (ours)": [
      0.14131,
      0.04301,
      0.02566,
      0.35021,
      0.08003,
      0.02771
    ],
    "FlashAttention-2 (varlen)": [
      0.11776,
      0.05734,
      0.06042,
      0.27034,
      0.07373,
      0.06144
    ]
  }
}