{
  "gpu": "NVIDIA RTX 4000 Ada Generation",
  "sm": "SM89",
  "timing": "cuda_events_median_ms",
  "warmup": 50,
  "jit_warmup": 150,
  "iters": 300,
  "configs": [
    "BS=32, 0% pruned",
    "BS=32, 50% pruned",
    "BS=32, 80% pruned",
    "BS=64, 0% pruned",
    "BS=64, 50% pruned",
    "BS=64, 80% pruned"
  ],
  "kernels": {
    "SDPA (math, padded)": [
      5.39659,
      2.67469,
      2.09824,
      10.61882,
      5.80304,
      4.04582
    ],
    "SDPA (efficient, padded)": [
      2.23334,
      1.9225,
      1.82584,
      4.14629,
      3.87523,
      3.69098
    ],
    "SDPA (flash, padded)": [
      2.11866,
      1.84813,
      1.81768,
      3.958,
      3.67989,
      3.56762
    ],
    "NestedTensor + SDPA": [
      8.94408,
      8.81454,
      9.13896,
      16.79821,
      16.56427,
      17.21646
    ],
    "Triton Ragged (ours)": [
      0.13619,
      0.04198,
      0.02355,
      0.34406,
      0.07987,
      0.02765
    ],
    "FlashAttention-2 (varlen)": [
      0.11162,
      0.04813,
      0.04915,
      0.26562,
      0.07168,
      0.06042
    ]
  },
  "p5": {
    "SDPA (math, padded)": [
      5.30944,
      2.57315,
      2.08496,
      10.53594,
      5.66547,
      3.99843
    ],
    "SDPA (efficient, padded)": [
      2.19469,
      1.88006,
      1.81072,
      4.08246,
      3.73654,
      3.54598
    ],
    "SDPA (flash, padded)": [
      2.10755,
      1.83613,
      1.78464,
      3.93843,
      3.66387,
      3.55405
    ],
    "NestedTensor + SDPA": [
      8.74509,
      8.66816,
      8.74611,
      16.52666,
      16.32051,
      16.40346
    ],
    "Triton Ragged (ours)": [
      0.13517,
      0.04096,
      0.02253,
      0.33178,
      0.07885,
      0.02662
    ],
    "FlashAttention-2 (varlen)": [
      0.11059,
      0.0471,
      0.0471,
      0.25498,
      0.07066,
      0.05958
    ]
  },
  "p95": {
    "SDPA (math, padded)": [
      5.4487,
      2.71021,
      2.17395,
      10.73626,
      5.88083,
      4.06538
    ],
    "SDPA (efficient, padded)": [
      2.30195,
      2.05722,
      2.03059,
      4.28202,
      3.89626,
      3.77674
    ],
    "SDPA (flash, padded)": [
      2.18214,
      1.91181,
      1.89827,
      4.16986,
      3.81747,
      3.71264
    ],
    "NestedTensor + SDPA": [
      9.41773,
      9.26374,
      9.2631,
      17.6824,
      17.38445,
      17.72733
    ],
    "Triton Ragged (ours)": [
      0.13722,
      0.0423,
      0.02467,
      0.34714,
      0.07987,
      0.02867
    ],
    "FlashAttention-2 (varlen)": [
      0.11264,
      0.0512,
      0.0512,
      0.26726,
      0.07206,
      0.06144
    ]
  }
}