{
  "gpu": "NVIDIA RTX 4000 Ada Generation",
  "sm": "SM89",
  "timing": "cuda_events_median_ms",
  "warmup": 50,
  "jit_warmup": 150,
  "iters": 300,
  "configs": [
    "BS=32, 0% pruned",
    "BS=32, 50% pruned",
    "BS=32, 80% pruned",
    "BS=64, 0% pruned",
    "BS=64, 50% pruned",
    "BS=64, 80% pruned"
  ],
  "kernels": {
    "SDPA (math, padded)": [
      5.32237,
      2.59686,
      2.10938,
      10.90568,
      5.78355,
      4.04219
    ],
    "SDPA (efficient, padded)": [
      2.24256,
      2.01251,
      1.94894,
      4.38565,
      3.75814,
      3.6783
    ],
    "SDPA (flash, padded)": [
      2.11667,
      2.02138,
      2.00774,
      4.20051,
      3.68613,
      3.69221
    ],
    "NestedTensor + SDPA": [
      8.84131,
      8.87968,
      8.78182,
      16.79162,
      16.56627,
      16.48229
    ],
    "Triton Ragged (ours)": [
      0.13619,
      0.04198,
      0.02355,
      0.34202,
      0.07987,
      0.02765
    ],
    "FlashAttention-2 (varlen)": [
      0.11162,
      0.05251,
      0.04813,
      0.26419,
      0.07168,
      0.06042
    ]
  },
  "p5": {
    "SDPA (math, padded)": [
      5.25005,
      2.5791,
      2.08077,
      10.81651,
      5.66173,
      3.96934
    ],
    "SDPA (efficient, padded)": [
      2.12275,
      1.99373,
      1.93763,
      4.07757,
      3.69478,
      3.47958
    ],
    "SDPA (flash, padded)": [
      2.10125,
      1.94992,
      1.93741,
      4.18198,
      3.61984,
      3.5584
    ],
    "NestedTensor + SDPA": [
      8.6824,
      8.77056,
      8.72755,
      16.57248,
      16.43654,
      16.1024
    ],
    "Triton Ragged (ours)": [
      0.13517,
      0.04096,
      0.02253,
      0.33114,
      0.07885,
      0.02765
    ],
    "FlashAttention-2 (varlen)": [
      0.11059,
      0.0512,
      0.04608,
      0.2521,
      0.07066,
      0.05939
    ]
  },
  "p95": {
    "SDPA (math, padded)": [
      5.35728,
      2.63146,
      2.17907,
      11.04691,
      5.8841,
      4.06221
    ],
    "SDPA (efficient, padded)": [
      2.30707,
      2.08275,
      2.02547,
      4.59658,
      3.77555,
      3.70301
    ],
    "SDPA (flash, padded)": [
      2.18518,
      2.03469,
      2.02138,
      4.33862,
      3.82771,
      3.7632
    ],
    "NestedTensor + SDPA": [
      8.95181,
      9.32966,
      8.8648,
      17.60371,
      17.37933,
      17.32381
    ],
    "Triton Ragged (ours)": [
      0.13722,
      0.04237,
      0.02464,
      0.3441,
      0.07987,
      0.02867
    ],
    "FlashAttention-2 (varlen)": [
      0.11264,
      0.05632,
      0.0512,
      0.26829,
      0.07373,
      0.06144
    ]
  }
}