{
  "gpu": "NVIDIA RTX 4000 Ada Generation",
  "sm": "SM89",
  "timing": "cuda_events_median_ms",
  "warmup": 50,
  "jit_warmup": 150,
  "iters": 300,
  "configs": [
    "BS=32, 0% pruned",
    "BS=32, 50% pruned",
    "BS=32, 80% pruned",
    "BS=64, 0% pruned",
    "BS=64, 50% pruned",
    "BS=64, 80% pruned"
  ],
  "kernels": {
    "SDPA (math, padded)": [
      5.36698,
      2.67162,
      2.16616,
      10.79091,
      5.93784,
      4.33632
    ],
    "SDPA (efficient, padded)": [
      2.21389,
      1.99685,
      1.90733,
      4.30163,
      4.01819,
      3.83342
    ],
    "SDPA (flash, padded)": [
      2.18418,
      1.95226,
      1.91283,
      4.13638,
      4.12765,
      3.97637
    ],
    "NestedTensor + SDPA": [
      9.46747,
      9.38374,
      9.02339,
      17.84533,
      17.34118,
      17.30112
    ],
    "Triton Ragged (ours)": [
      0.13619,
      0.04198,
      0.02458,
      0.34714,
      0.07987,
      0.02765
    ],
    "FlashAttention-2 (varlen)": [
      0.11264,
      0.05427,
      0.05248,
      0.26829,
      0.07168,
      0.06042
    ]
  },
  "p5": {
    "SDPA (math, padded)": [
      5.27702,
      2.56938,
      2.09005,
      10.61485,
      5.77978,
      4.20064
    ],
    "SDPA (efficient, padded)": [
      2.12544,
      1.95472,
      1.83501,
      4.15414,
      3.99494,
      3.6855
    ],
    "SDPA (flash, padded)": [
      2.1248,
      1.90963,
      1.83488,
      4.04211,
      3.95571,
      3.66925
    ],
    "NestedTensor + SDPA": [
      9.19027,
      8.87616,
      8.81946,
      17.03219,
      16.70451,
      16.63283
    ],
    "Triton Ragged (ours)": [
      0.13517,
      0.04128,
      0.01536,
      0.33587,
      0.07885,
      0.02765
    ],
    "FlashAttention-2 (varlen)": [
      0.11162,
      0.03584,
      0.03277,
      0.25293,
      0.07066,
      0.06042
    ]
  },
  "p95": {
    "SDPA (math, padded)": [
      5.89018,
      2.80051,
      2.20867,
      10.96909,
      6.06998,
      5.20723
    ],
    "SDPA (efficient, padded)": [
      2.28435,
      2.01728,
      1.91606,
      4.42762,
      4.224,
      4.51968
    ],
    "SDPA (flash, padded)": [
      2.23562,
      1.96608,
      1.95917,
      4.96931,
      4.17382,
      4.06528
    ],
    "NestedTensor + SDPA": [
      10.56358,
      9.65325,
      9.44538,
      19.08944,
      18.01142,
      17.98246
    ],
    "Triton Ragged (ours)": [
      0.14131,
      0.04301,
      0.02662,
      0.35021,
      0.08,
      0.02867
    ],
    "FlashAttention-2 (varlen)": [
      0.12186,
      0.05837,
      0.05632,
      0.27238,
      0.0727,
      0.06144
    ]
  }
}