{
  "gpu": "NVIDIA RTX 4000 Ada Generation",
  "sm": "SM89",
  "timing": "cuda_events_median_ms",
  "warmup": 50,
  "jit_warmup": 150,
  "iters": 300,
  "configs": [
    "BS=32, 0% pruned",
    "BS=32, 50% pruned",
    "BS=32, 80% pruned",
    "BS=64, 0% pruned",
    "BS=64, 50% pruned",
    "BS=64, 80% pruned"
  ],
  "kernels": {
    "SDPA (math, padded)": [
      5.28186,
      2.55677,
      2.05323,
      10.61376,
      5.66717,
      4.10829
    ],
    "SDPA (efficient, padded)": [
      2.10758,
      1.88131,
      1.81146,
      4.26018,
      3.72208,
      3.77856
    ],
    "SDPA (flash, padded)": [
      1.98147,
      1.83808,
      1.77462,
      3.94154,
      3.60131,
      3.78779
    ],
    "NestedTensor + SDPA": [
      9.29938,
      8.89507,
      9.24518,
      16.91456,
      16.76965,
      16.61706
    ],
    "Triton Ragged (ours)": [
      0.13619,
      0.04198,
      0.0256,
      0.34304,
      0.07987,
      0.02765
    ],
    "FlashAttention-2 (varlen)": [
      0.11162,
      0.04813,
      0.0512,
      0.25702,
      0.07104,
      0.06042
    ]
  },
  "p5": {
    "SDPA (math, padded)": [
      5.26336,
      2.52298,
      2.04291,
      10.57178,
      5.62483,
      4.07245
    ],
    "SDPA (efficient, padded)": [
      2.09533,
      1.87056,
      1.8016,
      4.12877,
      3.66816,
      3.71302
    ],
    "SDPA (flash, padded)": [
      1.948,
      1.8249,
      1.76435,
      3.88202,
      3.55021,
      3.72627
    ],
    "NestedTensor + SDPA": [
      8.86067,
      8.82074,
      8.66912,
      16.79488,
      16.60182,
      16.48717
    ],
    "Triton Ragged (ours)": [
      0.13517,
      0.04096,
      0.02458,
      0.33178,
      0.07885,
      0.02662
    ],
    "FlashAttention-2 (varlen)": [
      0.11059,
      0.04608,
      0.05018,
      0.25498,
      0.07066,
      0.05939
    ]
  },
  "p95": {
    "SDPA (math, padded)": [
      5.36054,
      2.62381,
      2.06202,
      10.73328,
      5.75936,
      4.26867
    ],
    "SDPA (efficient, padded)": [
      2.17907,
      1.95277,
      1.82259,
      4.28237,
      3.74675,
      3.81235
    ],
    "SDPA (flash, padded)": [
      1.99184,
      1.90358,
      1.88115,
      4.07645,
      3.66387,
      3.81846
    ],
    "NestedTensor + SDPA": [
      9.41856,
      9.33392,
      9.54032,
      17.75901,
      17.87398,
      17.47354
    ],
    "Triton Ragged (ours)": [
      0.13722,
      0.04301,
      0.02662,
      0.34714,
      0.07987,
      0.02781
    ],
    "FlashAttention-2 (varlen)": [
      0.11264,
      0.0512,
      0.0553,
      0.26829,
      0.07187,
      0.06144
    ]
  }
}