{
  "gpu": "NVIDIA RTX 4000 Ada Generation",
  "sm": "SM89",
  "timing": "cuda_events_median_ms",
  "warmup": 50,
  "jit_warmup": 150,
  "iters": 300,
  "configs": [
    "BS=32, 0% pruned",
    "BS=32, 50% pruned",
    "BS=32, 80% pruned",
    "BS=64, 0% pruned",
    "BS=64, 50% pruned",
    "BS=64, 80% pruned"
  ],
  "kernels": {
    "SDPA (math, padded)": [
      5.35563,
      2.62906,
      2.0641,
      10.64987,
      5.72637,
      4.09701
    ],
    "SDPA (efficient, padded)": [
      2.25024,
      2.09253,
      1.95794,
      4.18155,
      3.91731,
      3.58146
    ],
    "SDPA (flash, padded)": [
      2.07704,
      1.97427,
      1.93808,
      4.02013,
      3.71227,
      3.84
    ],
    "NestedTensor + SDPA": [
      9.05368,
      8.94874,
      8.896,
      17.02514,
      16.93347,
      16.79805
    ],
    "Triton Ragged (ours)": [
      0.13619,
      0.04198,
      0.02458,
      0.34304,
      0.07987,
      0.02765
    ],
    "FlashAttention-2 (varlen)": [
      0.11162,
      0.05222,
      0.05222,
      0.25754,
      0.07168,
      0.06058
    ]
  },
  "p5": {
    "SDPA (math, padded)": [
      5.3136,
      2.61242,
      2.03981,
      10.6096,
      5.68816,
      4.06733
    ],
    "SDPA (efficient, padded)": [
      2.23334,
      2.016,
      1.86061,
      4.15574,
      3.77958,
      3.50931
    ],
    "SDPA (flash, padded)": [
      2.01658,
      1.94048,
      1.83994,
      3.96573,
      3.69459,
      3.65875
    ],
    "NestedTensor + SDPA": [
      8.83098,
      8.87091,
      8.83165,
      16.89702,
      16.72394,
      16.63066
    ],
    "Triton Ragged (ours)": [
      0.13517,
      0.04096,
      0.02355,
      0.33075,
      0.07885,
      0.02765
    ],
    "FlashAttention-2 (varlen)": [
      0.11059,
      0.05018,
      0.05018,
      0.25293,
      0.07066,
      0.06042
    ]
  },
  "p95": {
    "SDPA (math, padded)": [
      5.41706,
      2.70413,
      2.19238,
      10.75197,
      5.81568,
      4.25779
    ],
    "SDPA (efficient, padded)": [
      2.31757,
      2.10637,
      1.97962,
      4.31923,
      4.00202,
      3.60586
    ],
    "SDPA (flash, padded)": [
      2.17907,
      2.05107,
      1.96915,
      4.1143,
      3.73747,
      3.85728
    ],
    "NestedTensor + SDPA": [
      9.57475,
      9.38125,
      9.33069,
      17.81453,
      17.77459,
      17.85875
    ],
    "Triton Ragged (ours)": [
      0.13722,
      0.04301,
      0.0256,
      0.34611,
      0.07987,
      0.02867
    ],
    "FlashAttention-2 (varlen)": [
      0.11264,
      0.05453,
      0.05427,
      0.26931,
      0.07475,
      0.06144
    ]
  }
}