{
  "gpu": "NVIDIA RTX 4000 Ada Generation",
  "sm": "SM89",
  "timing": "cuda_events_median_ms",
  "warmup": 50,
  "jit_warmup": 150,
  "iters": 300,
  "configs": [
    "BS=32, 0% pruned",
    "BS=32, 50% pruned",
    "BS=32, 80% pruned",
    "BS=64, 0% pruned",
    "BS=64, 50% pruned",
    "BS=64, 80% pruned"
  ],
  "kernels": {
    "SDPA (math, padded)": [
      5.35978,
      2.66864,
      2.09419,
      10.87078,
      5.80506,
      4.20557
    ],
    "SDPA (efficient, padded)": [
      2.22664,
      2.07798,
      1.9532,
      4.42061,
      4.0233,
      3.5667
    ],
    "SDPA (flash, padded)": [
      2.11763,
      1.97186,
      1.95277,
      4.22605,
      4.0657,
      3.71971
    ],
    "NestedTensor + SDPA": [
      9.22416,
      9.06757,
      8.96083,
      17.0695,
      16.76339,
      16.68056
    ],
    "Triton Ragged (ours)": [
      0.13619,
      0.04198,
      0.02355,
      0.34509,
      0.07987,
      0.02765
    ],
    "FlashAttention-2 (varlen)": [
      0.11162,
      0.0512,
      0.0512,
      0.26829,
      0.07168,
      0.06069
    ]
  },
  "p5": {
    "SDPA (math, padded)": [
      5.31565,
      2.60096,
      2.07654,
      10.78477,
      5.76512,
      4.06515
    ],
    "SDPA (efficient, padded)": [
      2.20496,
      2.00589,
      1.93542,
      4.35917,
      4.00586,
      3.55437
    ],
    "SDPA (flash, padded)": [
      2.08486,
      1.95891,
      1.91824,
      4.20989,
      3.9209,
      3.58797
    ],
    "NestedTensor + SDPA": [
      8.98262,
      8.8672,
      8.72346,
      16.7383,
      16.36762,
      16.34816
    ],
    "Triton Ragged (ours)": [
      0.13517,
      0.04198,
      0.02288,
      0.3328,
      0.07885,
      0.02765
    ],
    "FlashAttention-2 (varlen)": [
      0.11059,
      0.05018,
      0.04915,
      0.25293,
      0.07066,
      0.06042
    ]
  },
  "p95": {
    "SDPA (math, padded)": [
      5.44739,
      2.7033,
      2.17216,
      10.99965,
      5.95968,
      4.29258
    ],
    "SDPA (efficient, padded)": [
      2.25584,
      2.09632,
      2.0224,
      4.44006,
      4.16563,
      3.68922
    ],
    "SDPA (flash, padded)": [
      2.13786,
      2.04307,
      1.96403,
      4.36262,
      4.14208,
      3.79085
    ],
    "NestedTensor + SDPA": [
      9.66042,
      9.51562,
      9.45971,
      17.86992,
      17.62918,
      17.58925
    ],
    "Triton Ragged (ours)": [
      0.13722,
      0.04301,
      0.0256,
      0.34714,
      0.07987,
      0.02867
    ],
    "FlashAttention-2 (varlen)": [
      0.11264,
      0.05462,
      0.05427,
      0.27136,
      0.0727,
      0.0615
    ]
  }
}