{
  "gpu": "NVIDIA RTX 4000 Ada Generation",
  "sm": "SM89",
  "timing": "cuda_events_median_ms",
  "warmup": 50,
  "jit_warmup": 150,
  "iters": 300,
  "configs": [
    "BS=32, 0% pruned",
    "BS=32, 50% pruned",
    "BS=32, 80% pruned",
    "BS=64, 0% pruned",
    "BS=64, 50% pruned",
    "BS=64, 80% pruned"
  ],
  "kernels": {
    "SDPA (math, padded)": [
      5.37499,
      2.69014,
      2.1627,
      10.8577,
      5.83272,
      4.05709
    ],
    "SDPA (efficient, padded)": [
      2.24528,
      2.01813,
      2.0183,
      4.42267,
      4.14701,
      3.58507
    ],
    "SDPA (flash, padded)": [
      2.13126,
      1.97734,
      1.9632,
      4.24693,
      3.94035,
      3.60448
    ],
    "NestedTensor + SDPA": [
      8.90197,
      8.83558,
      8.7528,
      17.49605,
      17.24739,
      16.49421
    ],
    "Triton Ragged (ours)": [
      0.13629,
      0.04198,
      0.0256,
      0.34509,
      0.07987,
      0.02765
    ],
    "FlashAttention-2 (varlen)": [
      0.11162,
      0.04813,
      0.0512,
      0.26931,
      0.07184,
      0.06042
    ]
  },
  "p5": {
    "SDPA (math, padded)": [
      5.27565,
      2.61222,
      2.0951,
      10.79718,
      5.6369,
      3.97738
    ],
    "SDPA (efficient, padded)": [
      2.21072,
      2.0041,
      1.92922,
      4.21616,
      3.98954,
      3.56672
    ],
    "SDPA (flash, padded)": [
      2.11546,
      1.95997,
      1.94765,
      4.22093,
      3.91987,
      3.58371
    ],
    "NestedTensor + SDPA": [
      8.68826,
      8.69581,
      8.6825,
      16.65946,
      16.40746,
      16.15046
    ],
    "Triton Ragged (ours)": [
      0.13517,
      0.04122,
      0.02458,
      0.3369,
      0.07885,
      0.02765
    ],
    "FlashAttention-2 (varlen)": [
      0.11072,
      0.0471,
      0.04915,
      0.25293,
      0.07168,
      0.06042
    ]
  },
  "p95": {
    "SDPA (math, padded)": [
      5.45382,
      2.71974,
      2.18637,
      11.01722,
      6.05389,
      4.13798
    ],
    "SDPA (efficient, padded)": [
      2.25859,
      2.09306,
      2.0296,
      4.55987,
      4.22912,
      3.71507
    ],
    "SDPA (flash, padded)": [
      2.20045,
      2.04675,
      2.03354,
      4.38784,
      3.95776,
      3.73965
    ],
    "NestedTensor + SDPA": [
      9.45158,
      9.36928,
      9.19386,
      18.05414,
      17.73258,
      17.6425
    ],
    "Triton Ragged (ours)": [
      0.13926,
      0.04301,
      0.02662,
      0.34835,
      0.07987,
      0.02867
    ],
    "FlashAttention-2 (varlen)": [
      0.11264,
      0.0512,
      0.05338,
      0.27136,
      0.07283,
      0.06144
    ]
  }
}