{
  "gpu": "NVIDIA RTX 4000 Ada Generation",
  "sm": "SM89",
  "timing": "cuda_events_median_ms",
  "warmup": 50,
  "jit_warmup": 150,
  "iters": 300,
  "configs": [
    "BS=32, 0% pruned",
    "BS=32, 50% pruned",
    "BS=32, 80% pruned",
    "BS=64, 0% pruned",
    "BS=64, 50% pruned",
    "BS=64, 80% pruned"
  ],
  "kernels": {
    "SDPA (math, padded)": [
      5.32446,
      2.56717,
      2.13912,
      10.65224,
      5.82963,
      4.18522
    ],
    "SDPA (efficient, padded)": [
      2.11661,
      1.94194,
      1.83478,
      4.16312,
      3.77238,
      3.88744
    ],
    "SDPA (flash, padded)": [
      2.02928,
      1.9429,
      1.8833,
      4.09781,
      3.81747,
      3.82347
    ],
    "NestedTensor + SDPA": [
      8.96338,
      9.1904,
      8.75986,
      16.82171,
      17.03526,
      16.5335
    ],
    "Triton Ragged (ours)": [
      0.13722,
      0.04198,
      0.02355,
      0.34509,
      0.07987,
      0.02765
    ],
    "FlashAttention-2 (varlen)": [
      0.11162,
      0.04915,
      0.04813,
      0.25309,
      0.0727,
      0.06042
    ]
  },
  "p5": {
    "SDPA (math, padded)": [
      5.27232,
      2.53338,
      2.06438,
      10.59123,
      5.68422,
      4.10016
    ],
    "SDPA (efficient, padded)": [
      2.1064,
      1.87187,
      1.81888,
      4.14413,
      3.75626,
      3.79514
    ],
    "SDPA (flash, padded)": [
      1.98339,
      1.90438,
      1.81354,
      3.95648,
      3.67347,
      3.80422
    ],
    "NestedTensor + SDPA": [
      8.79206,
      8.76749,
      8.63539,
      16.64816,
      16.45875,
      16.33568
    ],
    "Triton Ragged (ours)": [
      0.13619,
      0.04134,
      0.02253,
      0.33792,
      0.07885,
      0.02765
    ],
    "FlashAttention-2 (varlen)": [
      0.11059,
      0.04739,
      0.0471,
      0.25216,
      0.07168,
      0.06042
    ]
  },
  "p95": {
    "SDPA (math, padded)": [
      5.3841,
      2.65011,
      2.18112,
      10.80115,
      5.91501,
      4.37146
    ],
    "SDPA (efficient, padded)": [
      2.18419,
      2.0009,
      1.90464,
      4.34982,
      3.90464,
      3.95674
    ],
    "SDPA (flash, padded)": [
      2.06438,
      1.95584,
      1.8944,
      4.17613,
      3.8871,
      3.95994
    ],
    "NestedTensor + SDPA": [
      9.4904,
      9.49216,
      9.1431,
      17.84934,
      17.78995,
      17.45165
    ],
    "Triton Ragged (ours)": [
      0.13926,
      0.04301,
      0.02461,
      0.34816,
      0.08003,
      0.02867
    ],
    "FlashAttention-2 (varlen)": [
      0.11264,
      0.0512,
      0.05021,
      0.26829,
      0.07475,
      0.06144
    ]
  }
}