{
  "gpu": "NVIDIA RTX 4000 Ada Generation",
  "sm": "SM89",
  "timing": "cuda_events_median_ms",
  "warmup": 50,
  "jit_warmup": 150,
  "iters": 300,
  "configs": [
    "BS=32, 0% pruned",
    "BS=32, 50% pruned",
    "BS=32, 80% pruned",
    "BS=64, 0% pruned",
    "BS=64, 50% pruned",
    "BS=64, 80% pruned"
  ],
  "kernels": {
    "SDPA (math, padded)": [
      5.35971,
      2.64723,
      2.11046,
      10.70182,
      5.83902,
      4.3065
    ],
    "SDPA (efficient, padded)": [
      2.25162,
      2.02024,
      1.96512,
      4.1687,
      4.03614,
      3.9721
    ],
    "SDPA (flash, padded)": [
      2.13381,
      1.96557,
      1.95994,
      4.1065,
      3.95723,
      3.84027
    ],
    "NestedTensor + SDPA": [
      8.90048,
      8.83701,
      8.83102,
      16.85498,
      16.62768,
      16.50688
    ],
    "Triton Ragged (ours)": [
      0.13619,
      0.04198,
      0.02355,
      0.34406,
      0.07987,
      0.02765
    ],
    "FlashAttention-2 (varlen)": [
      0.11162,
      0.04915,
      0.0512,
      0.26214,
      0.07168,
      0.06042
    ]
  },
  "p5": {
    "SDPA (math, padded)": [
      5.31146,
      2.60506,
      2.06541,
      10.59843,
      5.78237,
      4.15734
    ],
    "SDPA (efficient, padded)": [
      2.23315,
      1.99578,
      1.95194,
      4.14646,
      4.00179,
      3.8295
    ],
    "SDPA (flash, padded)": [
      2.11869,
      1.88211,
      1.95248,
      3.96608,
      3.93933,
      3.77856
    ],
    "NestedTensor + SDPA": [
      8.66611,
      8.78266,
      8.74826,
      16.68003,
      16.49011,
      16.11382
    ],
    "Triton Ragged (ours)": [
      0.13517,
      0.04096,
      0.02253,
      0.33178,
      0.07885,
      0.02662
    ],
    "FlashAttention-2 (varlen)": [
      0.11059,
      0.04813,
      0.04813,
      0.25293,
      0.07066,
      0.05939
    ]
  },
  "p95": {
    "SDPA (math, padded)": [
      5.42701,
      2.7095,
      2.1832,
      10.90547,
      5.95846,
      4.41446
    ],
    "SDPA (efficient, padded)": [
      2.31936,
      2.09078,
      2.05837,
      4.29466,
      4.1727,
      4.05811
    ],
    "SDPA (flash, padded)": [
      2.20259,
      2.04189,
      2.0337,
      4.18509,
      4.09805,
      3.85946
    ],
    "NestedTensor + SDPA": [
      9.39626,
      9.26749,
      9.26397,
      17.66182,
      17.3897,
      17.62598
    ],
    "Triton Ragged (ours)": [
      0.13722,
      0.04301,
      0.02477,
      0.34714,
      0.07987,
      0.02787
    ],
    "FlashAttention-2 (varlen)": [
      0.12186,
      0.05325,
      0.05328,
      0.27034,
      0.07197,
      0.06144
    ]
  }
}