{
  "gpu": "NVIDIA RTX 4000 Ada Generation",
  "sm": "SM89",
  "timing": "cuda_events_median_ms",
  "warmup": 50,
  "jit_warmup": 150,
  "iters": 300,
  "configs": [
    "BS=32, 0% pruned",
    "BS=32, 50% pruned",
    "BS=32, 80% pruned",
    "BS=64, 0% pruned",
    "BS=64, 50% pruned",
    "BS=64, 80% pruned"
  ],
  "kernels": {
    "SDPA (math, padded)": [
      5.42288,
      2.58811,
      2.08394,
      10.67323,
      5.73037,
      4.06608
    ],
    "SDPA (efficient, padded)": [
      2.25715,
      1.95334,
      1.93843,
      4.15747,
      3.97002,
      3.57533
    ],
    "SDPA (flash, padded)": [
      2.1944,
      1.91414,
      1.90054,
      4.1001,
      3.82419,
      3.57989
    ],
    "NestedTensor + SDPA": [
      9.23922,
      8.836,
      9.10666,
      17.45416,
      16.96208,
      16.39019
    ],
    "Triton Ragged (ours)": [
      0.13722,
      0.04198,
      0.02498,
      0.34509,
      0.07987,
      0.02765
    ],
    "FlashAttention-2 (varlen)": [
      0.11162,
      0.0512,
      0.0512,
      0.26522,
      0.0727,
      0.06144
    ]
  },
  "p5": {
    "SDPA (math, padded)": [
      5.32685,
      2.57338,
      2.07462,
      10.59363,
      5.68832,
      4.00406
    ],
    "SDPA (efficient, padded)": [
      2.21594,
      1.88611,
      1.8352,
      4.09402,
      3.76115,
      3.55968
    ],
    "SDPA (flash, padded)": [
      2.1208,
      1.8449,
      1.82989,
      3.96317,
      3.61779,
      3.49994
    ],
    "NestedTensor + SDPA": [
      8.81331,
      8.71936,
      8.64768,
      16.63248,
      16.31632,
      16.16282
    ],
    "Triton Ragged (ours)": [
      0.13619,
      0.04198,
      0.02458,
      0.3369,
      0.07885,
      0.02765
    ],
    "FlashAttention-2 (varlen)": [
      0.11059,
      0.05018,
      0.0471,
      0.2519,
      0.07168,
      0.06042
    ]
  },
  "p95": {
    "SDPA (math, padded)": [
      5.47206,
      2.65834,
      2.15773,
      10.81242,
      5.85139,
      4.23219
    ],
    "SDPA (efficient, padded)": [
      2.3615,
      1.99005,
      1.95277,
      4.30246,
      3.98746,
      3.78237
    ],
    "SDPA (flash, padded)": [
      2.23571,
      1.92717,
      1.94662,
      4.1808,
      3.90656,
      3.73232
    ],
    "NestedTensor + SDPA": [
      9.52115,
      9.27043,
      11.39405,
      17.90771,
      17.72666,
      17.19021
    ],
    "Triton Ragged (ours)": [
      0.13926,
      0.04301,
      0.02662,
      0.34714,
      0.07987,
      0.02867
    ],
    "FlashAttention-2 (varlen)": [
      0.11267,
      0.05427,
      0.05427,
      0.27136,
      0.07373,
      0.06147
    ]
  }
}