{
  "gpu": "NVIDIA RTX 4000 Ada Generation",
  "sm": "SM89",
  "timing": "cuda_events_median_ms",
  "warmup": 50,
  "jit_warmup": 150,
  "iters": 300,
  "configs": [
    "BS=32, 0% pruned",
    "BS=32, 50% pruned",
    "BS=32, 80% pruned",
    "BS=64, 0% pruned",
    "BS=64, 50% pruned",
    "BS=64, 80% pruned"
  ],
  "kernels": {
    "SDPA (math, padded)": [
      5.36883,
      2.61702,
      2.0951,
      10.73568,
      5.70459,
      4.14528
    ],
    "SDPA (efficient, padded)": [
      2.2489,
      2.09312,
      2.01318,
      4.31291,
      3.78021,
      3.70638
    ],
    "SDPA (flash, padded)": [
      2.12411,
      1.96608,
      1.95891,
      3.97938,
      3.69875,
      3.71405
    ],
    "NestedTensor + SDPA": [
      9.18862,
      9.19501,
      9.09824,
      17.44224,
      17.25379,
      17.23291
    ],
    "Triton Ragged (ours)": [
      0.13517,
      0.04198,
      0.02355,
      0.34406,
      0.07987,
      0.02765
    ],
    "FlashAttention-2 (varlen)": [
      0.11192,
      0.05734,
      0.05325,
      0.26829,
      0.07168,
      0.06042
    ]
  },
  "p5": {
    "SDPA (math, padded)": [
      5.31261,
      2.59782,
      2.08246,
      10.61171,
      5.62995,
      4.05811
    ],
    "SDPA (efficient, padded)": [
      2.23334,
      2.06733,
      1.93536,
      4.1687,
      3.7551,
      3.56474
    ],
    "SDPA (flash, padded)": [
      2.1073,
      1.95277,
      1.94355,
      3.95674,
      3.67594,
      3.57616
    ],
    "NestedTensor + SDPA": [
      9.11974,
      9.08739,
      8.90474,
      17.05699,
      16.83453,
      17.05472
    ],
    "Triton Ragged (ours)": [
      0.13456,
      0.04096,
      0.02253,
      0.33075,
      0.07885,
      0.02662
    ],
    "FlashAttention-2 (varlen)": [
      0.11059,
      0.05325,
      0.0512,
      0.25293,
      0.07066,
      0.05939
    ]
  },
  "p95": {
    "SDPA (math, padded)": [
      5.42432,
      2.69725,
      2.17674,
      10.90778,
      5.83373,
      4.28048
    ],
    "SDPA (efficient, padded)": [
      2.31219,
      2.13702,
      2.05824,
      4.54374,
      3.91923,
      3.72602
    ],
    "SDPA (flash, padded)": [
      2.13942,
      2.04698,
      2.0369,
      4.11456,
      3.82909,
      3.74557
    ],
    "NestedTensor + SDPA": [
      9.27747,
      9.66768,
      9.5447,
      18.28038,
      18.45965,
      18.0503
    ],
    "Triton Ragged (ours)": [
      0.13619,
      0.04301,
      0.0256,
      0.34714,
      0.07987,
      0.02778
    ],
    "FlashAttention-2 (varlen)": [
      0.12186,
      0.06042,
      0.05632,
      0.27136,
      0.07494,
      0.06144
    ]
  }
}