{
  "gpu": "NVIDIA RTX 4000 Ada Generation",
  "sm": "SM89",
  "timing": "cuda_events_median_ms",
  "warmup": 50,
  "jit_warmup": 150,
  "iters": 300,
  "configs": [
    "BS=32, 0% pruned",
    "BS=32, 50% pruned",
    "BS=32, 80% pruned",
    "BS=64, 0% pruned",
    "BS=64, 50% pruned",
    "BS=64, 80% pruned"
  ],
  "kernels": {
    "SDPA (math, padded)": [
      5.35082,
      2.58253,
      2.08282,
      10.66813,
      5.76011,
      4.08858
    ],
    "SDPA (efficient, padded)": [
      2.13018,
      1.89747,
      1.90869,
      4.18918,
      3.79763,
      3.59261
    ],
    "SDPA (flash, padded)": [
      1.99782,
      1.86141,
      1.8407,
      3.99355,
      3.846,
      3.60346
    ],
    "NestedTensor + SDPA": [
      8.97792,
      9.08757,
      8.74693,
      16.6763,
      17.33678,
      16.61074
    ],
    "Triton Ragged (ours)": [
      0.13722,
      0.04198,
      0.02483,
      0.34611,
      0.07987,
      0.02765
    ],
    "FlashAttention-2 (varlen)": [
      0.11162,
      0.05018,
      0.04915,
      0.25826,
      0.07168,
      0.06042
    ]
  },
  "p5": {
    "SDPA (math, padded)": [
      5.28874,
      2.5599,
      2.06867,
      10.60166,
      5.71123,
      4.0704
    ],
    "SDPA (efficient, padded)": [
      2.12275,
      1.88723,
      1.83411,
      4.17587,
      3.77856,
      3.57798
    ],
    "SDPA (flash, padded)": [
      1.96442,
      1.82272,
      1.82477,
      3.97587,
      3.70621,
      3.53587
    ],
    "NestedTensor + SDPA": [
      8.77773,
      8.68355,
      8.66406,
      16.32874,
      16.46675,
      16.35021
    ],
    "Triton Ragged (ours)": [
      0.13619,
      0.04122,
      0.02355,
      0.3369,
      0.07885,
      0.02662
    ],
    "FlashAttention-2 (varlen)": [
      0.11059,
      0.04813,
      0.0471,
      0.25293,
      0.07168,
      0.05939
    ]
  },
  "p95": {
    "SDPA (math, padded)": [
      5.38829,
      2.65011,
      2.15859,
      10.7991,
      5.87766,
      4.23322
    ],
    "SDPA (efficient, padded)": [
      2.13898,
      1.96403,
      1.95264,
      4.32925,
      3.9383,
      3.7335
    ],
    "SDPA (flash, padded)": [
      2.44454,
      1.92707,
      1.91181,
      4.19632,
      3.86477,
      3.81885
    ],
    "NestedTensor + SDPA": [
      9.49366,
      9.20989,
      9.2928,
      17.46262,
      17.78877,
      17.53434
    ],
    "Triton Ragged (ours)": [
      0.13926,
      0.04301,
      0.02592,
      0.35021,
      0.08006,
      0.02797
    ],
    "FlashAttention-2 (varlen)": [
      0.11264,
      0.05325,
      0.05325,
      0.2601,
      0.0727,
      0.06144
    ]
  }
}