{
  "gpu": "NVIDIA RTX 4000 Ada Generation",
  "sm": "SM89",
  "timing": "cuda_events_median_ms",
  "warmup": 50,
  "jit_warmup": 150,
  "iters": 300,
  "configs": [
    "BS=32, 0% pruned",
    "BS=32, 50% pruned",
    "BS=32, 80% pruned",
    "BS=64, 0% pruned",
    "BS=64, 50% pruned",
    "BS=64, 80% pruned"
  ],
  "kernels": {
    "SDPA (math, padded)": [
      5.32312,
      2.57619,
      2.07563,
      10.7337,
      5.7932,
      4.25317
    ],
    "SDPA (efficient, padded)": [
      2.2487,
      1.96619,
      1.83347,
      4.16528,
      4.01149,
      3.8199
    ],
    "SDPA (flash, padded)": [
      2.12582,
      1.84197,
      1.83758,
      3.92312,
      3.93746,
      4.01298
    ],
    "NestedTensor + SDPA": [
      9.14278,
      9.02656,
      8.99506,
      17.24578,
      17.0301,
      16.92318
    ],
    "Triton Ragged (ours)": [
      0.13619,
      0.04198,
      0.02458,
      0.34304,
      0.07987,
      0.02765
    ],
    "FlashAttention-2 (varlen)": [
      0.11162,
      0.05018,
      0.05325,
      0.26624,
      0.07107,
      0.06042
    ]
  },
  "p5": {
    "SDPA (math, padded)": [
      5.29683,
      2.54458,
      2.06742,
      10.59549,
      5.74054,
      4.08576
    ],
    "SDPA (efficient, padded)": [
      2.23344,
      1.95584,
      1.82477,
      4.10624,
      3.96621,
      3.77242
    ],
    "SDPA (flash, padded)": [
      2.11558,
      1.83286,
      1.82582,
      3.89229,
      3.91952,
      3.76819
    ],
    "NestedTensor + SDPA": [
      9.06893,
      8.85114,
      8.87914,
      17.06701,
      16.85933,
      16.65501
    ],
    "Triton Ragged (ours)": [
      0.13517,
      0.04141,
      0.02458,
      0.33178,
      0.07885,
      0.02765
    ],
    "FlashAttention-2 (varlen)": [
      0.11059,
      0.04813,
      0.0512,
      0.25498,
      0.07066,
      0.05965
    ]
  },
  "p95": {
    "SDPA (math, padded)": [
      5.41584,
      2.65011,
      2.14835,
      10.8295,
      5.92301,
      4.35526
    ],
    "SDPA (efficient, padded)": [
      2.30707,
      2.36646,
      1.90566,
      4.18797,
      4.14515,
      4.01939
    ],
    "SDPA (flash, padded)": [
      2.13814,
      1.8729,
      1.90954,
      3.98032,
      4.05818,
      4.04275
    ],
    "NestedTensor + SDPA": [
      9.6872,
      9.10531,
      9.47203,
      18.15245,
      17.88838,
      17.77088
    ],
    "Triton Ragged (ours)": [
      0.13722,
      0.0423,
      0.02662,
      0.34714,
      0.07987,
      0.02867
    ],
    "FlashAttention-2 (varlen)": [
      0.11264,
      0.05325,
      0.0553,
      0.26829,
      0.07184,
      0.06144
    ]
  }
}