{
  "gpu": "NVIDIA RTX 4000 Ada Generation",
  "sm": "SM89",
  "timing": "cuda_events_median_ms",
  "warmup": 50,
  "jit_warmup": 150,
  "iters": 300,
  "configs": [
    "BS=32, 0% pruned",
    "BS=32, 50% pruned",
    "BS=32, 80% pruned",
    "BS=64, 0% pruned",
    "BS=64, 50% pruned",
    "BS=64, 80% pruned"
  ],
  "kernels": {
    "SDPA (math, padded)": [
      5.35376,
      2.5856,
      2.15656,
      10.66579,
      5.73267,
      4.0919
    ],
    "SDPA (efficient, padded)": [
      2.18931,
      1.9671,
      1.83496,
      4.17877,
      3.78698,
      3.58584
    ],
    "SDPA (flash, padded)": [
      2.08078,
      1.85754,
      1.89952,
      3.98693,
      3.70963,
      3.59738
    ],
    "NestedTensor + SDPA": [
      9.03168,
      9.28664,
      8.91888,
      17.06898,
      16.78539,
      16.78637
    ],
    "Triton Ragged (ours)": [
      0.13619,
      0.04198,
      0.02355,
      0.34406,
      0.07987,
      0.02765
    ],
    "FlashAttention-2 (varlen)": [
      0.11162,
      0.05018,
      0.05018,
      0.26829,
      0.07168,
      0.06042
    ]
  },
  "p5": {
    "SDPA (math, padded)": [
      5.27974,
      2.57418,
      2.07949,
      10.60659,
      5.68832,
      4.07462
    ],
    "SDPA (efficient, padded)": [
      2.12038,
      1.89574,
      1.80704,
      4.12067,
      3.77424,
      3.52256
    ],
    "SDPA (flash, padded)": [
      2.07235,
      1.84944,
      1.82989,
      3.9407,
      3.64723,
      3.58608
    ],
    "NestedTensor + SDPA": [
      8.93302,
      8.87501,
      8.77261,
      16.9001,
      16.50278,
      16.57139
    ],
    "Triton Ragged (ours)": [
      0.13517,
      0.04096,
      0.02253,
      0.33178,
      0.07885,
      0.02662
    ],
    "FlashAttention-2 (varlen)": [
      0.11059,
      0.04915,
      0.04813,
      0.25293,
      0.07066,
      0.05939
    ]
  },
  "p95": {
    "SDPA (math, padded)": [
      5.37408,
      2.59686,
      2.16474,
      10.78502,
      5.84691,
      4.23507
    ],
    "SDPA (efficient, padded)": [
      2.20262,
      1.98022,
      1.84915,
      4.19552,
      3.91642,
      3.64646
    ],
    "SDPA (flash, padded)": [
      2.1185,
      1.92637,
      1.91478,
      4.12672,
      3.72646,
      3.61181
    ],
    "NestedTensor + SDPA": [
      9.47283,
      9.52413,
      9.42467,
      18.26934,
      17.62512,
      17.62797
    ],
    "Triton Ragged (ours)": [
      0.13722,
      0.04301,
      0.02458,
      0.34643,
      0.07987,
      0.02787
    ],
    "FlashAttention-2 (varlen)": [
      0.11264,
      0.05248,
      0.05325,
      0.27034,
      0.0727,
      0.06144
    ]
  }
}