{
  "gpu": "NVIDIA RTX 4000 Ada Generation",
  "sm": "SM89",
  "timing": "cuda_events_median_ms",
  "warmup": 50,
  "jit_warmup": 150,
  "iters": 300,
  "configs": [
    "BS=32, 0% pruned",
    "BS=32, 50% pruned",
    "BS=32, 80% pruned",
    "BS=64, 0% pruned",
    "BS=64, 50% pruned",
    "BS=64, 80% pruned"
  ],
  "kernels": {
    "SDPA (math, padded)": [
      5.40365,
      2.56915,
      2.07258,
      10.63424,
      5.74248,
      4.18648
    ],
    "SDPA (efficient, padded)": [
      2.17405,
      1.88534,
      1.89754,
      4.21339,
      3.76013,
      3.55238
    ],
    "SDPA (flash, padded)": [
      2.11994,
      1.85341,
      1.82784,
      3.95661,
      3.6812,
      3.57419
    ],
    "NestedTensor + SDPA": [
      8.90163,
      8.84328,
      8.77882,
      16.84539,
      16.65952,
      16.59483
    ],
    "Triton Ragged (ours)": [
      0.13619,
      0.04198,
      0.02355,
      0.34406,
      0.07923,
      0.02765
    ],
    "FlashAttention-2 (varlen)": [
      0.11162,
      0.0512,
      0.04813,
      0.26726,
      0.07168,
      0.06144
    ]
  },
  "p5": {
    "SDPA (math, padded)": [
      5.31354,
      2.5407,
      2.06541,
      10.60544,
      5.66992,
      4.04768
    ],
    "SDPA (efficient, padded)": [
      2.12992,
      1.8761,
      1.82509,
      4.06611,
      3.66813,
      3.47322
    ],
    "SDPA (flash, padded)": [
      2.10768,
      1.81754,
      1.81965,
      3.93626,
      3.61779,
      3.5033
    ],
    "NestedTensor + SDPA": [
      8.73165,
      8.74701,
      8.59546,
      16.4649,
      16.53453,
      16.47309
    ],
    "Triton Ragged (ours)": [
      0.13517,
      0.04096,
      0.02253,
      0.33178,
      0.07885,
      0.02765
    ],
    "FlashAttention-2 (varlen)": [
      0.11059,
      0.04915,
      0.04608,
      0.25395,
      0.07066,
      0.06042
    ]
  },
  "p95": {
    "SDPA (math, padded)": [
      5.45997,
      2.58326,
      2.13882,
      10.75712,
      5.89379,
      4.26765
    ],
    "SDPA (efficient, padded)": [
      2.28067,
      1.89763,
      1.93946,
      4.99507,
      3.81773,
      3.61875
    ],
    "SDPA (flash, padded)": [
      2.13414,
      1.91507,
      1.89542,
      4.09395,
      3.82342,
      3.59117
    ],
    "NestedTensor + SDPA": [
      9.53142,
      11.62458,
      8.85213,
      17.52474,
      17.44384,
      17.50246
    ],
    "Triton Ragged (ours)": [
      0.13722,
      0.04301,
      0.02458,
      0.34714,
      0.07987,
      0.02867
    ],
    "FlashAttention-2 (varlen)": [
      0.11264,
      0.05427,
      0.0512,
      0.27034,
      0.07203,
      0.06154
    ]
  }
}