{
  "gpu": "NVIDIA RTX 4000 Ada Generation",
  "sm": "SM89",
  "timing": "cuda_events_median_ms",
  "warmup": 50,
  "jit_warmup": 150,
  "iters": 300,
  "configs": [
    "BS=32, 0% pruned",
    "BS=32, 50% pruned",
    "BS=32, 80% pruned",
    "BS=64, 0% pruned",
    "BS=64, 50% pruned",
    "BS=64, 80% pruned"
  ],
  "kernels": {
    "SDPA (math, padded)": [
      5.33797,
      2.57102,
      2.13582,
      10.69965,
      5.90784,
      4.21062
    ],
    "SDPA (efficient, padded)": [
      2.22899,
      1.88691,
      1.90616,
      4.3817,
      3.92058,
      3.70104
    ],
    "SDPA (flash, padded)": [
      2.10954,
      1.85667,
      1.89739,
      4.28845,
      3.95797,
      3.71403
    ],
    "NestedTensor + SDPA": [
      8.92214,
      8.83592,
      8.81346,
      16.86509,
      16.70058,
      16.55518
    ],
    "Triton Ragged (ours)": [
      0.13619,
      0.04198,
      0.02355,
      0.34304,
      0.07987,
      0.02765
    ],
    "FlashAttention-2 (varlen)": [
      0.11162,
      0.05018,
      0.05018,
      0.25312,
      0.07168,
      0.06042
    ]
  },
  "p5": {
    "SDPA (math, padded)": [
      5.30534,
      2.5591,
      2.06461,
      10.56586,
      5.86989,
      4.19405
    ],
    "SDPA (efficient, padded)": [
      2.20954,
      1.8791,
      1.83056,
      4.31818,
      3.89197,
      3.55139
    ],
    "SDPA (flash, padded)": [
      2.09936,
      1.78176,
      1.82288,
      4.15536,
      3.87789,
      3.56966
    ],
    "NestedTensor + SDPA": [
      8.84826,
      8.61414,
      8.68266,
      16.71373,
      16.27034,
      16.20794
    ],
    "Triton Ragged (ours)": [
      0.13517,
      0.04128,
      0.02253,
      0.33075,
      0.07885,
      0.02765
    ],
    "FlashAttention-2 (varlen)": [
      0.11059,
      0.04915,
      0.04915,
      0.2519,
      0.07066,
      0.06042
    ]
  },
  "p95": {
    "SDPA (math, padded)": [
      5.37318,
      2.64602,
      2.14845,
      10.8936,
      6.00781,
      4.27827
    ],
    "SDPA (efficient, padded)": [
      2.29888,
      1.89578,
      1.94765,
      4.4032,
      3.97811,
      3.77651
    ],
    "SDPA (flash, padded)": [
      2.18416,
      1.96115,
      1.91386,
      4.31318,
      4.04688,
      3.7929
    ],
    "NestedTensor + SDPA": [
      9.97235,
      9.31533,
      8.8777,
      17.99578,
      17.57594,
      17.40698
    ],
    "Triton Ragged (ours)": [
      0.13722,
      0.04301,
      0.02477,
      0.34509,
      0.07987,
      0.02867
    ],
    "FlashAttention-2 (varlen)": [
      0.11264,
      0.05222,
      0.05325,
      0.26829,
      0.0727,
      0.06144
    ]
  }
}