{
  "gpu": "NVIDIA RTX 4000 Ada Generation",
  "sm": "SM89",
  "timing": "cuda_events_median_ms",
  "warmup": 50,
  "jit_warmup": 150,
  "iters": 300,
  "configs": [
    "BS=32, 0% pruned",
    "BS=32, 50% pruned",
    "BS=32, 80% pruned",
    "BS=64, 0% pruned",
    "BS=64, 50% pruned",
    "BS=64, 80% pruned"
  ],
  "kernels": {
    "SDPA (math, padded)": [
      5.31059,
      2.56523,
      2.06002,
      10.80467,
      5.66579,
      4.04992
    ],
    "SDPA (efficient, padded)": [
      2.10794,
      1.87699,
      1.82248,
      4.38475,
      3.87806,
      3.5492
    ],
    "SDPA (flash, padded)": [
      1.95187,
      1.84085,
      1.8135,
      4.18968,
      3.80518,
      3.56867
    ],
    "NestedTensor + SDPA": [
      8.88474,
      8.77581,
      8.71834,
      16.77109,
      16.81416,
      16.44878
    ],
    "Triton Ragged (ours)": [
      0.13619,
      0.04198,
      0.02458,
      0.34509,
      0.07987,
      0.02765
    ],
    "FlashAttention-2 (varlen)": [
      0.11174,
      0.04813,
      0.0471,
      0.26829,
      0.07168,
      0.06042
    ]
  },
  "p5": {
    "SDPA (math, padded)": [
      5.26122,
      2.51382,
      2.05178,
      10.66291,
      5.64429,
      4.03661
    ],
    "SDPA (efficient, padded)": [
      2.07683,
      1.86778,
      1.8135,
      4.35731,
      3.74262,
      3.48131
    ],
    "SDPA (flash, padded)": [
      1.9415,
      1.82682,
      1.80531,
      4.17382,
      3.66797,
      3.51958
    ],
    "NestedTensor + SDPA": [
      8.77971,
      8.69981,
      8.50659,
      16.57379,
      16.41875,
      16.04403
    ],
    "Triton Ragged (ours)": [
      0.13517,
      0.04128,
      0.02355,
      0.33178,
      0.07885,
      0.02765
    ],
    "FlashAttention-2 (varlen)": [
      0.11059,
      0.04608,
      0.04608,
      0.25293,
      0.07066,
      0.05939
    ]
  },
  "p95": {
    "SDPA (math, padded)": [
      5.34938,
      2.63885,
      2.13402,
      10.88307,
      5.79923,
      4.06643
    ],
    "SDPA (efficient, padded)": [
      2.12259,
      1.94624,
      1.83501,
      4.52403,
      3.96157,
      3.56966
    ],
    "SDPA (flash, padded)": [
      1.98954,
      1.90643,
      1.82173,
      4.20755,
      3.88406,
      3.64851
    ],
    "NestedTensor + SDPA": [
      9.33683,
      9.43008,
      9.16365,
      17.61168,
      17.37114,
      17.71686
    ],
    "Triton Ragged (ours)": [
      0.13722,
      0.04234,
      0.02566,
      0.34714,
      0.07987,
      0.02867
    ],
    "FlashAttention-2 (varlen)": [
      0.12186,
      0.05018,
      0.0512,
      0.27034,
      0.07197,
      0.06144
    ]
  }
}