{
  "gpu": "NVIDIA RTX 4000 Ada Generation",
  "sm": "SM89",
  "timing": "cuda_events_median_ms",
  "warmup": 50,
  "jit_warmup": 150,
  "iters": 300,
  "configs": [
    "BS=32, 0% pruned",
    "BS=32, 50% pruned",
    "BS=32, 80% pruned",
    "BS=64, 0% pruned",
    "BS=64, 50% pruned",
    "BS=64, 80% pruned"
  ],
  "kernels": {
    "SDPA (math, padded)": [
      5.31659,
      2.70118,
      2.18214,
      10.88102,
      5.84635,
      4.1881
    ],
    "SDPA (efficient, padded)": [
      2.25494,
      2.0327,
      1.97533,
      4.43018,
      4.04053,
      3.83498
    ],
    "SDPA (flash, padded)": [
      2.1283,
      1.97477,
      1.99813,
      4.23501,
      3.94854,
      3.84426
    ],
    "NestedTensor + SDPA": [
      9.25557,
      9.22778,
      9.17317,
      17.74018,
      17.39891,
      17.11563
    ],
    "Triton Ragged (ours)": [
      0.13619,
      0.04198,
      0.0247,
      0.34202,
      0.07987,
      0.02765
    ],
    "FlashAttention-2 (varlen)": [
      0.11162,
      0.05331,
      0.0512,
      0.25907,
      0.07168,
      0.06042
    ]
  },
  "p5": {
    "SDPA (math, padded)": [
      5.24298,
      2.62451,
      2.11142,
      10.7408,
      5.64122,
      4.12672
    ],
    "SDPA (efficient, padded)": [
      2.24051,
      2.01421,
      1.96125,
      4.25286,
      3.97517,
      3.77219
    ],
    "SDPA (flash, padded)": [
      2.0969,
      1.96576,
      1.9617,
      4.18374,
      3.88688,
      3.83078
    ],
    "NestedTensor + SDPA": [
      9.02941,
      9.04192,
      9.08288,
      17.36717,
      17.12045,
      16.99942
    ],
    "Triton Ragged (ours)": [
      0.13517,
      0.04096,
      0.02355,
      0.33075,
      0.07885,
      0.02662
    ],
    "FlashAttention-2 (varlen)": [
      0.11059,
      0.05018,
      0.04947,
      0.25293,
      0.07066,
      0.05939
    ]
  },
  "p95": {
    "SDPA (math, padded)": [
      5.376,
      2.75856,
      2.22538,
      10.98982,
      5.96685,
      4.36717
    ],
    "SDPA (efficient, padded)": [
      2.31418,
      2.10842,
      2.048,
      4.45565,
      4.17478,
      3.8536
    ],
    "SDPA (flash, padded)": [
      2.14243,
      1.98554,
      2.04714,
      4.37658,
      3.9721,
      3.86054
    ],
    "NestedTensor + SDPA": [
      9.72173,
      9.69658,
      9.61126,
      18.56922,
      18.31629,
      17.90986
    ],
    "Triton Ragged (ours)": [
      0.13722,
      0.04234,
      0.02662,
      0.34413,
      0.07987,
      0.02784
    ],
    "FlashAttention-2 (varlen)": [
      0.11264,
      0.05734,
      0.05325,
      0.26829,
      0.0727,
      0.06144
    ]
  }
}