{
  "gpu": "NVIDIA RTX 4000 Ada Generation",
  "sm": "SM89",
  "timing": "cuda_events_median_ms",
  "warmup": 50,
  "jit_warmup": 150,
  "iters": 300,
  "configs": [
    "BS=32, 0% pruned",
    "BS=32, 50% pruned",
    "BS=32, 80% pruned",
    "BS=64, 0% pruned",
    "BS=64, 50% pruned",
    "BS=64, 80% pruned"
  ],
  "kernels": {
    "SDPA (math, padded)": [
      5.33154,
      2.57003,
      2.07922,
      10.66661,
      5.76411,
      4.07512
    ],
    "SDPA (efficient, padded)": [
      2.11354,
      1.95654,
      1.8391,
      4.4017,
      3.76622,
      3.63459
    ],
    "SDPA (flash, padded)": [
      1.99162,
      1.84728,
      1.83192,
      4.2316,
      3.69467,
      3.58117
    ],
    "NestedTensor + SDPA": [
      8.91643,
      8.78914,
      8.73389,
      16.92123,
      16.68032,
      16.63451
    ],
    "Triton Ragged (ours)": [
      0.13619,
      0.04198,
      0.02355,
      0.34509,
      0.07987,
      0.02765
    ],
    "FlashAttention-2 (varlen)": [
      0.11162,
      0.04915,
      0.04813,
      0.25395,
      0.07101,
      0.06064
    ]
  },
  "p5": {
    "SDPA (math, padded)": [
      5.2561,
      2.54566,
      2.06541,
      10.60045,
      5.66989,
      4.05242
    ],
    "SDPA (efficient, padded)": [
      2.08102,
      1.88653,
      1.82886,
      4.18109,
      3.70675,
      3.56045
    ],
    "SDPA (flash, padded)": [
      1.95789,
      1.81453,
      1.82262,
      4.18125,
      3.6785,
      3.50954
    ],
    "NestedTensor + SDPA": [
      8.81626,
      8.58026,
      8.54627,
      16.51027,
      16.54067,
      16.49152
    ],
    "Triton Ragged (ours)": [
      0.13517,
      0.04096,
      0.02253,
      0.33178,
      0.07885,
      0.02765
    ],
    "FlashAttention-2 (varlen)": [
      0.11059,
      0.0471,
      0.04608,
      0.25293,
      0.07066,
      0.06042
    ]
  },
  "p95": {
    "SDPA (math, padded)": [
      5.4528,
      2.6368,
      2.15718,
      10.82701,
      5.98835,
      4.22298
    ],
    "SDPA (efficient, padded)": [
      2.12826,
      1.968,
      1.84934,
      4.56499,
      3.88189,
      3.7224
    ],
    "SDPA (flash, padded)": [
      2.00499,
      1.86163,
      1.9056,
      4.37453,
      3.71219,
      3.73453
    ],
    "NestedTensor + SDPA": [
      9.31942,
      9.24781,
      9.17027,
      17.95971,
      17.46778,
      17.4169
    ],
    "Triton Ragged (ours)": [
      0.13722,
      0.04301,
      0.02458,
      0.34714,
      0.07987,
      0.02867
    ],
    "FlashAttention-2 (varlen)": [
      0.11264,
      0.05149,
      0.05018,
      0.27034,
      0.07206,
      0.06144
    ]
  }
}