{
  "gpu": "NVIDIA RTX 4000 Ada Generation",
  "sm": "SM89",
  "timing": "cuda_events_median_ms",
  "warmup": 50,
  "jit_warmup": 150,
  "iters": 300,
  "configs": [
    "BS=32, 0% pruned",
    "BS=32, 50% pruned",
    "BS=32, 80% pruned",
    "BS=64, 0% pruned",
    "BS=64, 50% pruned",
    "BS=64, 80% pruned"
  ],
  "kernels": {
    "SDPA (math, padded)": [
      5.34682,
      2.67429,
      2.14846,
      10.79917,
      5.84598,
      4.11216
    ],
    "SDPA (efficient, padded)": [
      2.12058,
      1.91994,
      1.92,
      4.2967,
      4.03082,
      3.60253
    ],
    "SDPA (flash, padded)": [
      2.06219,
      1.90878,
      1.92267,
      4.11014,
      4.02421,
      3.71202
    ],
    "NestedTensor + SDPA": [
      9.25082,
      9.14949,
      9.10354,
      17.47752,
      17.10549,
      17.12222
    ],
    "Triton Ragged (ours)": [
      0.13722,
      0.04198,
      0.02395,
      0.34406,
      0.07987,
      0.02765
    ],
    "FlashAttention-2 (varlen)": [
      0.11366,
      0.0512,
      0.0512,
      0.26624,
      0.0727,
      0.06042
    ]
  },
  "p5": {
    "SDPA (math, padded)": [
      5.26922,
      2.57136,
      2.06541,
      10.61888,
      5.70163,
      4.0624
    ],
    "SDPA (efficient, padded)": [
      2.10506,
      1.83904,
      1.83539,
      4.15334,
      3.89734,
      3.55427
    ],
    "SDPA (flash, padded)": [
      1.98656,
      1.84845,
      1.85754,
      3.9721,
      3.82694,
      3.57587
    ],
    "NestedTensor + SDPA": [
      8.79206,
      8.70618,
      8.708,
      16.65754,
      16.48224,
      16.39155
    ],
    "Triton Ragged (ours)": [
      0.13619,
      0.04096,
      0.02272,
      0.33792,
      0.07885,
      0.02662
    ],
    "FlashAttention-2 (varlen)": [
      0.11264,
      0.04915,
      0.03379,
      0.25293,
      0.07168,
      0.05939
    ]
  },
  "p95": {
    "SDPA (math, padded)": [
      5.9135,
      3.16518,
      2.68966,
      11.30906,
      6.40512,
      4.73702
    ],
    "SDPA (efficient, padded)": [
      2.69414,
      2.41952,
      2.42208,
      4.86237,
      4.59776,
      4.24448
    ],
    "SDPA (flash, padded)": [
      2.60096,
      2.46038,
      2.41459,
      4.68803,
      4.60493,
      4.26672
    ],
    "NestedTensor + SDPA": [
      9.78944,
      9.63891,
      9.56109,
      18.06333,
      17.85712,
      17.80122
    ],
    "Triton Ragged (ours)": [
      0.14131,
      0.04301,
      0.0256,
      0.34918,
      0.07987,
      0.02771
    ],
    "FlashAttention-2 (varlen)": [
      0.1239,
      0.05325,
      0.05354,
      0.26966,
      0.07398,
      0.06144
    ]
  }
}