{
  "gpu": "NVIDIA RTX 4000 Ada Generation",
  "sm": "SM89",
  "timing": "cuda_events_median_ms",
  "warmup": 50,
  "jit_warmup": 150,
  "iters": 300,
  "configs": [
    "BS=32, 0% pruned",
    "BS=32, 50% pruned",
    "BS=32, 80% pruned",
    "BS=64, 0% pruned",
    "BS=64, 50% pruned",
    "BS=64, 80% pruned"
  ],
  "kernels": {
    "SDPA (math, padded)": [
      5.2777,
      2.57741,
      2.06949,
      10.64806,
      5.66387,
      4.15498
    ],
    "SDPA (efficient, padded)": [
      2.16322,
      1.87802,
      1.88704,
      4.14267,
      3.74397,
      3.55171
    ],
    "SDPA (flash, padded)": [
      2.04083,
      1.83454,
      1.89446,
      4.07722,
      3.6708,
      3.68744
    ],
    "NestedTensor + SDPA": [
      8.94101,
      8.88678,
      8.86725,
      16.80056,
      16.67125,
      16.49205
    ],
    "Triton Ragged (ours)": [
      0.13619,
      0.04198,
      0.02355,
      0.34418,
      0.07987,
      0.02765
    ],
    "FlashAttention-2 (varlen)": [
      0.11162,
      0.04915,
      0.04915,
      0.26726,
      0.07168,
      0.06042
    ]
  },
  "p5": {
    "SDPA (math, padded)": [
      5.24899,
      2.55514,
      2.06029,
      10.58621,
      5.64317,
      4.02634
    ],
    "SDPA (efficient, padded)": [
      2.09408,
      1.86982,
      1.81584,
      4.12458,
      3.68474,
      3.53411
    ],
    "SDPA (flash, padded)": [
      1.97101,
      1.81043,
      1.88621,
      3.93795,
      3.60653,
      3.55926
    ],
    "NestedTensor + SDPA": [
      8.8535,
      8.80294,
      8.7552,
      16.42419,
      16.40774,
      16.10666
    ],
    "Triton Ragged (ours)": [
      0.13517,
      0.04096,
      0.02253,
      0.33178,
      0.07885,
      0.02662
    ],
    "FlashAttention-2 (varlen)": [
      0.11059,
      0.04746,
      0.04813,
      0.256,
      0.07066,
      0.05939
    ]
  },
  "p95": {
    "SDPA (math, padded)": [
      5.34016,
      2.64403,
      2.14118,
      10.76736,
      5.79072,
      4.18909
    ],
    "SDPA (efficient, padded)": [
      2.17782,
      1.95072,
      1.89952,
      4.28442,
      3.7632,
      3.75587
    ],
    "SDPA (flash, padded)": [
      2.08691,
      1.8487,
      1.90355,
      4.09888,
      3.79392,
      3.76291
    ],
    "NestedTensor + SDPA": [
      9.37763,
      9.30531,
      9.32672,
      17.69862,
      17.80122,
      17.32573
    ],
    "Triton Ragged (ours)": [
      0.13722,
      0.0423,
      0.02458,
      0.34714,
      0.08,
      0.02781
    ],
    "FlashAttention-2 (varlen)": [
      0.12186,
      0.05126,
      0.05152,
      0.2697,
      0.07475,
      0.06144
    ]
  }
}