{
  "gpu": "NVIDIA RTX 4000 Ada Generation",
  "sm": "SM89",
  "timing": "cuda_events_median_ms",
  "warmup": 50,
  "jit_warmup": 150,
  "iters": 300,
  "configs": [
    "BS=32, 0% pruned",
    "BS=32, 50% pruned",
    "BS=32, 80% pruned",
    "BS=64, 0% pruned",
    "BS=64, 50% pruned",
    "BS=64, 80% pruned"
  ],
  "kernels": {
    "SDPA (math, padded)": [
      5.35307,
      2.62179,
      2.12992,
      10.89634,
      5.86598,
      4.08573
    ],
    "SDPA (efficient, padded)": [
      2.24666,
      2.02002,
      1.96386,
      4.50307,
      3.84603,
      3.58398
    ],
    "SDPA (flash, padded)": [
      2.04698,
      1.97826,
      2.02253,
      4.22912,
      3.71594,
      3.71482
    ],
    "NestedTensor + SDPA": [
      9.41829,
      8.94173,
      9.25509,
      17.09558,
      16.82842,
      16.74966
    ],
    "Triton Ragged (ours)": [
      0.13619,
      0.04198,
      0.02355,
      0.34202,
      0.07987,
      0.02765
    ],
    "FlashAttention-2 (varlen)": [
      0.11264,
      0.0512,
      0.0512,
      0.25293,
      0.07101,
      0.06042
    ]
  },
  "p5": {
    "SDPA (math, padded)": [
      5.30637,
      2.58522,
      2.05546,
      10.8329,
      5.79792,
      4.07142
    ],
    "SDPA (efficient, padded)": [
      2.23027,
      2.01011,
      1.8687,
      4.38042,
      3.70592,
      3.49082
    ],
    "SDPA (flash, padded)": [
      1.95379,
      1.93766,
      1.92512,
      4.16358,
      3.65667,
      3.59597
    ],
    "NestedTensor + SDPA": [
      8.98867,
      8.85146,
      8.85997,
      16.96368,
      16.51274,
      16.40858
    ],
    "Triton Ragged (ours)": [
      0.13517,
      0.04125,
      0.02355,
      0.33178,
      0.07885,
      0.02662
    ],
    "FlashAttention-2 (varlen)": [
      0.11059,
      0.04915,
      0.04915,
      0.2519,
      0.07066,
      0.05939
    ]
  },
  "p95": {
    "SDPA (math, padded)": [
      5.4121,
      2.65318,
      2.17907,
      11.00717,
      5.97606,
      4.2223
    ],
    "SDPA (efficient, padded)": [
      2.25968,
      2.03168,
      2.04186,
      4.6592,
      4.04093,
      3.72493
    ],
    "SDPA (flash, padded)": [
      2.18931,
      2.04618,
      2.03677,
      4.26102,
      3.77242,
      3.81478
    ],
    "NestedTensor + SDPA": [
      9.68992,
      9.36522,
      9.39808,
      17.95981,
      17.66051,
      17.62598
    ],
    "Triton Ragged (ours)": [
      0.13722,
      0.04301,
      0.0256,
      0.34406,
      0.0799,
      0.02774
    ],
    "FlashAttention-2 (varlen)": [
      0.11366,
      0.05427,
      0.05427,
      0.26624,
      0.07203,
      0.06144
    ]
  }
}