{
  "gpu": "NVIDIA RTX 4000 Ada Generation",
  "sm": "SM89",
  "timing": "cuda_events_median_ms",
  "warmup": 50,
  "jit_warmup": 150,
  "iters": 300,
  "configs": [
    "BS=32, 0% pruned",
    "BS=32, 50% pruned",
    "BS=32, 80% pruned",
    "BS=64, 0% pruned",
    "BS=64, 50% pruned",
    "BS=64, 80% pruned"
  ],
  "kernels": {
    "SDPA (math, padded)": [
      5.35894,
      2.63762,
      2.07667,
      11.00891,
      5.83222,
      4.94598
    ],
    "SDPA (efficient, padded)": [
      2.17907,
      1.94574,
      1.89766,
      4.2809,
      3.90035,
      4.45594
    ],
    "SDPA (flash, padded)": [
      2.05312,
      1.8985,
      1.89688,
      4.08275,
      3.82997,
      4.45747
    ],
    "NestedTensor + SDPA": [
      9.19238,
      9.13611,
      9.04746,
      17.20064,
      17.47747,
      17.5213
    ],
    "Triton Ragged (ours)": [
      0.14029,
      0.04198,
      0.02486,
      0.34509,
      0.07987,
      0.02765
    ],
    "FlashAttention-2 (varlen)": [
      0.11366,
      0.04813,
      0.04813,
      0.26829,
      0.0727,
      0.06042
    ]
  },
  "p5": {
    "SDPA (math, padded)": [
      5.27011,
      2.568,
      2.06442,
      10.6096,
      5.68253,
      4.92531
    ],
    "SDPA (efficient, padded)": [
      2.10573,
      1.88314,
      1.82144,
      4.14496,
      3.75645,
      4.43558
    ],
    "SDPA (flash, padded)": [
      1.98138,
      1.83194,
      1.82374,
      3.94848,
      3.67821,
      4.40112
    ],
    "NestedTensor + SDPA": [
      8.7552,
      8.71731,
      8.68864,
      16.6032,
      16.5304,
      16.42826
    ],
    "Triton Ragged (ours)": [
      0.13722,
      0.04122,
      0.02458,
      0.33587,
      0.07885,
      0.02698
    ],
    "FlashAttention-2 (varlen)": [
      0.11264,
      0.03686,
      0.0471,
      0.25293,
      0.07168,
      0.06042
    ]
  },
  "p95": {
    "SDPA (math, padded)": [
      5.87674,
      3.16739,
      2.59686,
      11.3112,
      6.35891,
      5.48147
    ],
    "SDPA (efficient, padded)": [
      2.64909,
      2.48525,
      2.42586,
      4.8425,
      4.4663,
      5.00019
    ],
    "SDPA (flash, padded)": [
      2.54358,
      2.41958,
      2.42074,
      4.64998,
      4.41981,
      5.0023
    ],
    "NestedTensor + SDPA": [
      9.65018,
      9.58502,
      9.52218,
      17.92307,
      22.1369,
      21.97917
    ],
    "Triton Ragged (ours)": [
      0.14234,
      0.04301,
      0.02662,
      0.35021,
      0.07997,
      0.02867
    ],
    "FlashAttention-2 (varlen)": [
      0.11469,
      0.0512,
      0.05325,
      0.27034,
      0.07514,
      0.06144
    ]
  }
}