{
  "gpu": "NVIDIA RTX 4000 Ada Generation",
  "sm": "SM89",
  "timing": "cuda_events_median_ms",
  "warmup": 50,
  "jit_warmup": 150,
  "iters": 300,
  "configs": [
    "BS=32, 0% pruned",
    "BS=32, 50% pruned",
    "BS=32, 80% pruned",
    "BS=64, 0% pruned",
    "BS=64, 50% pruned",
    "BS=64, 80% pruned"
  ],
  "kernels": {
    "SDPA (math, padded)": [
      5.40342,
      2.59072,
      2.10115,
      10.66154,
      5.93322,
      4.34226
    ],
    "SDPA (efficient, padded)": [
      2.3224,
      1.90464,
      1.85019,
      4.31954,
      4.04173,
      3.84208
    ],
    "SDPA (flash, padded)": [
      2.20262,
      1.88091,
      1.87699,
      3.99909,
      3.97122,
      3.83866
    ],
    "NestedTensor + SDPA": [
      9.32261,
      9.2687,
      8.84237,
      17.56421,
      16.8791,
      17.48226
    ],
    "Triton Ragged (ours)": [
      0.13722,
      0.04198,
      0.02355,
      0.34714,
      0.07987,
      0.02765
    ],
    "FlashAttention-2 (varlen)": [
      0.11469,
      0.05325,
      0.05018,
      0.26624,
      0.07168,
      0.06042
    ]
  },
  "p5": {
    "SDPA (math, padded)": [
      5.34221,
      2.57773,
      2.08659,
      10.62707,
      5.84256,
      4.1943
    ],
    "SDPA (efficient, padded)": [
      2.2528,
      1.8944,
      1.84013,
      4.18509,
      4.02058,
      3.8249
    ],
    "SDPA (flash, padded)": [
      2.12899,
      1.85958,
      1.80454,
      3.92576,
      3.78093,
      3.53792
    ],
    "NestedTensor + SDPA": [
      8.90752,
      8.84122,
      8.7735,
      16.98512,
      16.67261,
      16.67251
    ],
    "Triton Ragged (ours)": [
      0.13619,
      0.04128,
      0.02253,
      0.33722,
      0.07885,
      0.02765
    ],
    "FlashAttention-2 (varlen)": [
      0.11162,
      0.0512,
      0.04915,
      0.256,
      0.07168,
      0.06042
    ]
  },
  "p95": {
    "SDPA (math, padded)": [
      5.46202,
      2.66467,
      2.17293,
      10.78032,
      6.05203,
      4.45226
    ],
    "SDPA (efficient, padded)": [
      2.3593,
      1.91498,
      1.92227,
      4.41309,
      4.19155,
      3.9943
    ],
    "SDPA (flash, padded)": [
      2.2488,
      1.97018,
      1.92205,
      4.03046,
      4.19619,
      3.98358
    ],
    "NestedTensor + SDPA": [
      9.58566,
      9.54163,
      9.27162,
      18.29168,
      18.01014,
      17.95866
    ],
    "Triton Ragged (ours)": [
      0.13859,
      0.04301,
      0.02477,
      0.35021,
      0.07987,
      0.02867
    ],
    "FlashAttention-2 (varlen)": [
      0.11571,
      0.0553,
      0.05325,
      0.26829,
      0.0729,
      0.06144
    ]
  }
}