{
  "gpu": "NVIDIA RTX 4000 Ada Generation",
  "sm": "SM89",
  "timing": "cuda_events_median_ms",
  "warmup": 50,
  "jit_warmup": 150,
  "iters": 300,
  "configs": [
    "BS=32, 0% pruned",
    "BS=32, 50% pruned",
    "BS=32, 80% pruned",
    "BS=64, 0% pruned",
    "BS=64, 50% pruned",
    "BS=64, 80% pruned"
  ],
  "kernels": {
    "SDPA (math, padded)": [
      5.35995,
      2.54317,
      2.20058,
      10.60486,
      5.87232,
      4.18525
    ],
    "SDPA (efficient, padded)": [
      2.23112,
      1.87006,
      1.88518,
      4.13192,
      3.96493,
      3.89472
    ],
    "SDPA (flash, padded)": [
      1.97069,
      1.82765,
      1.81638,
      4.06565,
      3.88496,
      3.77242
    ],
    "NestedTensor + SDPA": [
      8.9267,
      8.78192,
      8.77411,
      16.84155,
      16.54989,
      16.47853
    ],
    "Triton Ragged (ours)": [
      0.13517,
      0.04198,
      0.02355,
      0.3423,
      0.07987,
      0.02765
    ],
    "FlashAttention-2 (varlen)": [
      0.11162,
      0.0512,
      0.04742,
      0.25395,
      0.07168,
      0.06042
    ]
  },
  "p5": {
    "SDPA (math, padded)": [
      5.30909,
      2.50941,
      2.18419,
      10.51974,
      5.58493,
      4.1257
    ],
    "SDPA (efficient, padded)": [
      2.06675,
      1.86141,
      1.8753,
      4.11648,
      3.95174,
      3.75424
    ],
    "SDPA (flash, padded)": [
      1.96198,
      1.80656,
      1.80749,
      3.93082,
      3.87174,
      3.54714
    ],
    "NestedTensor + SDPA": [
      8.84509,
      8.67453,
      8.70515,
      16.65597,
      16.40368,
      16.1225
    ],
    "Triton Ragged (ours)": [
      0.13453,
      0.04096,
      0.02253,
      0.33178,
      0.07885,
      0.02662
    ],
    "FlashAttention-2 (varlen)": [
      0.11059,
      0.04915,
      0.04608,
      0.25293,
      0.07066,
      0.05939
    ]
  },
  "p95": {
    "SDPA (math, padded)": [
      5.42208,
      2.56614,
      2.24346,
      10.70589,
      6.0119,
      4.2417
    ],
    "SDPA (efficient, padded)": [
      2.62451,
      1.88211,
      1.90461,
      4.1513,
      4.01107,
      3.98419
    ],
    "SDPA (flash, padded)": [
      2.036,
      1.88518,
      1.88307,
      4.1537,
      3.90051,
      3.96493
    ],
    "NestedTensor + SDPA": [
      9.46074,
      9.47917,
      9.23238,
      17.99578,
      17.39952,
      17.25555
    ],
    "Triton Ragged (ours)": [
      0.13629,
      0.0423,
      0.02458,
      0.34646,
      0.07987,
      0.02781
    ],
    "FlashAttention-2 (varlen)": [
      0.11264,
      0.05427,
      0.05018,
      0.26931,
      0.0727,
      0.06144
    ]
  }
}