{
  "gpu": "NVIDIA RTX 4000 Ada Generation",
  "sm": "SM89",
  "timing": "cuda_events_median_ms",
  "warmup": 50,
  "jit_warmup": 150,
  "iters": 300,
  "configs": [
    "BS=32, 0% pruned",
    "BS=32, 50% pruned",
    "BS=32, 80% pruned",
    "BS=64, 0% pruned",
    "BS=64, 50% pruned",
    "BS=64, 80% pruned"
  ],
  "kernels": {
    "SDPA (math, padded)": [
      5.41392,
      2.57531,
      2.18248,
      10.64141,
      5.78118,
      4.07654
    ],
    "SDPA (efficient, padded)": [
      2.24666,
      1.88923,
      1.83397,
      4.16666,
      3.77446,
      3.57581
    ],
    "SDPA (flash, padded)": [
      2.1248,
      1.90894,
      1.83501,
      4.11318,
      3.70507,
      3.58232
    ],
    "NestedTensor + SDPA": [
      9.02984,
      9.25554,
      8.90786,
      16.92896,
      16.81152,
      16.71998
    ],
    "Triton Ragged (ours)": [
      0.13619,
      0.04198,
      0.02355,
      0.34406,
      0.07987,
      0.02765
    ],
    "FlashAttention-2 (varlen)": [
      0.11162,
      0.04915,
      0.04915,
      0.25395,
      0.07085,
      0.06042
    ]
  },
  "p5": {
    "SDPA (math, padded)": [
      5.33126,
      2.56,
      2.07885,
      10.55869,
      5.68362,
      4.00816
    ],
    "SDPA (efficient, padded)": [
      2.23405,
      1.88022,
      1.82387,
      4.1552,
      3.76115,
      3.51558
    ],
    "SDPA (flash, padded)": [
      2.11149,
      1.9008,
      1.82861,
      3.96598,
      3.69018,
      3.5183
    ],
    "NestedTensor + SDPA": [
      8.95078,
      8.70982,
      8.81482,
      16.52627,
      16.6001,
      16.58771
    ],
    "Triton Ragged (ours)": [
      0.13517,
      0.04096,
      0.02253,
      0.33178,
      0.07885,
      0.02765
    ],
    "FlashAttention-2 (varlen)": [
      0.11059,
      0.0471,
      0.0471,
      0.25293,
      0.07066,
      0.06042
    ]
  },
  "p95": {
    "SDPA (math, padded)": [
      5.45299,
      2.6583,
      2.19955,
      10.76659,
      5.90643,
      4.09498
    ],
    "SDPA (efficient, padded)": [
      2.26102,
      1.96621,
      1.90362,
      4.18026,
      3.92704,
      3.71725
    ],
    "SDPA (flash, padded)": [
      2.13997,
      1.91808,
      1.90784,
      4.156,
      3.83584,
      3.60342
    ],
    "NestedTensor + SDPA": [
      9.40435,
      9.43027,
      9.33984,
      17.78992,
      17.67526,
      17.58221
    ],
    "Triton Ragged (ours)": [
      0.13722,
      0.04301,
      0.02458,
      0.34714,
      0.07987,
      0.02867
    ],
    "FlashAttention-2 (varlen)": [
      0.11264,
      0.05222,
      0.0512,
      0.26832,
      0.07187,
      0.06144
    ]
  }
}