{
  "gpu": "NVIDIA RTX 4000 Ada Generation",
  "sm": "SM89",
  "timing": "cuda_events_median_ms",
  "warmup": 50,
  "jit_warmup": 150,
  "iters": 300,
  "configs": [
    "BS=32, 0% pruned",
    "BS=32, 50% pruned",
    "BS=32, 80% pruned",
    "BS=64, 0% pruned",
    "BS=64, 50% pruned",
    "BS=64, 80% pruned"
  ],
  "kernels": {
    "SDPA (math, padded)": [
      5.32499,
      2.58054,
      2.15435,
      10.70658,
      5.71085,
      4.07347
    ],
    "SDPA (efficient, padded)": [
      2.24666,
      1.89762,
      1.84293,
      4.1767,
      3.92093,
      3.58766
    ],
    "SDPA (flash, padded)": [
      2.12086,
      1.91795,
      1.84406,
      3.98952,
      3.72206,
      3.64131
    ],
    "NestedTensor + SDPA": [
      9.21714,
      9.2041,
      9.1625,
      17.43525,
      17.28251,
      17.06738
    ],
    "Triton Ragged (ours)": [
      0.13619,
      0.04198,
      0.02355,
      0.34202,
      0.07987,
      0.02765
    ],
    "FlashAttention-2 (varlen)": [
      0.11264,
      0.0553,
      0.05325,
      0.26726,
      0.07168,
      0.06042
    ]
  },
  "p5": {
    "SDPA (math, padded)": [
      5.29798,
      2.57229,
      2.0808,
      10.61171,
      5.68954,
      4.02022
    ],
    "SDPA (efficient, padded)": [
      2.21798,
      1.8903,
      1.79994,
      4.15878,
      3.784,
      3.56045
    ],
    "SDPA (flash, padded)": [
      2.08794,
      1.84627,
      1.80224,
      3.96576,
      3.61971,
      3.54925
    ],
    "NestedTensor + SDPA": [
      9.03782,
      9.09837,
      9.05933,
      17.32198,
      17.1032,
      16.94646
    ],
    "Triton Ragged (ours)": [
      0.13517,
      0.04096,
      0.02253,
      0.33178,
      0.07885,
      0.02662
    ],
    "FlashAttention-2 (varlen)": [
      0.11059,
      0.05222,
      0.05149,
      0.25203,
      0.07066,
      0.05939
    ]
  },
  "p95": {
    "SDPA (math, padded)": [
      5.40262,
      2.59174,
      2.19891,
      10.81584,
      5.85318,
      4.09312
    ],
    "SDPA (efficient, padded)": [
      2.26406,
      1.90874,
      1.91613,
      4.31622,
      3.99155,
      3.71955
    ],
    "SDPA (flash, padded)": [
      2.13606,
      1.96134,
      1.87802,
      4.11632,
      3.97107,
      3.7311
    ],
    "NestedTensor + SDPA": [
      9.31725,
      9.65325,
      9.79046,
      18.23437,
      18.12058,
      18.31869
    ],
    "Triton Ragged (ours)": [
      0.13722,
      0.04227,
      0.02461,
      0.34406,
      0.07987,
      0.02867
    ],
    "FlashAttention-2 (varlen)": [
      0.11469,
      0.05866,
      0.05632,
      0.2687,
      0.0719,
      0.06144
    ]
  }
}