{
  "gpu": "NVIDIA RTX 4000 Ada Generation",
  "sm": "SM89",
  "timing": "cuda_events_median_ms",
  "warmup": 50,
  "jit_warmup": 150,
  "iters": 300,
  "configs": [
    "BS=32, 0% pruned",
    "BS=32, 50% pruned",
    "BS=32, 80% pruned",
    "BS=64, 0% pruned",
    "BS=64, 50% pruned",
    "BS=64, 80% pruned"
  ],
  "kernels": {
    "SDPA (math, padded)": [
      5.43078,
      2.62875,
      2.08133,
      10.83554,
      5.88069,
      4.20354
    ],
    "SDPA (efficient, padded)": [
      2.3131,
      1.89232,
      1.93739,
      4.40272,
      4.03258,
      3.57214
    ],
    "SDPA (flash, padded)": [
      2.12283,
      1.85726,
      1.83221,
      4.35448,
      3.83784,
      3.71379
    ],
    "NestedTensor + SDPA": [
      8.91179,
      8.82739,
      8.73118,
      17.61701,
      17.15346,
      17.22968
    ],
    "Triton Ragged (ours)": [
      0.13722,
      0.04198,
      0.02355,
      0.34714,
      0.07987,
      0.02765
    ],
    "FlashAttention-2 (varlen)": [
      0.11162,
      0.04742,
      0.04813,
      0.26522,
      0.07168,
      0.0607
    ]
  },
  "p5": {
    "SDPA (math, padded)": [
      5.34118,
      2.54118,
      2.0705,
      10.63219,
      5.7641,
      4.06221
    ],
    "SDPA (efficient, padded)": [
      2.24666,
      1.85174,
      1.82979,
      4.3561,
      3.9657,
      3.5592
    ],
    "SDPA (flash, padded)": [
      2.09021,
      1.8432,
      1.8217,
      4.2087,
      3.64032,
      3.57766
    ],
    "NestedTensor + SDPA": [
      8.72781,
      8.68352,
      8.67942,
      16.79366,
      16.43843,
      16.46182
    ],
    "Triton Ragged (ours)": [
      0.13619,
      0.04096,
      0.02253,
      0.33795,
      0.07885,
      0.02765
    ],
    "FlashAttention-2 (varlen)": [
      0.11162,
      0.04608,
      0.04614,
      0.25293,
      0.07168,
      0.06042
    ]
  },
  "p95": {
    "SDPA (math, padded)": [
      5.47635,
      2.66515,
      2.18906,
      10.96909,
      6.01293,
      4.29949
    ],
    "SDPA (efficient, padded)": [
      2.32858,
      1.96746,
      1.94765,
      4.54765,
      4.16838,
      3.71405
    ],
    "SDPA (flash, padded)": [
      2.19853,
      1.95174,
      1.90563,
      4.43494,
      3.91853,
      3.78858
    ],
    "NestedTensor + SDPA": [
      9.35117,
      9.24595,
      9.15162,
      18.10563,
      17.71232,
      17.78278
    ],
    "Triton Ragged (ours)": [
      0.13926,
      0.04301,
      0.02458,
      0.35021,
      0.0809,
      0.02867
    ],
    "FlashAttention-2 (varlen)": [
      0.11264,
      0.05018,
      0.0512,
      0.26726,
      0.0727,
      0.06144
    ]
  }
}