{
  "gpu": "NVIDIA RTX 4000 Ada Generation",
  "sm": "SM89",
  "timing": "cuda_events_median_ms",
  "warmup": 50,
  "jit_warmup": 150,
  "iters": 300,
  "configs": [
    "BS=32, 0% pruned",
    "BS=32, 50% pruned",
    "BS=32, 80% pruned",
    "BS=64, 0% pruned",
    "BS=64, 50% pruned",
    "BS=64, 80% pruned"
  ],
  "kernels": {
    "SDPA (math, padded)": [
      5.35859,
      2.5641,
      2.12896,
      10.63874,
      5.80291,
      4.19384
    ],
    "SDPA (efficient, padded)": [
      2.29893,
      1.95067,
      1.89338,
      4.15083,
      3.76712,
      3.57171
    ],
    "SDPA (flash, padded)": [
      2.05834,
      1.84832,
      1.82066,
      3.96298,
      3.68125,
      3.69747
    ],
    "NestedTensor + SDPA": [
      8.84224,
      9.10656,
      8.71069,
      16.6569,
      16.46306,
      16.37483
    ],
    "Triton Ragged (ours)": [
      0.13619,
      0.04198,
      0.02355,
      0.34099,
      0.07987,
      0.02765
    ],
    "FlashAttention-2 (varlen)": [
      0.11162,
      0.05018,
      0.04749,
      0.2601,
      0.07168,
      0.06064
    ]
  },
  "p5": {
    "SDPA (math, padded)": [
      5.29613,
      2.52419,
      2.05926,
      10.58429,
      5.65891,
      4.04787
    ],
    "SDPA (efficient, padded)": [
      2.11466,
      1.84013,
      1.79085,
      4.07856,
      3.69021,
      3.55453
    ],
    "SDPA (flash, padded)": [
      1.98352,
      1.83603,
      1.78698,
      3.94627,
      3.66592,
      3.56352
    ],
    "NestedTensor + SDPA": [
      8.79514,
      8.69274,
      8.56102,
      16.33498,
      16.26624,
      16.16074
    ],
    "Triton Ragged (ours)": [
      0.13517,
      0.04198,
      0.02253,
      0.33178,
      0.07885,
      0.02765
    ],
    "FlashAttention-2 (varlen)": [
      0.11059,
      0.04915,
      0.04608,
      0.25293,
      0.07066,
      0.06042
    ]
  },
  "p95": {
    "SDPA (math, padded)": [
      5.41594,
      2.5815,
      2.14426,
      10.76054,
      5.89926,
      4.28134
    ],
    "SDPA (efficient, padded)": [
      2.34685,
      1.96381,
      1.93741,
      4.28134,
      3.90061,
      3.71267
    ],
    "SDPA (flash, padded)": [
      2.07053,
      1.91251,
      1.82989,
      4.10522,
      3.82266,
      3.77373
    ],
    "NestedTensor + SDPA": [
      9.26208,
      9.39686,
      9.3191,
      17.81453,
      17.58208,
      17.2065
    ],
    "Triton Ragged (ours)": [
      0.13722,
      0.04301,
      0.02458,
      0.34611,
      0.07987,
      0.02867
    ],
    "FlashAttention-2 (varlen)": [
      0.11264,
      0.05363,
      0.05018,
      0.27046,
      0.07286,
      0.06144
    ]
  }
}