{
  "gpu": "NVIDIA RTX 4000 Ada Generation",
  "sm": "SM89",
  "timing": "cuda_events_median_ms",
  "warmup": 50,
  "jit_warmup": 150,
  "iters": 300,
  "configs": [
    "BS=32, 0% pruned",
    "BS=32, 50% pruned",
    "BS=32, 80% pruned",
    "BS=64, 0% pruned",
    "BS=64, 50% pruned",
    "BS=64, 80% pruned"
  ],
  "kernels": {
    "SDPA (math, padded)": [
      5.36797,
      2.63664,
      2.13083,
      11.05373,
      5.85861,
      4.24346
    ],
    "SDPA (efficient, padded)": [
      2.19605,
      1.91427,
      1.8996,
      4.47085,
      3.90227,
      3.72496
    ],
    "SDPA (flash, padded)": [
      2.07194,
      1.9145,
      1.9053,
      4.21995,
      3.83539,
      3.73896
    ],
    "NestedTensor + SDPA": [
      9.18587,
      9.05718,
      9.08282,
      17.34861,
      17.30936,
      17.13048
    ],
    "Triton Ragged (ours)": [
      0.13824,
      0.04198,
      0.02355,
      0.34509,
      0.07987,
      0.02765
    ],
    "FlashAttention-2 (varlen)": [
      0.11366,
      0.0512,
      0.0512,
      0.26419,
      0.07293,
      0.06042
    ]
  },
  "p5": {
    "SDPA (math, padded)": [
      5.28595,
      2.54566,
      2.07453,
      10.6825,
      5.70803,
      4.09414
    ],
    "SDPA (efficient, padded)": [
      2.12259,
      1.8912,
      1.83366,
      4.32218,
      3.77754,
      3.57786
    ],
    "SDPA (flash, padded)": [
      1.99862,
      1.85245,
      1.83194,
      4.15638,
      3.70595,
      3.59235
    ],
    "NestedTensor + SDPA": [
      8.77053,
      8.64979,
      8.65702,
      16.66253,
      16.48435,
      16.36454
    ],
    "Triton Ragged (ours)": [
      0.13619,
      0.04096,
      0.02253,
      0.33699,
      0.07885,
      0.02662
    ],
    "FlashAttention-2 (varlen)": [
      0.11264,
      0.03686,
      0.05018,
      0.25395,
      0.07168,
      0.05939
    ]
  },
  "p95": {
    "SDPA (math, padded)": [
      5.93398,
      3.12115,
      2.64531,
      11.43222,
      6.38874,
      4.80154
    ],
    "SDPA (efficient, padded)": [
      2.70746,
      2.49213,
      2.36339,
      5.0473,
      4.47085,
      4.27213
    ],
    "SDPA (flash, padded)": [
      2.57734,
      2.42307,
      2.44538,
      4.80051,
      4.3991,
      4.28
    ],
    "NestedTensor + SDPA": [
      9.7321,
      9.56816,
      9.57226,
      17.98477,
      17.96096,
      17.72749
    ],
    "Triton Ragged (ours)": [
      0.14029,
      0.04301,
      0.0256,
      0.35021,
      0.0799,
      0.02765
    ],
    "FlashAttention-2 (varlen)": [
      0.11469,
      0.05427,
      0.05427,
      0.26624,
      0.07578,
      0.06144
    ]
  }
}