{
  "gpu": "NVIDIA RTX 4000 Ada Generation",
  "sm": "SM89",
  "timing": "cuda_events_median_ms",
  "warmup": 50,
  "jit_warmup": 150,
  "iters": 300,
  "configs": [
    "BS=32, 0% pruned",
    "BS=32, 50% pruned",
    "BS=32, 80% pruned",
    "BS=64, 0% pruned",
    "BS=64, 50% pruned",
    "BS=64, 80% pruned"
  ],
  "kernels": {
    "SDPA (math, padded)": [
      5.3431,
      2.57462,
      2.11954,
      10.65784,
      5.69203,
      4.06264
    ],
    "SDPA (efficient, padded)": [
      2.18586,
      1.89133,
      1.9484,
      4.15462,
      3.89288,
      3.56874
    ],
    "SDPA (flash, padded)": [
      2.00192,
      1.86326,
      1.95125,
      3.97002,
      3.69962,
      3.57483
    ],
    "NestedTensor + SDPA": [
      9.29605,
      9.2288,
      9.27421,
      17.63928,
      17.36645,
      17.31438
    ],
    "Triton Ragged (ours)": [
      0.13619,
      0.04198,
      0.02458,
      0.34509,
      0.07987,
      0.02765
    ],
    "FlashAttention-2 (varlen)": [
      0.11264,
      0.05427,
      0.05325,
      0.25702,
      0.07168,
      0.06042
    ]
  },
  "p5": {
    "SDPA (math, padded)": [
      5.27472,
      2.56528,
      2.10019,
      10.57456,
      5.66886,
      4.04595
    ],
    "SDPA (efficient, padded)": [
      2.11661,
      1.86138,
      1.9199,
      4.14198,
      3.76218,
      3.55414
    ],
    "SDPA (flash, padded)": [
      1.99142,
      1.80016,
      1.94234,
      3.9567,
      3.68214,
      3.56045
    ],
    "NestedTensor + SDPA": [
      9.21907,
      8.98458,
      9.12691,
      17.3824,
      17.1616,
      17.13459
    ],
    "Triton Ragged (ours)": [
      0.13517,
      0.04096,
      0.02355,
      0.33178,
      0.07885,
      0.02662
    ],
    "FlashAttention-2 (varlen)": [
      0.11059,
      0.05222,
      0.05222,
      0.25498,
      0.07066,
      0.05939
    ]
  },
  "p95": {
    "SDPA (math, padded)": [
      5.79174,
      2.64771,
      2.1961,
      10.75776,
      5.82333,
      4.07994
    ],
    "SDPA (efficient, padded)": [
      2.22179,
      1.96179,
      2.01648,
      4.29066,
      3.9168,
      3.58115
    ],
    "SDPA (flash, padded)": [
      2.07392,
      1.91926,
      1.97018,
      3.98826,
      3.8359,
      3.71712
    ],
    "NestedTensor + SDPA": [
      9.75626,
      9.67293,
      9.74746,
      18.49056,
      18.13197,
      18.1801
    ],
    "Triton Ragged (ours)": [
      0.13722,
      0.04301,
      0.02662,
      0.34714,
      0.07987,
      0.02784
    ],
    "FlashAttention-2 (varlen)": [
      0.11709,
      0.05734,
      0.05632,
      0.26931,
      0.0727,
      0.06144
    ]
  }
}