{
  "gpu": "NVIDIA RTX 4000 Ada Generation",
  "sm": "SM89",
  "timing": "cuda_events_median_ms",
  "warmup": 50,
  "jit_warmup": 150,
  "iters": 300,
  "configs": [
    "BS=32, 0% pruned",
    "BS=32, 50% pruned",
    "BS=32, 80% pruned",
    "BS=64, 0% pruned",
    "BS=64, 50% pruned",
    "BS=64, 80% pruned"
  ],
  "kernels": {
    "SDPA (math, padded)": [
      5.33187,
      2.65931,
      2.13914,
      10.80909,
      5.7943,
      4.94395
    ],
    "SDPA (efficient, padded)": [
      2.13299,
      1.96198,
      1.89245,
      4.27494,
      3.89584,
      4.46957
    ],
    "SDPA (flash, padded)": [
      2.0236,
      1.85581,
      1.88288,
      4.15451,
      3.81645,
      3.77291
    ],
    "NestedTensor + SDPA": [
      9.23518,
      9.18835,
      9.10275,
      17.59656,
      17.27891,
      17.30448
    ],
    "Triton Ragged (ours)": [
      0.1376,
      0.04198,
      0.02355,
      0.34509,
      0.07987,
      0.02765
    ],
    "FlashAttention-2 (varlen)": [
      0.11366,
      0.05018,
      0.04813,
      0.25293,
      0.0727,
      0.06042
    ]
  },
  "p5": {
    "SDPA (math, padded)": [
      5.25072,
      2.6368,
      2.06445,
      10.5984,
      5.63366,
      4.05299
    ],
    "SDPA (efficient, padded)": [
      2.11277,
      1.88557,
      1.82042,
      4.13389,
      3.74512,
      4.44605
    ],
    "SDPA (flash, padded)": [
      1.99037,
      1.83814,
      1.80656,
      4.06835,
      3.67923,
      3.56557
    ],
    "NestedTensor + SDPA": [
      8.79507,
      8.75754,
      8.70205,
      16.81344,
      16.51917,
      16.53859
    ],
    "Triton Ragged (ours)": [
      0.13619,
      0.04141,
      0.02253,
      0.33587,
      0.07885,
      0.02662
    ],
    "FlashAttention-2 (varlen)": [
      0.11264,
      0.04813,
      0.03277,
      0.2519,
      0.07168,
      0.05939
    ]
  },
  "p95": {
    "SDPA (math, padded)": [
      5.87437,
      3.20195,
      2.68083,
      11.3497,
      6.33757,
      5.48739
    ],
    "SDPA (efficient, padded)": [
      2.69338,
      2.44944,
      2.43389,
      4.7872,
      4.46874,
      5.01744
    ],
    "SDPA (flash, padded)": [
      2.60096,
      2.42621,
      2.36838,
      4.68963,
      4.37315,
      4.47382
    ],
    "NestedTensor + SDPA": [
      9.79802,
      9.92973,
      9.55699,
      18.14118,
      18.04483,
      17.992
    ],
    "Triton Ragged (ours)": [
      0.14131,
      0.04301,
      0.02458,
      0.3473,
      0.0799,
      0.02797
    ],
    "FlashAttention-2 (varlen)": [
      0.11571,
      0.05427,
      0.05222,
      0.26666,
      0.07373,
      0.06144
    ]
  }
}