{
  "gpu": "NVIDIA RTX 4000 Ada Generation",
  "sm": "SM89",
  "timing": "cuda_events_median_ms",
  "warmup": 50,
  "jit_warmup": 150,
  "iters": 300,
  "configs": [
    "BS=32, 0% pruned",
    "BS=32, 50% pruned",
    "BS=32, 80% pruned",
    "BS=64, 0% pruned",
    "BS=64, 50% pruned",
    "BS=64, 80% pruned"
  ],
  "kernels": {
    "SDPA (math, padded)": [
      5.36571,
      2.57549,
      2.14037,
      10.86869,
      5.81533,
      4.21066
    ],
    "SDPA (efficient, padded)": [
      2.18726,
      1.95091,
      1.92952,
      4.2873,
      3.91066,
      3.62283
    ],
    "SDPA (flash, padded)": [
      2.04832,
      1.90466,
      1.84229,
      4.11243,
      3.81925,
      3.62766
    ],
    "NestedTensor + SDPA": [
      9.28654,
      8.89022,
      9.22835,
      17.91928,
      17.42451,
      17.39555
    ],
    "Triton Ragged (ours)": [
      0.13722,
      0.04198,
      0.02355,
      0.34611,
      0.07987,
      0.02765
    ],
    "FlashAttention-2 (varlen)": [
      0.11379,
      0.05018,
      0.05018,
      0.25293,
      0.0727,
      0.06072
    ]
  },
  "p5": {
    "SDPA (math, padded)": [
      5.28045,
      2.54902,
      2.07066,
      10.61478,
      5.68013,
      4.06118
    ],
    "SDPA (efficient, padded)": [
      2.11446,
      1.88109,
      1.83459,
      4.14026,
      3.7632,
      3.55926
    ],
    "SDPA (flash, padded)": [
      1.98781,
      1.83533,
      1.77558,
      3.95674,
      3.6791,
      3.49696
    ],
    "NestedTensor + SDPA": [
      8.84736,
      8.73613,
      8.77136,
      17.04352,
      16.63898,
      16.64947
    ],
    "Triton Ragged (ours)": [
      0.13619,
      0.04096,
      0.02253,
      0.3369,
      0.07885,
      0.02765
    ],
    "FlashAttention-2 (varlen)": [
      0.11264,
      0.0471,
      0.03379,
      0.2519,
      0.07168,
      0.06042
    ]
  },
  "p95": {
    "SDPA (math, padded)": [
      5.91136,
      3.11286,
      2.67162,
      11.30688,
      6.34128,
      4.76336
    ],
    "SDPA (efficient, padded)": [
      2.72349,
      2.45386,
      2.43027,
      4.81914,
      4.4288,
      4.20429
    ],
    "SDPA (flash, padded)": [
      2.57632,
      2.43821,
      2.37363,
      4.64781,
      4.37965,
      4.26086
    ],
    "NestedTensor + SDPA": [
      9.76669,
      9.50541,
      9.6727,
      18.3439,
      17.93331,
      17.89968
    ],
    "Triton Ragged (ours)": [
      0.14234,
      0.04301,
      0.0256,
      0.35021,
      0.07987,
      0.02867
    ],
    "FlashAttention-2 (varlen)": [
      0.1239,
      0.05254,
      0.05354,
      0.26726,
      0.07578,
      0.06144
    ]
  }
}