{
  "gpu": "NVIDIA RTX 4000 Ada Generation",
  "sm": "SM89",
  "timing": "cuda_events_median_ms",
  "warmup": 50,
  "jit_warmup": 150,
  "iters": 300,
  "configs": [
    "BS=32, 0% pruned",
    "BS=32, 50% pruned",
    "BS=32, 80% pruned",
    "BS=64, 0% pruned",
    "BS=64, 50% pruned",
    "BS=64, 80% pruned"
  ],
  "kernels": {
    "SDPA (math, padded)": [
      5.31046,
      2.60462,
      2.08685,
      10.87811,
      5.79234,
      4.07878
    ],
    "SDPA (efficient, padded)": [
      2.0892,
      2.01219,
      1.87189,
      4.56086,
      3.9808,
      3.58197
    ],
    "SDPA (flash, padded)": [
      1.98445,
      2.03258,
      1.92614,
      4.21294,
      3.84214,
      3.80688
    ],
    "NestedTensor + SDPA": [
      9.00198,
      8.93338,
      8.87501,
      17.06291,
      16.73728,
      16.67562
    ],
    "Triton Ragged (ours)": [
      0.13619,
      0.04198,
      0.02355,
      0.3443,
      0.07987,
      0.02765
    ],
    "FlashAttention-2 (varlen)": [
      0.11366,
      0.05018,
      0.05018,
      0.25395,
      0.0711,
      0.06042
    ]
  },
  "p5": {
    "SDPA (math, padded)": [
      5.27155,
      2.5815,
      2.05232,
      10.78592,
      5.68125,
      4.01139
    ],
    "SDPA (efficient, padded)": [
      2.07734,
      1.99174,
      1.77958,
      4.53933,
      3.90768,
      3.50925
    ],
    "SDPA (flash, padded)": [
      1.96541,
      1.95891,
      1.83808,
      3.91251,
      3.70893,
      3.6393
    ],
    "NestedTensor + SDPA": [
      8.92224,
      8.87296,
      8.82054,
      16.93382,
      16.36829,
      16.34694
    ],
    "Triton Ragged (ours)": [
      0.13517,
      0.04096,
      0.02253,
      0.3328,
      0.07885,
      0.02704
    ],
    "FlashAttention-2 (varlen)": [
      0.11059,
      0.04915,
      0.04813,
      0.25216,
      0.07066,
      0.05939
    ]
  },
  "p95": {
    "SDPA (math, padded)": [
      5.79789,
      2.69926,
      2.1047,
      10.97741,
      5.92166,
      4.10317
    ],
    "SDPA (efficient, padded)": [
      2.12042,
      2.0265,
      1.92819,
      4.64077,
      4.01101,
      3.72634
    ],
    "SDPA (flash, padded)": [
      2.0121,
      2.0439,
      1.9631,
      4.38512,
      3.93094,
      3.98154
    ],
    "NestedTensor + SDPA": [
      9.45654,
      9.3696,
      8.97962,
      17.85344,
      16.96781,
      17.44998
    ],
    "Triton Ragged (ours)": [
      0.13722,
      0.04301,
      0.02458,
      0.34714,
      0.07987,
      0.02867
    ],
    "FlashAttention-2 (varlen)": [
      0.11571,
      0.05325,
      0.05222,
      0.26829,
      0.07187,
      0.06144
    ]
  }
}