{
  "gpu": "NVIDIA RTX 4000 Ada Generation",
  "sm": "SM89",
  "timing": "cuda_events_median_ms",
  "warmup": 50,
  "jit_warmup": 150,
  "iters": 300,
  "configs": [
    "BS=32, 0% pruned",
    "BS=32, 50% pruned",
    "BS=32, 80% pruned",
    "BS=64, 0% pruned",
    "BS=64, 50% pruned",
    "BS=64, 80% pruned"
  ],
  "kernels": {
    "SDPA (math, padded)": [
      5.3825,
      2.56989,
      2.06848,
      10.65214,
      5.76171,
      4.24459
    ],
    "SDPA (efficient, padded)": [
      2.23426,
      1.89133,
      1.83194,
      4.16256,
      3.77088,
      3.80027
    ],
    "SDPA (flash, padded)": [
      2.19744,
      1.84218,
      1.82784,
      3.97107,
      3.82157,
      3.80522
    ],
    "NestedTensor + SDPA": [
      9.05421,
      8.92925,
      9.31426,
      17.10899,
      16.92266,
      16.76691
    ],
    "Triton Ragged (ours)": [
      0.13619,
      0.04198,
      0.02355,
      0.34304,
      0.07987,
      0.02765
    ],
    "FlashAttention-2 (varlen)": [
      0.11162,
      0.04915,
      0.04813,
      0.26317,
      0.07168,
      0.06066
    ]
  },
  "p5": {
    "SDPA (math, padded)": [
      5.32339,
      2.55891,
      2.03632,
      10.5879,
      5.6737,
      4.18131
    ],
    "SDPA (efficient, padded)": [
      2.21184,
      1.88314,
      1.80221,
      4.1463,
      3.75395,
      3.77958
    ],
    "SDPA (flash, padded)": [
      2.136,
      1.83296,
      1.79718,
      3.95286,
      3.6823,
      3.79085
    ],
    "NestedTensor + SDPA": [
      8.91597,
      8.86496,
      8.85366,
      16.6953,
      16.7936,
      16.35226
    ],
    "Triton Ragged (ours)": [
      0.13517,
      0.04096,
      0.02253,
      0.33075,
      0.07885,
      0.02765
    ],
    "FlashAttention-2 (varlen)": [
      0.11059,
      0.04813,
      0.0471,
      0.25293,
      0.07066,
      0.06042
    ]
  },
  "p95": {
    "SDPA (math, padded)": [
      5.44358,
      2.62387,
      2.08173,
      10.81549,
      5.83997,
      4.40022
    ],
    "SDPA (efficient, padded)": [
      2.31718,
      1.96602,
      1.83907,
      4.3049,
      3.91552,
      4.01078
    ],
    "SDPA (flash, padded)": [
      2.23437,
      1.91309,
      1.84218,
      4.11443,
      3.89952,
      3.94547
    ],
    "NestedTensor + SDPA": [
      11.61994,
      8.99354,
      9.61104,
      18.0265,
      17.72954,
      17.61347
    ],
    "Triton Ragged (ours)": [
      0.13722,
      0.04301,
      0.0256,
      0.34509,
      0.07987,
      0.02867
    ],
    "FlashAttention-2 (varlen)": [
      0.11264,
      0.05146,
      0.0512,
      0.26445,
      0.07411,
      0.06144
    ]
  }
}