{
  "gpu": "NVIDIA RTX 4000 Ada Generation",
  "sm": "SM89",
  "timing": "cuda_events_median_ms",
  "warmup": 50,
  "jit_warmup": 150,
  "iters": 300,
  "configs": [
    "BS=32, 0% pruned",
    "BS=32, 50% pruned",
    "BS=32, 80% pruned",
    "BS=64, 0% pruned",
    "BS=64, 50% pruned",
    "BS=64, 80% pruned"
  ],
  "kernels": {
    "SDPA (math, padded)": [
      5.3253,
      2.6081,
      2.07974,
      10.6101,
      5.78944,
      4.05453
    ],
    "SDPA (efficient, padded)": [
      2.2313,
      2.03184,
      2.01542,
      4.25469,
      3.86662,
      3.56504
    ],
    "SDPA (flash, padded)": [
      2.08645,
      1.95827,
      1.82067,
      3.93413,
      3.77946,
      3.5688
    ],
    "NestedTensor + SDPA": [
      9.28786,
      8.81971,
      8.76784,
      16.72278,
      16.53298,
      16.44698
    ],
    "Triton Ragged (ours)": [
      0.13619,
      0.04198,
      0.02355,
      0.34304,
      0.07987,
      0.02765
    ],
    "FlashAttention-2 (varlen)": [
      0.11162,
      0.05021,
      0.04915,
      0.26829,
      0.07168,
      0.06042
    ]
  },
  "p5": {
    "SDPA (math, padded)": [
      5.24867,
      2.58458,
      2.0439,
      10.57075,
      5.64429,
      3.9896
    ],
    "SDPA (efficient, padded)": [
      2.16803,
      1.99197,
      1.92,
      4.04144,
      3.73043,
      3.47613
    ],
    "SDPA (flash, padded)": [
      2.0736,
      1.94362,
      1.81309,
      3.86787,
      3.64646,
      3.5545
    ],
    "NestedTensor + SDPA": [
      8.84838,
      8.71834,
      8.68893,
      16.58368,
      16.12202,
      16.10035
    ],
    "Triton Ragged (ours)": [
      0.13517,
      0.04134,
      0.02253,
      0.33178,
      0.07885,
      0.02662
    ],
    "FlashAttention-2 (varlen)": [
      0.11059,
      0.04813,
      0.0471,
      0.25293,
      0.07066,
      0.05939
    ]
  },
  "p95": {
    "SDPA (math, padded)": [
      5.43619,
      2.67571,
      2.13606,
      10.73133,
      5.97498,
      4.19344
    ],
    "SDPA (efficient, padded)": [
      2.24986,
      2.08086,
      2.02819,
      5.04013,
      3.94822,
      3.77424
    ],
    "SDPA (flash, padded)": [
      2.12378,
      2.02854,
      1.95174,
      3.98438,
      3.85331,
      3.68675
    ],
    "NestedTensor + SDPA": [
      9.56992,
      9.27027,
      8.85942,
      17.89405,
      17.37638,
      17.2329
    ],
    "Triton Ragged (ours)": [
      0.13722,
      0.04237,
      0.02458,
      0.34611,
      0.07987,
      0.02784
    ],
    "FlashAttention-2 (varlen)": [
      0.11264,
      0.05434,
      0.0512,
      0.27062,
      0.0727,
      0.06144
    ]
  }
}