{
  "gpu": "NVIDIA RTX 4000 Ada Generation",
  "sm": "SM89",
  "timing": "cuda_events_median_ms",
  "warmup": 50,
  "jit_warmup": 150,
  "iters": 300,
  "configs": [
    "BS=32, 0% pruned",
    "BS=32, 50% pruned",
    "BS=32, 80% pruned",
    "BS=64, 0% pruned",
    "BS=64, 50% pruned",
    "BS=64, 80% pruned"
  ],
  "kernels": {
    "SDPA (math, padded)": [
      5.38022,
      2.59686,
      2.14357,
      10.86221,
      5.67894,
      4.2741
    ],
    "SDPA (efficient, padded)": [
      2.23334,
      1.9989,
      1.93819,
      4.50715,
      3.75808,
      3.80466
    ],
    "SDPA (flash, padded)": [
      2.18525,
      1.95394,
      1.95227,
      4.19653,
      3.68147,
      3.82181
    ],
    "NestedTensor + SDPA": [
      8.81974,
      8.7143,
      8.83866,
      16.72925,
      16.56736,
      16.46026
    ],
    "Triton Ragged (ours)": [
      0.13534,
      0.04198,
      0.02355,
      0.34509,
      0.07987,
      0.02765
    ],
    "FlashAttention-2 (varlen)": [
      0.11162,
      0.0471,
      0.04813,
      0.26726,
      0.07168,
      0.06042
    ]
  },
  "p5": {
    "SDPA (math, padded)": [
      5.3033,
      2.56307,
      2.07584,
      10.78291,
      5.65862,
      4.12979
    ],
    "SDPA (efficient, padded)": [
      2.21978,
      1.98861,
      1.90493,
      4.37043,
      3.74378,
      3.79018
    ],
    "SDPA (flash, padded)": [
      2.16781,
      1.94253,
      1.93638,
      4.13168,
      3.66717,
      3.80723
    ],
    "NestedTensor + SDPA": [
      8.68598,
      8.61587,
      8.64163,
      16.60074,
      16.40096,
      16.30106
    ],
    "Triton Ragged (ours)": [
      0.13517,
      0.04096,
      0.02253,
      0.33178,
      0.07885,
      0.02662
    ],
    "FlashAttention-2 (varlen)": [
      0.11059,
      0.04608,
      0.04608,
      0.25395,
      0.07066,
      0.05939
    ]
  },
  "p95": {
    "SDPA (math, padded)": [
      5.4136,
      2.63149,
      2.1801,
      10.99981,
      5.79802,
      4.37059
    ],
    "SDPA (efficient, padded)": [
      2.29888,
      2.0695,
      1.95664,
      4.58854,
      3.89734,
      3.98534
    ],
    "SDPA (flash, padded)": [
      2.22515,
      1.96598,
      2.02054,
      4.23034,
      3.82259,
      3.956
    ],
    "NestedTensor + SDPA": [
      9.2457,
      9.12522,
      9.23648,
      17.49568,
      17.39981,
      17.25235
    ],
    "Triton Ragged (ours)": [
      0.13722,
      0.04301,
      0.02458,
      0.34723,
      0.07987,
      0.02784
    ],
    "FlashAttention-2 (varlen)": [
      0.12186,
      0.05018,
      0.05018,
      0.27034,
      0.07206,
      0.06144
    ]
  }
}