{
  "gpu": "NVIDIA RTX 4000 Ada Generation",
  "sm": "SM89",
  "timing": "cuda_events_median_ms",
  "warmup": 50,
  "jit_warmup": 150,
  "iters": 300,
  "configs": [
    "BS=32, 0% pruned",
    "BS=32, 50% pruned",
    "BS=32, 80% pruned",
    "BS=64, 0% pruned",
    "BS=64, 50% pruned",
    "BS=64, 80% pruned"
  ],
  "kernels": {
    "SDPA (math, padded)": [
      5.33701,
      2.59584,
      2.07821,
      10.79194,
      5.70669,
      4.06835
    ],
    "SDPA (efficient, padded)": [
      2.25381,
      2.01283,
      1.94765,
      4.28634,
      3.78675,
      3.56307
    ],
    "SDPA (flash, padded)": [
      2.11762,
      1.97523,
      1.94094,
      4.08096,
      3.71934,
      3.5799
    ],
    "NestedTensor + SDPA": [
      8.9345,
      8.86374,
      8.84693,
      16.88381,
      16.67619,
      16.9169
    ],
    "Triton Ragged (ours)": [
      0.13722,
      0.04198,
      0.02365,
      0.34509,
      0.07987,
      0.02765
    ],
    "FlashAttention-2 (varlen)": [
      0.11162,
      0.04915,
      0.05222,
      0.25293,
      0.07168,
      0.06042
    ]
  },
  "p5": {
    "SDPA (math, padded)": [
      5.30624,
      2.57619,
      2.06643,
      10.58714,
      5.68704,
      4.03574
    ],
    "SDPA (efficient, padded)": [
      2.24051,
      2.00192,
      1.90992,
      4.15232,
      3.76125,
      3.49466
    ],
    "SDPA (flash, padded)": [
      2.09194,
      1.96029,
      1.91181,
      3.9465,
      3.67651,
      3.55949
    ],
    "NestedTensor + SDPA": [
      8.74163,
      8.73267,
      8.78627,
      16.49904,
      16.46285,
      16.40448
    ],
    "Triton Ragged (ours)": [
      0.13619,
      0.04096,
      0.02262,
      0.3369,
      0.07885,
      0.02765
    ],
    "FlashAttention-2 (varlen)": [
      0.11059,
      0.04752,
      0.05018,
      0.2519,
      0.07168,
      0.06042
    ]
  },
  "p95": {
    "SDPA (math, padded)": [
      5.4272,
      2.68365,
      2.14528,
      10.9783,
      5.85318,
      4.24749
    ],
    "SDPA (efficient, padded)": [
      2.32685,
      2.02554,
      1.96099,
      4.37258,
      3.96797,
      3.70765
    ],
    "SDPA (flash, padded)": [
      2.16698,
      2.06122,
      1.95584,
      4.16554,
      3.89088,
      3.7457
    ],
    "NestedTensor + SDPA": [
      9.03446,
      9.37859,
      9.27091,
      17.73466,
      17.75398,
      17.6169
    ],
    "Triton Ragged (ours)": [
      0.13824,
      0.04234,
      0.0256,
      0.34714,
      0.07987,
      0.02867
    ],
    "FlashAttention-2 (varlen)": [
      0.11264,
      0.05222,
      0.0553,
      0.25395,
      0.07277,
      0.06144
    ]
  }
}