{
  "gpu": "NVIDIA RTX 4000 Ada Generation",
  "sm": "SM89",
  "timing": "cuda_events_median_ms",
  "warmup": 50,
  "jit_warmup": 150,
  "iters": 300,
  "configs": [
    "BS=32, 0% pruned",
    "BS=32, 50% pruned",
    "BS=32, 80% pruned",
    "BS=64, 0% pruned",
    "BS=64, 50% pruned",
    "BS=64, 80% pruned"
  ],
  "kernels": {
    "SDPA (math, padded)": [
      5.33558,
      2.60198,
      2.16312,
      10.86403,
      5.72414,
      4.2005
    ],
    "SDPA (efficient, padded)": [
      2.26656,
      2.00602,
      1.87686,
      4.35712,
      3.77754,
      3.56584
    ],
    "SDPA (flash, padded)": [
      2.0823,
      1.95869,
      2.00859,
      3.92474,
      3.68538,
      3.51419
    ],
    "NestedTensor + SDPA": [
      8.94014,
      8.86374,
      8.86272,
      17.00101,
      16.69024,
      16.5873
    ],
    "Triton Ragged (ours)": [
      0.13619,
      0.04198,
      0.02355,
      0.34304,
      0.07987,
      0.02765
    ],
    "FlashAttention-2 (varlen)": [
      0.11162,
      0.05018,
      0.04915,
      0.26829,
      0.07168,
      0.06042
    ]
  },
  "p5": {
    "SDPA (math, padded)": [
      5.30224,
      2.5856,
      2.08294,
      10.78093,
      5.65555,
      4.05782
    ],
    "SDPA (efficient, padded)": [
      2.2272,
      1.96995,
      1.8032,
      4.3313,
      3.71376,
      3.5543
    ],
    "SDPA (flash, padded)": [
      1.98358,
      1.9487,
      1.93843,
      3.88842,
      3.59821,
      3.44166
    ],
    "NestedTensor + SDPA": [
      8.70896,
      8.69376,
      8.62934,
      16.65014,
      16.38902,
      16.22755
    ],
    "Triton Ragged (ours)": [
      0.13517,
      0.04125,
      0.02253,
      0.33178,
      0.07885,
      0.02662
    ],
    "FlashAttention-2 (varlen)": [
      0.11059,
      0.04813,
      0.04749,
      0.25395,
      0.07066,
      0.05939
    ]
  },
  "p95": {
    "SDPA (math, padded)": [
      5.40173,
      2.62758,
      2.2016,
      11.00189,
      5.79379,
      4.22426
    ],
    "SDPA (efficient, padded)": [
      2.3144,
      2.02138,
      1.95072,
      4.43085,
      3.98336,
      3.70195
    ],
    "SDPA (flash, padded)": [
      2.12397,
      1.96845,
      2.02352,
      4.21584,
      3.76531,
      3.60314
    ],
    "NestedTensor + SDPA": [
      9.40102,
      9.30794,
      9.50374,
      18.08605,
      17.44992,
      17.36397
    ],
    "Triton Ragged (ours)": [
      0.13722,
      0.04237,
      0.02458,
      0.34611,
      0.07987,
      0.02784
    ],
    "FlashAttention-2 (varlen)": [
      0.11264,
      0.05248,
      0.05222,
      0.27034,
      0.07478,
      0.06144
    ]
  }
}