{
  "gpu": "NVIDIA RTX 4000 Ada Generation",
  "sm": "SM89",
  "timing": "cuda_events_median_ms",
  "warmup": 50,
  "jit_warmup": 150,
  "iters": 300,
  "configs": [
    "BS=32, 0% pruned",
    "BS=32, 50% pruned",
    "BS=32, 80% pruned",
    "BS=64, 0% pruned",
    "BS=64, 50% pruned",
    "BS=64, 80% pruned"
  ],
  "kernels": {
    "SDPA (math, padded)": [
      5.39557,
      2.6276,
      2.05976,
      10.65626,
      5.68603,
      4.03843
    ],
    "SDPA (efficient, padded)": [
      2.23027,
      1.94534,
      1.81664,
      4.26285,
      3.77357,
      3.55486
    ],
    "SDPA (flash, padded)": [
      2.10515,
      1.89968,
      1.91558,
      3.95155,
      3.62277,
      3.57094
    ],
    "NestedTensor + SDPA": [
      8.97069,
      8.86269,
      8.81816,
      16.90504,
      16.65854,
      16.70702
    ],
    "Triton Ragged (ours)": [
      0.13517,
      0.04198,
      0.02355,
      0.34509,
      0.07987,
      0.02765
    ],
    "FlashAttention-2 (varlen)": [
      0.11162,
      0.04813,
      0.0471,
      0.25702,
      0.07168,
      0.06042
    ]
  },
  "p5": {
    "SDPA (math, padded)": [
      5.31885,
      2.61539,
      2.05088,
      10.57382,
      5.6455,
      4.01818
    ],
    "SDPA (efficient, padded)": [
      2.21696,
      1.93552,
      1.75238,
      4.12262,
      3.72634,
      3.53718
    ],
    "SDPA (flash, padded)": [
      2.09078,
      1.88694,
      1.80122,
      3.92074,
      3.57462,
      3.54304
    ],
    "NestedTensor + SDPA": [
      8.84941,
      8.76781,
      8.76147,
      16.68403,
      16.32566,
      16.50102
    ],
    "Triton Ragged (ours)": [
      0.13453,
      0.04096,
      0.02253,
      0.33178,
      0.07885,
      0.02662
    ],
    "FlashAttention-2 (varlen)": [
      0.11059,
      0.0464,
      0.04608,
      0.256,
      0.07066,
      0.05978
    ]
  },
  "p95": {
    "SDPA (math, padded)": [
      5.46163,
      2.66973,
      2.07379,
      10.74813,
      5.87293,
      4.10829
    ],
    "SDPA (efficient, padded)": [
      2.28554,
      1.98621,
      1.87597,
      4.3513,
      3.94221,
      3.69459
    ],
    "SDPA (flash, padded)": [
      2.16995,
      1.93882,
      1.94957,
      4.09702,
      3.80922,
      3.7048
    ],
    "NestedTensor + SDPA": [
      9.44435,
      9.29955,
      8.89856,
      17.68448,
      17.46499,
      17.74592
    ],
    "Triton Ragged (ours)": [
      0.13635,
      0.04301,
      0.02458,
      0.34714,
      0.07987,
      0.02867
    ],
    "FlashAttention-2 (varlen)": [
      0.12288,
      0.0512,
      0.05018,
      0.27034,
      0.0727,
      0.06144
    ]
  }
}