{
  "gpu": "NVIDIA RTX 4000 Ada Generation",
  "sm": "SM89",
  "timing": "cuda_events_median_ms",
  "warmup": 50,
  "jit_warmup": 150,
  "iters": 300,
  "configs": [
    "BS=32, 0% pruned",
    "BS=32, 50% pruned",
    "BS=32, 80% pruned",
    "BS=64, 0% pruned",
    "BS=64, 50% pruned",
    "BS=64, 80% pruned"
  ],
  "kernels": {
    "SDPA (math, padded)": [
      5.3289,
      2.65496,
      2.1636,
      10.8503,
      5.81995,
      4.22195
    ],
    "SDPA (efficient, padded)": [
      2.14221,
      1.98144,
      1.91181,
      4.33048,
      3.87736,
      3.69357
    ],
    "SDPA (flash, padded)": [
      2.06397,
      1.9415,
      1.93741,
      4.35507,
      3.9979,
      3.74288
    ],
    "NestedTensor + SDPA": [
      9.67405,
      9.48808,
      9.50325,
      17.9896,
      18.01099,
      17.97581
    ],
    "Triton Ragged (ours)": [
      0.13722,
      0.04198,
      0.02355,
      0.34614,
      0.07987,
      0.02765
    ],
    "FlashAttention-2 (varlen)": [
      0.11366,
      0.0553,
      0.05222,
      0.25293,
      0.0727,
      0.06042
    ]
  },
  "p5": {
    "SDPA (math, padded)": [
      5.26989,
      2.58048,
      2.08886,
      10.624,
      5.70358,
      4.07181
    ],
    "SDPA (efficient, padded)": [
      2.12378,
      1.92205,
      1.83603,
      4.20352,
      3.8423,
      3.59005
    ],
    "SDPA (flash, padded)": [
      2.03485,
      1.87478,
      1.86179,
      4.1431,
      3.86458,
      3.60429
    ],
    "NestedTensor + SDPA": [
      9.21578,
      9.07494,
      9.10234,
      17.47456,
      17.26163,
      17.18563
    ],
    "Triton Ragged (ours)": [
      0.13619,
      0.04096,
      0.02253,
      0.33587,
      0.07885,
      0.02662
    ],
    "FlashAttention-2 (varlen)": [
      0.11264,
      0.03789,
      0.0512,
      0.2519,
      0.07168,
      0.05939
    ]
  },
  "p95": {
    "SDPA (math, padded)": [
      5.84298,
      3.17338,
      2.70778,
      11.40736,
      6.39491,
      4.79334
    ],
    "SDPA (efficient, padded)": [
      2.71088,
      2.48525,
      2.39222,
      4.91834,
      4.45654,
      4.28544
    ],
    "SDPA (flash, padded)": [
      2.64192,
      2.43501,
      2.45658,
      4.8896,
      4.61088,
      4.29158
    ],
    "NestedTensor + SDPA": [
      10.15888,
      9.95744,
      9.88704,
      18.6687,
      18.73203,
      18.64221
    ],
    "Triton Ragged (ours)": [
      0.13926,
      0.04301,
      0.02458,
      0.34947,
      0.07987,
      0.02778
    ],
    "FlashAttention-2 (varlen)": [
      0.12493,
      0.05837,
      0.0553,
      0.25395,
      0.07373,
      0.06144
    ]
  }
}