{
  "gpu": "NVIDIA RTX 4000 Ada Generation",
  "sm": "SM89",
  "timing": "cuda_events_median_ms",
  "warmup": 50,
  "jit_warmup": 150,
  "iters": 300,
  "configs": [
    "BS=32, 0% pruned",
    "BS=32, 50% pruned",
    "BS=32, 80% pruned",
    "BS=64, 0% pruned",
    "BS=64, 50% pruned",
    "BS=64, 80% pruned"
  ],
  "kernels": {
    "SDPA (math, padded)": [
      5.36371,
      2.64803,
      2.15142,
      10.71022,
      5.80504,
      4.18789
    ],
    "SDPA (efficient, padded)": [
      2.11368,
      1.88792,
      1.83091,
      4.16338,
      3.89245,
      3.53718
    ],
    "SDPA (flash, padded)": [
      1.99792,
      1.85035,
      1.82989,
      4.22214,
      3.67629,
      3.5611
    ],
    "NestedTensor + SDPA": [
      9.34763,
      8.80992,
      8.81208,
      16.87256,
      17.1071,
      17.05786
    ],
    "Triton Ragged (ours)": [
      0.13619,
      0.04198,
      0.02355,
      0.34714,
      0.07987,
      0.02765
    ],
    "FlashAttention-2 (varlen)": [
      0.11162,
      0.05018,
      0.04915,
      0.26675,
      0.07173,
      0.06042
    ]
  },
  "p5": {
    "SDPA (math, padded)": [
      5.29059,
      2.58355,
      2.0736,
      10.61274,
      5.6624,
      4.03866
    ],
    "SDPA (efficient, padded)": [
      2.04432,
      1.87808,
      1.8207,
      4.08064,
      3.74765,
      3.45379
    ],
    "SDPA (flash, padded)": [
      1.98656,
      1.83706,
      1.8216,
      4.20429,
      3.5944,
      3.54845
    ],
    "NestedTensor + SDPA": [
      8.89507,
      8.72157,
      8.7416,
      16.47002,
      16.52224,
      16.38634
    ],
    "Triton Ragged (ours)": [
      0.13517,
      0.04096,
      0.02253,
      0.3369,
      0.07885,
      0.02662
    ],
    "FlashAttention-2 (varlen)": [
      0.11059,
      0.04813,
      0.0471,
      0.25293,
      0.07168,
      0.06042
    ]
  },
  "p95": {
    "SDPA (math, padded)": [
      5.43536,
      2.65965,
      2.19238,
      10.83098,
      6.69491,
      4.27149
    ],
    "SDPA (efficient, padded)": [
      2.12787,
      1.96109,
      1.90074,
      4.31232,
      4.11005,
      3.62003
    ],
    "SDPA (flash, padded)": [
      2.09933,
      1.91664,
      1.90067,
      4.41229,
      3.88211,
      3.57581
    ],
    "NestedTensor + SDPA": [
      9.58976,
      9.2383,
      9.2272,
      17.71418,
      17.47971,
      17.51552
    ],
    "Triton Ragged (ours)": [
      0.13824,
      0.04234,
      0.02458,
      0.34918,
      0.0809,
      0.02778
    ],
    "FlashAttention-2 (varlen)": [
      0.11274,
      0.05325,
      0.0512,
      0.26931,
      0.07373,
      0.06144
    ]
  }
}