{
  "gpu": "NVIDIA RTX 4000 Ada Generation",
  "sm": "SM89",
  "timing": "cuda_events_median_ms",
  "warmup": 50,
  "jit_warmup": 150,
  "iters": 300,
  "configs": [
    "BS=32, 0% pruned",
    "BS=32, 50% pruned",
    "BS=32, 80% pruned",
    "BS=64, 0% pruned",
    "BS=64, 50% pruned",
    "BS=64, 80% pruned"
  ],
  "kernels": {
    "SDPA (math, padded)": [
      5.30128,
      2.64446,
      2.14374,
      10.67376,
      5.83704,
      4.05254
    ],
    "SDPA (efficient, padded)": [
      2.11659,
      1.88926,
      1.90464,
      4.17018,
      3.90194,
      3.57613
    ],
    "SDPA (flash, padded)": [
      1.98963,
      1.84422,
      1.89728,
      3.97098,
      3.69517,
      3.71085
    ],
    "NestedTensor + SDPA": [
      9.34288,
      9.1603,
      8.85493,
      17.13323,
      16.61325,
      16.55173
    ],
    "Triton Ragged (ours)": [
      0.13722,
      0.04198,
      0.0256,
      0.34714,
      0.07987,
      0.02765
    ],
    "FlashAttention-2 (varlen)": [
      0.11264,
      0.04915,
      0.05325,
      0.26726,
      0.0727,
      0.06042
    ]
  },
  "p5": {
    "SDPA (math, padded)": [
      5.24499,
      2.57146,
      2.07459,
      10.59942,
      5.69968,
      3.97037
    ],
    "SDPA (efficient, padded)": [
      2.08384,
      1.8759,
      1.85142,
      4.096,
      3.76003,
      3.5601
    ],
    "SDPA (flash, padded)": [
      1.95674,
      1.83501,
      1.83078,
      3.95251,
      3.67718,
      3.57478
    ],
    "NestedTensor + SDPA": [
      8.89373,
      8.78307,
      8.73574,
      16.77722,
      16.19763,
      16.436
    ],
    "Triton Ragged (ours)": [
      0.13619,
      0.04198,
      0.02458,
      0.33712,
      0.07885,
      0.02765
    ],
    "FlashAttention-2 (varlen)": [
      0.11162,
      0.04813,
      0.0512,
      0.25293,
      0.07168,
      0.06042
    ]
  },
  "p95": {
    "SDPA (math, padded)": [
      5.36064,
      2.68595,
      2.15757,
      10.81958,
      5.92794,
      4.20454
    ],
    "SDPA (efficient, padded)": [
      2.13078,
      1.96096,
      1.94662,
      4.31821,
      3.9887,
      3.69562
    ],
    "SDPA (flash, padded)": [
      2.00678,
      1.8551,
      1.93638,
      4.10931,
      3.83402,
      3.72819
    ],
    "NestedTensor + SDPA": [
      9.59197,
      9.3225,
      9.29389,
      17.77878,
      17.43683,
      17.31805
    ],
    "Triton Ragged (ours)": [
      0.13926,
      0.04301,
      0.02765,
      0.35021,
      0.07987,
      0.02867
    ],
    "FlashAttention-2 (varlen)": [
      0.12506,
      0.0512,
      0.05562,
      0.27034,
      0.07312,
      0.06144
    ]
  }
}