{
  "gpu": "NVIDIA RTX 4000 Ada Generation",
  "sm": "SM89",
  "timing": "cuda_events_median_ms",
  "warmup": 50,
  "jit_warmup": 150,
  "iters": 300,
  "configs": [
    "BS=32, 0% pruned",
    "BS=32, 50% pruned",
    "BS=32, 80% pruned",
    "BS=64, 0% pruned",
    "BS=64, 50% pruned",
    "BS=64, 80% pruned"
  ],
  "kernels": {
    "SDPA (math, padded)": [
      5.33715,
      2.59891,
      2.13914,
      10.61651,
      5.67398,
      4.00526
    ],
    "SDPA (efficient, padded)": [
      2.22973,
      2.07181,
      1.83925,
      4.15026,
      3.74682,
      3.54994
    ],
    "SDPA (flash, padded)": [
      2.1712,
      2.02827,
      1.82458,
      3.96186,
      3.67206,
      3.70374
    ],
    "NestedTensor + SDPA": [
      8.90928,
      8.70902,
      9.07586,
      16.79827,
      16.53154,
      16.37786
    ],
    "Triton Ragged (ours)": [
      0.13619,
      0.04198,
      0.02355,
      0.34509,
      0.07987,
      0.02765
    ],
    "FlashAttention-2 (varlen)": [
      0.11162,
      0.04813,
      0.04813,
      0.25395,
      0.07168,
      0.06042
    ]
  },
  "p5": {
    "SDPA (math, padded)": [
      5.2951,
      2.57498,
      2.06944,
      10.568,
      5.6535,
      3.9663
    ],
    "SDPA (efficient, padded)": [
      2.19725,
      1.97325,
      1.82298,
      4.08678,
      3.7335,
      3.48669
    ],
    "SDPA (flash, padded)": [
      2.10842,
      1.95475,
      1.79264,
      3.94074,
      3.60346,
      3.68032
    ],
    "NestedTensor + SDPA": [
      8.71219,
      8.63936,
      8.68762,
      16.61299,
      16.19456,
      16.05104
    ],
    "Triton Ragged (ours)": [
      0.13517,
      0.04096,
      0.02253,
      0.33178,
      0.07885,
      0.02662
    ],
    "FlashAttention-2 (varlen)": [
      0.11059,
      0.0471,
      0.04608,
      0.25293,
      0.07066,
      0.05939
    ]
  },
  "p95": {
    "SDPA (math, padded)": [
      5.41162,
      2.67878,
      2.18643,
      10.7479,
      5.80832,
      4.05824
    ],
    "SDPA (efficient, padded)": [
      2.2487,
      2.12173,
      1.90656,
      4.28851,
      3.89734,
      3.56557
    ],
    "SDPA (flash, padded)": [
      2.19443,
      2.04016,
      1.83411,
      3.98646,
      3.68829,
      3.77744
    ],
    "NestedTensor + SDPA": [
      9.3088,
      8.78464,
      9.37584,
      17.68035,
      17.33805,
      17.20758
    ],
    "Triton Ragged (ours)": [
      0.13722,
      0.04301,
      0.02458,
      0.34714,
      0.07987,
      0.02794
    ],
    "FlashAttention-2 (varlen)": [
      0.12288,
      0.05018,
      0.0512,
      0.2697,
      0.07373,
      0.06144
    ]
  }
}