{
  "gpu": "NVIDIA RTX 4000 Ada Generation",
  "sm": "SM89",
  "timing": "cuda_events_median_ms",
  "warmup": 50,
  "jit_warmup": 150,
  "iters": 300,
  "configs": [
    "BS=32, 0% pruned",
    "BS=32, 50% pruned",
    "BS=32, 80% pruned",
    "BS=64, 0% pruned",
    "BS=64, 50% pruned",
    "BS=64, 80% pruned"
  ],
  "kernels": {
    "SDPA (math, padded)": [
      5.40022,
      2.63578,
      2.16789,
      10.83323,
      5.90842,
      4.17896
    ],
    "SDPA (efficient, padded)": [
      2.23946,
      2.0695,
      1.94253,
      4.4019,
      4.03347,
      3.6993
    ],
    "SDPA (flash, padded)": [
      2.11757,
      1.86371,
      1.94765,
      4.33174,
      3.92806,
      3.70779
    ],
    "NestedTensor + SDPA": [
      8.84723,
      8.80394,
      9.15154,
      17.23486,
      16.5173,
      16.39035
    ],
    "Triton Ragged (ours)": [
      0.13722,
      0.04198,
      0.02355,
      0.34509,
      0.07987,
      0.02765
    ],
    "FlashAttention-2 (varlen)": [
      0.11264,
      0.04813,
      0.05018,
      0.2663,
      0.07184,
      0.06042
    ]
  },
  "p5": {
    "SDPA (math, padded)": [
      5.32771,
      2.5999,
      2.09725,
      10.69568,
      5.79501,
      4.03968
    ],
    "SDPA (efficient, padded)": [
      2.2272,
      1.99386,
      1.91386,
      4.38272,
      4.00272,
      3.55539
    ],
    "SDPA (flash, padded)": [
      2.09686,
      1.79626,
      1.93229,
      4.19434,
      3.90864,
      3.56541
    ],
    "NestedTensor + SDPA": [
      8.65459,
      8.73578,
      8.72422,
      16.67472,
      16.15629,
      16.19763
    ],
    "Triton Ragged (ours)": [
      0.13517,
      0.04096,
      0.02253,
      0.3369,
      0.07885,
      0.02765
    ],
    "FlashAttention-2 (varlen)": [
      0.11162,
      0.04643,
      0.04813,
      0.25293,
      0.07168,
      0.06042
    ]
  },
  "p95": {
    "SDPA (math, padded)": [
      5.44781,
      2.70058,
      2.18298,
      10.98211,
      6.0416,
      4.2128
    ],
    "SDPA (efficient, padded)": [
      2.30589,
      2.08794,
      1.95584,
      4.54451,
      4.1513,
      3.73363
    ],
    "SDPA (flash, padded)": [
      2.18726,
      1.98042,
      2.02138,
      4.41821,
      4.06093,
      3.78355
    ],
    "NestedTensor + SDPA": [
      9.25805,
      9.24886,
      9.37267,
      17.85037,
      17.50221,
      17.23971
    ],
    "Triton Ragged (ours)": [
      0.13926,
      0.04224,
      0.02461,
      0.34714,
      0.07987,
      0.02867
    ],
    "FlashAttention-2 (varlen)": [
      0.12288,
      0.05018,
      0.05222,
      0.27136,
      0.07373,
      0.06144
    ]
  }
}