{
  "gpu": "NVIDIA RTX 4000 Ada Generation",
  "sm": "SM89",
  "timing": "cuda_events_median_ms",
  "warmup": 50,
  "jit_warmup": 150,
  "iters": 300,
  "configs": [
    "BS=32, 0% pruned",
    "BS=32, 50% pruned",
    "BS=32, 80% pruned",
    "BS=64, 0% pruned",
    "BS=64, 50% pruned",
    "BS=64, 80% pruned"
  ],
  "kernels": {
    "SDPA (math, padded)": [
      5.39866,
      2.63112,
      2.06208,
      10.7423,
      5.71496,
      4.19078
    ],
    "SDPA (efficient, padded)": [
      2.25853,
      1.99918,
      1.93323,
      4.1453,
      3.74989,
      3.56659
    ],
    "SDPA (flash, padded)": [
      1.97728,
      1.93523,
      1.93638,
      3.9651,
      3.67666,
      3.58675
    ],
    "NestedTensor + SDPA": [
      9.24867,
      8.73267,
      8.75509,
      16.73851,
      16.62978,
      16.5197
    ],
    "Triton Ragged (ours)": [
      0.13531,
      0.04198,
      0.02458,
      0.34304,
      0.07987,
      0.02765
    ],
    "FlashAttention-2 (varlen)": [
      0.11162,
      0.05018,
      0.05018,
      0.26829,
      0.07098,
      0.06042
    ]
  },
  "p5": {
    "SDPA (math, padded)": [
      5.35034,
      2.5617,
      2.02752,
      10.58013,
      5.65315,
      4.04656
    ],
    "SDPA (efficient, padded)": [
      2.09114,
      1.97155,
      1.90227,
      4.12966,
      3.73248,
      3.5543
    ],
    "SDPA (flash, padded)": [
      1.96915,
      1.9008,
      1.89952,
      3.94979,
      3.60851,
      3.56541
    ],
    "NestedTensor + SDPA": [
      8.83405,
      8.6624,
      8.67834,
      16.40659,
      16.32323,
      16.37146
    ],
    "Triton Ragged (ours)": [
      0.1343,
      0.04096,
      0.02355,
      0.33178,
      0.07885,
      0.02662
    ],
    "FlashAttention-2 (varlen)": [
      0.11059,
      0.0471,
      0.04813,
      0.25293,
      0.07066,
      0.05939
    ]
  },
  "p95": {
    "SDPA (math, padded)": [
      5.48349,
      2.66035,
      2.1399,
      10.89971,
      5.79174,
      4.27418
    ],
    "SDPA (efficient, padded)": [
      2.28333,
      2.07258,
      1.94486,
      4.18406,
      3.8967,
      3.71085
    ],
    "SDPA (flash, padded)": [
      2.04576,
      1.95485,
      2.00893,
      4.10419,
      3.86867,
      3.7161
    ],
    "NestedTensor + SDPA": [
      9.46624,
      9.06342,
      9.19142,
      17.49197,
      17.60157,
      17.28918
    ],
    "Triton Ragged (ours)": [
      0.13722,
      0.04221,
      0.0256,
      0.3464,
      0.07987,
      0.02774
    ],
    "FlashAttention-2 (varlen)": [
      0.11264,
      0.05261,
      0.05325,
      0.27034,
      0.0727,
      0.06144
    ]
  }
}