{
  "gpu": "NVIDIA RTX 4000 Ada Generation",
  "sm": "SM89",
  "timing": "cuda_events_median_ms",
  "warmup": 50,
  "jit_warmup": 150,
  "iters": 300,
  "configs": [
    "BS=32, 0% pruned",
    "BS=32, 50% pruned",
    "BS=32, 80% pruned",
    "BS=64, 0% pruned",
    "BS=64, 50% pruned",
    "BS=64, 80% pruned"
  ],
  "kernels": {
    "SDPA (math, padded)": [
      5.338,
      2.55666,
      2.05005,
      10.61525,
      5.80096,
      4.05214
    ],
    "SDPA (efficient, padded)": [
      2.23131,
      1.93946,
      1.81629,
      4.13184,
      3.88622,
      3.54918
    ],
    "SDPA (flash, padded)": [
      1.97731,
      1.8391,
      1.81022,
      3.96306,
      3.68139,
      3.55498
    ],
    "NestedTensor + SDPA": [
      8.86102,
      8.76637,
      9.07691,
      16.7639,
      16.51629,
      16.48896
    ],
    "Triton Ragged (ours)": [
      0.13517,
      0.04198,
      0.02355,
      0.34406,
      0.07987,
      0.02765
    ],
    "FlashAttention-2 (varlen)": [
      0.11162,
      0.04813,
      0.05018,
      0.26214,
      0.07168,
      0.06042
    ]
  },
  "p5": {
    "SDPA (math, padded)": [
      5.30125,
      2.54534,
      2.02166,
      10.5609,
      5.77965,
      4.02918
    ],
    "SDPA (efficient, padded)": [
      2.11738,
      1.86979,
      1.80736,
      4.1127,
      3.75622,
      3.4816
    ],
    "SDPA (flash, padded)": [
      1.96512,
      1.82874,
      1.80192,
      3.92486,
      3.60243,
      3.54128
    ],
    "NestedTensor + SDPA": [
      8.71437,
      8.68214,
      8.63846,
      16.49043,
      16.23654,
      16.31949
    ],
    "Triton Ragged (ours)": [
      0.13414,
      0.04096,
      0.02253,
      0.33315,
      0.07885,
      0.02662
    ],
    "FlashAttention-2 (varlen)": [
      0.11059,
      0.04608,
      0.04813,
      0.25302,
      0.07066,
      0.05939
    ]
  },
  "p95": {
    "SDPA (math, padded)": [
      5.40947,
      2.5991,
      2.06003,
      10.71318,
      5.8784,
      4.19434
    ],
    "SDPA (efficient, padded)": [
      2.62758,
      1.95386,
      1.82778,
      4.27315,
      3.96589,
      3.68333
    ],
    "SDPA (flash, padded)": [
      2.04634,
      1.84954,
      1.88134,
      4.09018,
      3.8232,
      3.57091
    ],
    "NestedTensor + SDPA": [
      9.48122,
      9.24125,
      9.35427,
      17.5472,
      17.27181,
      17.31789
    ],
    "Triton Ragged (ours)": [
      0.13619,
      0.04301,
      0.0256,
      0.34714,
      0.07987,
      0.02781
    ],
    "FlashAttention-2 (varlen)": [
      0.11264,
      0.0512,
      0.05222,
      0.26419,
      0.0727,
      0.06144
    ]
  }
}