{
  "gpu": "NVIDIA RTX 4000 Ada Generation",
  "sm": "SM89",
  "timing": "cuda_events_median_ms",
  "warmup": 50,
  "jit_warmup": 150,
  "iters": 300,
  "configs": [
    "BS=32, 0% pruned",
    "BS=32, 50% pruned",
    "BS=32, 80% pruned",
    "BS=64, 0% pruned",
    "BS=64, 50% pruned",
    "BS=64, 80% pruned"
  ],
  "kernels": {
    "SDPA (math, padded)": [
      5.36822,
      2.59856,
      2.05787,
      10.60762,
      5.68982,
      4.03032
    ],
    "SDPA (efficient, padded)": [
      2.22834,
      1.87469,
      1.87899,
      4.11627,
      3.75,
      3.59878
    ],
    "SDPA (flash, padded)": [
      2.09989,
      1.88302,
      1.93714,
      3.94805,
      3.66466,
      3.56518
    ],
    "NestedTensor + SDPA": [
      8.88194,
      8.83182,
      9.07093,
      17.11754,
      16.57528,
      16.42197
    ],
    "Triton Ragged (ours)": [
      0.13619,
      0.04198,
      0.0256,
      0.34509,
      0.07987,
      0.02765
    ],
    "FlashAttention-2 (varlen)": [
      0.11162,
      0.04813,
      0.0512,
      0.25395,
      0.07168,
      0.06046
    ]
  },
  "p5": {
    "SDPA (math, padded)": [
      5.29613,
      2.55078,
      2.04717,
      10.54534,
      5.64429,
      4.01306
    ],
    "SDPA (efficient, padded)": [
      2.20979,
      1.8647,
      1.80736,
      4.07162,
      3.73555,
      3.5287
    ],
    "SDPA (flash, padded)": [
      2.08691,
      1.8217,
      1.92317,
      3.90144,
      3.6488,
      3.54138
    ],
    "NestedTensor + SDPA": [
      8.78093,
      8.75834,
      8.7337,
      16.64102,
      16.20173,
      16.08714
    ],
    "Triton Ragged (ours)": [
      0.13517,
      0.04096,
      0.02458,
      0.33178,
      0.07885,
      0.02765
    ],
    "FlashAttention-2 (varlen)": [
      0.11059,
      0.0471,
      0.04915,
      0.25293,
      0.07066,
      0.06042
    ]
  },
  "p95": {
    "SDPA (math, padded)": [
      5.41082,
      2.63373,
      2.13197,
      11.50157,
      5.75898,
      4.04858
    ],
    "SDPA (efficient, padded)": [
      2.29683,
      1.88816,
      1.89462,
      4.1392,
      3.96902,
      3.75427
    ],
    "SDPA (flash, padded)": [
      2.1616,
      2.27635,
      2.00944,
      4.05914,
      3.70691,
      3.76621
    ],
    "NestedTensor + SDPA": [
      9.27341,
      9.27334,
      9.34912,
      18.00704,
      17.38723,
      17.30909
    ],
    "Triton Ragged (ours)": [
      0.13722,
      0.0424,
      0.02765,
      0.34714,
      0.07987,
      0.02867
    ],
    "FlashAttention-2 (varlen)": [
      0.11264,
      0.05018,
      0.05427,
      0.27034,
      0.07194,
      0.06144
    ]
  }
}