{
  "gpu": "NVIDIA RTX 4000 Ada Generation",
  "sm": "SM89",
  "timing": "cuda_events_median_ms",
  "warmup": 50,
  "jit_warmup": 150,
  "iters": 300,
  "configs": [
    "BS=32, 0% pruned",
    "BS=32, 50% pruned",
    "BS=32, 80% pruned",
    "BS=64, 0% pruned",
    "BS=64, 50% pruned",
    "BS=64, 80% pruned"
  ],
  "kernels": {
    "SDPA (math, padded)": [
      5.3289,
      2.64283,
      2.0439,
      10.63936,
      5.73341,
      4.05709
    ],
    "SDPA (efficient, padded)": [
      2.23334,
      1.89235,
      1.83221,
      4.29197,
      3.77875,
      3.58205
    ],
    "SDPA (flash, padded)": [
      1.99376,
      1.85856,
      1.82259,
      3.9877,
      3.71248,
      3.72326
    ],
    "NestedTensor + SDPA": [
      9.37728,
      8.94898,
      8.91811,
      17.10509,
      17.00717,
      16.81659
    ],
    "Triton Ragged (ours)": [
      0.13619,
      0.04198,
      0.02355,
      0.34202,
      0.07987,
      0.02765
    ],
    "FlashAttention-2 (varlen)": [
      0.11162,
      0.05018,
      0.05018,
      0.26829,
      0.07168,
      0.06042
    ]
  },
  "p5": {
    "SDPA (math, padded)": [
      5.3033,
      2.57024,
      2.02854,
      10.59942,
      5.67875,
      3.99667
    ],
    "SDPA (efficient, padded)": [
      2.08189,
      1.88109,
      1.82477,
      4.15542,
      3.69229,
      3.51642
    ],
    "SDPA (flash, padded)": [
      1.95379,
      1.84013,
      1.78694,
      3.89459,
      3.64864,
      3.52256
    ],
    "NestedTensor + SDPA": [
      8.98397,
      8.79814,
      8.86656,
      16.70541,
      16.77926,
      16.65651
    ],
    "Triton Ragged (ours)": [
      0.13517,
      0.04096,
      0.02253,
      0.33178,
      0.07885,
      0.02662
    ],
    "FlashAttention-2 (varlen)": [
      0.11059,
      0.04915,
      0.04813,
      0.25293,
      0.07066,
      0.05939
    ]
  },
  "p95": {
    "SDPA (math, padded)": [
      5.40902,
      2.6583,
      2.08794,
      10.77146,
      5.83482,
      4.08461
    ],
    "SDPA (efficient, padded)": [
      2.25178,
      1.96496,
      1.90058,
      4.31821,
      3.92832,
      3.65235
    ],
    "SDPA (flash, padded)": [
      2.06643,
      1.92122,
      1.83603,
      4.12835,
      3.85235,
      3.74886
    ],
    "NestedTensor + SDPA": [
      9.66886,
      9.2375,
      9.28051,
      18.04934,
      17.87936,
      17.61997
    ],
    "Triton Ragged (ours)": [
      0.13722,
      0.04243,
      0.0256,
      0.34714,
      0.07987,
      0.02794
    ],
    "FlashAttention-2 (varlen)": [
      0.12221,
      0.05222,
      0.05222,
      0.27034,
      0.07286,
      0.06144
    ]
  }
}