{
  "gpu": "NVIDIA RTX 4000 Ada Generation",
  "sm": "SM89",
  "timing": "cuda_events_median_ms",
  "warmup": 50,
  "jit_warmup": 150,
  "iters": 300,
  "configs": [
    "BS=32, 0% pruned",
    "BS=32, 50% pruned",
    "BS=32, 80% pruned",
    "BS=64, 0% pruned",
    "BS=64, 50% pruned",
    "BS=64, 80% pruned"
  ],
  "kernels": {
    "SDPA (math, padded)": [
      5.36682,
      2.56835,
      2.07258,
      10.70904,
      5.70315,
      4.05562
    ],
    "SDPA (efficient, padded)": [
      2.23539,
      1.88256,
      1.82507,
      4.16666,
      3.77187,
      3.56354
    ],
    "SDPA (flash, padded)": [
      2.17469,
      1.8427,
      1.8216,
      3.95861,
      3.6843,
      3.57962
    ],
    "NestedTensor + SDPA": [
      9.02645,
      8.942,
      8.88379,
      17.07256,
      16.85373,
      16.69318
    ],
    "Triton Ragged (ours)": [
      0.13619,
      0.04198,
      0.02395,
      0.34304,
      0.07987,
      0.02765
    ],
    "FlashAttention-2 (varlen)": [
      0.11162,
      0.05018,
      0.0512,
      0.26624,
      0.07109,
      0.06042
    ]
  },
  "p5": {
    "SDPA (math, padded)": [
      5.30637,
      2.5559,
      2.06333,
      10.59347,
      5.66586,
      4.03578
    ],
    "SDPA (efficient, padded)": [
      2.19859,
      1.85139,
      1.81158,
      4.14733,
      3.75405,
      3.54538
    ],
    "SDPA (flash, padded)": [
      2.10512,
      1.83398,
      1.8127,
      3.94234,
      3.66816,
      3.5665
    ],
    "NestedTensor + SDPA": [
      8.95898,
      8.75613,
      8.70298,
      16.90522,
      16.62397,
      16.35197
    ],
    "Triton Ragged (ours)": [
      0.13517,
      0.04096,
      0.02355,
      0.33178,
      0.07885,
      0.02707
    ],
    "FlashAttention-2 (varlen)": [
      0.11059,
      0.04915,
      0.04813,
      0.25293,
      0.07066,
      0.05955
    ]
  },
  "p95": {
    "SDPA (math, padded)": [
      5.4057,
      2.63763,
      2.14221,
      10.75853,
      5.81805,
      4.20112
    ],
    "SDPA (efficient, padded)": [
      2.25485,
      1.89267,
      1.8944,
      4.29427,
      3.91882,
      3.70448
    ],
    "SDPA (flash, padded)": [
      2.19034,
      1.85549,
      1.83706,
      4.11443,
      3.82269,
      3.72634
    ],
    "NestedTensor + SDPA": [
      9.41674,
      9.06029,
      9.2713,
      17.9137,
      17.68669,
      17.4807
    ],
    "Triton Ragged (ours)": [
      0.13722,
      0.04301,
      0.0256,
      0.34611,
      0.07987,
      0.02867
    ],
    "FlashAttention-2 (varlen)": [
      0.11264,
      0.05325,
      0.0536,
      0.26726,
      0.07184,
      0.06144
    ]
  }
}