{
  "gpu": "NVIDIA RTX 4000 Ada Generation",
  "sm": "SM89",
  "timing": "cuda_events_median_ms",
  "warmup": 50,
  "jit_warmup": 150,
  "iters": 300,
  "configs": [
    "BS=32, 0% pruned",
    "BS=32, 50% pruned",
    "BS=32, 80% pruned",
    "BS=64, 0% pruned",
    "BS=64, 50% pruned",
    "BS=64, 80% pruned"
  ],
  "kernels": {
    "SDPA (math, padded)": [
      5.29192,
      2.65626,
      2.06318,
      10.70451,
      5.76771,
      4.21382
    ],
    "SDPA (efficient, padded)": [
      2.16013,
      2.00262,
      1.8207,
      4.25672,
      3.85734,
      3.54634
    ],
    "SDPA (flash, padded)": [
      1.97427,
      2.02029,
      1.81214,
      3.93315,
      3.77867,
      3.55378
    ],
    "NestedTensor + SDPA": [
      8.86894,
      9.08042,
      8.7024,
      16.68659,
      16.49408,
      16.41699
    ],
    "Triton Ragged (ours)": [
      0.13619,
      0.04198,
      0.02355,
      0.34314,
      0.07987,
      0.02765
    ],
    "FlashAttention-2 (varlen)": [
      0.11162,
      0.0512,
      0.04813,
      0.26829,
      0.07168,
      0.06042
    ]
  },
  "p5": {
    "SDPA (math, padded)": [
      5.24595,
      2.57862,
      2.04816,
      10.57504,
      5.63507,
      4.07066
    ],
    "SDPA (efficient, padded)": [
      2.09334,
      1.98381,
      1.80858,
      4.11542,
      3.72224,
      3.52666
    ],
    "SDPA (flash, padded)": [
      1.96602,
      1.94253,
      1.76714,
      3.91594,
      3.59923,
      3.49184
    ],
    "NestedTensor + SDPA": [
      8.68659,
      8.67344,
      8.48662,
      16.36557,
      16.27238,
      16.2775
    ],
    "Triton Ragged (ours)": [
      0.13517,
      0.04096,
      0.02253,
      0.33178,
      0.07885,
      0.02765
    ],
    "FlashAttention-2 (varlen)": [
      0.11059,
      0.0471,
      0.0471,
      0.25293,
      0.07066,
      0.05939
    ]
  },
  "p95": {
    "SDPA (math, padded)": [
      5.34406,
      2.70042,
      2.13603,
      10.81242,
      5.81043,
      4.30877
    ],
    "SDPA (efficient, padded)": [
      2.17501,
      2.1033,
      1.88928,
      4.34195,
      3.87856,
      3.67923
    ],
    "SDPA (flash, padded)": [
      1.99894,
      2.05853,
      1.84656,
      4.0663,
      3.86765,
      3.69235
    ],
    "NestedTensor + SDPA": [
      8.99098,
      9.24774,
      8.76851,
      17.19126,
      17.29267,
      17.14576
    ],
    "Triton Ragged (ours)": [
      0.13722,
      0.04301,
      0.02458,
      0.34714,
      0.07987,
      0.02867
    ],
    "FlashAttention-2 (varlen)": [
      0.11264,
      0.05427,
      0.0512,
      0.27034,
      0.0727,
      0.06144
    ]
  }
}