{
  "gpu": "NVIDIA RTX 4000 Ada Generation",
  "sm": "SM89",
  "timing": "cuda_events_median_ms",
  "warmup": 50,
  "jit_warmup": 150,
  "iters": 300,
  "configs": [
    "BS=32, 0% pruned",
    "BS=32, 50% pruned",
    "BS=32, 80% pruned",
    "BS=64, 0% pruned",
    "BS=64, 50% pruned",
    "BS=64, 80% pruned"
  ],
  "kernels": {
    "SDPA (math, padded)": [
      5.31565,
      2.61832,
      2.02547,
      10.56554,
      5.69861,
      4.02069
    ],
    "SDPA (efficient, padded)": [
      2.15862,
      1.87269,
      1.8176,
      4.1216,
      3.8441,
      3.51952
    ],
    "SDPA (flash, padded)": [
      1.97717,
      1.86461,
      1.88006,
      3.93318,
      3.66488,
      3.55738
    ],
    "NestedTensor + SDPA": [
      9.16378,
      8.62245,
      8.66202,
      16.72358,
      16.61859,
      16.31283
    ],
    "Triton Ragged (ours)": [
      0.13619,
      0.04198,
      0.02355,
      0.34406,
      0.07987,
      0.02765
    ],
    "FlashAttention-2 (varlen)": [
      0.11162,
      0.0471,
      0.0471,
      0.26931,
      0.07168,
      0.06042
    ]
  },
  "p5": {
    "SDPA (math, padded)": [
      5.23955,
      2.54566,
      2.01302,
      10.51949,
      5.63507,
      4.00691
    ],
    "SDPA (efficient, padded)": [
      2.09818,
      1.832,
      1.80634,
      4.05603,
      3.71507,
      3.44986
    ],
    "SDPA (flash, padded)": [
      1.96813,
      1.78618,
      1.80634,
      3.91578,
      3.65158,
      3.5328
    ],
    "NestedTensor + SDPA": [
      8.74394,
      8.42144,
      8.60262,
      16.55706,
      16.29171,
      16.19149
    ],
    "Triton Ragged (ours)": [
      0.13517,
      0.04096,
      0.02253,
      0.33194,
      0.07885,
      0.02662
    ],
    "FlashAttention-2 (varlen)": [
      0.11059,
      0.04608,
      0.04608,
      0.25331,
      0.07066,
      0.05939
    ]
  },
  "p95": {
    "SDPA (math, padded)": [
      5.37181,
      2.66237,
      2.06035,
      10.64259,
      5.80064,
      4.15334
    ],
    "SDPA (efficient, padded)": [
      2.1727,
      1.94122,
      1.88102,
      4.25987,
      3.87373,
      3.53664
    ],
    "SDPA (flash, padded)": [
      1.98842,
      1.93024,
      1.90771,
      3.94957,
      3.8,
      3.69152
    ],
    "NestedTensor + SDPA": [
      9.26106,
      8.7152,
      9.10413,
      17.49606,
      17.38573,
      17.22688
    ],
    "Triton Ragged (ours)": [
      0.13722,
      0.04301,
      0.02458,
      0.34714,
      0.0809,
      0.02774
    ],
    "FlashAttention-2 (varlen)": [
      0.11264,
      0.05018,
      0.05018,
      0.27136,
      0.07181,
      0.06144
    ]
  }
}