{
  "gpu": "NVIDIA RTX 4000 Ada Generation",
  "sm": "SM89",
  "timing": "cuda_events_median_ms",
  "warmup": 50,
  "jit_warmup": 150,
  "iters": 300,
  "configs": [
    "BS=32, 0% pruned",
    "BS=32, 50% pruned",
    "BS=32, 80% pruned",
    "BS=64, 0% pruned",
    "BS=64, 50% pruned",
    "BS=64, 80% pruned"
  ],
  "kernels": {
    "SDPA (math, padded)": [
      5.34032,
      2.6421,
      2.07434,
      10.63234,
      5.68819,
      4.20045
    ],
    "SDPA (efficient, padded)": [
      2.25792,
      1.88826,
      1.83614,
      4.2865,
      3.77498,
      3.56862
    ],
    "SDPA (flash, padded)": [
      2.12366,
      1.84514,
      1.83622,
      4.09643,
      3.7025,
      3.59746
    ],
    "NestedTensor + SDPA": [
      8.94064,
      8.80013,
      8.78797,
      16.80635,
      16.55088,
      16.50178
    ],
    "Triton Ragged (ours)": [
      0.13619,
      0.04198,
      0.02355,
      0.34406,
      0.07987,
      0.02765
    ],
    "FlashAttention-2 (varlen)": [
      0.11162,
      0.04813,
      0.04813,
      0.25395,
      0.07168,
      0.06042
    ]
  },
  "p5": {
    "SDPA (math, padded)": [
      5.2951,
      2.56614,
      2.03878,
      10.59318,
      5.65965,
      4.04579
    ],
    "SDPA (efficient, padded)": [
      2.22829,
      1.85066,
      1.8255,
      4.14925,
      3.74989,
      3.55558
    ],
    "SDPA (flash, padded)": [
      2.10963,
      1.83501,
      1.80118,
      3.96259,
      3.67514,
      3.57171
    ],
    "NestedTensor + SDPA": [
      8.83213,
      8.61901,
      8.68947,
      16.3911,
      16.20307,
      16.12902
    ],
    "Triton Ragged (ours)": [
      0.13517,
      0.04096,
      0.02253,
      0.33178,
      0.07885,
      0.02662
    ],
    "FlashAttention-2 (varlen)": [
      0.11059,
      0.04608,
      0.04627,
      0.25293,
      0.07066,
      0.05939
    ]
  },
  "p95": {
    "SDPA (math, padded)": [
      5.40179,
      2.68915,
      2.08493,
      10.78477,
      5.81427,
      4.28237
    ],
    "SDPA (efficient, padded)": [
      2.31526,
      1.96515,
      1.90893,
      4.3049,
      3.90822,
      3.6096
    ],
    "SDPA (flash, padded)": [
      2.19136,
      1.90979,
      1.90682,
      4.12672,
      3.84333,
      3.77379
    ],
    "NestedTensor + SDPA": [
      9.46688,
      8.89754,
      9.17203,
      17.6128,
      17.26566,
      17.79158
    ],
    "Triton Ragged (ours)": [
      0.13722,
      0.04227,
      0.02458,
      0.34714,
      0.07987,
      0.02797
    ],
    "FlashAttention-2 (varlen)": [
      0.11264,
      0.0512,
      0.0512,
      0.26931,
      0.07197,
      0.06144
    ]
  }
}