{
  "gpu": "NVIDIA RTX 4000 Ada Generation",
  "sm": "SM89",
  "timing": "cuda_events_median_ms",
  "warmup": 50,
  "jit_warmup": 150,
  "iters": 300,
  "configs": [
    "BS=32, 0% pruned",
    "BS=32, 50% pruned",
    "BS=32, 80% pruned",
    "BS=64, 0% pruned",
    "BS=64, 50% pruned",
    "BS=64, 80% pruned"
  ],
  "kernels": {
    "SDPA (math, padded)": [
      5.37122,
      2.57944,
      2.12379,
      10.60562,
      5.70229,
      4.0164
    ],
    "SDPA (efficient, padded)": [
      2.17922,
      2.0009,
      1.81067,
      4.07195,
      3.74531,
      3.52958
    ],
    "SDPA (flash, padded)": [
      2.11354,
      1.97733,
      1.80974,
      3.94323,
      3.66387,
      3.52768
    ],
    "NestedTensor + SDPA": [
      8.94165,
      9.30283,
      8.79592,
      16.88626,
      16.63027,
      16.5288
    ],
    "Triton Ragged (ours)": [
      0.13619,
      0.04198,
      0.0247,
      0.34304,
      0.07987,
      0.02765
    ],
    "FlashAttention-2 (varlen)": [
      0.11162,
      0.05018,
      0.05018,
      0.25395,
      0.07168,
      0.06042
    ]
  },
  "p5": {
    "SDPA (math, padded)": [
      5.29818,
      2.56538,
      2.05299,
      10.56557,
      5.64493,
      3.95398
    ],
    "SDPA (efficient, padded)": [
      2.1208,
      1.98861,
      1.80029,
      4.03149,
      3.64874,
      3.44781
    ],
    "SDPA (flash, padded)": [
      2.09853,
      1.93949,
      1.77466,
      3.91987,
      3.60477,
      3.46995
    ],
    "NestedTensor + SDPA": [
      8.7247,
      8.85862,
      8.62515,
      16.67507,
      16.21402,
      16.38192
    ],
    "Triton Ragged (ours)": [
      0.13517,
      0.04096,
      0.02355,
      0.33178,
      0.07885,
      0.02765
    ],
    "FlashAttention-2 (varlen)": [
      0.11059,
      0.04813,
      0.0471,
      0.25293,
      0.07066,
      0.05981
    ]
  },
  "p95": {
    "SDPA (math, padded)": [
      5.41904,
      2.59891,
      2.13402,
      10.7335,
      5.80528,
      4.89955
    ],
    "SDPA (efficient, padded)": [
      2.30387,
      2.07638,
      1.82067,
      4.14106,
      3.8583,
      3.58595
    ],
    "SDPA (flash, padded)": [
      2.18038,
      2.02854,
      1.88406,
      4.08883,
      3.79773,
      3.54778
    ],
    "NestedTensor + SDPA": [
      9.05251,
      9.54883,
      9.22624,
      17.68653,
      17.37725,
      17.35398
    ],
    "Triton Ragged (ours)": [
      0.13722,
      0.04301,
      0.02662,
      0.34611,
      0.07987,
      0.02867
    ],
    "FlashAttention-2 (varlen)": [
      0.11264,
      0.05325,
      0.05325,
      0.26931,
      0.07184,
      0.06144
    ]
  }
}