{
  "gpu": "NVIDIA RTX 4000 Ada Generation",
  "sm": "SM89",
  "timing": "cuda_events_median_ms",
  "warmup": 50,
  "jit_warmup": 150,
  "iters": 300,
  "configs": [
    "BS=32, 0% pruned",
    "BS=32, 50% pruned",
    "BS=32, 80% pruned",
    "BS=64, 0% pruned",
    "BS=64, 50% pruned",
    "BS=64, 80% pruned"
  ],
  "kernels": {
    "SDPA (math, padded)": [
      5.37387,
      2.63066,
      2.11051,
      10.88912,
      5.84262,
      4.21786
    ],
    "SDPA (efficient, padded)": [
      2.27328,
      2.04245,
      1.97018,
      4.45984,
      4.05272,
      3.94992
    ],
    "SDPA (flash, padded)": [
      2.20515,
      2.0453,
      1.93205,
      4.25902,
      3.98234,
      3.62075
    ],
    "NestedTensor + SDPA": [
      9.37539,
      9.27042,
      9.2704,
      17.70462,
      17.46058,
      17.37682
    ],
    "Triton Ragged (ours)": [
      0.13619,
      0.04198,
      0.02355,
      0.34406,
      0.07987,
      0.02765
    ],
    "FlashAttention-2 (varlen)": [
      0.11162,
      0.05427,
      0.05427,
      0.26726,
      0.07168,
      0.06042
    ]
  },
  "p5": {
    "SDPA (math, padded)": [
      5.34122,
      2.61734,
      2.09818,
      10.82979,
      5.79072,
      4.17421
    ],
    "SDPA (efficient, padded)": [
      2.25491,
      2.02035,
      1.93664,
      4.44518,
      4.03571,
      3.84205
    ],
    "SDPA (flash, padded)": [
      2.1337,
      1.97811,
      1.80515,
      4.10931,
      3.85638,
      3.53587
    ],
    "NestedTensor + SDPA": [
      9.25901,
      9.21021,
      9.19366,
      17.51962,
      17.34666,
      17.00349
    ],
    "Triton Ragged (ours)": [
      0.13517,
      0.04096,
      0.02355,
      0.33178,
      0.07885,
      0.02765
    ],
    "FlashAttention-2 (varlen)": [
      0.11059,
      0.05222,
      0.05229,
      0.256,
      0.07066,
      0.05965
    ]
  },
  "p95": {
    "SDPA (math, padded)": [
      5.42749,
      2.70541,
      2.14938,
      11.01299,
      5.99654,
      4.36832
    ],
    "SDPA (efficient, padded)": [
      2.34291,
      2.11526,
      1.98653,
      4.60083,
      4.10013,
      4.00691
    ],
    "SDPA (flash, padded)": [
      2.25085,
      2.06221,
      1.98237,
      4.40099,
      4.16182,
      3.75296
    ],
    "NestedTensor + SDPA": [
      9.8591,
      9.69626,
      9.75571,
      18.88902,
      18.30707,
      18.01933
    ],
    "Triton Ragged (ours)": [
      0.13722,
      0.04301,
      0.0256,
      0.34621,
      0.07987,
      0.02867
    ],
    "FlashAttention-2 (varlen)": [
      0.12288,
      0.05632,
      0.05837,
      0.27034,
      0.07178,
      0.06144
    ]
  }
}