{
  "gpu": "NVIDIA RTX 4000 Ada Generation",
  "sm": "SM89",
  "timing": "cuda_events_median_ms",
  "warmup": 50,
  "jit_warmup": 150,
  "iters": 300,
  "configs": [
    "BS=32, 0% pruned",
    "BS=32, 50% pruned",
    "BS=32, 80% pruned",
    "BS=64, 0% pruned",
    "BS=64, 50% pruned",
    "BS=64, 80% pruned"
  ],
  "kernels": {
    "SDPA (math, padded)": [
      5.38984,
      2.6549,
      2.16248,
      10.83904,
      5.69966,
      4.05914
    ],
    "SDPA (efficient, padded)": [
      2.23757,
      2.00003,
      2.02418,
      4.40802,
      3.77035,
      3.58118
    ],
    "SDPA (flash, padded)": [
      2.10229,
      1.95834,
      1.9467,
      4.34379,
      3.8,
      3.58998
    ],
    "NestedTensor + SDPA": [
      8.90371,
      9.14432,
      8.80282,
      16.88086,
      17.02267,
      16.49779
    ],
    "Triton Ragged (ours)": [
      0.13619,
      0.04198,
      0.02355,
      0.34406,
      0.07987,
      0.02765
    ],
    "FlashAttention-2 (varlen)": [
      0.11162,
      0.04813,
      0.04813,
      0.25293,
      0.07168,
      0.06042
    ]
  },
  "p5": {
    "SDPA (math, padded)": [
      5.32141,
      2.56928,
      2.08579,
      10.68544,
      5.66259,
      4.01306
    ],
    "SDPA (efficient, padded)": [
      2.22442,
      1.92624,
      2.00829,
      4.34483,
      3.74653,
      3.56106
    ],
    "SDPA (flash, padded)": [
      2.0703,
      1.93635,
      1.91885,
      4.20061,
      3.67523,
      3.56966
    ],
    "NestedTensor + SDPA": [
      8.83494,
      8.73677,
      8.72269,
      16.54291,
      16.3833,
      16.31744
    ],
    "Triton Ragged (ours)": [
      0.13517,
      0.04125,
      0.02253,
      0.3328,
      0.07885,
      0.02662
    ],
    "FlashAttention-2 (varlen)": [
      0.11059,
      0.04608,
      0.04608,
      0.2519,
      0.07066,
      0.05939
    ]
  },
  "p95": {
    "SDPA (math, padded)": [
      5.4487,
      2.71453,
      2.2016,
      11.0103,
      5.89312,
      4.20346
    ],
    "SDPA (efficient, padded)": [
      2.304,
      2.0183,
      2.06755,
      4.62438,
      3.91232,
      3.78675
    ],
    "SDPA (flash, padded)": [
      2.12893,
      1.97222,
      2.05107,
      4.43002,
      3.87789,
      3.73043
    ],
    "NestedTensor + SDPA": [
      8.9792,
      9.28461,
      9.22909,
      17.76947,
      17.52064,
      17.28378
    ],
    "Triton Ragged (ours)": [
      0.13722,
      0.04301,
      0.02458,
      0.34611,
      0.07987,
      0.02768
    ],
    "FlashAttention-2 (varlen)": [
      0.12288,
      0.05024,
      0.0512,
      0.26726,
      0.07475,
      0.06144
    ]
  }
}