{
  "gpu": "NVIDIA RTX 4000 Ada Generation",
  "sm": "SM89",
  "timing": "cuda_events_median_ms",
  "warmup": 50,
  "jit_warmup": 150,
  "iters": 300,
  "configs": [
    "BS=32, 0% pruned",
    "BS=32, 50% pruned",
    "BS=32, 80% pruned",
    "BS=64, 0% pruned",
    "BS=64, 50% pruned",
    "BS=64, 80% pruned"
  ],
  "kernels": {
    "SDPA (math, padded)": [
      5.38304,
      2.61634,
      2.05722,
      10.71822,
      5.70214,
      4.17768
    ],
    "SDPA (efficient, padded)": [
      2.24822,
      1.88139,
      1.82152,
      4.14925,
      3.75398,
      3.5423
    ],
    "SDPA (flash, padded)": [
      2.1457,
      1.84237,
      1.78235,
      3.95899,
      3.65069,
      3.56342
    ],
    "NestedTensor + SDPA": [
      9.06813,
      8.73818,
      8.8283,
      17.48669,
      16.87286,
      16.87282
    ],
    "Triton Ragged (ours)": [
      0.1363,
      0.04198,
      0.02458,
      0.34611,
      0.07987,
      0.02765
    ],
    "FlashAttention-2 (varlen)": [
      0.11264,
      0.05018,
      0.05018,
      0.26968,
      0.072,
      0.06042
    ]
  },
  "p5": {
    "SDPA (math, padded)": [
      5.32173,
      2.54893,
      2.048,
      10.57792,
      5.6488,
      4.03082
    ],
    "SDPA (efficient, padded)": [
      2.2345,
      1.86368,
      1.80944,
      4.07536,
      3.69357,
      3.47827
    ],
    "SDPA (flash, padded)": [
      2.10525,
      1.80627,
      1.76931,
      3.87994,
      3.58422,
      3.48774
    ],
    "NestedTensor + SDPA": [
      8.80496,
      8.66829,
      8.6569,
      16.67277,
      16.43306,
      16.33088
    ],
    "Triton Ragged (ours)": [
      0.13546,
      0.04096,
      0.02355,
      0.33792,
      0.07885,
      0.02765
    ],
    "FlashAttention-2 (varlen)": [
      0.11162,
      0.04848,
      0.04915,
      0.25293,
      0.07168,
      0.06042
    ]
  },
  "p95": {
    "SDPA (math, padded)": [
      5.45002,
      2.69718,
      2.13709,
      10.8104,
      5.82246,
      4.26842
    ],
    "SDPA (efficient, padded)": [
      2.32166,
      1.94563,
      1.89315,
      4.35533,
      3.88262,
      3.67645
    ],
    "SDPA (flash, padded)": [
      2.19888,
      1.94179,
      1.8873,
      4.17101,
      3.79904,
      3.584
    ],
    "NestedTensor + SDPA": [
      9.46595,
      9.28768,
      11.4432,
      17.93517,
      17.71827,
      17.60064
    ],
    "Triton Ragged (ours)": [
      0.13926,
      0.04301,
      0.02566,
      0.34918,
      0.08003,
      0.02867
    ],
    "FlashAttention-2 (varlen)": [
      0.12288,
      0.05427,
      0.05325,
      0.27146,
      0.07277,
      0.06144
    ]
  }
}