{
  "gpu": "NVIDIA RTX 4000 Ada Generation",
  "sm": "SM89",
  "timing": "cuda_events_median_ms",
  "warmup": 50,
  "jit_warmup": 150,
  "iters": 300,
  "configs": [
    "BS=32, 0% pruned",
    "BS=32, 50% pruned",
    "BS=32, 80% pruned",
    "BS=64, 0% pruned",
    "BS=64, 50% pruned",
    "BS=64, 80% pruned"
  ],
  "kernels": {
    "SDPA (math, padded)": [
      5.37922,
      2.58363,
      2.13795,
      10.65984,
      5.85114,
      4.1015
    ],
    "SDPA (efficient, padded)": [
      2.12966,
      1.90976,
      1.85037,
      4.19738,
      3.94136,
      3.60755
    ],
    "SDPA (flash, padded)": [
      2.01488,
      1.85682,
      1.84832,
      4.04538,
      3.86906,
      3.62051
    ],
    "NestedTensor + SDPA": [
      9.12685,
      9.06093,
      9.05523,
      17.3383,
      17.09504,
      17.02802
    ],
    "Triton Ragged (ours)": [
      0.13619,
      0.04198,
      0.02355,
      0.34406,
      0.07987,
      0.02765
    ],
    "FlashAttention-2 (varlen)": [
      0.11162,
      0.05222,
      0.0512,
      0.25395,
      0.07168,
      0.06042
    ]
  },
  "p5": {
    "SDPA (math, padded)": [
      5.27987,
      2.55619,
      2.08813,
      10.60659,
      5.70573,
      4.08371
    ],
    "SDPA (efficient, padded)": [
      2.0992,
      1.9024,
      1.84214,
      4.18301,
      3.79802,
      3.58406
    ],
    "SDPA (flash, padded)": [
      2.00397,
      1.84845,
      1.84115,
      3.98438,
      3.71814,
      3.6024
    ],
    "NestedTensor + SDPA": [
      9.06342,
      8.83405,
      8.99174,
      16.96054,
      16.88909,
      16.87757
    ],
    "Triton Ragged (ours)": [
      0.13517,
      0.04096,
      0.02253,
      0.33178,
      0.07885,
      0.02765
    ],
    "FlashAttention-2 (varlen)": [
      0.11059,
      0.0512,
      0.04915,
      0.25293,
      0.07066,
      0.05939
    ]
  },
  "p95": {
    "SDPA (math, padded)": [
      5.79686,
      2.65626,
      2.17408,
      10.78486,
      5.93818,
      4.2496
    ],
    "SDPA (efficient, padded)": [
      2.14394,
      1.98451,
      1.92346,
      4.33453,
      4.02515,
      3.7559
    ],
    "SDPA (flash, padded)": [
      2.08384,
      1.86806,
      1.92176,
      4.16051,
      3.95162,
      3.75296
    ],
    "NestedTensor + SDPA": [
      9.50902,
      9.53763,
      9.5055,
      18.50982,
      17.78483,
      17.83926
    ],
    "Triton Ragged (ours)": [
      0.13722,
      0.04301,
      0.02458,
      0.34714,
      0.07987,
      0.02867
    ],
    "FlashAttention-2 (varlen)": [
      0.11264,
      0.0553,
      0.05325,
      0.26931,
      0.07168,
      0.06144
    ]
  }
}