{
  "gpu": "NVIDIA RTX 4000 Ada Generation",
  "sm": "SM89",
  "timing": "cuda_events_median_ms",
  "warmup": 50,
  "jit_warmup": 150,
  "iters": 300,
  "configs": [
    "BS=32, 0% pruned",
    "BS=32, 50% pruned",
    "BS=32, 80% pruned",
    "BS=64, 0% pruned",
    "BS=64, 50% pruned",
    "BS=64, 80% pruned"
  ],
  "kernels": {
    "SDPA (math, padded)": [
      5.33774,
      2.61328,
      2.08032,
      10.63834,
      5.85248,
      4.05914
    ],
    "SDPA (efficient, padded)": [
      2.22925,
      1.99782,
      1.92,
      4.14869,
      3.7597,
      3.56253
    ],
    "SDPA (flash, padded)": [
      2.12677,
      1.9539,
      1.9456,
      3.96594,
      3.68731,
      3.57973
    ],
    "NestedTensor + SDPA": [
      8.91496,
      8.78165,
      9.18538,
      16.79835,
      16.57043,
      16.56624
    ],
    "Triton Ragged (ours)": [
      0.13619,
      0.04198,
      0.02458,
      0.34406,
      0.07987,
      0.02765
    ],
    "FlashAttention-2 (varlen)": [
      0.11162,
      0.04813,
      0.05222,
      0.25395,
      0.07168,
      0.06042
    ]
  },
  "p5": {
    "SDPA (math, padded)": [
      5.2993,
      2.57517,
      2.0385,
      10.58317,
      5.80301,
      4.04378
    ],
    "SDPA (efficient, padded)": [
      2.21622,
      1.88723,
      1.90755,
      4.13184,
      3.74643,
      3.55018
    ],
    "SDPA (flash, padded)": [
      2.10653,
      1.9449,
      1.90566,
      3.95264,
      3.67514,
      3.56765
    ],
    "NestedTensor + SDPA": [
      8.77226,
      8.57395,
      8.72858,
      16.58675,
      16.33789,
      16.32579
    ],
    "Triton Ragged (ours)": [
      0.13517,
      0.04096,
      0.02355,
      0.3328,
      0.07885,
      0.02765
    ],
    "FlashAttention-2 (varlen)": [
      0.11059,
      0.04608,
      0.05018,
      0.2519,
      0.07066,
      0.06042
    ]
  },
  "p95": {
    "SDPA (math, padded)": [
      5.39136,
      2.67587,
      2.10326,
      10.75405,
      5.90106,
      4.20557
    ],
    "SDPA (efficient, padded)": [
      2.28659,
      2.00979,
      1.95277,
      4.18739,
      3.90451,
      3.70042
    ],
    "SDPA (flash, padded)": [
      2.18941,
      1.9671,
      2.06128,
      4.01309,
      3.82176,
      3.59411
    ],
    "NestedTensor + SDPA": [
      9.32282,
      9.19245,
      9.44166,
      17.63648,
      17.35478,
      17.64557
    ],
    "Triton Ragged (ours)": [
      0.13722,
      0.04301,
      0.0256,
      0.34611,
      0.07987,
      0.02867
    ],
    "FlashAttention-2 (varlen)": [
      0.12288,
      0.0504,
      0.0553,
      0.26931,
      0.0727,
      0.06144
    ]
  }
}