{
  "gpu": "NVIDIA RTX 4000 Ada Generation",
  "sm": "SM89",
  "timing": "cuda_events_median_ms",
  "warmup": 50,
  "jit_warmup": 150,
  "iters": 300,
  "configs": [
    "BS=32, 0% pruned",
    "BS=32, 50% pruned",
    "BS=32, 80% pruned",
    "BS=64, 0% pruned",
    "BS=64, 50% pruned",
    "BS=64, 80% pruned"
  ],
  "kernels": {
    "SDPA (math, padded)": [
      5.34581,
      2.61648,
      2.17088,
      10.74907,
      5.83157,
      4.05586
    ],
    "SDPA (efficient, padded)": [
      2.26504,
      2.03264,
      1.85139,
      4.24301,
      3.76994,
      3.8041
    ],
    "SDPA (flash, padded)": [
      2.13645,
      1.98349,
      1.84928,
      4.02248,
      3.70387,
      3.81456
    ],
    "NestedTensor + SDPA": [
      9.31189,
      9.46302,
      9.16488,
      17.99322,
      17.21898,
      17.70838
    ],
    "Triton Ragged (ours)": [
      0.13619,
      0.04198,
      0.02355,
      0.34714,
      0.07987,
      0.02765
    ],
    "FlashAttention-2 (varlen)": [
      0.11264,
      0.0553,
      0.05632,
      0.2601,
      0.07198,
      0.06042
    ]
  },
  "p5": {
    "SDPA (math, padded)": [
      5.27158,
      2.60118,
      2.09066,
      10.62093,
      5.61869,
      3.97107
    ],
    "SDPA (efficient, padded)": [
      2.17395,
      2.00317,
      1.81965,
      4.10531,
      3.75501,
      3.74374
    ],
    "SDPA (flash, padded)": [
      2.12154,
      1.97325,
      1.84013,
      3.97754,
      3.6864,
      3.74906
    ],
    "NestedTensor + SDPA": [
      9.21779,
      9.1144,
      9.08502,
      17.3097,
      17.11104,
      17.04141
    ],
    "Triton Ragged (ours)": [
      0.13619,
      0.04138,
      0.02253,
      0.3369,
      0.07885,
      0.02765
    ],
    "FlashAttention-2 (varlen)": [
      0.11162,
      0.05325,
      0.0553,
      0.25293,
      0.07168,
      0.06042
    ]
  },
  "p95": {
    "SDPA (math, padded)": [
      5.41901,
      2.69117,
      2.21078,
      10.85117,
      6.66707,
      4.21891
    ],
    "SDPA (efficient, padded)": [
      2.33882,
      2.10845,
      1.95072,
      4.3439,
      3.90246,
      3.9424
    ],
    "SDPA (flash, padded)": [
      2.20768,
      2.05414,
      1.92122,
      4.1431,
      3.8473,
      3.95261
    ],
    "NestedTensor + SDPA": [
      9.78131,
      9.7065,
      11.9856,
      18.6215,
      18.07872,
      18.3743
    ],
    "Triton Ragged (ours)": [
      0.13722,
      0.04301,
      0.02458,
      0.35021,
      0.07987,
      0.02867
    ],
    "FlashAttention-2 (varlen)": [
      0.1239,
      0.05837,
      0.05939,
      0.26726,
      0.07373,
      0.06144
    ]
  }
}