{
  "gpu": "NVIDIA RTX 4000 Ada Generation",
  "sm": "SM89",
  "timing": "cuda_events_median_ms",
  "warmup": 50,
  "jit_warmup": 150,
  "iters": 300,
  "configs": [
    "BS=32, 0% pruned",
    "BS=32, 50% pruned",
    "BS=32, 80% pruned",
    "BS=64, 0% pruned",
    "BS=64, 50% pruned",
    "BS=64, 80% pruned"
  ],
  "kernels": {
    "SDPA (math, padded)": [
      5.31954,
      2.65517,
      2.0765,
      10.61291,
      5.7948,
      4.04275
    ],
    "SDPA (efficient, padded)": [
      2.13739,
      1.87597,
      1.94534,
      4.10419,
      3.87216,
      3.55299
    ],
    "SDPA (flash, padded)": [
      2.11558,
      1.83779,
      1.94253,
      4.15858,
      3.66797,
      3.69971
    ],
    "NestedTensor + SDPA": [
      8.90382,
      8.79309,
      8.76851,
      16.73062,
      16.62934,
      16.53866
    ],
    "Triton Ragged (ours)": [
      0.13619,
      0.04198,
      0.0256,
      0.34406,
      0.07987,
      0.02765
    ],
    "FlashAttention-2 (varlen)": [
      0.11162,
      0.05325,
      0.04915,
      0.26829,
      0.07168,
      0.06042
    ]
  },
  "p5": {
    "SDPA (math, padded)": [
      5.28896,
      2.5592,
      2.06234,
      10.57277,
      5.65638,
      3.98454
    ],
    "SDPA (efficient, padded)": [
      2.05382,
      1.86483,
      1.8903,
      4.06394,
      3.68195,
      3.47238
    ],
    "SDPA (flash, padded)": [
      2.10422,
      1.8271,
      1.93136,
      4.08077,
      3.65386,
      3.56147
    ],
    "NestedTensor + SDPA": [
      8.80973,
      8.55034,
      8.70502,
      16.59597,
      16.45978,
      16.41462
    ],
    "Triton Ragged (ours)": [
      0.13517,
      0.04096,
      0.02458,
      0.33178,
      0.07885,
      0.02662
    ],
    "FlashAttention-2 (varlen)": [
      0.11059,
      0.0512,
      0.0471,
      0.25395,
      0.07066,
      0.05939
    ]
  },
  "p95": {
    "SDPA (math, padded)": [
      5.37731,
      2.68634,
      2.15107,
      10.72864,
      5.85322,
      4.12979
    ],
    "SDPA (efficient, padded)": [
      2.30166,
      1.88592,
      2.01197,
      4.2761,
      5.33606,
      3.6935
    ],
    "SDPA (flash, padded)": [
      2.13264,
      1.84934,
      1.95789,
      4.18694,
      3.77315,
      3.77856
    ],
    "NestedTensor + SDPA": [
      9.50579,
      9.24358,
      9.3953,
      17.51859,
      17.44141,
      17.33939
    ],
    "Triton Ragged (ours)": [
      0.13722,
      0.0423,
      0.02662,
      0.34714,
      0.07994,
      0.02778
    ],
    "FlashAttention-2 (varlen)": [
      0.11264,
      0.05632,
      0.05325,
      0.27136,
      0.072,
      0.06144
    ]
  }
}