{
  "gpu": "NVIDIA RTX 4000 Ada Generation",
  "sm": "SM89",
  "timing": "cuda_events_median_ms",
  "warmup": 50,
  "jit_warmup": 150,
  "iters": 300,
  "configs": [
    "BS=32, 0% pruned",
    "BS=32, 50% pruned",
    "BS=32, 80% pruned",
    "BS=64, 0% pruned",
    "BS=64, 50% pruned",
    "BS=64, 80% pruned"
  ],
  "kernels": {
    "SDPA (math, padded)": [
      5.31102,
      2.5836,
      2.16342,
      10.8247,
      5.70594,
      4.05485
    ],
    "SDPA (efficient, padded)": [
      2.19064,
      1.89187,
      2.01739,
      4.52043,
      3.77314,
      3.65648
    ],
    "SDPA (flash, padded)": [
      2.06432,
      1.91078,
      1.95446,
      4.21022,
      3.69493,
      3.57782
    ],
    "NestedTensor + SDPA": [
      9.28838,
      9.18219,
      9.57213,
      17.74699,
      17.36638,
      17.46494
    ],
    "Triton Ragged (ours)": [
      0.13722,
      0.04198,
      0.02458,
      0.34714,
      0.07987,
      0.02765
    ],
    "FlashAttention-2 (varlen)": [
      0.11366,
      0.05325,
      0.05632,
      0.25395,
      0.0727,
      0.06042
    ]
  },
  "p5": {
    "SDPA (math, padded)": [
      5.28502,
      2.53459,
      2.09613,
      10.73357,
      5.68518,
      4.04051
    ],
    "SDPA (efficient, padded)": [
      2.18016,
      1.88314,
      1.94358,
      4.37843,
      3.75622,
      3.55296
    ],
    "SDPA (flash, padded)": [
      1.99446,
      1.81555,
      1.8985,
      4.18483,
      3.67629,
      3.56038
    ],
    "NestedTensor + SDPA": [
      9.20787,
      9.10563,
      9.09517,
      17.29651,
      17.2001,
      17.0855
    ],
    "Triton Ragged (ours)": [
      0.13619,
      0.04096,
      0.02355,
      0.3369,
      0.07885,
      0.02662
    ],
    "FlashAttention-2 (varlen)": [
      0.11162,
      0.05139,
      0.05427,
      0.25293,
      0.07168,
      0.05939
    ]
  },
  "p95": {
    "SDPA (math, padded)": [
      5.38214,
      2.65318,
      2.21184,
      10.98358,
      5.83456,
      4.19021
    ],
    "SDPA (efficient, padded)": [
      2.20358,
      1.91878,
      2.05722,
      4.60698,
      3.91158,
      3.71482
    ],
    "SDPA (flash, padded)": [
      2.10227,
      1.9599,
      2.06157,
      4.38656,
      3.8359,
      3.71405
    ],
    "NestedTensor + SDPA": [
      9.7239,
      9.6553,
      9.83933,
      18.44736,
      18.20877,
      18.4207
    ],
    "Triton Ragged (ours)": [
      0.13926,
      0.04237,
      0.02662,
      0.34941,
      0.08013,
      0.02784
    ],
    "FlashAttention-2 (varlen)": [
      0.11469,
      0.05837,
      0.05837,
      0.26931,
      0.07373,
      0.06144
    ]
  }
}