{
  "gpu": "NVIDIA RTX 4000 Ada Generation",
  "sm": "SM89",
  "timing": "cuda_events_median_ms",
  "warmup": 50,
  "jit_warmup": 150,
  "iters": 300,
  "configs": [
    "BS=32, 0% pruned",
    "BS=32, 50% pruned",
    "BS=32, 80% pruned",
    "BS=64, 0% pruned",
    "BS=64, 50% pruned",
    "BS=64, 80% pruned"
  ],
  "kernels": {
    "SDPA (math, padded)": [
      5.38326,
      2.63885,
      2.08848,
      10.6148,
      5.91181,
      4.07442
    ],
    "SDPA (efficient, padded)": [
      2.25842,
      1.96054,
      1.83608,
      4.16867,
      4.14405,
      3.82797
    ],
    "SDPA (flash, padded)": [
      2.12877,
      1.84525,
      1.83296,
      3.97288,
      3.93294,
      3.8183
    ],
    "NestedTensor + SDPA": [
      9.32147,
      9.18618,
      9.14368,
      17.50019,
      17.2563,
      17.15982
    ],
    "Triton Ragged (ours)": [
      0.13619,
      0.04198,
      0.02355,
      0.34509,
      0.07987,
      0.02765
    ],
    "FlashAttention-2 (varlen)": [
      0.11162,
      0.0553,
      0.05427,
      0.25395,
      0.07168,
      0.06042
    ]
  },
  "p5": {
    "SDPA (math, padded)": [
      5.30022,
      2.56307,
      2.06931,
      10.5903,
      5.75805,
      4.01306
    ],
    "SDPA (efficient, padded)": [
      2.24058,
      1.88522,
      1.82598,
      4.14413,
      4.01101,
      3.80109
    ],
    "SDPA (flash, padded)": [
      2.11674,
      1.83629,
      1.82477,
      3.9584,
      3.87398,
      3.58912
    ],
    "NestedTensor + SDPA": [
      9.23542,
      9.09517,
      8.86579,
      17.15725,
      17.1104,
      16.89088
    ],
    "Triton Ragged (ours)": [
      0.13517,
      0.04096,
      0.02253,
      0.3328,
      0.07885,
      0.02662
    ],
    "FlashAttention-2 (varlen)": [
      0.11059,
      0.05325,
      0.05325,
      0.25293,
      0.07066,
      0.05939
    ]
  },
  "p95": {
    "SDPA (math, padded)": [
      5.4273,
      2.69312,
      2.15744,
      10.75328,
      5.96138,
      4.13696
    ],
    "SDPA (efficient, padded)": [
      2.35504,
      2.00714,
      1.91053,
      4.31386,
      4.22298,
      3.9631
    ],
    "SDPA (flash, padded)": [
      2.19872,
      1.91898,
      1.8432,
      4.10541,
      4.07174,
      3.96051
    ],
    "NestedTensor + SDPA": [
      9.77718,
      9.62554,
      9.35699,
      18.36211,
      18.0839,
      18.05619
    ],
    "Triton Ragged (ours)": [
      0.13722,
      0.04221,
      0.02458,
      0.34714,
      0.07987,
      0.02778
    ],
    "FlashAttention-2 (varlen)": [
      0.11264,
      0.05734,
      0.05632,
      0.26931,
      0.0727,
      0.06144
    ]
  }
}