{
  "gpu": "NVIDIA RTX 4000 Ada Generation",
  "sm": "SM89",
  "timing": "cuda_events_median_ms",
  "warmup": 50,
  "jit_warmup": 150,
  "iters": 300,
  "configs": [
    "BS=32, 0% pruned",
    "BS=32, 50% pruned",
    "BS=32, 80% pruned",
    "BS=64, 0% pruned",
    "BS=64, 50% pruned",
    "BS=64, 80% pruned"
  ],
  "kernels": {
    "SDPA (math, padded)": [
      5.36136,
      2.64464,
      2.14843,
      10.99333,
      5.87046,
      4.25821
    ],
    "SDPA (efficient, padded)": [
      2.198,
      1.9193,
      1.86184,
      4.34483,
      3.89688,
      3.64528
    ],
    "SDPA (flash, padded)": [
      2.05478,
      1.96198,
      1.91046,
      4.13587,
      3.83699,
      3.7287
    ],
    "NestedTensor + SDPA": [
      9.14502,
      9.24022,
      9.21499,
      17.46066,
      17.33725,
      17.25547
    ],
    "Triton Ragged (ours)": [
      0.13824,
      0.04198,
      0.0248,
      0.34509,
      0.07987,
      0.02765
    ],
    "FlashAttention-2 (varlen)": [
      0.11366,
      0.0512,
      0.05018,
      0.26336,
      0.0727,
      0.06042
    ]
  },
  "p5": {
    "SDPA (math, padded)": [
      5.28298,
      2.57024,
      2.04509,
      10.64323,
      5.71472,
      4.08883
    ],
    "SDPA (efficient, padded)": [
      2.12714,
      1.90032,
      1.79885,
      4.20659,
      3.70464,
      3.52154
    ],
    "SDPA (flash, padded)": [
      2.0009,
      1.88723,
      1.83603,
      3.93216,
      3.68128,
      3.6023
    ],
    "NestedTensor + SDPA": [
      8.80262,
      8.77581,
      8.76134,
      16.84378,
      16.6216,
      16.53043
    ],
    "Triton Ragged (ours)": [
      0.13619,
      0.04198,
      0.02355,
      0.33587,
      0.07885,
      0.02662
    ],
    "FlashAttention-2 (varlen)": [
      0.11264,
      0.04915,
      0.03379,
      0.2519,
      0.07168,
      0.05939
    ]
  },
  "p95": {
    "SDPA (math, padded)": [
      5.92899,
      3.12848,
      2.65904,
      11.3705,
      6.39795,
      4.7575
    ],
    "SDPA (efficient, padded)": [
      2.76262,
      2.48019,
      2.36854,
      4.8872,
      4.51242,
      4.20045
    ],
    "SDPA (flash, padded)": [
      2.56701,
      2.51773,
      2.3552,
      4.69299,
      4.4329,
      4.27549
    ],
    "NestedTensor + SDPA": [
      9.71258,
      9.69728,
      9.69114,
      18.16285,
      17.95856,
      17.83616
    ],
    "Triton Ragged (ours)": [
      0.14131,
      0.04301,
      0.02595,
      0.34816,
      0.08,
      0.02781
    ],
    "FlashAttention-2 (varlen)": [
      0.11571,
      0.05325,
      0.05226,
      0.26931,
      0.07475,
      0.06144
    ]
  }
}