{
  "gpu": "NVIDIA RTX 4000 Ada Generation",
  "sm": "SM89",
  "timing": "cuda_events_median_ms",
  "warmup": 50,
  "jit_warmup": 150,
  "iters": 300,
  "configs": [
    "BS=32, 0% pruned",
    "BS=32, 50% pruned",
    "BS=32, 80% pruned",
    "BS=64, 0% pruned",
    "BS=64, 50% pruned",
    "BS=64, 80% pruned"
  ],
  "kernels": {
    "SDPA (math, padded)": [
      5.37702,
      2.68288,
      2.10627,
      10.79344,
      5.74754,
      4.10931
    ],
    "SDPA (efficient, padded)": [
      2.14402,
      1.92091,
      1.97344,
      4.34582,
      3.81053,
      3.6148
    ],
    "SDPA (flash, padded)": [
      2.02248,
      1.89262,
      1.98181,
      4.15027,
      3.73453,
      3.61882
    ],
    "NestedTensor + SDPA": [
      9.32758,
      9.22099,
      9.16488,
      17.5755,
      17.31006,
      17.25288
    ],
    "Triton Ragged (ours)": [
      0.13619,
      0.04198,
      0.0256,
      0.34509,
      0.07987,
      0.02765
    ],
    "FlashAttention-2 (varlen)": [
      0.11162,
      0.05325,
      0.05632,
      0.2601,
      0.07168,
      0.06042
    ]
  },
  "p5": {
    "SDPA (math, padded)": [
      5.30125,
      2.60416,
      2.09434,
      10.64115,
      5.71699,
      4.096
    ],
    "SDPA (efficient, padded)": [
      2.10714,
      1.91078,
      1.92483,
      4.19405,
      3.79731,
      3.60218
    ],
    "SDPA (flash, padded)": [
      1.99712,
      1.81936,
      1.96582,
      4.00349,
      3.72224,
      3.6064
    ],
    "NestedTensor + SDPA": [
      9.23546,
      9.12704,
      9.10336,
      17.41635,
      17.08339,
      17.08518
    ],
    "Triton Ragged (ours)": [
      0.13517,
      0.04096,
      0.02458,
      0.33178,
      0.07885,
      0.02765
    ],
    "FlashAttention-2 (varlen)": [
      0.11059,
      0.05222,
      0.05427,
      0.25293,
      0.07066,
      0.06042
    ]
  },
  "p95": {
    "SDPA (math, padded)": [
      5.42413,
      2.72304,
      2.1312,
      11.00198,
      5.87341,
      4.12467
    ],
    "SDPA (efficient, padded)": [
      2.21789,
      1.99491,
      2.04902,
      4.41667,
      3.82579,
      3.62672
    ],
    "SDPA (flash, padded)": [
      2.03405,
      1.93526,
      2.05414,
      4.23456,
      3.75091,
      3.65642
    ],
    "NestedTensor + SDPA": [
      9.86611,
      9.81402,
      9.62048,
      18.44054,
      18.14042,
      18.37136
    ],
    "Triton Ragged (ours)": [
      0.13722,
      0.04214,
      0.02662,
      0.34714,
      0.07987,
      0.02867
    ],
    "FlashAttention-2 (varlen)": [
      0.11264,
      0.05539,
      0.05843,
      0.27034,
      0.07475,
      0.06144
    ]
  }
}