{
  "gpu": "NVIDIA RTX 4000 Ada Generation",
  "sm": "SM89",
  "timing": "cuda_events_median_ms",
  "warmup": 50,
  "jit_warmup": 150,
  "iters": 300,
  "configs": [
    "BS=32, 0% pruned",
    "BS=32, 50% pruned",
    "BS=32, 80% pruned",
    "BS=64, 0% pruned",
    "BS=64, 50% pruned",
    "BS=64, 80% pruned"
  ],
  "kernels": {
    "SDPA (math, padded)": [
      5.32622,
      2.57434,
      2.07258,
      10.66496,
      5.87162,
      4.17382
    ],
    "SDPA (efficient, padded)": [
      2.11709,
      1.88514,
      1.82782,
      4.15949,
      3.97389,
      3.5524
    ],
    "SDPA (flash, padded)": [
      1.98776,
      1.86726,
      1.82706,
      3.96198,
      3.89437,
      3.56762
    ],
    "NestedTensor + SDPA": [
      8.93315,
      8.87034,
      8.85418,
      16.84288,
      16.89299,
      16.44493
    ],
    "Triton Ragged (ours)": [
      0.13619,
      0.04198,
      0.02355,
      0.34304,
      0.07987,
      0.02765
    ],
    "FlashAttention-2 (varlen)": [
      0.11162,
      0.0471,
      0.04813,
      0.26317,
      0.07168,
      0.0605
    ]
  },
  "p5": {
    "SDPA (math, padded)": [
      5.30227,
      2.53578,
      2.06131,
      10.5904,
      5.81411,
      4.02758
    ],
    "SDPA (efficient, padded)": [
      2.08998,
      1.84422,
      1.81974,
      4.14224,
      3.94358,
      3.53792
    ],
    "SDPA (flash, padded)": [
      1.9527,
      1.8328,
      1.82157,
      3.89757,
      3.83181,
      3.5552
    ],
    "NestedTensor + SDPA": [
      8.71565,
      8.7808,
      8.75706,
      16.61984,
      16.35005,
      16.30909
    ],
    "Triton Ragged (ours)": [
      0.13517,
      0.04096,
      0.02253,
      0.33075,
      0.07885,
      0.02765
    ],
    "FlashAttention-2 (varlen)": [
      0.11059,
      0.04608,
      0.04608,
      0.25293,
      0.07066,
      0.06042
    ]
  },
  "p95": {
    "SDPA (math, padded)": [
      5.40198,
      2.64205,
      2.14426,
      10.76109,
      6.01498,
      4.26394
    ],
    "SDPA (efficient, padded)": [
      2.24131,
      1.96403,
      1.89744,
      4.29322,
      4.05027,
      3.57082
    ],
    "SDPA (flash, padded)": [
      1.99782,
      1.91616,
      1.83603,
      3.98131,
      3.91549,
      3.58298
    ],
    "NestedTensor + SDPA": [
      9.45904,
      9.29997,
      9.31763,
      17.71853,
      17.35136,
      17.37114
    ],
    "Triton Ragged (ours)": [
      0.13722,
      0.04227,
      0.02461,
      0.34509,
      0.07987,
      0.02867
    ],
    "FlashAttention-2 (varlen)": [
      0.11264,
      0.05021,
      0.05018,
      0.26522,
      0.0727,
      0.06144
    ]
  }
}