{
  "gpu": "NVIDIA RTX 4000 Ada Generation",
  "sm": "SM89",
  "timing": "cuda_events_median_ms",
  "warmup": 50,
  "jit_warmup": 150,
  "iters": 300,
  "configs": [
    "BS=32, 0% pruned",
    "BS=32, 50% pruned",
    "BS=32, 80% pruned",
    "BS=64, 0% pruned",
    "BS=64, 50% pruned",
    "BS=64, 80% pruned"
  ],
  "kernels": {
    "SDPA (math, padded)": [
      5.29398,
      2.5743,
      2.10378,
      10.65835,
      5.85672,
      4.10587
    ],
    "SDPA (efficient, padded)": [
      2.11883,
      1.88826,
      1.86632,
      4.16274,
      3.77651,
      3.55731
    ],
    "SDPA (flash, padded)": [
      2.01267,
      1.91376,
      1.8932,
      4.08731,
      3.69766,
      3.53989
    ],
    "NestedTensor + SDPA": [
      8.84317,
      8.81589,
      9.09642,
      16.9071,
      16.56554,
      16.42507
    ],
    "Triton Ragged (ours)": [
      0.13634,
      0.04198,
      0.02458,
      0.34714,
      0.07987,
      0.02765
    ],
    "FlashAttention-2 (varlen)": [
      0.11162,
      0.04734,
      0.05018,
      0.25702,
      0.0727,
      0.06042
    ]
  },
  "p5": {
    "SDPA (math, padded)": [
      5.27744,
      2.56205,
      2.04118,
      10.59834,
      5.68115,
      3.97926
    ],
    "SDPA (efficient, padded)": [
      2.11053,
      1.87702,
      1.79814,
      4.12579,
      3.74566,
      3.4857
    ],
    "SDPA (flash, padded)": [
      1.9473,
      1.86534,
      1.8215,
      3.90134,
      3.64154,
      3.50304
    ],
    "NestedTensor + SDPA": [
      8.62371,
      8.67427,
      8.6569,
      16.62179,
      16.41376,
      16.28874
    ],
    "Triton Ragged (ours)": [
      0.13555,
      0.04141,
      0.02253,
      0.3369,
      0.07885,
      0.02765
    ],
    "FlashAttention-2 (varlen)": [
      0.11162,
      0.04608,
      0.04915,
      0.256,
      0.07168,
      0.06042
    ]
  },
  "p95": {
    "SDPA (math, padded)": [
      5.35674,
      2.6448,
      2.14723,
      10.82294,
      5.98339,
      4.21869
    ],
    "SDPA (efficient, padded)": [
      2.18451,
      1.9577,
      1.94042,
      4.31178,
      3.90758,
      3.69562
    ],
    "SDPA (flash, padded)": [
      2.06131,
      1.95482,
      1.92717,
      4.34688,
      3.82054,
      3.66397
    ],
    "NestedTensor + SDPA": [
      9.28576,
      9.28666,
      9.35488,
      17.75843,
      17.44486,
      17.44589
    ],
    "Triton Ragged (ours)": [
      0.13846,
      0.04301,
      0.0256,
      0.35021,
      0.0809,
      0.02867
    ],
    "FlashAttention-2 (varlen)": [
      0.11274,
      0.04954,
      0.05325,
      0.27034,
      0.07475,
      0.06144
    ]
  }
}