{
  "gpu": "NVIDIA RTX 4000 Ada Generation",
  "sm": "SM89",
  "timing": "cuda_events_median_ms",
  "warmup": 50,
  "jit_warmup": 150,
  "iters": 300,
  "configs": [
    "BS=32, 0% pruned",
    "BS=32, 50% pruned",
    "BS=32, 80% pruned",
    "BS=64, 0% pruned",
    "BS=64, 50% pruned",
    "BS=64, 80% pruned"
  ],
  "kernels": {
    "SDPA (math, padded)": [
      5.42142,
      2.63787,
      2.17498,
      10.67202,
      5.8071,
      4.24451
    ],
    "SDPA (efficient, padded)": [
      2.26714,
      2.04083,
      1.92395,
      4.19757,
      3.94659,
      3.62739
    ],
    "SDPA (flash, padded)": [
      2.13504,
      1.87808,
      1.92717,
      4.08013,
      3.73726,
      3.60243
    ],
    "NestedTensor + SDPA": [
      9.34539,
      9.30608,
      9.17854,
      18.30584,
      17.34912,
      17.21518
    ],
    "Triton Ragged (ours)": [
      0.13619,
      0.04198,
      0.02458,
      0.34509,
      0.07917,
      0.02765
    ],
    "FlashAttention-2 (varlen)": [
      0.11162,
      0.05325,
      0.05325,
      0.26749,
      0.07094,
      0.06042
    ]
  },
  "p5": {
    "SDPA (math, padded)": [
      5.35213,
      2.58451,
      2.10557,
      10.6249,
      5.72314,
      4.10317
    ],
    "SDPA (efficient, padded)": [
      2.25392,
      2.02861,
      1.8521,
      4.12877,
      3.7991,
      3.61165
    ],
    "SDPA (flash, padded)": [
      2.10432,
      1.81779,
      1.91718,
      3.99258,
      3.72122,
      3.53779
    ],
    "NestedTensor + SDPA": [
      9.25798,
      9.09898,
      8.97229,
      17.4407,
      17.04141,
      16.8921
    ],
    "Triton Ragged (ours)": [
      0.13517,
      0.04096,
      0.02355,
      0.3328,
      0.07885,
      0.02662
    ],
    "FlashAttention-2 (varlen)": [
      0.11059,
      0.05222,
      0.05222,
      0.25293,
      0.07066,
      0.05939
    ]
  },
  "p95": {
    "SDPA (math, padded)": [
      5.492,
      2.71533,
      2.21894,
      10.78653,
      5.85904,
      4.29942
    ],
    "SDPA (efficient, padded)": [
      2.33661,
      2.11046,
      1.96608,
      4.21683,
      4.02755,
      3.76963
    ],
    "SDPA (flash, padded)": [
      2.14934,
      1.96269,
      1.9671,
      4.46566,
      3.87174,
      4.52704
    ],
    "NestedTensor + SDPA": [
      9.79494,
      10.01146,
      9.66061,
      18.88038,
      18.23539,
      18.10534
    ],
    "Triton Ragged (ours)": [
      0.13722,
      0.0423,
      0.0256,
      0.34714,
      0.07987,
      0.02774
    ],
    "FlashAttention-2 (varlen)": [
      0.12326,
      0.05632,
      0.0553,
      0.27034,
      0.07187,
      0.06144
    ]
  }
}