{
  "batch_sizes": [
    1,
    4,
    8,
    16,
    32,
    64,
    128,
    256,
    512
  ],
  "unpruned": [
    131.5550414632437,
    525.7529945519017,
    1007.6851734518096,
    2030.5749054692983,
    3816.8431779352295,
    4053.916809796092,
    4186.010066021759,
    4237.743028717179,
    4258.642365073843
  ],
  "pytorch_pruned": [
    135.6481878908072,
    490.14551631735344,
    897.9390801918596,
    1627.7165414322915,
    2069.9343327861247,
    2201.97541745595,
    2267.975621217631,
    2301.978402543865,
    2313.0722479949977
  ],
  "triton_ragged": [
    133.86713277331413,
    537.3432497400604,
    1065.0878040798334,
    2077.609395549527,
    3746.240673532216,
    5314.389071266959,
    5623.396766232045,
    5830.545947235658,
    5910.126927424599
  ],
  "dynamicvit_pytorch": [
    133.86564901572018,
    483.54065507618435,
    897.4186076596998,
    1601.0571370404919,
    2042.8183656557694,
    2183.3210528028594,
    2250.677871320215,
    2287.550887896684,
    2296.6176230175915
  ],
  "dynamicvit_triton": [
    130.1026135081154,
    519.5796621628007,
    1045.1370379411758,
    2023.0268947520626,
    3643.778605747249,
    5136.07091380812,
    5425.084590472585,
    5636.616860655526,
    5726.333975293212
  ],
  "evit_pytorch": [
    134.0832825861697,
    486.96517347574445,
    874.4071016793188,
    1593.6103847404265,
    2015.9921889132304,
    2143.7361599057913,
    2209.952127325376,
    2238.6638227884914,
    2245.4981321258424
  ],
  "evit_triton": [
    129.8968968970572,
    515.1933264387055,
    1028.8985466685583,
    1971.6652378078106,
    3598.245811538208,
    4969.566170997628,
    5268.197084246971,
    5437.953919196952,
    5516.019944664601
  ],
  "ats_pytorch": [
    129.88920138348826,
    466.6221371805377,
    823.1686133782723,
    1452.8116545887813,
    1816.99866566668,
    1922.6972216887987,
    2005.4838072060136,
    2035.012896867841,
    2034.3923591063588
  ],
  "ats_triton": [
    128.99189661657337,
    508.6798451854762,
    1008.0017367748969,
    1759.7359175218828,
    2970.6072827952416,
    3974.6605359782097,
    4303.81499790527,
    4456.397597093042,
    4463.793074578931
  ],
  "tome_pytorch": [
    79.97195478232602,
    270.7271178182485,
    454.2880254215395,
    697.4379566447144,
    959.3105133157934,
    1173.4212521631594,
    1289.8645040943888,
    1359.80913000647,
    1364.4865424746222
  ]
}