{
  "numerical_equivalence": {
    "Threshold-L2": {
      "max_abs_diff": 0.007812,
      "mean_abs_diff": 0.000656,
      "predictions_match": true
    },
    "DynamicViT": {
      "max_abs_diff": 0.007812,
      "mean_abs_diff": 0.00062,
      "predictions_match": true
    },
    "EViT": {
      "max_abs_diff": 0.007812,
      "mean_abs_diff": 0.000648,
      "predictions_match": true
    }
  },
  "pareto": {
    "ratios": [
      0.0,
      0.25,
      0.5,
      0.75,
      0.9
    ],
    "variants": {
      "Unpruned DeiT-S": {
        "top1": [
          82.2,
          82.2,
          82.2,
          82.2,
          82.2
        ],
        "top5": [
          94.8,
          94.8,
          94.8,
          94.8,
          94.8
        ],
        "throughput": [
          374.8,
          374.8,
          374.8,
          374.8,
          374.8
        ]
      },
      "Threshold-L2 \u00b7 PyTorch": {
        "top1": [
          82.3,
          81.7,
          78.7,
          67.1,
          30.1
        ],
        "top5": [
          94.8,
          94.9,
          93.4,
          85.5,
          49.5
        ],
        "throughput": [
          282.6,
          265.8,
          265.7,
          296.3,
          316.6
        ]
      },
      "Threshold-L2 \u00b7 Triton": {
        "top1": [
          82.2,
          81.7,
          78.7,
          67.2,
          30.1
        ],
        "top5": [
          94.8,
          94.9,
          93.4,
          85.4,
          49.5
        ],
        "throughput": [
          287.2,
          380.7,
          511.7,
          692.1,
          797.1
        ]
      },
      "EViT \u00b7 PyTorch": {
        "top1": [
          82.2,
          81.5,
          79.3,
          67.8,
          31.7
        ],
        "top5": [
          94.8,
          95.3,
          93.4,
          86.1,
          50.5
        ],
        "throughput": [
          270.0,
          272.3,
          284.5,
          297.0,
          308.2
        ]
      },
      "EViT \u00b7 Triton": {
        "top1": [
          82.2,
          81.5,
          79.3,
          67.8,
          31.7
        ],
        "top5": [
          94.8,
          95.3,
          93.4,
          86.1,
          50.3
        ],
        "throughput": [
          276.9,
          357.0,
          477.7,
          645.8,
          784.2
        ]
      },
      "ATS \u00b7 PyTorch": {
        "top1": [
          82.2,
          81.0,
          79.7,
          68.1,
          33.8
        ],
        "top5": [
          94.8,
          95.0,
          94.2,
          87.5,
          52.8
        ],
        "throughput": [
          277.4,
          279.2,
          286.8,
          296.7,
          304.7
        ]
      },
      "ATS \u00b7 Triton": {
        "top1": [
          82.2,
          81.0,
          79.7,
          68.1,
          33.7
        ],
        "top5": [
          94.8,
          95.1,
          94.2,
          87.5,
          52.7
        ],
        "throughput": [
          273.7,
          353.3,
          472.7,
          639.3,
          789.0
        ]
      },
      "ToMe \u00b7 PyTorch": {
        "top1": [
          82.2,
          81.6,
          81.3,
          80.7,
          79.6
        ],
        "top5": [
          94.8,
          94.6,
          94.1,
          94.2,
          94.2
        ],
        "throughput": [
          359.4,
          313.9,
          347.8,
          395.3,
          424.4
        ]
      }
    }
  }
}