{
  "batch_sizes": [
    1,
    4,
    8,
    16,
    32,
    64,
    128
  ],
  "unpruned": [
    131.50240483641943,
    544.5166003145404,
    1050.0440694701701,
    2040.030193609677,
    4395.167658419799,
    8833.635804798674,
    10396.232882780221
  ],
  "pytorch_pruned": [
    133.2606980085244,
    504.74185311305035,
    959.1134381990979,
    1721.3460750126933,
    3154.2859096171214,
    3901.236819252025,
    4035.3143249404807
  ],
  "triton_ragged": [
    133.87381602181273,
    559.3635331262315,
    1099.9341153214116,
    2115.3457614154045,
    4379.464471245247,
    8744.306328359833,
    13144.2208314752
  ],
  "dynamicvit_pytorch": [
    135.07177245559282,
    500.8654229505866,
    924.3478591476706,
    1650.8592024557743,
    3086.8044728890673,
    3849.8211626574716,
    3997.1897010831717
  ],
  "dynamicvit_triton": [
    134.6184298344165,
    568.0769816728559,
    1115.8611712471295,
    2140.4944035952876,
    4182.228557244848,
    8464.916680370117,
    12616.38384190123
  ],
  "evit_pytorch": [
    134.8032896583807,
    504.6173935981473,
    930.2357218063256,
    1665.55481132574,
    3053.9487467203485,
    3792.747727324803,
    3932.301224160328
  ],
  "evit_triton": [
    134.19282178855232,
    558.9540889543575,
    1096.0855733495634,
    2148.19688978082,
    4225.438096993764,
    8225.329388436969,
    12110.478076952835
  ],
  "ats_pytorch": [
    130.17474604537765,
    487.3849629749734,
    855.3041787755061,
    1659.1425199759806,
    2656.8261955747193,
    3228.709783937172,
    3368.2077328676028
  ],
  "ats_triton": [
    131.01359656563397,
    544.8980074349461,
    994.3437575684495,
    2089.052399890694,
    3476.789669039992,
    5972.565952258322,
    7758.896995222584
  ],
  "tome_pytorch": [
    82.27772191318817,
    287.32631246345704,
    469.29347078504406,
    729.6651671537657,
    1008.0560201195904,
    1237.5274605699872,
    1391.98810942216
  ]
}