{
  "batch_sizes": [
    1,
    4,
    8,
    16,
    32
  ],
  "unpruned": [
    31.151977421983116,
    34.41689077977292,
    38.48691456447903,
    39.511345721494216,
    39.62658795264943
  ],
  "pytorch_pruned": [
    29.010495979257414,
    31.959094276877522,
    35.7535176821974,
    36.84154893543541,
    37.5226143974691
  ],
  "triton_ragged": [
    45.497427319140236,
    51.01399804646667,
    53.736840820968894,
    58.48369147418742,
    59.328529947880895
  ],
  "dynamicvit_pytorch": [
    29.109923193522626,
    32.401904897337836,
    35.63530140186201,
    36.969102713100355,
    37.52727748797793
  ],
  "dynamicvit_triton": [
    43.35051139798964,
    50.766204076621506,
    53.56884566325726,
    57.082127121204124,
    58.09217815908569
  ],
  "evit_pytorch": [
    28.710397015479966,
    31.209718698794884,
    35.24710677072187,
    36.51426660799891,
    37.64848076856816
  ],
  "evit_triton": [
    44.92142157609619,
    51.341251720573055,
    54.19310790823042,
    58.15056579252208,
    58.84320126066642
  ]
}