{
  "batch_sizes": [
    1,
    4,
    8,
    16,
    32
  ],
  "unpruned": [
    32.05819616268366,
    35.42425032256762,
    39.52164307061127,
    40.78296142178849,
    40.84383636003191
  ],
  "pytorch_pruned": [
    29.379085934392837,
    32.53086856879529,
    36.53037296112785,
    37.71498482274466,
    37.85311856699087
  ],
  "triton_ragged": [
    43.923665553376175,
    50.89383901572089,
    53.99084178111947,
    58.7063540282542,
    59.466729880919345
  ],
  "dynamicvit_pytorch": [
    29.659145725700576,
    32.58286127722921,
    36.579866535746014,
    37.74575728760828,
    37.75290996523398
  ],
  "dynamicvit_triton": [
    44.11770775821838,
    50.525968995849894,
    53.56560957201226,
    58.249680453384194,
    59.78310778249994
  ],
  "evit_pytorch": [
    29.683686094440215,
    32.66383877162541,
    36.627793549961694,
    37.83373453086882,
    37.70161236645181
  ],
  "evit_triton": [
    43.67646401617548,
    50.696634919390384,
    54.51995840347853,
    58.85030560862847,
    60.257958941140835
  ],
  "ats_pytorch": [
    29.769462926908872,
    32.59745102137524,
    36.59802143497094,
    37.70350976572605,
    38.16096482927917
  ],
  "ats_triton": [
    44.93029654901759,
    51.71719041273693,
    54.389864789216524,
    58.807452760019835,
    60.29777845877512
  ]
}