{
  "batch_sizes": [
    1,
    4,
    8,
    16,
    32
  ],
  "unpruned": [
    32.16267746433457,
    35.265076325737084,
    39.64734647559693,
    40.72036876555566,
    40.38288481720358
  ],
  "pytorch_pruned": [
    29.600093261858365,
    32.729507859391006,
    36.70508410389221,
    37.47052304374249,
    37.88385627237692
  ],
  "triton_ragged": [
    44.61804775576032,
    51.29297035844073,
    54.21649481231611,
    58.51494052096954,
    59.76001437776038
  ],
  "dynamicvit_pytorch": [
    29.068377973988294,
    31.934467376662052,
    35.87919201321157,
    36.99428391802744,
    37.339582140533466
  ],
  "dynamicvit_triton": [
    43.29872455200267,
    50.28211966087166,
    53.1242482839162,
    57.51995942669331,
    58.692010014461296
  ]
}