{
  "batch_sizes": [
    1,
    4,
    8,
    16,
    32
  ],
  "unpruned": [
    32.12255349320004,
    35.29372547357504,
    39.69430128915262,
    40.644163219828044,
    40.88436935919326
  ],
  "pytorch_pruned": [
    29.837618411047856,
    32.63765785905863,
    37.11265092931768,
    38.0284819906788,
    38.49652686836852
  ],
  "triton_ragged": [
    44.29022360243863,
    51.26580054959846,
    53.633670071782454,
    58.34624593116733,
    59.56322235512064
  ]
}