{
  "batch_sizes": [
    1,
    4,
    8,
    16,
    32
  ],
  "unpruned": [
    31.912229197821,
    35.317348765529445,
    40.57293678170078,
    41.7295718379793,
    41.8396972723376
  ],
  "pytorch_pruned": [
    30.667170181403776,
    33.73332917928242,
    37.871819184341525,
    39.04622084122072,
    39.17575914255277
  ],
  "triton_ragged": [
    46.3086914599329,
    52.94534624973795,
    55.94128909580251,
    60.52143227702346,
    61.06705096480942
  ],
  "dynamicvit_pytorch": [
    29.77856831641719,
    32.83007455985958,
    36.91187746637327,
    38.07966632421374,
    38.38047487240008
  ],
  "dynamicvit_triton": [
    44.107828123766296,
    51.46294558109981,
    54.35536443017457,
    58.90909426494917,
    58.86762876479429
  ],
  "evit_pytorch": [
    29.211523799377737,
    32.153087072374824,
    36.08962618516417,
    37.09478129125961,
    37.843730720642995
  ],
  "evit_triton": [
    44.380744861278025,
    50.165794463735466,
    52.80975019192995,
    57.0332116854821,
    58.332487981950884
  ],
  "ats_pytorch": [
    28.41427464119354,
    31.311386452695025,
    35.51228828951348,
    36.50441501125501,
    36.80150085073279
  ],
  "ats_triton": [
    43.22222077629906,
    49.620083102007605,
    52.397783443666086,
    56.703187681029384,
    58.19537906592177
  ],
  "tome_pytorch": [
    30.447189682538056,
    36.55315685228832,
    38.57263706956905,
    40.209714568474624,
    41.374957234882906
  ]
}