{
  "batch_sizes": [
    1,
    4,
    8,
    16,
    32,
    64,
    128,
    256,
    512
  ],
  "unpruned": [
    207.37524939875507,
    822.2923999173863,
    1550.1261140559263,
    3100.185795607349,
    3393.071266065508,
    3586.668756092495,
    3686.25592844939,
    3729.918283980751,
    3743.7625120688167
  ],
  "pytorch_pruned": [
    216.79251155445334,
    752.799178352815,
    1402.3817721757723,
    2011.871454923747,
    2119.9263703304155,
    2215.6870106093647,
    2285.865840578833,
    2312.7745856318807,
    2305.5450386392467
  ],
  "triton_ragged": [
    200.60406063244932,
    800.5708249309515,
    1627.6537069193414,
    3071.7813048987405,
    4453.805513493887,
    4846.347148255165,
    5060.488920724779,
    5201.490018895832,
    5249.032767954391
  ],
  "dynamicvit_pytorch": [
    206.71552586291162,
    737.7193961992265,
    1347.0094284638624,
    1985.6204390907976,
    2110.904021165279,
    2213.1015931618626,
    2251.8318763058137,
    2291.7703433580073,
    2298.101628220989
  ],
  "dynamicvit_triton": [
    199.07005411606764,
    787.6556653884779,
    1610.5653265807885,
    2965.555930840194,
    4337.753287497587,
    4729.675509332922,
    4915.258399624222,
    5063.481091487377,
    5112.658522883221
  ],
  "evit_pytorch": [
    210.58050413809806,
    747.9725370394012,
    1328.6724495876663,
    1977.8024755807382,
    2073.533923517217,
    2171.4891987633055,
    2204.865031660662,
    2247.8472398506456,
    2238.6222363125
  ],
  "evit_triton": [
    197.11915130649598,
    803.1528387933897,
    1596.9644886224344,
    2974.571790135898,
    4207.304649756973,
    4541.965060795835,
    4749.458782548582,
    4878.436257166418,
    4925.2820911177805
  ],
  "ats_pytorch": [
    206.14553873220547,
    713.321509194738,
    1348.7434715526306,
    1849.7303246366826,
    1957.7321129143359,
    2040.1339386795114,
    2107.0606981688416,
    2118.9703847815945,
    2091.9006934715208
  ],
  "ats_triton": [
    199.2329338392718,
    762.4674053381121,
    1515.5652328857698,
    2651.574032779922,
    3731.1376072318794,
    4027.5031874526358,
    4251.6278873005585,
    4353.79004357895,
    4356.061252937369
  ],
  "tome_pytorch": [
    123.22190264627194,
    408.83440527932873,
    690.2128665519996,
    1016.3934380949971,
    1338.2598051405641,
    1555.8470905723543,
    1684.2242512365005,
    1735.8420594295474,
    1716.5874736083133
  ]
}