{
  "numerical_equivalence": {
    "Threshold-L2": {
      "max_abs_diff": 0.007812,
      "mean_abs_diff": 0.000729,
      "predictions_match": true
    },
    "DynamicViT": {
      "max_abs_diff": 0.015625,
      "mean_abs_diff": 0.000729,
      "predictions_match": true
    },
    "EViT": {
      "max_abs_diff": 0.011719,
      "mean_abs_diff": 0.00072,
      "predictions_match": true
    }
  },
  "pareto": {
    "ratios": [
      0.0,
      0.25,
      0.5,
      0.75,
      0.9
    ],
    "variants": {
      "Unpruned DeiT-S": {
        "top1": [
          82.2,
          82.2,
          82.2,
          82.2,
          82.2
        ],
        "top5": [
          94.8,
          94.8,
          94.8,
          94.8,
          94.8
        ],
        "throughput": [
          11.3,
          11.3,
          11.3,
          11.3,
          11.3
        ]
      },
      "Threshold-L2 \u00b7 PyTorch": {
        "top1": [
          82.2,
          81.6,
          78.5,
          67.1,
          30.0
        ],
        "top5": [
          94.8,
          94.9,
          93.2,
          85.4,
          49.6
        ],
        "throughput": [
          10.9,
          11.0,
          10.8,
          10.7,
          10.7
        ]
      },
      "Threshold-L2 \u00b7 Triton": {
        "top1": [
          82.2,
          81.6,
          78.5,
          67.1,
          30.0
        ],
        "top5": [
          94.8,
          94.9,
          93.3,
          85.5,
          49.6
        ],
        "throughput": [
          11.2,
          13.6,
          16.9,
          22.2,
          27.9
        ]
      },
      "EViT \u00b7 PyTorch": {
        "top1": [
          82.2,
          81.4,
          79.3,
          67.6,
          31.8
        ],
        "top5": [
          94.8,
          95.3,
          93.4,
          85.9,
          50.4
        ],
        "throughput": [
          10.9,
          10.9,
          10.9,
          10.9,
          10.9
        ]
      },
      "EViT \u00b7 Triton": {
        "top1": [
          82.2,
          81.4,
          79.3,
          67.6,
          31.8
        ],
        "top5": [
          94.8,
          95.3,
          93.4,
          86.0,
          50.4
        ],
        "throughput": [
          11.2,
          13.6,
          16.8,
          22.1,
          27.7
        ]
      },
      "ATS \u00b7 PyTorch": {
        "top1": [
          82.2,
          81.1,
          79.7,
          68.3,
          33.9
        ],
        "top5": [
          94.8,
          95.1,
          94.2,
          87.5,
          53.0
        ],
        "throughput": [
          10.9,
          10.9,
          10.9,
          10.9,
          10.9
        ]
      },
      "ATS \u00b7 Triton": {
        "top1": [
          82.2,
          81.1,
          79.7,
          68.3,
          33.9
        ],
        "top5": [
          94.8,
          95.1,
          94.2,
          87.5,
          53.0
        ],
        "throughput": [
          11.2,
          13.6,
          16.8,
          22.1,
          27.7
        ]
      },
      "ToMe \u00b7 PyTorch": {
        "top1": [
          82.2,
          81.7,
          81.5,
          80.8,
          79.7
        ],
        "top5": [
          94.8,
          94.5,
          94.1,
          93.7,
          94.1
        ],
        "throughput": [
          11.2,
          10.7,
          11.8,
          13.4,
          14.4
        ]
      }
    }
  }
}