{
  "gpu": "NVIDIA RTX 4000 Ada Generation",
  "sm": "SM89",
  "timing": "cuda_events_median_ms",
  "warmup": 50,
  "jit_warmup": 150,
  "iters": 300,
  "configs": [
    "BS=32, 0% pruned",
    "BS=32, 50% pruned",
    "BS=32, 80% pruned",
    "BS=64, 0% pruned",
    "BS=64, 50% pruned",
    "BS=64, 80% pruned"
  ],
  "kernels": {
    "SDPA (math, padded)": [
      5.76512,
      2.58822,
      2.15146,
      10.96949,
      5.8721,
      4.19523
    ],
    "SDPA (efficient, padded)": [
      2.12173,
      1.95461,
      1.90552,
      4.19342,
      3.90355,
      3.65806
    ],
    "SDPA (flash, padded)": [
      1.99667,
      1.89952,
      1.90414,
      4.10982,
      3.82984,
      3.75757
    ],
    "NestedTensor + SDPA": [
      8.9513,
      8.91872,
      9.0884,
      17.28358,
      16.99184,
      17.0611
    ],
    "Triton Ragged (ours)": [
      0.14029,
      0.04198,
      0.02486,
      0.34406,
      0.07987,
      0.02765
    ],
    "FlashAttention-2 (varlen)": [
      0.11366,
      0.04826,
      0.04934,
      0.26419,
      0.0727,
      0.06042
    ]
  },
  "p5": {
    "SDPA (math, padded)": [
      5.28778,
      2.55514,
      2.06643,
      10.61194,
      5.70982,
      4.05168
    ],
    "SDPA (efficient, padded)": [
      2.10842,
      1.88109,
      1.83328,
      4.1329,
      3.75818,
      3.57251
    ],
    "SDPA (flash, padded)": [
      1.95379,
      1.83811,
      1.84013,
      3.96582,
      3.68662,
      3.61286
    ],
    "NestedTensor + SDPA": [
      8.72141,
      8.63091,
      8.65075,
      16.61747,
      16.42685,
      16.356
    ],
    "Triton Ragged (ours)": [
      0.13619,
      0.04198,
      0.01536,
      0.33587,
      0.07885,
      0.02662
    ],
    "FlashAttention-2 (varlen)": [
      0.11264,
      0.0471,
      0.03312,
      0.25293,
      0.07168,
      0.05939
    ]
  },
  "p95": {
    "SDPA (math, padded)": [
      6.26099,
      3.14982,
      2.67162,
      11.34995,
      6.40403,
      4.6807
    ],
    "SDPA (efficient, padded)": [
      2.68083,
      2.45248,
      2.42477,
      4.80256,
      4.43699,
      4.24966
    ],
    "SDPA (flash, padded)": [
      2.58262,
      2.44592,
      2.38797,
      4.66944,
      4.38659,
      4.31123
    ],
    "NestedTensor + SDPA": [
      9.44538,
      9.37984,
      9.56845,
      17.94365,
      17.68227,
      17.6793
    ],
    "Triton Ragged (ours)": [
      0.14234,
      0.04301,
      0.02662,
      0.34816,
      0.0809,
      0.02784
    ],
    "FlashAttention-2 (varlen)": [
      0.12493,
      0.05222,
      0.05325,
      0.26931,
      0.07578,
      0.06144
    ]
  }
}