{
  "gpu": "NVIDIA RTX 4000 Ada Generation",
  "sm": "SM89",
  "timing": "cuda_events_median_ms",
  "warmup": 50,
  "jit_warmup": 150,
  "iters": 300,
  "configs": [
    "BS=32, 0% pruned",
    "BS=32, 50% pruned",
    "BS=32, 80% pruned",
    "BS=64, 0% pruned",
    "BS=64, 50% pruned",
    "BS=64, 80% pruned"
  ],
  "kernels": {
    "SDPA (math, padded)": [
      5.40165,
      2.61738,
      2.09203,
      10.92813,
      5.93149,
      4.04963
    ],
    "SDPA (efficient, padded)": [
      2.33541,
      2.09715,
      1.94339,
      4.41958,
      4.02256,
      3.5523
    ],
    "SDPA (flash, padded)": [
      2.17643,
      1.97322,
      1.94798,
      4.15027,
      4.07139,
      3.56933
    ],
    "NestedTensor + SDPA": [
      9.4648,
      9.12627,
      9.38309,
      17.83342,
      17.76954,
      17.62035
    ],
    "Triton Ragged (ours)": [
      0.13722,
      0.04198,
      0.02355,
      0.34509,
      0.07987,
      0.02765
    ],
    "FlashAttention-2 (varlen)": [
      0.11469,
      0.0553,
      0.0553,
      0.25395,
      0.07208,
      0.06042
    ]
  },
  "p5": {
    "SDPA (math, padded)": [
      5.32979,
      2.59658,
      2.07872,
      10.79734,
      5.81734,
      3.98842
    ],
    "SDPA (efficient, padded)": [
      2.31322,
      2.08176,
      1.792,
      4.39706,
      3.80426,
      3.46931
    ],
    "SDPA (flash, padded)": [
      2.11046,
      1.94426,
      1.78486,
      3.97418,
      3.91309,
      3.55002
    ],
    "NestedTensor + SDPA": [
      9.15354,
      9.0583,
      9.0368,
      17.26874,
      16.61645,
      16.78438
    ],
    "Triton Ragged (ours)": [
      0.13546,
      0.04096,
      0.02253,
      0.33792,
      0.07885,
      0.02765
    ],
    "FlashAttention-2 (varlen)": [
      0.11162,
      0.05222,
      0.05366,
      0.25293,
      0.07091,
      0.06042
    ]
  },
  "p95": {
    "SDPA (math, padded)": [
      5.44541,
      2.69517,
      2.16192,
      11.04483,
      6.00474,
      4.19136
    ],
    "SDPA (efficient, padded)": [
      2.36454,
      2.13709,
      1.99898,
      4.59338,
      4.15984,
      3.68342
    ],
    "SDPA (flash, padded)": [
      2.19853,
      1.99168,
      2.02957,
      4.356,
      4.09907,
      3.7024
    ],
    "NestedTensor + SDPA": [
      9.82013,
      9.58259,
      9.74118,
      18.51699,
      18.37341,
      18.22342
    ],
    "Triton Ragged (ours)": [
      0.13926,
      0.04301,
      0.02458,
      0.34714,
      0.07987,
      0.02867
    ],
    "FlashAttention-2 (varlen)": [
      0.11594,
      0.05734,
      0.05837,
      0.26726,
      0.07475,
      0.06144
    ]
  }
}