{
  "gpu": "NVIDIA RTX 4000 Ada Generation",
  "sm": "SM89",
  "timing": "cuda_events_median_ms",
  "warmup": 50,
  "jit_warmup": 150,
  "iters": 300,
  "configs": [
    "BS=32, 0% pruned",
    "BS=32, 50% pruned",
    "BS=32, 80% pruned",
    "BS=64, 0% pruned",
    "BS=64, 50% pruned",
    "BS=64, 80% pruned"
  ],
  "kernels": {
    "SDPA (math, padded)": [
      5.41138,
      2.6756,
      2.16576,
      10.68582,
      5.74054,
      4.08392
    ],
    "SDPA (efficient, padded)": [
      2.14014,
      1.91261,
      1.95547,
      4.19202,
      3.79802,
      3.61299
    ],
    "SDPA (flash, padded)": [
      2.00704,
      1.90054,
      1.87355,
      4.00181,
      3.8511,
      3.75333
    ],
    "NestedTensor + SDPA": [
      9.68406,
      9.19706,
      9.08074,
      17.68448,
      17.62342,
      17.79354
    ],
    "Triton Ragged (ours)": [
      0.13722,
      0.04198,
      0.0239,
      0.34714,
      0.07987,
      0.02765
    ],
    "FlashAttention-2 (varlen)": [
      0.11162,
      0.05325,
      0.0553,
      0.26419,
      0.07168,
      0.06042
    ]
  },
  "p5": {
    "SDPA (math, padded)": [
      5.33616,
      2.59456,
      2.08589,
      10.6223,
      5.71597,
      4.0192
    ],
    "SDPA (efficient, padded)": [
      2.12797,
      1.8985,
      1.9151,
      4.17798,
      3.78093,
      3.59117
    ],
    "SDPA (flash, padded)": [
      1.9968,
      1.8696,
      1.83603,
      3.97421,
      3.65254,
      3.6144
    ],
    "NestedTensor + SDPA": [
      9.21907,
      9.03549,
      8.9856,
      17.26557,
      17.09568,
      17.01069
    ],
    "Triton Ragged (ours)": [
      0.13619,
      0.04112,
      0.02355,
      0.3369,
      0.07885,
      0.02765
    ],
    "FlashAttention-2 (varlen)": [
      0.11059,
      0.0512,
      0.05222,
      0.25395,
      0.07066,
      0.06042
    ]
  },
  "p95": {
    "SDPA (math, padded)": [
      5.46499,
      2.71894,
      2.20979,
      10.85645,
      5.88013,
      4.10522
    ],
    "SDPA (efficient, padded)": [
      2.28022,
      1.98758,
      2.32141,
      4.33491,
      3.936,
      3.82259
    ],
    "SDPA (flash, padded)": [
      2.01728,
      1.97622,
      2.31718,
      4.13923,
      3.93933,
      4.52774
    ],
    "NestedTensor + SDPA": [
      9.91728,
      9.70547,
      9.50989,
      18.5344,
      18.46298,
      18.25894
    ],
    "Triton Ragged (ours)": [
      0.13926,
      0.04301,
      0.0256,
      0.35021,
      0.07987,
      0.02867
    ],
    "FlashAttention-2 (varlen)": [
      0.11267,
      0.05632,
      0.05837,
      0.26829,
      0.07296,
      0.06144
    ]
  }
}