{
  "gpu": "NVIDIA RTX 4000 Ada Generation",
  "sm": "SM89",
  "timing": "cuda_events_median_ms",
  "warmup": 50,
  "jit_warmup": 150,
  "iters": 300,
  "configs": [
    "BS=32, 0% pruned",
    "BS=32, 50% pruned",
    "BS=32, 80% pruned",
    "BS=64, 0% pruned",
    "BS=64, 50% pruned",
    "BS=64, 80% pruned"
  ],
  "kernels": {
    "SDPA (math, padded)": [
      5.34275,
      2.62358,
      2.13802,
      10.68186,
      5.89854,
      4.21632
    ],
    "SDPA (efficient, padded)": [
      2.16509,
      1.95072,
      1.82787,
      4.1513,
      4.10864,
      3.7115
    ],
    "SDPA (flash, padded)": [
      1.98282,
      1.90157,
      1.93211,
      4.00758,
      4.07402,
      3.72757
    ],
    "NestedTensor + SDPA": [
      8.9681,
      8.82226,
      8.80267,
      17.58149,
      17.2857,
      17.1321
    ],
    "Triton Ragged (ours)": [
      0.13619,
      0.04198,
      0.02458,
      0.34618,
      0.07987,
      0.02765
    ],
    "FlashAttention-2 (varlen)": [
      0.11165,
      0.04813,
      0.05248,
      0.26419,
      0.0719,
      0.06042
    ]
  },
  "p5": {
    "SDPA (math, padded)": [
      5.25302,
      2.54794,
      2.06848,
      10.58099,
      5.66544,
      4.06694
    ],
    "SDPA (efficient, padded)": [
      2.09709,
      1.87802,
      1.79917,
      4.12566,
      3.98154,
      3.56762
    ],
    "SDPA (flash, padded)": [
      1.97325,
      1.80928,
      1.82784,
      3.95037,
      3.92294,
      3.58822
    ],
    "NestedTensor + SDPA": [
      8.85558,
      8.7473,
      8.72886,
      16.79878,
      16.51302,
      16.36672
    ],
    "Triton Ragged (ours)": [
      0.13517,
      0.04198,
      0.01536,
      0.33498,
      0.07885,
      0.02765
    ],
    "FlashAttention-2 (varlen)": [
      0.11088,
      0.03584,
      0.03277,
      0.25395,
      0.07168,
      0.06042
    ]
  },
  "p95": {
    "SDPA (math, padded)": [
      5.44886,
      2.64912,
      2.16074,
      10.82394,
      6.74371,
      4.32026
    ],
    "SDPA (efficient, padded)": [
      2.19667,
      1.99277,
      1.8391,
      4.28627,
      4.20045,
      3.79187
    ],
    "SDPA (flash, padded)": [
      2.05488,
      1.9415,
      1.94355,
      4.10931,
      4.15642,
      3.83283
    ],
    "NestedTensor + SDPA": [
      9.56643,
      9.30819,
      9.22726,
      18.09811,
      17.8567,
      18.11046
    ],
    "Triton Ragged (ours)": [
      0.13741,
      0.04301,
      0.02765,
      0.35123,
      0.0809,
      0.02867
    ],
    "FlashAttention-2 (varlen)": [
      0.1239,
      0.05222,
      0.05632,
      0.27174,
      0.0768,
      0.06144
    ]
  }
}