{
  "gpu": "NVIDIA RTX 4000 Ada Generation",
  "sm": "SM89",
  "timing": "cuda_events_median_ms",
  "warmup": 50,
  "jit_warmup": 150,
  "iters": 300,
  "configs": [
    "BS=32, 0% pruned",
    "BS=32, 50% pruned",
    "BS=32, 80% pruned",
    "BS=64, 0% pruned",
    "BS=64, 50% pruned",
    "BS=64, 80% pruned"
  ],
  "kernels": {
    "SDPA (math, padded)": [
      5.2837,
      2.64499,
      2.07485,
      10.65458,
      5.82283,
      4.07712
    ],
    "SDPA (efficient, padded)": [
      2.1115,
      1.9231,
      1.83186,
      4.18493,
      3.77549,
      3.71112
    ],
    "SDPA (flash, padded)": [
      1.9927,
      1.85845,
      1.82784,
      3.97414,
      3.69464,
      3.53566
    ],
    "NestedTensor + SDPA": [
      9.24058,
      8.81562,
      8.77312,
      16.90354,
      16.62675,
      16.55405
    ],
    "Triton Ragged (ours)": [
      0.13517,
      0.04198,
      0.02379,
      0.34406,
      0.07987,
      0.02765
    ],
    "FlashAttention-2 (varlen)": [
      0.11162,
      0.04813,
      0.0471,
      0.25907,
      0.07168,
      0.06042
    ]
  },
  "p5": {
    "SDPA (math, padded)": [
      5.26432,
      2.56717,
      2.0647,
      10.60054,
      5.68432,
      4.05709
    ],
    "SDPA (efficient, padded)": [
      2.0777,
      1.85549,
      1.8241,
      4.15232,
      3.75846,
      3.55635
    ],
    "SDPA (flash, padded)": [
      1.95789,
      1.83501,
      1.79171,
      3.95677,
      3.67962,
      3.51504
    ],
    "NestedTensor + SDPA": [
      8.84861,
      8.69546,
      8.56986,
      16.7417,
      16.27923,
      16.40947
    ],
    "Triton Ragged (ours)": [
      0.13517,
      0.04096,
      0.02355,
      0.33178,
      0.07885,
      0.02688
    ],
    "FlashAttention-2 (varlen)": [
      0.11059,
      0.04608,
      0.04608,
      0.25293,
      0.07066,
      0.05939
    ]
  },
  "p95": {
    "SDPA (math, padded)": [
      5.34221,
      2.68534,
      2.14707,
      10.83162,
      5.91219,
      4.28749
    ],
    "SDPA (efficient, padded)": [
      2.18317,
      2.00192,
      1.84186,
      4.31411,
      3.91475,
      3.79414
    ],
    "SDPA (flash, padded)": [
      2.00611,
      1.95277,
      1.83805,
      4.02774,
      3.71782,
      3.79392
    ],
    "NestedTensor + SDPA": [
      9.56854,
      9.24339,
      9.20592,
      17.70598,
      17.3592,
      17.37114
    ],
    "Triton Ragged (ours)": [
      0.13619,
      0.04301,
      0.0256,
      0.34611,
      0.07987,
      0.02867
    ],
    "FlashAttention-2 (varlen)": [
      0.12186,
      0.05018,
      0.04938,
      0.27034,
      0.07402,
      0.06144
    ]
  }
}