{
  "gpu": "NVIDIA RTX 4000 Ada Generation",
  "sm": "SM89",
  "timing": "cuda_events_median_ms",
  "warmup": 50,
  "jit_warmup": 150,
  "iters": 300,
  "configs": [
    "BS=32, 0% pruned",
    "BS=32, 50% pruned",
    "BS=32, 80% pruned",
    "BS=64, 0% pruned",
    "BS=64, 50% pruned",
    "BS=64, 80% pruned"
  ],
  "kernels": {
    "SDPA (math, padded)": [
      5.31818,
      2.5485,
      2.05931,
      10.61645,
      5.6619,
      4.03342
    ],
    "SDPA (efficient, padded)": [
      2.22688,
      1.87085,
      1.8176,
      4.13029,
      3.73502,
      3.54258
    ],
    "SDPA (flash, padded)": [
      2.11016,
      1.82374,
      1.81453,
      3.93421,
      3.66592,
      3.55426
    ],
    "NestedTensor + SDPA": [
      8.99378,
      8.86664,
      8.87109,
      17.05731,
      16.7568,
      16.70363
    ],
    "Triton Ragged (ours)": [
      0.13619,
      0.04198,
      0.02355,
      0.34406,
      0.07987,
      0.02765
    ],
    "FlashAttention-2 (varlen)": [
      0.11162,
      0.04915,
      0.04915,
      0.25395,
      0.07168,
      0.06042
    ]
  },
  "p5": {
    "SDPA (math, padded)": [
      5.29306,
      2.51392,
      2.04902,
      10.52384,
      5.64224,
      3.96595
    ],
    "SDPA (efficient, padded)": [
      2.21184,
      1.84134,
      1.80752,
      4.06403,
      3.68102,
      3.52275
    ],
    "SDPA (flash, padded)": [
      2.0265,
      1.79507,
      1.79302,
      3.9168,
      3.65363,
      3.50525
    ],
    "NestedTensor + SDPA": [
      8.88954,
      8.64496,
      8.76851,
      16.80282,
      16.60211,
      16.55501
    ],
    "Triton Ragged (ours)": [
      0.13517,
      0.04096,
      0.02253,
      0.33178,
      0.07885,
      0.02662
    ],
    "FlashAttention-2 (varlen)": [
      0.11059,
      0.0471,
      0.0471,
      0.25293,
      0.07066,
      0.06042
    ]
  },
  "p95": {
    "SDPA (math, padded)": [
      5.39754,
      2.56211,
      2.08077,
      10.73021,
      5.75898,
      4.05174
    ],
    "SDPA (efficient, padded)": [
      2.30093,
      1.88109,
      1.88822,
      4.1551,
      3.7536,
      3.56134
    ],
    "SDPA (flash, padded)": [
      2.1727,
      1.85446,
      2.26611,
      4.06909,
      3.67958,
      3.69578
    ],
    "NestedTensor + SDPA": [
      9.6633,
      9.31021,
      9.26925,
      18.13299,
      17.55136,
      17.80941
    ],
    "Triton Ragged (ours)": [
      0.13722,
      0.0424,
      0.02458,
      0.34714,
      0.07987,
      0.02787
    ],
    "FlashAttention-2 (varlen)": [
      0.11264,
      0.0512,
      0.0512,
      0.25498,
      0.0727,
      0.06144
    ]
  }
}