{
  "gpu": "NVIDIA RTX 4000 Ada Generation",
  "sm": "SM89",
  "timing": "cuda_events_median_ms",
  "warmup": 50,
  "jit_warmup": 150,
  "iters": 300,
  "configs": [
    "BS=32, 0% pruned",
    "BS=32, 50% pruned",
    "BS=32, 80% pruned",
    "BS=64, 0% pruned",
    "BS=64, 50% pruned",
    "BS=64, 80% pruned"
  ],
  "kernels": {
    "SDPA (math, padded)": [
      5.36757,
      2.56922,
      2.07098,
      10.67061,
      5.7723,
      4.19978
    ],
    "SDPA (efficient, padded)": [
      2.17221,
      1.88723,
      1.82766,
      4.41344,
      3.97944,
      3.94195
    ],
    "SDPA (flash, padded)": [
      2.06514,
      1.90662,
      1.82682,
      4.2229,
      3.71827,
      3.9505
    ],
    "NestedTensor + SDPA": [
      8.96926,
      9.00406,
      8.96211,
      17.2496,
      16.97693,
      16.85299
    ],
    "Triton Ragged (ours)": [
      0.13619,
      0.04198,
      0.02355,
      0.34509,
      0.07987,
      0.02765
    ],
    "FlashAttention-2 (varlen)": [
      0.11366,
      0.05018,
      0.05018,
      0.25512,
      0.07168,
      0.06042
    ]
  },
  "p5": {
    "SDPA (math, padded)": [
      5.28262,
      2.55802,
      2.06234,
      10.5943,
      5.70358,
      4.06618
    ],
    "SDPA (efficient, padded)": [
      2.11558,
      1.85126,
      1.81766,
      4.21274,
      3.90346,
      3.79293
    ],
    "SDPA (flash, padded)": [
      1.99782,
      1.83603,
      1.81971,
      4.2047,
      3.6865,
      3.72429
    ],
    "NestedTensor + SDPA": [
      8.8464,
      8.92717,
      8.91165,
      16.9943,
      16.58675,
      16.43008
    ],
    "Triton Ragged (ours)": [
      0.13517,
      0.04096,
      0.02253,
      0.33178,
      0.07885,
      0.02662
    ],
    "FlashAttention-2 (varlen)": [
      0.11059,
      0.04813,
      0.04813,
      0.25395,
      0.07066,
      0.05939
    ]
  },
  "p95": {
    "SDPA (math, padded)": [
      5.42134,
      2.64422,
      2.13507,
      10.84621,
      5.9095,
      4.29466
    ],
    "SDPA (efficient, padded)": [
      2.20787,
      1.96096,
      1.8369,
      4.56019,
      3.99846,
      4.03142
    ],
    "SDPA (flash, padded)": [
      2.07562,
      1.91667,
      1.83603,
      4.37862,
      3.84374,
      3.97005
    ],
    "NestedTensor + SDPA": [
      11.80579,
      9.43309,
      9.38803,
      18.08666,
      17.78522,
      17.74618
    ],
    "Triton Ragged (ours)": [
      0.13722,
      0.04224,
      0.02458,
      0.34816,
      0.0799,
      0.02774
    ],
    "FlashAttention-2 (varlen)": [
      0.11571,
      0.05328,
      0.05222,
      0.27034,
      0.07578,
      0.06144
    ]
  }
}