{
  "gpu": "NVIDIA RTX 4000 Ada Generation",
  "sm": "SM89",
  "timing": "cuda_events_median_ms",
  "warmup": 50,
  "jit_warmup": 150,
  "iters": 300,
  "configs": [
    "BS=32, 0% pruned",
    "BS=32, 50% pruned",
    "BS=32, 80% pruned",
    "BS=64, 0% pruned",
    "BS=64, 50% pruned",
    "BS=64, 80% pruned"
  ],
  "kernels": {
    "SDPA (math, padded)": [
      5.33094,
      2.60302,
      2.08384,
      10.74024,
      5.68406,
      4.06118
    ],
    "SDPA (efficient, padded)": [
      2.2313,
      2.00797,
      1.9456,
      4.14624,
      3.74373,
      3.69453
    ],
    "SDPA (flash, padded)": [
      2.11661,
      1.96096,
      1.94864,
      3.9424,
      3.67923,
      3.59936
    ],
    "NestedTensor + SDPA": [
      8.83613,
      8.77117,
      8.7816,
      16.73934,
      16.52744,
      16.41968
    ],
    "Triton Ragged (ours)": [
      0.13517,
      0.04198,
      0.02355,
      0.34406,
      0.07987,
      0.02765
    ],
    "FlashAttention-2 (varlen)": [
      0.11162,
      0.04813,
      0.04813,
      0.26829,
      0.07168,
      0.06042
    ]
  },
  "p5": {
    "SDPA (math, padded)": [
      5.29933,
      2.58867,
      2.04998,
      10.57683,
      5.66067,
      3.99453
    ],
    "SDPA (efficient, padded)": [
      2.1943,
      1.99786,
      1.9088,
      4.07469,
      3.68237,
      3.5544
    ],
    "SDPA (flash, padded)": [
      2.08384,
      1.95072,
      1.93878,
      3.88579,
      3.66467,
      3.56045
    ],
    "NestedTensor + SDPA": [
      8.64358,
      8.56576,
      8.68784,
      16.37661,
      16.08979,
      16.29296
    ],
    "Triton Ragged (ours)": [
      0.13446,
      0.04096,
      0.02253,
      0.33178,
      0.07885,
      0.02704
    ],
    "FlashAttention-2 (varlen)": [
      0.11059,
      0.04627,
      0.04608,
      0.25293,
      0.07066,
      0.06042
    ]
  },
  "p95": {
    "SDPA (math, padded)": [
      5.39978,
      2.67862,
      2.10973,
      11.07251,
      5.81718,
      4.20989
    ],
    "SDPA (efficient, padded)": [
      2.25382,
      2.02035,
      1.95789,
      4.28646,
      3.76013,
      3.712
    ],
    "SDPA (flash, padded)": [
      2.13811,
      1.97427,
      2.01728,
      4.07776,
      3.81632,
      3.71782
    ],
    "NestedTensor + SDPA": [
      9.2679,
      9.21994,
      9.21997,
      17.90874,
      17.70803,
      17.23904
    ],
    "Triton Ragged (ours)": [
      0.13619,
      0.04301,
      0.02458,
      0.34714,
      0.0799,
      0.02867
    ],
    "FlashAttention-2 (varlen)": [
      0.11264,
      0.0512,
      0.05021,
      0.27034,
      0.07194,
      0.06144
    ]
  }
}