{
  "gpu": "NVIDIA RTX 4000 Ada Generation",
  "sm": "SM89",
  "timing": "cuda_events_median_ms",
  "warmup": 50,
  "jit_warmup": 150,
  "iters": 300,
  "configs": [
    "BS=32, 0% pruned",
    "BS=32, 50% pruned",
    "BS=32, 80% pruned",
    "BS=64, 0% pruned",
    "BS=64, 50% pruned",
    "BS=64, 80% pruned"
  ],
  "kernels": {
    "SDPA (math, padded)": [
      5.3615,
      2.62466,
      2.10654,
      10.73579,
      5.82042,
      4.0717
    ],
    "SDPA (efficient, padded)": [
      2.23829,
      2.02027,
      1.87152,
      4.16269,
      3.77248,
      3.57478
    ],
    "SDPA (flash, padded)": [
      2.12277,
      1.97222,
      1.90339,
      3.96298,
      3.69664,
      3.57694
    ],
    "NestedTensor + SDPA": [
      9.04146,
      8.85248,
      8.8039,
      16.90526,
      17.37267,
      16.61907
    ],
    "Triton Ragged (ours)": [
      0.13619,
      0.04198,
      0.02355,
      0.34509,
      0.07987,
      0.02765
    ],
    "FlashAttention-2 (varlen)": [
      0.11162,
      0.04915,
      0.04813,
      0.2601,
      0.07168,
      0.06042
    ]
  },
  "p5": {
    "SDPA (math, padded)": [
      5.31354,
      2.60512,
      2.08691,
      10.60054,
      5.6791,
      4.05488
    ],
    "SDPA (efficient, padded)": [
      2.20774,
      2.00602,
      1.78893,
      4.14429,
      3.71933,
      3.55981
    ],
    "SDPA (flash, padded)": [
      2.10717,
      1.95789,
      1.83501,
      3.87213,
      3.6055,
      3.48634
    ],
    "NestedTensor + SDPA": [
      8.84326,
      8.79203,
      8.7304,
      16.49357,
      16.60621,
      16.4864
    ],
    "Triton Ragged (ours)": [
      0.13517,
      0.04096,
      0.02253,
      0.3328,
      0.07885,
      0.02765
    ],
    "FlashAttention-2 (varlen)": [
      0.11059,
      0.04739,
      0.04634,
      0.25293,
      0.07066,
      0.05958
    ]
  },
  "p95": {
    "SDPA (math, padded)": [
      5.42925,
      2.69846,
      2.18026,
      10.82573,
      5.91261,
      4.22394
    ],
    "SDPA (efficient, padded)": [
      2.27923,
      2.09578,
      2.0296,
      4.18394,
      3.91165,
      3.77667
    ],
    "SDPA (flash, padded)": [
      2.19069,
      2.0439,
      1.94867,
      4.06118,
      3.84838,
      3.72038
    ],
    "NestedTensor + SDPA": [
      9.61328,
      9.3184,
      9.22733,
      17.77664,
      17.95789,
      17.86397
    ],
    "Triton Ragged (ours)": [
      0.13722,
      0.0423,
      0.02458,
      0.34714,
      0.07987,
      0.02867
    ],
    "FlashAttention-2 (varlen)": [
      0.11264,
      0.0512,
      0.0512,
      0.27136,
      0.07475,
      0.06144
    ]
  }
}