{
  "gpu": "NVIDIA RTX 4000 Ada Generation",
  "sm": "SM89",
  "timing": "cuda_events_median_ms",
  "warmup": 50,
  "jit_warmup": 150,
  "iters": 300,
  "configs": [
    "BS=32, 0% pruned",
    "BS=32, 50% pruned",
    "BS=32, 80% pruned",
    "BS=64, 0% pruned",
    "BS=64, 50% pruned",
    "BS=64, 80% pruned"
  ],
  "kernels": {
    "SDPA (math, padded)": [
      5.37701,
      2.61682,
      2.06885,
      10.73152,
      5.67808,
      4.05397
    ],
    "SDPA (efficient, padded)": [
      2.11862,
      1.88299,
      1.82656,
      4.17034,
      3.75494,
      3.56419
    ],
    "SDPA (flash, padded)": [
      1.99483,
      1.84224,
      1.8217,
      3.96739,
      3.82227,
      3.70688
    ],
    "NestedTensor + SDPA": [
      8.90778,
      8.83125,
      8.77056,
      16.77899,
      16.6052,
      16.84677
    ],
    "Triton Ragged (ours)": [
      0.13619,
      0.04198,
      0.02392,
      0.34406,
      0.07987,
      0.02765
    ],
    "FlashAttention-2 (varlen)": [
      0.11162,
      0.04813,
      0.04813,
      0.26426,
      0.07168,
      0.06042
    ]
  },
  "p5": {
    "SDPA (math, padded)": [
      5.32787,
      2.55898,
      2.03578,
      10.62707,
      5.65789,
      4.03834
    ],
    "SDPA (efficient, padded)": [
      2.1033,
      1.8728,
      1.81757,
      4.10035,
      3.7417,
      3.54906
    ],
    "SDPA (flash, padded)": [
      1.96374,
      1.79744,
      1.7872,
      3.94845,
      3.67728,
      3.56992
    ],
    "NestedTensor + SDPA": [
      8.67958,
      8.75539,
      8.60058,
      16.66458,
      16.40346,
      16.34202
    ],
    "Triton Ragged (ours)": [
      0.13517,
      0.04096,
      0.02291,
      0.33178,
      0.07885,
      0.02662
    ],
    "FlashAttention-2 (varlen)": [
      0.11059,
      0.04608,
      0.0471,
      0.25293,
      0.07066,
      0.05939
    ]
  },
  "p95": {
    "SDPA (math, padded)": [
      5.39635,
      2.64634,
      2.07872,
      10.79907,
      5.81427,
      4.19562
    ],
    "SDPA (efficient, padded)": [
      2.18842,
      1.95603,
      1.8391,
      4.30371,
      3.7888,
      3.59197
    ],
    "SDPA (flash, padded)": [
      2.00602,
      1.89235,
      1.83091,
      4.10666,
      3.90554,
      3.77373
    ],
    "NestedTensor + SDPA": [
      9.35232,
      9.2599,
      8.83814,
      17.53907,
      17.43462,
      17.6897
    ],
    "Triton Ragged (ours)": [
      0.13722,
      0.04218,
      0.0256,
      0.34714,
      0.07987,
      0.02781
    ],
    "FlashAttention-2 (varlen)": [
      0.11264,
      0.05018,
      0.0512,
      0.26624,
      0.0727,
      0.06144
    ]
  }
}