{
  "gpu": "NVIDIA RTX 4000 Ada Generation",
  "sm": "SM89",
  "timing": "cuda_events_median_ms",
  "warmup": 50,
  "jit_warmup": 150,
  "iters": 300,
  "configs": [
    "BS=32, 0% pruned",
    "BS=32, 50% pruned",
    "BS=32, 80% pruned",
    "BS=64, 0% pruned",
    "BS=64, 50% pruned",
    "BS=64, 80% pruned"
  ],
  "kernels": {
    "SDPA (math, padded)": [
      5.30482,
      2.57574,
      2.08794,
      10.63117,
      5.74973,
      4.2643
    ],
    "SDPA (efficient, padded)": [
      2.1207,
      1.89458,
      1.81965,
      4.17402,
      3.91949,
      3.9765
    ],
    "SDPA (flash, padded)": [
      2.00518,
      1.85432,
      1.9084,
      3.98514,
      3.71886,
      3.87021
    ],
    "NestedTensor + SDPA": [
      8.94048,
      8.87453,
      8.90606,
      17.08902,
      16.76971,
      16.67112
    ],
    "Triton Ragged (ours)": [
      0.13619,
      0.04198,
      0.02355,
      0.34304,
      0.07987,
      0.02765
    ],
    "FlashAttention-2 (varlen)": [
      0.11162,
      0.04915,
      0.04915,
      0.25499,
      0.07168,
      0.06042
    ]
  },
  "p5": {
    "SDPA (math, padded)": [
      5.2695,
      2.53235,
      2.0473,
      10.58541,
      5.68934,
      4.10624
    ],
    "SDPA (efficient, padded)": [
      2.0992,
      1.88435,
      1.8015,
      4.15642,
      3.78256,
      3.83059
    ],
    "SDPA (flash, padded)": [
      1.99168,
      1.82394,
      1.83178,
      3.96867,
      3.70189,
      3.8359
    ],
    "NestedTensor + SDPA": [
      8.72141,
      8.70742,
      8.81837,
      16.86835,
      16.54269,
      16.29987
    ],
    "Triton Ragged (ours)": [
      0.13517,
      0.04096,
      0.02253,
      0.33178,
      0.07885,
      0.02662
    ],
    "FlashAttention-2 (varlen)": [
      0.11059,
      0.0471,
      0.04813,
      0.25293,
      0.07066,
      0.05939
    ]
  },
  "p95": {
    "SDPA (math, padded)": [
      5.35456,
      2.65114,
      2.09853,
      10.768,
      5.86224,
      4.32333
    ],
    "SDPA (efficient, padded)": [
      2.18896,
      1.96813,
      1.84422,
      4.32122,
      3.94611,
      4.05827
    ],
    "SDPA (flash, padded)": [
      2.0736,
      1.91731,
      1.94989,
      4.00282,
      3.85299,
      3.99066
    ],
    "NestedTensor + SDPA": [
      9.39229,
      9.12179,
      9.3432,
      17.88602,
      17.58336,
      17.44826
    ],
    "Triton Ragged (ours)": [
      0.13722,
      0.04301,
      0.02627,
      0.34714,
      0.0809,
      0.02781
    ],
    "FlashAttention-2 (varlen)": [
      0.11264,
      0.0512,
      0.0513,
      0.27072,
      0.0727,
      0.06144
    ]
  }
}