{
  "gpu": "NVIDIA RTX 4000 Ada Generation",
  "sm": "SM89",
  "timing": "cuda_events_median_ms",
  "warmup": 50,
  "jit_warmup": 150,
  "iters": 300,
  "configs": [
    "BS=32, 0% pruned",
    "BS=32, 50% pruned",
    "BS=32, 80% pruned",
    "BS=64, 0% pruned",
    "BS=64, 50% pruned",
    "BS=64, 80% pruned"
  ],
  "kernels": {
    "SDPA (math, padded)": [
      5.3311,
      2.65229,
      2.14693,
      11.0276,
      5.87214,
      4.23994
    ],
    "SDPA (efficient, padded)": [
      2.12603,
      1.90936,
      1.92726,
      4.39738,
      3.97995,
      3.79539
    ],
    "SDPA (flash, padded)": [
      2.00514,
      1.85651,
      1.88312,
      4.36803,
      3.86496,
      3.89632
    ],
    "NestedTensor + SDPA": [
      9.49981,
      9.20486,
      9.36602,
      17.85206,
      17.64915,
      17.65426
    ],
    "Triton Ragged (ours)": [
      0.13926,
      0.04198,
      0.02458,
      0.34714,
      0.07987,
      0.02765
    ],
    "FlashAttention-2 (varlen)": [
      0.11366,
      0.05245,
      0.05018,
      0.25805,
      0.0727,
      0.06042
    ]
  },
  "p5": {
    "SDPA (math, padded)": [
      5.27565,
      2.57331,
      2.07974,
      10.63213,
      5.70486,
      4.07962
    ],
    "SDPA (efficient, padded)": [
      2.10227,
      1.89133,
      1.85174,
      4.25677,
      3.81645,
      3.66397
    ],
    "SDPA (flash, padded)": [
      1.96403,
      1.84138,
      1.85549,
      4.16077,
      3.71526,
      3.68464
    ],
    "NestedTensor + SDPA": [
      9.00608,
      8.88237,
      8.86989,
      16.98714,
      16.8953,
      16.8183
    ],
    "Triton Ragged (ours)": [
      0.13619,
      0.04096,
      0.01536,
      0.33587,
      0.07885,
      0.02662
    ],
    "FlashAttention-2 (varlen)": [
      0.11264,
      0.03686,
      0.03379,
      0.25395,
      0.07168,
      0.05939
    ]
  },
  "p95": {
    "SDPA (math, padded)": [
      5.8665,
      3.11091,
      2.67981,
      11.39507,
      6.40595,
      4.76378
    ],
    "SDPA (efficient, padded)": [
      2.68826,
      2.39309,
      2.47187,
      4.95683,
      4.54554,
      4.40618
    ],
    "SDPA (flash, padded)": [
      2.57088,
      2.39965,
      2.42035,
      4.92,
      4.47795,
      4.42086
    ],
    "NestedTensor + SDPA": [
      9.97683,
      9.74221,
      9.84077,
      18.49856,
      18.31018,
      18.32742
    ],
    "Triton Ragged (ours)": [
      0.14131,
      0.04301,
      0.02662,
      0.35021,
      0.0799,
      0.02781
    ],
    "FlashAttention-2 (varlen)": [
      0.11571,
      0.0553,
      0.05427,
      0.26947,
      0.07475,
      0.06144
    ]
  }
}