{
  "gpu": "NVIDIA RTX 4000 Ada Generation",
  "sm": "SM89",
  "timing": "cuda_events_median_ms",
  "warmup": 50,
  "jit_warmup": 150,
  "iters": 300,
  "configs": [
    "BS=32, 0% pruned",
    "BS=32, 50% pruned",
    "BS=32, 80% pruned",
    "BS=64, 0% pruned",
    "BS=64, 50% pruned",
    "BS=64, 80% pruned"
  ],
  "kernels": {
    "SDPA (math, padded)": [
      5.2757,
      2.56224,
      2.06304,
      10.63424,
      5.69451,
      4.04378
    ],
    "SDPA (efficient, padded)": [
      2.16866,
      1.90565,
      1.81979,
      4.14925,
      3.7563,
      3.54611
    ],
    "SDPA (flash, padded)": [
      2.04523,
      1.82886,
      1.8217,
      4.07531,
      3.68467,
      3.56147
    ],
    "NestedTensor + SDPA": [
      8.97272,
      8.84736,
      8.86378,
      16.9991,
      16.77306,
      16.68571
    ],
    "Triton Ragged (ours)": [
      0.13619,
      0.04198,
      0.02355,
      0.34509,
      0.07987,
      0.02765
    ],
    "FlashAttention-2 (varlen)": [
      0.11168,
      0.04938,
      0.04915,
      0.25424,
      0.07168,
      0.06042
    ]
  },
  "p5": {
    "SDPA (math, padded)": [
      5.25184,
      2.524,
      2.0521,
      10.58403,
      5.65222,
      4.0264
    ],
    "SDPA (efficient, padded)": [
      2.1023,
      1.87494,
      1.81232,
      4.13107,
      3.74272,
      3.47546
    ],
    "SDPA (flash, padded)": [
      1.97664,
      1.80118,
      1.81331,
      3.93933,
      3.62086,
      3.54816
    ],
    "NestedTensor + SDPA": [
      8.7289,
      8.67229,
      8.76506,
      16.6912,
      16.62259,
      16.43821
    ],
    "Triton Ragged (ours)": [
      0.13517,
      0.04096,
      0.02253,
      0.33203,
      0.07885,
      0.02662
    ],
    "FlashAttention-2 (varlen)": [
      0.11059,
      0.04813,
      0.04813,
      0.25293,
      0.07066,
      0.05939
    ]
  },
  "p95": {
    "SDPA (math, padded)": [
      5.34528,
      2.63866,
      2.07059,
      10.67488,
      5.81037,
      4.06426
    ],
    "SDPA (efficient, padded)": [
      2.18522,
      1.95802,
      1.82682,
      4.28646,
      3.8871,
      3.56352
    ],
    "SDPA (flash, padded)": [
      2.05824,
      1.84051,
      1.8944,
      4.15206,
      3.81354,
      3.57443
    ],
    "NestedTensor + SDPA": [
      9.42054,
      9.27027,
      9.30813,
      17.84298,
      17.62509,
      17.45203
    ],
    "Triton Ragged (ours)": [
      0.13722,
      0.04301,
      0.02458,
      0.34714,
      0.07987,
      0.02781
    ],
    "FlashAttention-2 (varlen)": [
      0.11581,
      0.05325,
      0.05222,
      0.26938,
      0.0727,
      0.06144
    ]
  }
}