{
  "gpu": "NVIDIA RTX 4000 Ada Generation",
  "sm": "SM89",
  "timing": "cuda_events_median_ms",
  "warmup": 50,
  "jit_warmup": 150,
  "iters": 300,
  "configs": [
    "BS=32, 0% pruned",
    "BS=32, 50% pruned",
    "BS=32, 80% pruned",
    "BS=64, 0% pruned",
    "BS=64, 50% pruned",
    "BS=64, 80% pruned"
  ],
  "kernels": {
    "SDPA (math, padded)": [
      5.37331,
      2.55168,
      2.0615,
      10.62605,
      5.66342,
      4.02618
    ],
    "SDPA (efficient, padded)": [
      2.29712,
      1.8728,
      1.82002,
      4.13286,
      3.74171,
      3.67702
    ],
    "SDPA (flash, padded)": [
      2.11531,
      1.83427,
      1.81453,
      3.94035,
      3.66899,
      3.5584
    ],
    "NestedTensor + SDPA": [
      8.89083,
      8.83155,
      8.80538,
      16.96,
      17.28632,
      16.46098
    ],
    "Triton Ragged (ours)": [
      0.13517,
      0.04198,
      0.02355,
      0.34509,
      0.07987,
      0.02765
    ],
    "FlashAttention-2 (varlen)": [
      0.11366,
      0.04813,
      0.0471,
      0.26726,
      0.07168,
      0.06082
    ]
  },
  "p5": {
    "SDPA (math, padded)": [
      5.30938,
      2.53952,
      2.05136,
      10.56979,
      5.64531,
      3.9721
    ],
    "SDPA (efficient, padded)": [
      2.28486,
      1.86141,
      1.81152,
      4.07347,
      3.72941,
      3.53792
    ],
    "SDPA (flash, padded)": [
      2.0992,
      1.8217,
      1.80614,
      3.87677,
      3.65334,
      3.53206
    ],
    "NestedTensor + SDPA": [
      8.74163,
      8.67229,
      8.66384,
      16.76586,
      16.59274,
      16.09315
    ],
    "Triton Ragged (ours)": [
      0.13517,
      0.04096,
      0.02253,
      0.33216,
      0.07885,
      0.02765
    ],
    "FlashAttention-2 (varlen)": [
      0.11059,
      0.04608,
      0.04608,
      0.25293,
      0.07066,
      0.06042
    ]
  },
  "p95": {
    "SDPA (math, padded)": [
      5.41389,
      2.6233,
      2.08077,
      10.73459,
      5.80403,
      4.04378
    ],
    "SDPA (efficient, padded)": [
      2.33165,
      1.94269,
      1.8425,
      4.26893,
      3.87155,
      3.75936
    ],
    "SDPA (flash, padded)": [
      2.18214,
      1.90048,
      1.88826,
      3.95888,
      3.81549,
      3.70278
    ],
    "NestedTensor + SDPA": [
      9.22246,
      9.21392,
      9.20867,
      17.94355,
      17.87904,
      17.28307
    ],
    "Triton Ragged (ours)": [
      0.13642,
      0.04301,
      0.02458,
      0.34714,
      0.0799,
      0.02867
    ],
    "FlashAttention-2 (varlen)": [
      0.11469,
      0.05018,
      0.05018,
      0.27034,
      0.0727,
      0.06144
    ]
  }
}