{
  "gpu": "NVIDIA RTX 4000 Ada Generation",
  "sm": "SM89",
  "timing": "cuda_events_median_ms",
  "warmup": 50,
  "jit_warmup": 150,
  "iters": 300,
  "configs": [
    "BS=32, 0% pruned",
    "BS=32, 50% pruned",
    "BS=32, 80% pruned",
    "BS=64, 0% pruned",
    "BS=64, 50% pruned",
    "BS=64, 80% pruned"
  ],
  "kernels": {
    "SDPA (math, padded)": [
      5.41213,
      2.62104,
      2.13504,
      10.64435,
      5.72835,
      4.06794
    ],
    "SDPA (efficient, padded)": [
      2.24154,
      1.94165,
      1.82469,
      4.14208,
      3.76078,
      3.55942
    ],
    "SDPA (flash, padded)": [
      2.11483,
      1.90362,
      1.81965,
      3.95886,
      3.67406,
      3.58539
    ],
    "NestedTensor + SDPA": [
      8.91797,
      8.82862,
      8.7639,
      16.84045,
      16.61317,
      17.05728
    ],
    "Triton Ragged (ours)": [
      0.13722,
      0.04198,
      0.02355,
      0.34637,
      0.07987,
      0.02765
    ],
    "FlashAttention-2 (varlen)": [
      0.11469,
      0.05222,
      0.04742,
      0.25498,
      0.0727,
      0.06042
    ]
  },
  "p5": {
    "SDPA (math, padded)": [
      5.35962,
      2.5577,
      2.06541,
      10.58918,
      5.67194,
      4.01133
    ],
    "SDPA (efficient, padded)": [
      2.21491,
      1.8719,
      1.81152,
      4.08883,
      3.73763,
      3.54013
    ],
    "SDPA (flash, padded)": [
      2.10131,
      1.83795,
      1.78573,
      3.94122,
      3.65683,
      3.55322
    ],
    "NestedTensor + SDPA": [
      8.74189,
      8.71395,
      8.65894,
      16.57027,
      16.21488,
      16.18035
    ],
    "Triton Ragged (ours)": [
      0.13562,
      0.04125,
      0.02253,
      0.3369,
      0.07885,
      0.02765
    ],
    "FlashAttention-2 (varlen)": [
      0.11162,
      0.05018,
      0.04608,
      0.25395,
      0.07168,
      0.06042
    ]
  },
  "p95": {
    "SDPA (math, padded)": [
      5.4552,
      2.64406,
      2.18096,
      10.76522,
      5.8009,
      4.2057
    ],
    "SDPA (efficient, padded)": [
      2.31299,
      1.95459,
      1.8944,
      4.19328,
      3.8912,
      3.70176
    ],
    "SDPA (flash, padded)": [
      2.18317,
      1.91693,
      1.8985,
      4.09478,
      3.71098,
      3.71539
    ],
    "NestedTensor + SDPA": [
      9.49658,
      9.39094,
      9.10202,
      17.67894,
      17.44589,
      17.73978
    ],
    "Triton Ragged (ours)": [
      0.13926,
      0.04301,
      0.0256,
      0.35021,
      0.07987,
      0.02867
    ],
    "FlashAttention-2 (varlen)": [
      0.11571,
      0.0553,
      0.05018,
      0.26845,
      0.07373,
      0.06144
    ]
  }
}