{
  "gpu": "NVIDIA RTX 4000 Ada Generation",
  "sm": "SM89",
  "timing": "cuda_events_median_ms",
  "warmup": 50,
  "jit_warmup": 150,
  "iters": 300,
  "configs": [
    "BS=32, 0% pruned",
    "BS=32, 50% pruned",
    "BS=32, 80% pruned",
    "BS=64, 0% pruned",
    "BS=64, 50% pruned",
    "BS=64, 80% pruned"
  ],
  "kernels": {
    "SDPA (math, padded)": [
      5.30426,
      2.63866,
      2.14947,
      10.88904,
      5.72062,
      4.16475
    ],
    "SDPA (efficient, padded)": [
      2.13013,
      2.02854,
      1.97626,
      4.19533,
      3.79578,
      3.97165
    ],
    "SDPA (flash, padded)": [
      2.01408,
      2.048,
      2.03061,
      4.00512,
      3.7223,
      3.8732
    ],
    "NestedTensor + SDPA": [
      9.20747,
      9.16886,
      9.11616,
      17.56787,
      17.27758,
      17.13235
    ],
    "Triton Ragged (ours)": [
      0.13619,
      0.04198,
      0.02355,
      0.34406,
      0.07987,
      0.02765
    ],
    "FlashAttention-2 (varlen)": [
      0.11162,
      0.05122,
      0.05222,
      0.25395,
      0.07168,
      0.06042
    ]
  },
  "p5": {
    "SDPA (math, padded)": [
      5.25824,
      2.61507,
      2.10339,
      10.8112,
      5.63814,
      4.05811
    ],
    "SDPA (efficient, padded)": [
      2.09645,
      2.0192,
      1.96099,
      4.10726,
      3.7591,
      3.83178
    ],
    "SDPA (flash, padded)": [
      2.00499,
      1.97139,
      1.92541,
      3.99168,
      3.70278,
      3.84307
    ],
    "NestedTensor + SDPA": [
      9.00851,
      9.03373,
      8.9265,
      17.32195,
      17.14816,
      17.02022
    ],
    "Triton Ragged (ours)": [
      0.13517,
      0.04096,
      0.02253,
      0.33178,
      0.07885,
      0.02765
    ],
    "FlashAttention-2 (varlen)": [
      0.11059,
      0.05018,
      0.05018,
      0.25293,
      0.07066,
      0.06042
    ]
  },
  "p95": {
    "SDPA (math, padded)": [
      5.37293,
      2.71539,
      2.19443,
      11.02253,
      5.8248,
      4.40237
    ],
    "SDPA (efficient, padded)": [
      2.14426,
      2.10221,
      2.04576,
      4.22829,
      3.92493,
      4.05402
    ],
    "SDPA (flash, padded)": [
      2.02778,
      2.06029,
      2.05242,
      4.02538,
      3.85309,
      4.00086
    ],
    "NestedTensor + SDPA": [
      9.61229,
      9.60797,
      9.17696,
      18.38694,
      18.26624,
      17.61616
    ],
    "Triton Ragged (ours)": [
      0.13722,
      0.04301,
      0.02458,
      0.34714,
      0.08006,
      0.02867
    ],
    "FlashAttention-2 (varlen)": [
      0.11264,
      0.05427,
      0.05427,
      0.26931,
      0.07187,
      0.06144
    ]
  }
}