{
  "gpu": "NVIDIA RTX 4000 Ada Generation",
  "sm": "SM89",
  "timing": "cuda_events_median_ms",
  "warmup": 50,
  "jit_warmup": 150,
  "iters": 300,
  "configs": [
    "BS=32, 0% pruned",
    "BS=32, 50% pruned",
    "BS=32, 80% pruned",
    "BS=64, 0% pruned",
    "BS=64, 50% pruned",
    "BS=64, 80% pruned"
  ],
  "kernels": {
    "SDPA (math, padded)": [
      5.40475,
      2.58765,
      2.06659,
      10.66992,
      5.79997,
      4.0941
    ],
    "SDPA (efficient, padded)": [
      2.32038,
      1.90925,
      1.83934,
      4.18098,
      3.79227,
      3.72318
    ],
    "SDPA (flash, padded)": [
      2.03795,
      1.85429,
      1.91186,
      3.99454,
      3.79034,
      3.67328
    ],
    "NestedTensor + SDPA": [
      8.83168,
      8.71938,
      8.71136,
      16.66754,
      16.47789,
      16.36498
    ],
    "Triton Ragged (ours)": [
      0.13619,
      0.04198,
      0.02355,
      0.34509,
      0.07987,
      0.02765
    ],
    "FlashAttention-2 (varlen)": [
      0.11162,
      0.04678,
      0.04813,
      0.25395,
      0.07104,
      0.06042
    ]
  },
  "p5": {
    "SDPA (math, padded)": [
      5.32685,
      2.57024,
      2.01216,
      10.61542,
      5.69859,
      4.07875
    ],
    "SDPA (efficient, padded)": [
      2.1463,
      1.89549,
      1.80736,
      4.11821,
      3.72733,
      3.58912
    ],
    "SDPA (flash, padded)": [
      1.9576,
      1.84342,
      1.80736,
      3.8991,
      3.69664,
      3.51949
    ],
    "NestedTensor + SDPA": [
      8.6825,
      8.48896,
      8.63846,
      16.39245,
      16.36179,
      16.1953
    ],
    "Triton Ragged (ours)": [
      0.13517,
      0.04131,
      0.02253,
      0.33178,
      0.07885,
      0.02662
    ],
    "FlashAttention-2 (varlen)": [
      0.11059,
      0.04506,
      0.0471,
      0.25293,
      0.07066,
      0.05958
    ]
  },
  "p95": {
    "SDPA (math, padded)": [
      5.46102,
      2.65546,
      2.09734,
      10.77469,
      5.85933,
      4.23629
    ],
    "SDPA (efficient, padded)": [
      2.36435,
      1.97837,
      1.85222,
      4.30416,
      3.82659,
      3.74762
    ],
    "SDPA (flash, padded)": [
      2.23565,
      1.8688,
      1.95507,
      4.12954,
      3.85501,
      3.75734
    ],
    "NestedTensor + SDPA": [
      9.35434,
      9.14739,
      9.30611,
      17.52979,
      17.29123,
      17.31062
    ],
    "Triton Ragged (ours)": [
      0.13722,
      0.04301,
      0.0256,
      0.34714,
      0.07987,
      0.02784
    ],
    "FlashAttention-2 (varlen)": [
      0.11264,
      0.04915,
      0.0512,
      0.26931,
      0.07181,
      0.06144
    ]
  }
}