{
  "gpu": "NVIDIA RTX 4000 Ada Generation",
  "sm": "SM89",
  "timing": "cuda_events_median_ms",
  "warmup": 50,
  "jit_warmup": 150,
  "iters": 300,
  "configs": [
    "BS=32, 0% pruned",
    "BS=32, 50% pruned",
    "BS=32, 80% pruned",
    "BS=64, 0% pruned",
    "BS=64, 50% pruned",
    "BS=64, 80% pruned"
  ],
  "kernels": {
    "SDPA (math, padded)": [
      5.35866,
      2.57229,
      2.08794,
      10.86149,
      5.7984,
      4.0999
    ],
    "SDPA (efficient, padded)": [
      2.11763,
      1.88288,
      1.94587,
      4.53325,
      4.00896,
      3.80838
    ],
    "SDPA (flash, padded)": [
      1.99373,
      1.8432,
      1.97893,
      4.21786,
      3.93005,
      3.81538
    ],
    "NestedTensor + SDPA": [
      8.93184,
      9.23886,
      8.8124,
      16.79749,
      16.58315,
      16.56243
    ],
    "Triton Ragged (ours)": [
      0.13619,
      0.04198,
      0.02355,
      0.34099,
      0.07987,
      0.02765
    ],
    "FlashAttention-2 (varlen)": [
      0.11264,
      0.04813,
      0.04813,
      0.26829,
      0.07168,
      0.06042
    ]
  },
  "p5": {
    "SDPA (math, padded)": [
      5.29203,
      2.5641,
      2.0736,
      10.7817,
      5.63802,
      3.98746
    ],
    "SDPA (efficient, padded)": [
      2.10627,
      1.87587,
      1.93552,
      4.28032,
      3.99498,
      3.79478
    ],
    "SDPA (flash, padded)": [
      1.98477,
      1.83296,
      1.9401,
      4.19821,
      3.91379,
      3.74714
    ],
    "NestedTensor + SDPA": [
      8.71731,
      8.71386,
      8.6016,
      16.41094,
      16.46214,
      16.16384
    ],
    "Triton Ragged (ours)": [
      0.13517,
      0.04096,
      0.02253,
      0.33178,
      0.07885,
      0.02662
    ],
    "FlashAttention-2 (varlen)": [
      0.11059,
      0.0471,
      0.04618,
      0.25293,
      0.07066,
      0.05939
    ]
  },
  "p95": {
    "SDPA (math, padded)": [
      5.40339,
      2.5856,
      2.10637,
      10.98144,
      5.92384,
      4.1689
    ],
    "SDPA (efficient, padded)": [
      2.18522,
      1.93229,
      2.01651,
      4.62234,
      4.05366,
      3.94547
    ],
    "SDPA (flash, padded)": [
      2.06675,
      1.90842,
      2.02842,
      4.36013,
      4.0631,
      3.83488
    ],
    "NestedTensor + SDPA": [
      9.40573,
      9.51194,
      9.26173,
      17.62099,
      17.39571,
      17.7207
    ],
    "Triton Ragged (ours)": [
      0.13722,
      0.04301,
      0.02464,
      0.34611,
      0.07987,
      0.02781
    ],
    "FlashAttention-2 (varlen)": [
      0.11366,
      0.0512,
      0.05018,
      0.2704,
      0.0727,
      0.06144
    ]
  }
}