{
  "gpu": "NVIDIA RTX 4000 Ada Generation",
  "sm": "SM89",
  "timing": "cuda_events_median_ms",
  "warmup": 50,
  "jit_warmup": 150,
  "iters": 300,
  "configs": [
    "BS=32, 0% pruned",
    "BS=32, 50% pruned",
    "BS=32, 80% pruned",
    "BS=64, 0% pruned",
    "BS=64, 50% pruned",
    "BS=64, 80% pruned"
  ],
  "kernels": {
    "SDPA (math, padded)": [
      5.38811,
      2.68309,
      2.18677,
      11.03198,
      5.93562,
      4.26976
    ],
    "SDPA (efficient, padded)": [
      2.21886,
      1.99782,
      1.9619,
      4.26853,
      3.9988,
      3.7591
    ],
    "SDPA (flash, padded)": [
      2.08179,
      1.86573,
      1.9207,
      4.15331,
      3.95618,
      3.76934
    ],
    "NestedTensor + SDPA": [
      9.63107,
      9.7167,
      9.66963,
      18.24686,
      17.83912,
      18.0864
    ],
    "Triton Ragged (ours)": [
      0.1376,
      0.04198,
      0.02458,
      0.34509,
      0.07987,
      0.02765
    ],
    "FlashAttention-2 (varlen)": [
      0.11366,
      0.05837,
      0.05427,
      0.25498,
      0.0727,
      0.06042
    ]
  },
  "p5": {
    "SDPA (math, padded)": [
      5.30637,
      2.60301,
      2.09312,
      10.66512,
      5.75283,
      4.11824
    ],
    "SDPA (efficient, padded)": [
      2.14829,
      1.91693,
      1.91795,
      4.17923,
      3.85526,
      3.62192
    ],
    "SDPA (flash, padded)": [
      2.01021,
      1.8561,
      1.8473,
      4.00989,
      3.77686,
      3.62637
    ],
    "NestedTensor + SDPA": [
      9.20685,
      9.18189,
      9.20611,
      17.50451,
      17.19501,
      17.25267
    ],
    "Triton Ragged (ours)": [
      0.13619,
      0.04096,
      0.01536,
      0.33587,
      0.07885,
      0.02662
    ],
    "FlashAttention-2 (varlen)": [
      0.11264,
      0.03686,
      0.03379,
      0.25395,
      0.07168,
      0.05939
    ]
  },
  "p95": {
    "SDPA (math, padded)": [
      5.9175,
      3.23091,
      2.70848,
      11.41258,
      6.45088,
      4.83331
    ],
    "SDPA (efficient, padded)": [
      2.71974,
      2.05827,
      2.4279,
      4.83533,
      4.5609,
      4.32634
    ],
    "SDPA (flash, padded)": [
      2.62246,
      2.42269,
      2.43216,
      4.70019,
      4.5312,
      4.34381
    ],
    "NestedTensor + SDPA": [
      10.05773,
      10.12198,
      10.104,
      18.95187,
      18.57533,
      18.71578
    ],
    "Triton Ragged (ours)": [
      0.14029,
      0.04301,
      0.02662,
      0.35021,
      0.08003,
      0.02771
    ],
    "FlashAttention-2 (varlen)": [
      0.11674,
      0.06144,
      0.05754,
      0.2697,
      0.07475,
      0.06144
    ]
  }
}