{
  "gpu": "NVIDIA RTX 4000 Ada Generation",
  "sm": "SM89",
  "timing": "cuda_events_median_ms",
  "warmup": 50,
  "jit_warmup": 150,
  "iters": 300,
  "configs": [
    "BS=32, 0% pruned",
    "BS=32, 50% pruned",
    "BS=32, 80% pruned",
    "BS=64, 0% pruned",
    "BS=64, 50% pruned",
    "BS=64, 80% pruned"
  ],
  "kernels": {
    "SDPA (math, padded)": [
      5.41534,
      2.67675,
      2.06541,
      10.62672,
      5.89258,
      4.05328
    ],
    "SDPA (efficient, padded)": [
      2.22106,
      1.99987,
      1.82698,
      4.15096,
      3.98632,
      3.70488
    ],
    "SDPA (flash, padded)": [
      2.0992,
      1.94765,
      1.79405,
      3.95525,
      3.89995,
      3.56864
    ],
    "NestedTensor + SDPA": [
      9.19091,
      9.07725,
      9.03589,
      17.31266,
      17.13459,
      17.09141
    ],
    "Triton Ragged (ours)": [
      0.13619,
      0.04198,
      0.02458,
      0.34406,
      0.07987,
      0.02765
    ],
    "FlashAttention-2 (varlen)": [
      0.11162,
      0.05632,
      0.0553,
      0.25395,
      0.07168,
      0.06042
    ]
  },
  "p5": {
    "SDPA (math, padded)": [
      5.35859,
      2.66419,
      2.02954,
      10.58,
      5.80301,
      4.02298
    ],
    "SDPA (efficient, padded)": [
      2.20906,
      1.98758,
      1.79712,
      4.13085,
      3.97104,
      3.55318
    ],
    "SDPA (flash, padded)": [
      2.06541,
      1.93363,
      1.78586,
      3.93846,
      3.88208,
      3.50499
    ],
    "NestedTensor + SDPA": [
      9.10938,
      9.01344,
      8.81549,
      17.05254,
      16.9849,
      16.93984
    ],
    "Triton Ragged (ours)": [
      0.13517,
      0.04096,
      0.02355,
      0.33075,
      0.07885,
      0.02765
    ],
    "FlashAttention-2 (varlen)": [
      0.11059,
      0.05446,
      0.05427,
      0.25293,
      0.07066,
      0.05939
    ]
  },
  "p95": {
    "SDPA (math, padded)": [
      5.4807,
      2.75232,
      2.08179,
      10.7479,
      5.98938,
      4.18173
    ],
    "SDPA (efficient, padded)": [
      2.23738,
      2.07357,
      1.8367,
      4.28544,
      4.10522,
      3.7871
    ],
    "SDPA (flash, padded)": [
      2.11574,
      2.01728,
      1.82784,
      3.97126,
      4.03456,
      3.58912
    ],
    "NestedTensor + SDPA": [
      9.68742,
      9.54266,
      11.90992,
      18.0832,
      18.10637,
      17.92682
    ],
    "Triton Ragged (ours)": [
      0.13722,
      0.04224,
      0.02662,
      0.34714,
      0.07987,
      0.02867
    ],
    "FlashAttention-2 (varlen)": [
      0.11469,
      0.05837,
      0.05837,
      0.27034,
      0.07203,
      0.06144
    ]
  }
}