{
  "gpu": "NVIDIA RTX 4000 Ada Generation",
  "sm": "SM89",
  "timing": "cuda_events_median_ms",
  "warmup": 50,
  "jit_warmup": 150,
  "iters": 300,
  "configs": [
    "BS=32, 0% pruned",
    "BS=32, 50% pruned",
    "BS=32, 80% pruned",
    "BS=64, 0% pruned",
    "BS=64, 50% pruned",
    "BS=64, 80% pruned"
  ],
  "kernels": {
    "SDPA (math, padded)": [
      5.33733,
      2.62536,
      2.13182,
      11.00582,
      5.80915,
      4.18099
    ],
    "SDPA (efficient, padded)": [
      2.21883,
      1.95576,
      1.84875,
      4.34981,
      3.88317,
      3.69558
    ],
    "SDPA (flash, padded)": [
      2.01779,
      1.90539,
      1.8248,
      4.1005,
      3.8011,
      3.7141
    ],
    "NestedTensor + SDPA": [
      8.92667,
      9.11048,
      9.0715,
      17.48538,
      17.09562,
      17.02277
    ],
    "Triton Ragged (ours)": [
      0.13722,
      0.04198,
      0.02458,
      0.34509,
      0.07987,
      0.02765
    ],
    "FlashAttention-2 (varlen)": [
      0.11366,
      0.05018,
      0.0512,
      0.25395,
      0.07168,
      0.06042
    ]
  },
  "p5": {
    "SDPA (math, padded)": [
      5.26406,
      2.55814,
      2.0569,
      10.62003,
      5.66477,
      4.03898
    ],
    "SDPA (efficient, padded)": [
      2.176,
      1.88317,
      1.77882,
      4.17658,
      3.66659,
      3.49011
    ],
    "SDPA (flash, padded)": [
      1.98272,
      1.84554,
      1.81382,
      3.88506,
      3.65875,
      3.57856
    ],
    "NestedTensor + SDPA": [
      8.73997,
      8.69898,
      8.65382,
      16.72432,
      16.45594,
      16.44528
    ],
    "Triton Ragged (ours)": [
      0.13619,
      0.04138,
      0.01536,
      0.33587,
      0.07885,
      0.02662
    ],
    "FlashAttention-2 (varlen)": [
      0.11264,
      0.03686,
      0.03379,
      0.25216,
      0.07078,
      0.05939
    ]
  },
  "p95": {
    "SDPA (math, padded)": [
      5.88198,
      3.10682,
      2.61837,
      11.3584,
      6.35536,
      4.67654
    ],
    "SDPA (efficient, padded)": [
      2.68595,
      2.45722,
      2.29808,
      4.87939,
      4.44006,
      4.23526
    ],
    "SDPA (flash, padded)": [
      2.56134,
      2.43123,
      2.32944,
      4.69094,
      4.35587,
      4.28368
    ],
    "NestedTensor + SDPA": [
      9.43693,
      9.54502,
      9.39642,
      18.13715,
      17.75718,
      17.70086
    ],
    "Triton Ragged (ours)": [
      0.14131,
      0.04301,
      0.02563,
      0.34947,
      0.07994,
      0.02768
    ],
    "FlashAttention-2 (varlen)": [
      0.11674,
      0.05325,
      0.05427,
      0.26726,
      0.07373,
      0.06144
    ]
  }
}