{
  "gpu": "NVIDIA RTX 4000 Ada Generation",
  "sm": "SM89",
  "timing": "cuda_events_median_ms",
  "warmup": 50,
  "jit_warmup": 150,
  "iters": 300,
  "configs": [
    "BS=32, 0% pruned",
    "BS=32, 50% pruned",
    "BS=32, 80% pruned",
    "BS=64, 0% pruned",
    "BS=64, 50% pruned",
    "BS=64, 80% pruned"
  ],
  "kernels": {
    "SDPA (math, padded)": [
      5.27141,
      2.54578,
      2.05853,
      10.60147,
      5.66382,
      4.02125
    ],
    "SDPA (efficient, padded)": [
      2.09834,
      1.86934,
      1.82171,
      4.12877,
      3.74176,
      3.53382
    ],
    "SDPA (flash, padded)": [
      1.97582,
      1.88704,
      1.8176,
      3.94562,
      3.79755,
      3.542
    ],
    "NestedTensor + SDPA": [
      8.9549,
      8.84309,
      8.87133,
      16.93747,
      16.64342,
      16.67726
    ],
    "Triton Ragged (ours)": [
      0.13619,
      0.04198,
      0.02355,
      0.34304,
      0.07987,
      0.02765
    ],
    "FlashAttention-2 (varlen)": [
      0.11162,
      0.05018,
      0.04915,
      0.25395,
      0.07168,
      0.06042
    ]
  },
  "p5": {
    "SDPA (math, padded)": [
      5.24979,
      2.51718,
      2.04995,
      10.55766,
      5.64397,
      3.95504
    ],
    "SDPA (efficient, padded)": [
      2.08717,
      1.83782,
      1.80634,
      4.06102,
      3.72723,
      3.47011
    ],
    "SDPA (flash, padded)": [
      1.9497,
      1.81965,
      1.80842,
      3.92602,
      3.66064,
      3.48125
    ],
    "NestedTensor + SDPA": [
      8.70934,
      8.76211,
      8.73734,
      16.57754,
      16.29251,
      16.42925
    ],
    "Triton Ragged (ours)": [
      0.13517,
      0.04096,
      0.02253,
      0.33178,
      0.07885,
      0.02662
    ],
    "FlashAttention-2 (varlen)": [
      0.11059,
      0.04813,
      0.04813,
      0.25293,
      0.07066,
      0.05939
    ]
  },
  "p95": {
    "SDPA (math, padded)": [
      5.34966,
      2.55898,
      2.06848,
      10.67008,
      5.76499,
      4.04493
    ],
    "SDPA (efficient, padded)": [
      2.11456,
      1.94048,
      1.89011,
      4.14618,
      3.79699,
      3.55021
    ],
    "SDPA (flash, padded)": [
      2.01011,
      1.89747,
      1.8903,
      4.08659,
      3.85024,
      3.56454
    ],
    "NestedTensor + SDPA": [
      9.38291,
      9.26208,
      9.2928,
      17.81965,
      17.41414,
      17.48682
    ],
    "Triton Ragged (ours)": [
      0.13722,
      0.04234,
      0.02458,
      0.34637,
      0.07987,
      0.0279
    ],
    "FlashAttention-2 (varlen)": [
      0.11264,
      0.05222,
      0.05222,
      0.26931,
      0.0727,
      0.06144
    ]
  }
}