{
  "gpu": "NVIDIA RTX 4000 Ada Generation",
  "sm": "SM89",
  "timing": "cuda_events_median_ms",
  "warmup": 50,
  "jit_warmup": 150,
  "iters": 300,
  "configs": [
    "BS=32, 0% pruned",
    "BS=32, 50% pruned",
    "BS=32, 80% pruned",
    "BS=64, 0% pruned",
    "BS=64, 50% pruned",
    "BS=64, 80% pruned"
  ],
  "kernels": {
    "SDPA (math, padded)": [
      5.30547,
      2.62531,
      2.1289,
      10.61102,
      5.73494,
      4.03458
    ],
    "SDPA (efficient, padded)": [
      2.2231,
      1.94576,
      1.88909,
      4.1453,
      3.87584,
      3.67104
    ],
    "SDPA (flash, padded)": [
      2.10176,
      1.8964,
      1.84914,
      4.0873,
      3.65821,
      3.56557
    ],
    "NestedTensor + SDPA": [
      8.88635,
      9.1243,
      9.10339,
      16.82586,
      16.5391,
      16.47867
    ],
    "Triton Ragged (ours)": [
      0.13619,
      0.04198,
      0.02458,
      0.34416,
      0.07987,
      0.02765
    ],
    "FlashAttention-2 (varlen)": [
      0.11162,
      0.0512,
      0.05018,
      0.25605,
      0.07107,
      0.06042
    ]
  },
  "p5": {
    "SDPA (math, padded)": [
      5.28262,
      2.55258,
      2.05821,
      10.5687,
      5.64966,
      4.01914
    ],
    "SDPA (efficient, padded)": [
      2.20134,
      1.86989,
      1.81862,
      4.12838,
      3.73382,
      3.53613
    ],
    "SDPA (flash, padded)": [
      2.08486,
      1.82579,
      1.80813,
      3.95568,
      3.60243,
      3.54723
    ],
    "NestedTensor + SDPA": [
      8.76134,
      8.71754,
      8.70416,
      16.69622,
      16.4137,
      16.3287
    ],
    "Triton Ragged (ours)": [
      0.13517,
      0.04096,
      0.02355,
      0.33178,
      0.07885,
      0.02701
    ],
    "FlashAttention-2 (varlen)": [
      0.11059,
      0.04915,
      0.04915,
      0.25498,
      0.07066,
      0.05942
    ]
  },
  "p95": {
    "SDPA (math, padded)": [
      5.37072,
      2.63885,
      2.14045,
      10.72208,
      5.80896,
      4.17475
    ],
    "SDPA (efficient, padded)": [
      2.24563,
      1.99066,
      1.89773,
      4.28442,
      3.95062,
      3.75565
    ],
    "SDPA (flash, padded)": [
      2.12992,
      1.94048,
      1.89235,
      4.15869,
      3.68726,
      3.76448
    ],
    "NestedTensor + SDPA": [
      9.29677,
      9.23171,
      9.32672,
      17.61792,
      17.26976,
      17.35498
    ],
    "Triton Ragged (ours)": [
      0.13722,
      0.04301,
      0.0257,
      0.34714,
      0.07987,
      0.02867
    ],
    "FlashAttention-2 (varlen)": [
      0.11264,
      0.05325,
      0.05325,
      0.26931,
      0.0727,
      0.06144
    ]
  }
}