{
  "gpu": "NVIDIA RTX 4000 Ada Generation",
  "sm": "SM89",
  "timing": "cuda_events_median_ms",
  "warmup": 50,
  "jit_warmup": 150,
  "iters": 300,
  "configs": [
    "BS=32, 0% pruned",
    "BS=32, 50% pruned",
    "BS=32, 80% pruned",
    "BS=64, 0% pruned",
    "BS=64, 50% pruned",
    "BS=64, 80% pruned"
  ],
  "kernels": {
    "SDPA (math, padded)": [
      5.33806,
      2.56282,
      2.05942,
      10.71506,
      5.70742,
      4.16154
    ],
    "SDPA (efficient, padded)": [
      2.25686,
      1.88006,
      1.82205,
      4.13699,
      3.75296,
      3.91578
    ],
    "SDPA (flash, padded)": [
      2.17483,
      1.8391,
      1.81312,
      3.9521,
      3.67536,
      3.78987
    ],
    "NestedTensor + SDPA": [
      9.23709,
      8.7344,
      8.71424,
      16.77816,
      16.50976,
      16.4443
    ],
    "Triton Ragged (ours)": [
      0.13517,
      0.04198,
      0.02355,
      0.34406,
      0.07987,
      0.02765
    ],
    "FlashAttention-2 (varlen)": [
      0.11174,
      0.04813,
      0.04718,
      0.26726,
      0.07168,
      0.06115
    ]
  },
  "p5": {
    "SDPA (math, padded)": [
      5.30102,
      2.5487,
      2.05226,
      10.55744,
      5.66067,
      4.1216
    ],
    "SDPA (efficient, padded)": [
      2.22208,
      1.8729,
      1.81424,
      4.0712,
      3.7417,
      3.77344
    ],
    "SDPA (flash, padded)": [
      2.10739,
      1.79098,
      1.80557,
      3.93206,
      3.65667,
      3.72429
    ],
    "NestedTensor + SDPA": [
      8.78877,
      8.66611,
      8.65792,
      16.53146,
      16.36429,
      16.21606
    ],
    "Triton Ragged (ours)": [
      0.13414,
      0.04198,
      0.02253,
      0.33178,
      0.07885,
      0.02765
    ],
    "FlashAttention-2 (varlen)": [
      0.11059,
      0.04608,
      0.04608,
      0.25293,
      0.07066,
      0.06042
    ]
  },
  "p95": {
    "SDPA (math, padded)": [
      5.39853,
      2.6625,
      2.06918,
      10.80422,
      5.82413,
      4.31747
    ],
    "SDPA (efficient, padded)": [
      2.31014,
      1.8913,
      1.83002,
      4.15437,
      3.76832,
      3.98438
    ],
    "SDPA (flash, padded)": [
      2.21693,
      2.6327,
      1.82262,
      4.16112,
      3.8071,
      3.91981
    ],
    "NestedTensor + SDPA": [
      9.35664,
      9.34403,
      9.08595,
      17.58064,
      17.31994,
      17.2576
    ],
    "Triton Ragged (ours)": [
      0.13635,
      0.0424,
      0.02458,
      0.34611,
      0.07987,
      0.02867
    ],
    "FlashAttention-2 (varlen)": [
      0.11981,
      0.05018,
      0.05018,
      0.26941,
      0.0727,
      0.0615
    ]
  }
}