{
  "gpu": "NVIDIA RTX 4000 Ada Generation",
  "sm": "SM89",
  "timing": "cuda_events_median_ms",
  "warmup": 50,
  "jit_warmup": 150,
  "iters": 300,
  "configs": [
    "BS=32, 0% pruned",
    "BS=32, 50% pruned",
    "BS=32, 80% pruned",
    "BS=64, 0% pruned",
    "BS=64, 50% pruned",
    "BS=64, 80% pruned"
  ],
  "kernels": {
    "SDPA (math, padded)": [
      5.35242,
      2.5721,
      2.07123,
      10.62298,
      5.69592,
      4.06294
    ],
    "SDPA (efficient, padded)": [
      2.23485,
      1.88446,
      1.83398,
      4.27315,
      3.76066,
      3.5523
    ],
    "SDPA (flash, padded)": [
      2.11758,
      1.84686,
      1.83397,
      4.09691,
      3.67499,
      3.56768
    ],
    "NestedTensor + SDPA": [
      8.81445,
      8.70179,
      8.71693,
      16.60323,
      16.84662,
      16.30794
    ],
    "Triton Ragged (ours)": [
      0.13619,
      0.04198,
      0.02458,
      0.34202,
      0.07987,
      0.02765
    ],
    "FlashAttention-2 (varlen)": [
      0.11162,
      0.04813,
      0.05018,
      0.26317,
      0.07168,
      0.06042
    ]
  },
  "p5": {
    "SDPA (math, padded)": [
      5.30038,
      2.56102,
      2.03469,
      10.57178,
      5.64742,
      4.03459
    ],
    "SDPA (efficient, padded)": [
      2.22496,
      1.87568,
      1.82272,
      4.13594,
      3.73328,
      3.48746
    ],
    "SDPA (flash, padded)": [
      2.1072,
      1.8144,
      1.82461,
      3.95674,
      3.66058,
      3.49882
    ],
    "NestedTensor + SDPA": [
      8.63744,
      8.64646,
      8.58822,
      16.19587,
      16.21229,
      15.96518
    ],
    "Triton Ragged (ours)": [
      0.13517,
      0.04096,
      0.02355,
      0.33178,
      0.07885,
      0.02662
    ],
    "FlashAttention-2 (varlen)": [
      0.11059,
      0.0471,
      0.04915,
      0.25293,
      0.07066,
      0.05939
    ]
  },
  "p95": {
    "SDPA (math, padded)": [
      5.40346,
      2.64499,
      2.14528,
      10.7264,
      5.80122,
      4.2017
    ],
    "SDPA (efficient, padded)": [
      2.24973,
      1.89478,
      1.90042,
      4.29354,
      3.94883,
      3.68717
    ],
    "SDPA (flash, padded)": [
      2.18317,
      1.90669,
      1.90698,
      4.17923,
      3.81754,
      3.69747
    ],
    "NestedTensor + SDPA": [
      9.16774,
      9.09005,
      9.11962,
      17.41005,
      17.36877,
      17.2239
    ],
    "Triton Ragged (ours)": [
      0.13722,
      0.04301,
      0.0256,
      0.34406,
      0.07987,
      0.0279
    ],
    "FlashAttention-2 (varlen)": [
      0.11264,
      0.05018,
      0.05325,
      0.26448,
      0.0727,
      0.06144
    ]
  }
}