{
  "gpu": "NVIDIA RTX 4000 Ada Generation",
  "sm": "SM89",
  "timing": "cuda_events_median_ms",
  "warmup": 50,
  "jit_warmup": 150,
  "iters": 300,
  "configs": [
    "BS=32, 0% pruned",
    "BS=32, 50% pruned",
    "BS=32, 80% pruned",
    "BS=64, 0% pruned",
    "BS=64, 50% pruned",
    "BS=64, 80% pruned"
  ],
  "kernels": {
    "SDPA (math, padded)": [
      5.45098,
      2.70227,
      2.1115,
      10.97814,
      6.00614,
      4.32699
    ],
    "SDPA (efficient, padded)": [
      2.26082,
      2.09797,
      1.95134,
      4.57477,
      4.04685,
      3.9812
    ],
    "SDPA (flash, padded)": [
      2.13611,
      2.04766,
      1.9263,
      4.2899,
      3.968,
      3.84406
    ],
    "NestedTensor + SDPA": [
      9.23699,
      9.15354,
      9.12938,
      17.50266,
      17.27558,
      17.2108
    ],
    "Triton Ragged (ours)": [
      0.13619,
      0.04198,
      0.02355,
      0.34229,
      0.07987,
      0.02765
    ],
    "FlashAttention-2 (varlen)": [
      0.11162,
      0.05325,
      0.05325,
      0.25395,
      0.07168,
      0.06042
    ]
  },
  "p5": {
    "SDPA (math, padded)": [
      5.3625,
      2.6248,
      2.06541,
      10.83466,
      5.84979,
      4.1728
    ],
    "SDPA (efficient, padded)": [
      2.24749,
      2.02342,
      1.80928,
      4.4329,
      3.8921,
      3.71818
    ],
    "SDPA (flash, padded)": [
      2.12403,
      1.97299,
      1.85926,
      4.23424,
      3.81133,
      3.53808
    ],
    "NestedTensor + SDPA": [
      9.02925,
      8.99686,
      8.94157,
      17.07725,
      16.87437,
      16.80896
    ],
    "Triton Ragged (ours)": [
      0.13517,
      0.04122,
      0.02253,
      0.33075,
      0.07885,
      0.02765
    ],
    "FlashAttention-2 (varlen)": [
      0.11059,
      0.05222,
      0.0512,
      0.25293,
      0.07066,
      0.05968
    ]
  },
  "p95": {
    "SDPA (math, padded)": [
      5.48842,
      2.72998,
      2.13286,
      11.12195,
      6.09792,
      4.42573
    ],
    "SDPA (efficient, padded)": [
      2.32365,
      2.12979,
      1.98042,
      4.60266,
      4.18502,
      4.07142
    ],
    "SDPA (flash, padded)": [
      2.21075,
      2.06336,
      1.98278,
      4.40525,
      4.10726,
      3.86758
    ],
    "NestedTensor + SDPA": [
      9.69898,
      9.39418,
      9.68906,
      18.81517,
      18.1279,
      18.03162
    ],
    "Triton Ragged (ours)": [
      0.13722,
      0.04301,
      0.02458,
      0.34509,
      0.07987,
      0.02867
    ],
    "FlashAttention-2 (varlen)": [
      0.12186,
      0.05632,
      0.0553,
      0.26829,
      0.0727,
      0.06144
    ]
  }
}