{
  "gpu": "NVIDIA RTX 4000 Ada Generation",
  "sm": "SM89",
  "timing": "cuda_events_median_ms",
  "warmup": 50,
  "jit_warmup": 150,
  "iters": 300,
  "configs": [
    "BS=32, 0% pruned",
    "BS=32, 50% pruned",
    "BS=32, 80% pruned",
    "BS=64, 0% pruned",
    "BS=64, 50% pruned",
    "BS=64, 80% pruned"
  ],
  "kernels": {
    "SDPA (math, padded)": [
      5.38691,
      2.67829,
      2.16459,
      10.89744,
      5.89267,
      4.24557
    ],
    "SDPA (efficient, padded)": [
      2.21806,
      1.98962,
      1.91986,
      4.37515,
      3.9535,
      3.66856
    ],
    "SDPA (flash, padded)": [
      2.08874,
      1.8809,
      1.91283,
      4.14883,
      3.89987,
      3.75549
    ],
    "NestedTensor + SDPA": [
      9.39469,
      9.25946,
      9.25963,
      17.50221,
      17.46973,
      17.12574
    ],
    "Triton Ragged (ours)": [
      0.13824,
      0.04198,
      0.02458,
      0.34514,
      0.07987,
      0.02765
    ],
    "FlashAttention-2 (varlen)": [
      0.11469,
      0.04946,
      0.0512,
      0.26317,
      0.0727,
      0.06042
    ]
  },
  "p5": {
    "SDPA (math, padded)": [
      5.3033,
      2.60192,
      2.08803,
      10.66214,
      5.73747,
      4.10214
    ],
    "SDPA (efficient, padded)": [
      2.18918,
      1.90157,
      1.84422,
      4.20992,
      3.80112,
      3.61661
    ],
    "SDPA (flash, padded)": [
      2.01392,
      1.83296,
      1.84362,
      3.9977,
      3.75213,
      3.62189
    ],
    "NestedTensor + SDPA": [
      8.92234,
      8.80266,
      8.78912,
      16.8704,
      16.71885,
      16.5159
    ],
    "Triton Ragged (ours)": [
      0.13619,
      0.04141,
      0.02355,
      0.33587,
      0.07885,
      0.02662
    ],
    "FlashAttention-2 (varlen)": [
      0.11264,
      0.03686,
      0.04915,
      0.25395,
      0.07168,
      0.05939
    ]
  },
  "p95": {
    "SDPA (math, padded)": [
      5.93101,
      3.17216,
      2.62931,
      11.41846,
      6.43693,
      4.76506
    ],
    "SDPA (efficient, padded)": [
      2.72106,
      2.49894,
      2.41152,
      4.92752,
      4.52109,
      4.30182
    ],
    "SDPA (flash, padded)": [
      2.60384,
      2.34906,
      2.43891,
      4.67354,
      4.44637,
      4.31104
    ],
    "NestedTensor + SDPA": [
      9.82109,
      9.71123,
      9.70342,
      18.1545,
      18.06438,
      18.00573
    ],
    "Triton Ragged (ours)": [
      0.14131,
      0.04301,
      0.0256,
      0.35021,
      0.07987,
      0.02787
    ],
    "FlashAttention-2 (varlen)": [
      0.11674,
      0.05325,
      0.05347,
      0.26931,
      0.07475,
      0.06144
    ]
  }
}