{
  "gpu": "NVIDIA RTX 4000 Ada Generation",
  "sm": "SM89",
  "timing": "cuda_events_median_ms",
  "warmup": 50,
  "jit_warmup": 150,
  "iters": 300,
  "configs": [
    "BS=32, 0% pruned",
    "BS=32, 50% pruned",
    "BS=32, 80% pruned",
    "BS=64, 0% pruned",
    "BS=64, 50% pruned",
    "BS=64, 80% pruned"
  ],
  "kernels": {
    "SDPA (math, padded)": [
      5.35006,
      2.63842,
      2.13307,
      10.82778,
      5.85034,
      4.28803
    ],
    "SDPA (efficient, padded)": [
      2.12542,
      1.92435,
      1.90616,
      4.39725,
      3.95264,
      3.74579
    ],
    "SDPA (flash, padded)": [
      1.99394,
      1.91918,
      1.89128,
      4.30504,
      3.9337,
      3.74955
    ],
    "NestedTensor + SDPA": [
      9.42579,
      9.33112,
      9.27488,
      17.75728,
      17.60838,
      17.48483
    ],
    "Triton Ragged (ours)": [
      0.13722,
      0.04198,
      0.02355,
      0.34326,
      0.07987,
      0.02765
    ],
    "FlashAttention-2 (varlen)": [
      0.11469,
      0.04813,
      0.0503,
      0.26317,
      0.0727,
      0.06042
    ]
  },
  "p5": {
    "SDPA (math, padded)": [
      5.2655,
      2.56032,
      2.06323,
      10.61795,
      5.70566,
      4.10112
    ],
    "SDPA (efficient, padded)": [
      2.11046,
      1.84301,
      1.82989,
      4.26189,
      3.7984,
      3.60538
    ],
    "SDPA (flash, padded)": [
      1.98144,
      1.84141,
      1.81965,
      4.0663,
      3.78662,
      3.59526
    ],
    "NestedTensor + SDPA": [
      8.95078,
      8.87808,
      8.82413,
      16.94326,
      16.72614,
      16.67078
    ],
    "Triton Ragged (ours)": [
      0.13619,
      0.04198,
      0.01536,
      0.33587,
      0.07885,
      0.02662
    ],
    "FlashAttention-2 (varlen)": [
      0.11264,
      0.03686,
      0.03286,
      0.2519,
      0.07066,
      0.05939
    ]
  },
  "p95": {
    "SDPA (math, padded)": [
      5.88627,
      3.14163,
      2.6272,
      11.37152,
      6.43488,
      4.83734
    ],
    "SDPA (efficient, padded)": [
      2.67405,
      2.40093,
      2.3776,
      4.95002,
      4.50768,
      4.32426
    ],
    "SDPA (flash, padded)": [
      2.54781,
      2.43309,
      2.40307,
      4.9079,
      4.47382,
      4.33389
    ],
    "NestedTensor + SDPA": [
      9.90934,
      9.79571,
      9.71683,
      18.48806,
      18.35213,
      18.21523
    ],
    "Triton Ragged (ours)": [
      0.13824,
      0.04301,
      0.0256,
      0.34611,
      0.08013,
      0.02774
    ],
    "FlashAttention-2 (varlen)": [
      0.11571,
      0.0512,
      0.05427,
      0.26829,
      0.07373,
      0.06144
    ]
  }
}