{
  "gpu": "NVIDIA RTX 4000 Ada Generation",
  "sm": "SM89",
  "timing": "cuda_events_median_ms",
  "warmup": 50,
  "jit_warmup": 150,
  "iters": 300,
  "configs": [
    "BS=32, 0% pruned",
    "BS=32, 50% pruned",
    "BS=32, 80% pruned",
    "BS=64, 0% pruned",
    "BS=64, 50% pruned",
    "BS=64, 80% pruned"
  ],
  "kernels": {
    "SDPA (math, padded)": [
      5.75437,
      2.64978,
      2.08589,
      10.9415,
      5.83163,
      4.1455
    ],
    "SDPA (efficient, padded)": [
      2.18574,
      1.92878,
      1.85581,
      4.29387,
      3.89939,
      3.708
    ],
    "SDPA (flash, padded)": [
      2.01541,
      1.8172,
      1.92574,
      4.11546,
      3.72048,
      3.71882
    ],
    "NestedTensor + SDPA": [
      9.1904,
      9.17843,
      9.15389,
      17.25739,
      17.12691,
      16.68691
    ],
    "Triton Ragged (ours)": [
      0.13722,
      0.04198,
      0.0256,
      0.34406,
      0.07987,
      0.02765
    ],
    "FlashAttention-2 (varlen)": [
      0.11366,
      0.04813,
      0.05018,
      0.256,
      0.0727,
      0.06042
    ]
  },
  "p5": {
    "SDPA (math, padded)": [
      5.29226,
      2.58355,
      2.06336,
      10.5935,
      5.6791,
      4.04986
    ],
    "SDPA (efficient, padded)": [
      2.11469,
      1.91043,
      1.83501,
      4.15027,
      3.75398,
      3.5696
    ],
    "SDPA (flash, padded)": [
      1.98042,
      1.79133,
      1.83296,
      3.9632,
      3.67216,
      3.57718
    ],
    "NestedTensor + SDPA": [
      8.79683,
      8.75126,
      8.71834,
      16.68083,
      16.52659,
      16.1751
    ],
    "Triton Ragged (ours)": [
      0.13619,
      0.04096,
      0.02458,
      0.33485,
      0.07885,
      0.02662
    ],
    "FlashAttention-2 (varlen)": [
      0.11264,
      0.0471,
      0.03296,
      0.25293,
      0.07168,
      0.05939
    ]
  },
  "p95": {
    "SDPA (math, padded)": [
      6.24646,
      3.17629,
      2.68618,
      11.40822,
      6.36291,
      4.72771
    ],
    "SDPA (efficient, padded)": [
      2.72589,
      2.4696,
      2.41664,
      4.84339,
      4.37046,
      4.25094
    ],
    "SDPA (flash, padded)": [
      2.60403,
      1.98042,
      2.40432,
      4.68266,
      4.33462,
      4.308
    ],
    "NestedTensor + SDPA": [
      9.66646,
      9.59078,
      9.55907,
      17.90566,
      17.84432,
      17.60154
    ],
    "Triton Ragged (ours)": [
      0.14234,
      0.04301,
      0.02662,
      0.34714,
      0.07994,
      0.02778
    ],
    "FlashAttention-2 (varlen)": [
      0.11571,
      0.05427,
      0.05427,
      0.26624,
      0.07376,
      0.06144
    ]
  }
}