{
  "gpu": "NVIDIA RTX 4000 Ada Generation",
  "sm": "SM89",
  "timing": "cuda_events_median_ms",
  "warmup": 50,
  "jit_warmup": 150,
  "iters": 300,
  "configs": [
    "BS=32, 0% pruned",
    "BS=32, 50% pruned",
    "BS=32, 80% pruned",
    "BS=64, 0% pruned",
    "BS=64, 50% pruned",
    "BS=64, 80% pruned"
  ],
  "kernels": {
    "SDPA (math, padded)": [
      5.39874,
      2.63782,
      2.14118,
      10.66906,
      5.82333,
      4.14234
    ],
    "SDPA (efficient, padded)": [
      2.24394,
      1.88568,
      1.89118,
      4.16266,
      3.77757,
      3.57302
    ],
    "SDPA (flash, padded)": [
      2.11973,
      1.90659,
      1.8985,
      3.99565,
      3.67514,
      3.59142
    ],
    "NestedTensor + SDPA": [
      9.00691,
      9.07893,
      8.88869,
      17.06714,
      16.81781,
      16.79821
    ],
    "Triton Ragged (ours)": [
      0.13517,
      0.04198,
      0.02355,
      0.34408,
      0.07987,
      0.02765
    ],
    "FlashAttention-2 (varlen)": [
      0.11162,
      0.04915,
      0.04915,
      0.25395,
      0.07168,
      0.06042
    ]
  },
  "p5": {
    "SDPA (math, padded)": [
      5.31456,
      2.56435,
      2.06774,
      10.58432,
      5.69254,
      4.0481
    ],
    "SDPA (efficient, padded)": [
      2.22925,
      1.87699,
      1.8281,
      4.1401,
      3.75808,
      3.55942
    ],
    "SDPA (flash, padded)": [
      2.10227,
      1.8391,
      1.79706,
      3.95776,
      3.65798,
      3.58022
    ],
    "NestedTensor + SDPA": [
      8.90371,
      8.86368,
      8.82688,
      16.87184,
      16.68403,
      16.3543
    ],
    "Triton Ragged (ours)": [
      0.13517,
      0.04096,
      0.02253,
      0.3328,
      0.07885,
      0.02662
    ],
    "FlashAttention-2 (varlen)": [
      0.11059,
      0.04813,
      0.04813,
      0.25293,
      0.07066,
      0.05939
    ]
  },
  "p95": {
    "SDPA (math, padded)": [
      5.45578,
      2.68186,
      2.15558,
      10.7561,
      5.8985,
      4.31117
    ],
    "SDPA (efficient, padded)": [
      2.31392,
      1.96096,
      1.9095,
      4.30477,
      3.98435,
      3.80723
    ],
    "SDPA (flash, padded)": [
      2.18112,
      1.91693,
      1.93946,
      4.11654,
      3.81328,
      3.60448
    ],
    "NestedTensor + SDPA": [
      9.30509,
      9.55488,
      9.3041,
      17.84115,
      17.64035,
      17.91693
    ],
    "Triton Ragged (ours)": [
      0.13619,
      0.04301,
      0.02483,
      0.34714,
      0.07987,
      0.0279
    ],
    "FlashAttention-2 (varlen)": [
      0.11264,
      0.0513,
      0.05325,
      0.26931,
      0.07181,
      0.06144
    ]
  }
}