{
  "gpu": "NVIDIA RTX 4000 Ada Generation",
  "sm": "SM89",
  "timing": "cuda_events_median_ms",
  "warmup": 50,
  "jit_warmup": 150,
  "iters": 300,
  "configs": [
    "BS=32, 0% pruned",
    "BS=32, 50% pruned",
    "BS=32, 80% pruned",
    "BS=64, 0% pruned",
    "BS=64, 50% pruned",
    "BS=64, 80% pruned"
  ],
  "kernels": {
    "SDPA (math, padded)": [
      5.32496,
      2.56616,
      2.03587,
      10.65992,
      5.90899,
      4.17744
    ],
    "SDPA (efficient, padded)": [
      2.11354,
      1.92093,
      1.83091,
      4.11763,
      4.14142,
      3.80141
    ],
    "SDPA (flash, padded)": [
      2.05726,
      1.90741,
      1.82965,
      3.96782,
      3.93946,
      3.82467
    ],
    "NestedTensor + SDPA": [
      8.91397,
      8.63038,
      8.80968,
      17.07002,
      16.82467,
      16.64613
    ],
    "Triton Ragged (ours)": [
      0.13517,
      0.04198,
      0.02258,
      0.34509,
      0.07987,
      0.02765
    ],
    "FlashAttention-2 (varlen)": [
      0.11173,
      0.0471,
      0.0471,
      0.26726,
      0.07168,
      0.06042
    ]
  },
  "p5": {
    "SDPA (math, padded)": [
      5.27139,
      2.52406,
      2.02794,
      10.56077,
      5.78694,
      4.13248
    ],
    "SDPA (efficient, padded)": [
      2.0848,
      1.84659,
      1.80301,
      4.08474,
      4.00691,
      3.7335
    ],
    "SDPA (flash, padded)": [
      1.98963,
      1.84115,
      1.82269,
      3.89661,
      3.88022,
      3.76141
    ],
    "NestedTensor + SDPA": [
      8.85043,
      8.57498,
      8.62822,
      16.75683,
      16.62566,
      16.48538
    ],
    "Triton Ragged (ours)": [
      0.13414,
      0.04115,
      0.02253,
      0.33178,
      0.07885,
      0.02662
    ],
    "FlashAttention-2 (varlen)": [
      0.11059,
      0.04608,
      0.04608,
      0.25293,
      0.07066,
      0.05939
    ]
  },
  "p95": {
    "SDPA (math, padded)": [
      5.40442,
      2.64003,
      2.07034,
      10.76227,
      5.97725,
      4.33459
    ],
    "SDPA (efficient, padded)": [
      2.12605,
      1.96096,
      1.8432,
      4.17162,
      4.22912,
      3.81846
    ],
    "SDPA (flash, padded)": [
      2.07562,
      1.9207,
      1.8984,
      4.11437,
      3.95888,
      3.8481
    ],
    "NestedTensor + SDPA": [
      8.98662,
      8.83098,
      9.2439,
      18.01382,
      17.56125,
      17.52781
    ],
    "Triton Ragged (ours)": [
      0.13619,
      0.04301,
      0.02387,
      0.34714,
      0.07987,
      0.0279
    ],
    "FlashAttention-2 (varlen)": [
      0.1239,
      0.05018,
      0.05018,
      0.27034,
      0.07283,
      0.06144
    ]
  }
}