{
  "gpu": "NVIDIA RTX 4000 Ada Generation",
  "sm": "SM89",
  "timing": "cuda_events_median_ms",
  "warmup": 50,
  "jit_warmup": 150,
  "iters": 300,
  "configs": [
    "BS=32, 0% pruned",
    "BS=32, 50% pruned",
    "BS=32, 80% pruned",
    "BS=64, 0% pruned",
    "BS=64, 50% pruned",
    "BS=64, 80% pruned"
  ],
  "kernels": {
    "SDPA (math, padded)": [
      5.33101,
      2.66256,
      2.10125,
      10.70536,
      5.73966,
      4.22824
    ],
    "SDPA (efficient, padded)": [
      2.14014,
      1.90874,
      1.8441,
      4.18816,
      3.81664,
      3.59526
    ],
    "SDPA (flash, padded)": [
      2.07565,
      1.86158,
      1.90752,
      3.98955,
      3.73242,
      3.60251
    ],
    "NestedTensor + SDPA": [
      9.53443,
      9.06778,
      9.06294,
      17.53395,
      17.10494,
      16.99533
    ],
    "Triton Ragged (ours)": [
      0.13722,
      0.04198,
      0.02355,
      0.33894,
      0.07987,
      0.02765
    ],
    "FlashAttention-2 (varlen)": [
      0.11469,
      0.05325,
      0.05222,
      0.26624,
      0.07181,
      0.06042
    ]
  },
  "p5": {
    "SDPA (math, padded)": [
      5.27277,
      2.5897,
      2.08592,
      10.63418,
      5.64832,
      4.04822
    ],
    "SDPA (efficient, padded)": [
      2.1031,
      1.8985,
      1.83296,
      4.11853,
      3.78163,
      3.53178
    ],
    "SDPA (flash, padded)": [
      2.00483,
      1.85053,
      1.83261,
      3.92602,
      3.712,
      3.53174
    ],
    "NestedTensor + SDPA": [
      9.09926,
      8.89075,
      8.95795,
      17.20819,
      16.95437,
      16.89066
    ],
    "Triton Ragged (ours)": [
      0.13619,
      0.04096,
      0.02253,
      0.33587,
      0.07885,
      0.02765
    ],
    "FlashAttention-2 (varlen)": [
      0.11162,
      0.05126,
      0.05018,
      0.25498,
      0.07168,
      0.06042
    ]
  },
  "p95": {
    "SDPA (math, padded)": [
      5.37827,
      2.67981,
      2.17066,
      10.80765,
      5.86717,
      4.2569
    ],
    "SDPA (efficient, padded)": [
      2.20979,
      1.98448,
      1.91693,
      4.29056,
      3.94211,
      3.73578
    ],
    "SDPA (flash, padded)": [
      2.09818,
      1.97427,
      1.95174,
      4.00576,
      3.87213,
      3.7328
    ],
    "NestedTensor + SDPA": [
      9.65942,
      9.54272,
      9.51299,
      18.304,
      18.00838,
      17.77363
    ],
    "Triton Ragged (ours)": [
      0.13926,
      0.04301,
      0.02458,
      0.34918,
      0.07994,
      0.02867
    ],
    "FlashAttention-2 (varlen)": [
      0.11571,
      0.0553,
      0.0553,
      0.27136,
      0.07286,
      0.06144
    ]
  }
}