{
  "gpu": "NVIDIA RTX 4000 Ada Generation",
  "sm": "SM89",
  "timing": "cuda_events_median_ms",
  "warmup": 50,
  "jit_warmup": 150,
  "iters": 300,
  "configs": [
    "BS=32, 0% pruned",
    "BS=32, 50% pruned",
    "BS=32, 80% pruned",
    "BS=64, 0% pruned",
    "BS=64, 50% pruned",
    "BS=64, 80% pruned"
  ],
  "kernels": {
    "SDPA (math, padded)": [
      5.38915,
      2.66245,
      2.16022,
      10.63421,
      5.73987,
      4.07387
    ],
    "SDPA (efficient, padded)": [
      2.32755,
      1.95458,
      1.92322,
      4.15638,
      3.78331,
      3.56472
    ],
    "SDPA (flash, padded)": [
      2.42688,
      1.89934,
      1.89134,
      3.96186,
      3.68352,
      3.56882
    ],
    "NestedTensor + SDPA": [
      9.44147,
      8.97891,
      8.95592,
      17.46272,
      17.67706,
      17.01131
    ],
    "Triton Ragged (ours)": [
      0.13722,
      0.04198,
      0.02355,
      0.34714,
      0.07987,
      0.02765
    ],
    "FlashAttention-2 (varlen)": [
      0.11198,
      0.05325,
      0.05018,
      0.26646,
      0.0717,
      0.06042
    ]
  },
  "p5": {
    "SDPA (math, padded)": [
      5.33606,
      2.57024,
      2.1359,
      10.59206,
      5.68029,
      4.04173
    ],
    "SDPA (efficient, padded)": [
      2.25792,
      1.88208,
      1.88554,
      4.13779,
      3.74458,
      3.54531
    ],
    "SDPA (flash, padded)": [
      1.95277,
      1.82845,
      1.82051,
      3.93523,
      3.66611,
      3.55402
    ],
    "NestedTensor + SDPA": [
      9.04186,
      8.76643,
      8.86067,
      17.06922,
      16.9041,
      16.72106
    ],
    "Triton Ragged (ours)": [
      0.13619,
      0.04096,
      0.02253,
      0.3369,
      0.07885,
      0.02662
    ],
    "FlashAttention-2 (varlen)": [
      0.11162,
      0.0512,
      0.04813,
      0.25293,
      0.07066,
      0.05939
    ]
  },
  "p95": {
    "SDPA (math, padded)": [
      5.45293,
      3.04371,
      2.18214,
      10.752,
      5.84195,
      4.26726
    ],
    "SDPA (efficient, padded)": [
      2.37069,
      1.99264,
      1.93642,
      4.296,
      3.89981,
      3.69987
    ],
    "SDPA (flash, padded)": [
      2.43955,
      1.93421,
      1.93354,
      4.09456,
      3.8889,
      3.59526
    ],
    "NestedTensor + SDPA": [
      9.74218,
      9.6391,
      9.34595,
      18.39277,
      18.06365,
      17.79789
    ],
    "Triton Ragged (ours)": [
      0.13926,
      0.04301,
      0.02458,
      0.34944,
      0.07987,
      0.02781
    ],
    "FlashAttention-2 (varlen)": [
      0.11306,
      0.05734,
      0.05222,
      0.27034,
      0.07293,
      0.06144
    ]
  }
}