{
  "gpu": "NVIDIA RTX 4000 Ada Generation",
  "sm": "SM89",
  "timing": "cuda_events_median_ms",
  "warmup": 50,
  "jit_warmup": 150,
  "iters": 300,
  "configs": [
    "BS=32, 0% pruned",
    "BS=32, 50% pruned",
    "BS=32, 80% pruned",
    "BS=64, 0% pruned",
    "BS=64, 50% pruned",
    "BS=64, 80% pruned"
  ],
  "kernels": {
    "SDPA (math, padded)": [
      5.34434,
      2.63144,
      2.13658,
      10.65819,
      6.01768,
      4.37928
    ],
    "SDPA (efficient, padded)": [
      2.10947,
      1.87802,
      1.81792,
      4.13254,
      4.09958,
      3.77237
    ],
    "SDPA (flash, padded)": [
      1.98854,
      1.89747,
      1.84346,
      3.94653,
      3.90307,
      3.77752
    ],
    "NestedTensor + SDPA": [
      9.25811,
      8.88014,
      9.12493,
      16.65485,
      16.56515,
      16.36045
    ],
    "Triton Ragged (ours)": [
      0.13619,
      0.04198,
      0.02458,
      0.34611,
      0.07987,
      0.02765
    ],
    "FlashAttention-2 (varlen)": [
      0.11162,
      0.04813,
      0.04813,
      0.26419,
      0.0727,
      0.06042
    ]
  },
  "p5": {
    "SDPA (math, padded)": [
      5.2727,
      2.5559,
      2.06429,
      10.58582,
      5.88189,
      4.25382
    ],
    "SDPA (efficient, padded)": [
      2.10022,
      1.86768,
      1.80739,
      4.10931,
      3.86266,
      3.75398
    ],
    "SDPA (flash, padded)": [
      1.97632,
      1.82982,
      1.77459,
      3.928,
      3.85843,
      3.6945
    ],
    "NestedTensor + SDPA": [
      8.79718,
      8.69152,
      8.68986,
      16.34269,
      16.07475,
      15.98054
    ],
    "Triton Ragged (ours)": [
      0.13517,
      0.04096,
      0.02355,
      0.3369,
      0.07885,
      0.02662
    ],
    "FlashAttention-2 (varlen)": [
      0.11162,
      0.0471,
      0.04608,
      0.25293,
      0.07168,
      0.05939
    ]
  },
  "p95": {
    "SDPA (math, padded)": [
      5.39277,
      2.67693,
      2.17699,
      10.7623,
      6.13072,
      4.50765
    ],
    "SDPA (efficient, padded)": [
      2.11968,
      1.94458,
      1.91786,
      4.15027,
      4.11955,
      3.91485
    ],
    "SDPA (flash, padded)": [
      2.06029,
      1.90736,
      1.88896,
      4.08445,
      4.04787,
      3.91168
    ],
    "NestedTensor + SDPA": [
      9.47808,
      9.40534,
      9.39552,
      17.43869,
      17.62717,
      17.48541
    ],
    "Triton Ragged (ours)": [
      0.13926,
      0.04301,
      0.02662,
      0.34918,
      0.08013,
      0.02867
    ],
    "FlashAttention-2 (varlen)": [
      0.11264,
      0.0512,
      0.05018,
      0.27034,
      0.07376,
      0.06144
    ]
  }
}