{
  "gpu": "NVIDIA RTX 4000 Ada Generation",
  "sm": "SM89",
  "timing": "cuda_events_median_ms",
  "warmup": 50,
  "jit_warmup": 150,
  "iters": 300,
  "configs": [
    "BS=32, 0% pruned",
    "BS=32, 50% pruned",
    "BS=32, 80% pruned",
    "BS=64, 0% pruned",
    "BS=64, 50% pruned",
    "BS=64, 80% pruned"
  ],
  "kernels": {
    "SDPA (math, padded)": [
      5.34163,
      2.57891,
      2.07202,
      10.62245,
      5.71586,
      4.20739
    ],
    "SDPA (efficient, padded)": [
      2.11914,
      1.89235,
      1.83173,
      4.16794,
      3.90142,
      3.82678
    ],
    "SDPA (flash, padded)": [
      1.99912,
      1.84013,
      1.83112,
      3.97926,
      3.69203,
      3.95782
    ],
    "NestedTensor + SDPA": [
      9.2159,
      9.19869,
      9.14902,
      17.56309,
      17.32643,
      17.18517
    ],
    "Triton Ragged (ours)": [
      0.13619,
      0.04198,
      0.02355,
      0.34203,
      0.07987,
      0.02765
    ],
    "FlashAttention-2 (varlen)": [
      0.11162,
      0.05222,
      0.05222,
      0.26419,
      0.07168,
      0.06042
    ]
  },
  "p5": {
    "SDPA (math, padded)": [
      5.28077,
      2.56317,
      2.03386,
      10.54224,
      5.67296,
      4.06528
    ],
    "SDPA (efficient, padded)": [
      2.10742,
      1.88486,
      1.79405,
      4.10122,
      3.73584,
      3.80422
    ],
    "SDPA (flash, padded)": [
      1.98749,
      1.83066,
      1.82371,
      3.9601,
      3.62291,
      3.81747
    ],
    "NestedTensor + SDPA": [
      9.15149,
      9.07264,
      9.07882,
      17.39459,
      17.08109,
      16.90624
    ],
    "Triton Ragged (ours)": [
      0.13517,
      0.04141,
      0.02253,
      0.33075,
      0.07885,
      0.02662
    ],
    "FlashAttention-2 (varlen)": [
      0.11059,
      0.0504,
      0.05018,
      0.25216,
      0.07066,
      0.05939
    ]
  },
  "p95": {
    "SDPA (math, padded)": [
      5.41728,
      2.65117,
      2.08486,
      10.68342,
      5.82573,
      4.3337
    ],
    "SDPA (efficient, padded)": [
      2.18403,
      1.9569,
      1.84115,
      4.18918,
      3.91952,
      3.9639
    ],
    "SDPA (flash, padded)": [
      2.0695,
      1.86266,
      1.8391,
      3.99443,
      3.71098,
      4.02637
    ],
    "NestedTensor + SDPA": [
      9.67792,
      9.63894,
      9.61085,
      18.62074,
      18.18214,
      18.02013
    ],
    "Triton Ragged (ours)": [
      0.13722,
      0.04301,
      0.02458,
      0.34416,
      0.08013,
      0.02794
    ],
    "FlashAttention-2 (varlen)": [
      0.11264,
      0.05427,
      0.05453,
      0.26931,
      0.07197,
      0.06144
    ]
  }
}