{
  "gpu": "NVIDIA RTX 4000 Ada Generation",
  "sm": "SM89",
  "timing": "cuda_events_median_ms",
  "warmup": 50,
  "jit_warmup": 150,
  "iters": 300,
  "configs": [
    "BS=32, 0% pruned",
    "BS=32, 50% pruned",
    "BS=32, 80% pruned",
    "BS=64, 0% pruned",
    "BS=64, 50% pruned",
    "BS=64, 80% pruned"
  ],
  "kernels": {
    "SDPA (math, padded)": [
      5.42613,
      2.6921,
      2.1216,
      10.87576,
      5.71621,
      4.22608
    ],
    "SDPA (efficient, padded)": [
      2.26182,
      2.03264,
      1.95056,
      4.44117,
      3.87483,
      3.5984
    ],
    "SDPA (flash, padded)": [
      2.07459,
      2.05394,
      1.97362,
      4.24931,
      3.85688,
      3.6084
    ],
    "NestedTensor + SDPA": [
      9.3561,
      9.6817,
      9.24221,
      17.62069,
      17.38019,
      18.13202
    ],
    "Triton Ragged (ours)": [
      0.13526,
      0.04198,
      0.02355,
      0.34202,
      0.07987,
      0.02765
    ],
    "FlashAttention-2 (varlen)": [
      0.11162,
      0.05837,
      0.05427,
      0.26522,
      0.07098,
      0.06042
    ]
  },
  "p5": {
    "SDPA (math, padded)": [
      5.33411,
      2.62246,
      2.07155,
      10.80934,
      5.69741,
      4.08474
    ],
    "SDPA (efficient, padded)": [
      2.24483,
      2.02243,
      1.91677,
      4.23517,
      3.7632,
      3.5359
    ],
    "SDPA (flash, padded)": [
      2.00115,
      1.97734,
      1.96403,
      4.08474,
      3.71917,
      3.59664
    ],
    "NestedTensor + SDPA": [
      9.13715,
      9.27315,
      9.18221,
      17.45203,
      17.02301,
      17.2759
    ],
    "Triton Ragged (ours)": [
      0.13517,
      0.04096,
      0.02253,
      0.33178,
      0.07885,
      0.02662
    ],
    "FlashAttention-2 (varlen)": [
      0.11059,
      0.0553,
      0.05325,
      0.25498,
      0.07066,
      0.05939
    ]
  },
  "p95": {
    "SDPA (math, padded)": [
      5.47222,
      2.71779,
      2.1567,
      11.00013,
      5.88186,
      4.25475
    ],
    "SDPA (efficient, padded)": [
      2.33165,
      2.1105,
      1.98867,
      4.45837,
      4.01613,
      3.74717
    ],
    "SDPA (flash, padded)": [
      2.14006,
      2.10013,
      2.04211,
      4.39462,
      3.87715,
      3.62499
    ],
    "NestedTensor + SDPA": [
      9.84874,
      9.79354,
      9.68326,
      18.49242,
      18.59584,
      18.62422
    ],
    "Triton Ragged (ours)": [
      0.13651,
      0.04227,
      0.02461,
      0.34509,
      0.07987,
      0.02867
    ],
    "FlashAttention-2 (varlen)": [
      0.11264,
      0.06042,
      0.05632,
      0.26624,
      0.07178,
      0.06144
    ]
  }
}