{
  "gpu": "NVIDIA RTX 4000 Ada Generation",
  "sm": "SM89",
  "timing": "cuda_events_median_ms",
  "warmup": 50,
  "jit_warmup": 150,
  "iters": 300,
  "configs": [
    "BS=32, 0% pruned",
    "BS=32, 50% pruned",
    "BS=32, 80% pruned",
    "BS=64, 0% pruned",
    "BS=64, 50% pruned",
    "BS=64, 80% pruned"
  ],
  "kernels": {
    "SDPA (math, padded)": [
      5.41227,
      2.63706,
      2.10078,
      10.91398,
      5.96874,
      4.19021
    ],
    "SDPA (efficient, padded)": [
      2.27298,
      2.03776,
      1.85658,
      4.4499,
      4.18018,
      3.85741
    ],
    "SDPA (flash, padded)": [
      2.13914,
      1.99488,
      1.88296,
      4.25882,
      4.11797,
      3.84907
    ],
    "NestedTensor + SDPA": [
      9.5483,
      9.0681,
      9.08093,
      17.37318,
      17.11677,
      17.09418
    ],
    "Triton Ragged (ours)": [
      0.13722,
      0.04198,
      0.02355,
      0.34714,
      0.07987,
      0.02765
    ],
    "FlashAttention-2 (varlen)": [
      0.11162,
      0.05222,
      0.05018,
      0.26624,
      0.07168,
      0.06042
    ]
  },
  "p5": {
    "SDPA (math, padded)": [
      5.33094,
      2.61869,
      2.08998,
      10.80387,
      5.82554,
      4.12262
    ],
    "SDPA (efficient, padded)": [
      2.24563,
      2.02342,
      1.8423,
      4.38067,
      3.99184,
      3.83504
    ],
    "SDPA (flash, padded)": [
      2.09619,
      1.9783,
      1.80506,
      4.05571,
      3.77043,
      3.53485
    ],
    "NestedTensor + SDPA": [
      9.12384,
      9.00611,
      9.01731,
      17.23709,
      16.97792,
      16.94726
    ],
    "Triton Ragged (ours)": [
      0.13619,
      0.04118,
      0.02253,
      0.3369,
      0.07885,
      0.02765
    ],
    "FlashAttention-2 (varlen)": [
      0.11162,
      0.0512,
      0.04813,
      0.256,
      0.07168,
      0.05939
    ]
  },
  "p95": {
    "SDPA (math, padded)": [
      5.48454,
      2.72787,
      2.1801,
      11.03667,
      6.04774,
      4.37248
    ],
    "SDPA (efficient, padded)": [
      2.33862,
      2.11661,
      1.96506,
      4.59757,
      4.22912,
      4.00794
    ],
    "SDPA (flash, padded)": [
      2.21491,
      2.06634,
      2.00675,
      4.46189,
      4.18733,
      3.87789
    ],
    "NestedTensor + SDPA": [
      9.79866,
      9.53331,
      9.52627,
      18.5344,
      18.00275,
      17.91664
    ],
    "Triton Ragged (ours)": [
      0.13926,
      0.04301,
      0.02458,
      0.35021,
      0.07987,
      0.02867
    ],
    "FlashAttention-2 (varlen)": [
      0.11264,
      0.0553,
      0.05222,
      0.27136,
      0.07315,
      0.06144
    ]
  }
}