{
  "gpu": "NVIDIA RTX 4000 Ada Generation",
  "sm": "SM89",
  "timing": "cuda_events_median_ms",
  "warmup": 50,
  "jit_warmup": 150,
  "iters": 300,
  "configs": [
    "BS=32, 0% pruned",
    "BS=32, 50% pruned",
    "BS=32, 80% pruned",
    "BS=64, 0% pruned",
    "BS=64, 50% pruned",
    "BS=64, 80% pruned"
  ],
  "kernels": {
    "SDPA (math, padded)": [
      5.36282,
      2.56,
      2.06029,
      10.62144,
      5.74069,
      4.07034
    ],
    "SDPA (efficient, padded)": [
      2.14947,
      2.05878,
      1.84685,
      4.14106,
      3.962,
      3.73968
    ],
    "SDPA (flash, padded)": [
      1.98618,
      1.83445,
      1.81555,
      4.07758,
      3.8825,
      3.68643
    ],
    "NestedTensor + SDPA": [
      8.82267,
      9.12594,
      8.75328,
      16.74758,
      16.4997,
      16.51794
    ],
    "Triton Ragged (ours)": [
      0.13619,
      0.04198,
      0.02458,
      0.34509,
      0.07987,
      0.02765
    ],
    "FlashAttention-2 (varlen)": [
      0.11162,
      0.04813,
      0.0512,
      0.26829,
      0.07168,
      0.06042
    ]
  },
  "p5": {
    "SDPA (math, padded)": [
      5.27936,
      2.5255,
      2.01827,
      10.57174,
      5.70349,
      3.9977
    ],
    "SDPA (efficient, padded)": [
      2.08986,
      1.97802,
      1.77766,
      4.12672,
      3.93235,
      3.67616
    ],
    "SDPA (flash, padded)": [
      1.93741,
      1.82442,
      1.78915,
      3.85677,
      3.71485,
      3.4775
    ],
    "NestedTensor + SDPA": [
      8.75917,
      8.7088,
      8.58755,
      16.4055,
      16.22118,
      16.30515
    ],
    "Triton Ragged (ours)": [
      0.13517,
      0.04096,
      0.02355,
      0.3328,
      0.07885,
      0.02662
    ],
    "FlashAttention-2 (varlen)": [
      0.11059,
      0.0471,
      0.04915,
      0.25299,
      0.07066,
      0.05939
    ]
  },
  "p95": {
    "SDPA (math, padded)": [
      5.39136,
      2.65446,
      2.1319,
      10.73126,
      5.85453,
      4.11853
    ],
    "SDPA (efficient, padded)": [
      2.1719,
      2.41184,
      1.89542,
      4.15821,
      3.99258,
      3.78982
    ],
    "SDPA (flash, padded)": [
      2.02342,
      1.8993,
      1.82298,
      4.18202,
      4.05702,
      3.90451
    ],
    "NestedTensor + SDPA": [
      8.88659,
      9.30611,
      9.1863,
      17.85466,
      17.60698,
      17.27078
    ],
    "Triton Ragged (ours)": [
      0.13722,
      0.04227,
      0.0256,
      0.34714,
      0.07987,
      0.02768
    ],
    "FlashAttention-2 (varlen)": [
      0.12288,
      0.0512,
      0.05427,
      0.27046,
      0.07373,
      0.06144
    ]
  }
}