{
  "gpu": "NVIDIA RTX 4000 Ada Generation",
  "sm": "SM89",
  "timing": "cuda_events_median_ms",
  "warmup": 50,
  "jit_warmup": 150,
  "iters": 300,
  "configs": [
    "BS=32, 0% pruned",
    "BS=32, 50% pruned",
    "BS=32, 80% pruned",
    "BS=64, 0% pruned",
    "BS=64, 50% pruned",
    "BS=64, 80% pruned"
  ],
  "kernels": {
    "SDPA (math, padded)": [
      5.36075,
      2.62544,
      2.11749,
      10.89877,
      5.96254,
      4.1975
    ],
    "SDPA (efficient, padded)": [
      2.13786,
      2.0685,
      1.82272,
      4.45099,
      4.02635,
      3.83701
    ],
    "SDPA (flash, padded)": [
      2.01082,
      1.99877,
      1.97003,
      4.2003,
      3.96982,
      3.96186
    ],
    "NestedTensor + SDPA": [
      9.20774,
      9.16976,
      9.1295,
      18.09,
      17.22682,
      17.11901
    ],
    "Triton Ragged (ours)": [
      0.13619,
      0.04198,
      0.02374,
      0.34509,
      0.07987,
      0.02765
    ],
    "FlashAttention-2 (varlen)": [
      0.11162,
      0.05325,
      0.05325,
      0.25395,
      0.07168,
      0.06042
    ]
  },
  "p5": {
    "SDPA (math, padded)": [
      5.28208,
      2.61427,
      2.10637,
      10.8329,
      5.80608,
      4.16154
    ],
    "SDPA (efficient, padded)": [
      2.12573,
      2.02445,
      1.79814,
      4.4289,
      3.75501,
      3.58182
    ],
    "SDPA (flash, padded)": [
      1.99926,
      1.96947,
      1.91693,
      3.91088,
      3.90861,
      3.84333
    ],
    "NestedTensor + SDPA": [
      8.96595,
      9.11133,
      9.03501,
      17.3447,
      17.08749,
      16.72803
    ],
    "Triton Ragged (ours)": [
      0.13517,
      0.04096,
      0.02355,
      0.3328,
      0.07885,
      0.02662
    ],
    "FlashAttention-2 (varlen)": [
      0.11059,
      0.05222,
      0.05222,
      0.25293,
      0.07066,
      0.05939
    ]
  },
  "p95": {
    "SDPA (math, padded)": [
      5.40154,
      2.70336,
      2.18506,
      11.03286,
      6.05491,
      4.33971
    ],
    "SDPA (efficient, padded)": [
      2.20262,
      2.11354,
      1.97325,
      4.58685,
      4.19021,
      4.00384
    ],
    "SDPA (flash, padded)": [
      2.0809,
      2.05824,
      2.0449,
      4.29808,
      4.01478,
      4.06954
    ],
    "NestedTensor + SDPA": [
      9.45885,
      9.62858,
      9.79456,
      18.62451,
      18.04083,
      17.9415
    ],
    "Triton Ragged (ours)": [
      0.13722,
      0.04301,
      0.0256,
      0.34714,
      0.07987,
      0.02778
    ],
    "FlashAttention-2 (varlen)": [
      0.11264,
      0.05632,
      0.0553,
      0.2696,
      0.07475,
      0.06144
    ]
  }
}