{
  "gpu": "NVIDIA RTX 4000 Ada Generation",
  "sm": "SM89",
  "timing": "cuda_events_median_ms",
  "warmup": 50,
  "jit_warmup": 150,
  "iters": 300,
  "configs": [
    "BS=32, 0% pruned",
    "BS=32, 50% pruned",
    "BS=32, 80% pruned",
    "BS=64, 0% pruned",
    "BS=64, 50% pruned",
    "BS=64, 80% pruned"
  ],
  "kernels": {
    "SDPA (math, padded)": [
      5.27568,
      2.56776,
      2.06968,
      10.6172,
      5.6873,
      4.05939
    ],
    "SDPA (efficient, padded)": [
      2.10432,
      1.88752,
      1.82477,
      4.1443,
      3.75782,
      3.67203
    ],
    "SDPA (flash, padded)": [
      1.98758,
      1.90874,
      1.82672,
      3.95382,
      3.68358,
      3.6864
    ],
    "NestedTensor + SDPA": [
      9.2835,
      9.17155,
      9.17152,
      17.44741,
      17.27488,
      17.14979
    ],
    "Triton Ragged (ours)": [
      0.13517,
      0.04198,
      0.02461,
      0.34202,
      0.0792,
      0.02765
    ],
    "FlashAttention-2 (varlen)": [
      0.11162,
      0.05339,
      0.05632,
      0.26624,
      0.07168,
      0.06042
    ]
  },
  "p5": {
    "SDPA (math, padded)": [
      5.25504,
      2.51702,
      2.0615,
      10.57792,
      5.6567,
      4.03021
    ],
    "SDPA (efficient, padded)": [
      2.07155,
      1.88093,
      1.8176,
      4.12058,
      3.74666,
      3.54202
    ],
    "SDPA (flash, padded)": [
      1.97805,
      1.83414,
      1.81824,
      3.89139,
      3.61514,
      3.5481
    ],
    "NestedTensor + SDPA": [
      9.16083,
      9.03395,
      9.05523,
      17.29536,
      16.78438,
      16.89088
    ],
    "Triton Ragged (ours)": [
      0.13414,
      0.04131,
      0.02458,
      0.33178,
      0.07885,
      0.02662
    ],
    "FlashAttention-2 (varlen)": [
      0.11059,
      0.05222,
      0.05325,
      0.25498,
      0.07066,
      0.05939
    ]
  },
  "p95": {
    "SDPA (math, padded)": [
      5.35062,
      2.62765,
      2.07965,
      10.7231,
      5.82227,
      4.18918
    ],
    "SDPA (efficient, padded)": [
      2.12246,
      1.89779,
      1.83398,
      4.27725,
      3.77344,
      3.6976
    ],
    "SDPA (flash, padded)": [
      1.99706,
      1.94234,
      1.83501,
      3.97514,
      3.82739,
      3.70586
    ],
    "NestedTensor + SDPA": [
      9.70464,
      9.86931,
      9.59808,
      18.1551,
      18.45869,
      17.95174
    ],
    "Triton Ragged (ours)": [
      0.13722,
      0.04301,
      0.02662,
      0.34509,
      0.07987,
      0.02778
    ],
    "FlashAttention-2 (varlen)": [
      0.11264,
      0.05632,
      0.05939,
      0.26931,
      0.0727,
      0.06144
    ]
  }
}