{
  "gpu": "NVIDIA RTX 4000 Ada Generation",
  "sm": "SM89",
  "timing": "cuda_events_median_ms",
  "warmup": 50,
  "jit_warmup": 150,
  "iters": 300,
  "configs": [
    "BS=32, 0% pruned",
    "BS=32, 50% pruned",
    "BS=32, 80% pruned",
    "BS=64, 0% pruned",
    "BS=64, 50% pruned",
    "BS=64, 80% pruned"
  ],
  "kernels": {
    "SDPA (math, padded)": [
      5.40877,
      2.56614,
      2.07462,
      10.6539,
      5.73803,
      4.18645
    ],
    "SDPA (efficient, padded)": [
      2.16474,
      1.88466,
      1.82272,
      4.14123,
      3.87371,
      3.60586
    ],
    "SDPA (flash, padded)": [
      2.03264,
      1.83392,
      1.82043,
      3.88952,
      3.66523,
      3.56134
    ],
    "NestedTensor + SDPA": [
      8.95387,
      8.90667,
      8.91622,
      17.01899,
      16.77928,
      16.60587
    ],
    "Triton Ragged (ours)": [
      0.13619,
      0.04198,
      0.02458,
      0.34202,
      0.07987,
      0.02765
    ],
    "FlashAttention-2 (varlen)": [
      0.11469,
      0.04915,
      0.05222,
      0.26726,
      0.07168,
      0.06042
    ]
  },
  "p5": {
    "SDPA (math, padded)": [
      5.34118,
      2.54022,
      2.02445,
      10.57795,
      5.66272,
      4.0448
    ],
    "SDPA (efficient, padded)": [
      2.10304,
      1.87085,
      1.78038,
      4.12637,
      3.65466,
      3.54752
    ],
    "SDPA (flash, padded)": [
      1.97427,
      1.8209,
      1.8095,
      3.85472,
      3.59901,
      3.46486
    ],
    "NestedTensor + SDPA": [
      8.77165,
      8.84138,
      8.80026,
      16.91418,
      16.57837,
      16.47843
    ],
    "Triton Ragged (ours)": [
      0.13517,
      0.04096,
      0.02355,
      0.33178,
      0.07885,
      0.02694
    ],
    "FlashAttention-2 (varlen)": [
      0.11059,
      0.04813,
      0.05053,
      0.25293,
      0.07066,
      0.05939
    ]
  },
  "p95": {
    "SDPA (math, padded)": [
      5.45187,
      2.5815,
      2.14528,
      10.80419,
      5.81104,
      4.20966
    ],
    "SDPA (efficient, padded)": [
      2.20163,
      1.95549,
      1.85754,
      4.15949,
      3.90342,
      3.71104
    ],
    "SDPA (flash, padded)": [
      2.06234,
      1.89155,
      1.89101,
      4.01203,
      3.72138,
      5.14006
    ],
    "NestedTensor + SDPA": [
      9.0376,
      9.35322,
      9.32762,
      17.83494,
      17.53485,
      17.07827
    ],
    "Triton Ragged (ours)": [
      0.13722,
      0.0424,
      0.02662,
      0.34509,
      0.07994,
      0.02867
    ],
    "FlashAttention-2 (varlen)": [
      0.11674,
      0.05126,
      0.0553,
      0.26931,
      0.0727,
      0.06144
    ]
  }
}