{
  "gpu": "NVIDIA RTX 4000 Ada Generation",
  "sm": "SM89",
  "timing": "cuda_events_median_ms",
  "warmup": 50,
  "jit_warmup": 150,
  "iters": 300,
  "configs": [
    "BS=32, 0% pruned",
    "BS=32, 50% pruned",
    "BS=32, 80% pruned",
    "BS=64, 0% pruned",
    "BS=64, 50% pruned",
    "BS=64, 80% pruned"
  ],
  "kernels": {
    "SDPA (math, padded)": [
      5.33437,
      2.61218,
      2.10576,
      10.86872,
      5.83342,
      4.30243
    ],
    "SDPA (efficient, padded)": [
      2.2875,
      2.0695,
      1.9495,
      4.41432,
      4.01203,
      3.94651
    ],
    "SDPA (flash, padded)": [
      2.11483,
      1.95586,
      1.82597,
      4.33562,
      3.84989,
      3.93677
    ],
    "NestedTensor + SDPA": [
      8.86346,
      8.79718,
      8.74549,
      16.73858,
      16.56666,
      16.42349
    ],
    "Triton Ragged (ours)": [
      0.13619,
      0.04198,
      0.02355,
      0.34304,
      0.07987,
      0.02765
    ],
    "FlashAttention-2 (varlen)": [
      0.11162,
      0.0512,
      0.04813,
      0.26829,
      0.07168,
      0.06042
    ]
  },
  "p5": {
    "SDPA (math, padded)": [
      5.3033,
      2.59482,
      2.07936,
      10.7735,
      5.79206,
      4.15027
    ],
    "SDPA (efficient, padded)": [
      2.22397,
      1.99459,
      1.91181,
      4.39693,
      3.99648,
      3.80314
    ],
    "SDPA (flash, padded)": [
      2.10445,
      1.93722,
      1.78365,
      4.20166,
      3.57069,
      3.50506
    ],
    "NestedTensor + SDPA": [
      8.74803,
      8.73062,
      8.54221,
      16.62707,
      16.37376,
      16.0616
    ],
    "Triton Ragged (ours)": [
      0.13517,
      0.04134,
      0.02253,
      0.33178,
      0.07885,
      0.02662
    ],
    "FlashAttention-2 (varlen)": [
      0.11059,
      0.04915,
      0.04608,
      0.25395,
      0.07066,
      0.05939
    ]
  },
  "p95": {
    "SDPA (math, padded)": [
      5.40877,
      2.69226,
      2.18227,
      11.06355,
      5.9904,
      4.34813
    ],
    "SDPA (efficient, padded)": [
      2.31008,
      2.08486,
      1.98854,
      4.55776,
      4.15421,
      4.03843
    ],
    "SDPA (flash, padded)": [
      2.12774,
      1.97299,
      1.95686,
      4.36358,
      4.07053,
      4.02432
    ],
    "NestedTensor + SDPA": [
      9.30816,
      9.21901,
      8.91104,
      17.49104,
      17.39846,
      17.27283
    ],
    "Triton Ragged (ours)": [
      0.13722,
      0.04301,
      0.02458,
      0.34714,
      0.07987,
      0.02787
    ],
    "FlashAttention-2 (varlen)": [
      0.11264,
      0.05328,
      0.05046,
      0.27034,
      0.0719,
      0.06144
    ]
  }
}