{
  "gpu": "NVIDIA RTX 4000 Ada Generation",
  "sm": "SM89",
  "timing": "cuda_events_median_ms",
  "warmup": 50,
  "jit_warmup": 150,
  "iters": 300,
  "configs": [
    "BS=32, 0% pruned",
    "BS=32, 50% pruned",
    "BS=32, 80% pruned",
    "BS=64, 0% pruned",
    "BS=64, 50% pruned",
    "BS=64, 80% pruned"
  ],
  "kernels": {
    "SDPA (math, padded)": [
      5.40411,
      2.68166,
      2.09939,
      10.60781,
      5.79989,
      4.04787
    ],
    "SDPA (efficient, padded)": [
      2.15662,
      2.06536,
      1.94253,
      4.20666,
      3.99763,
      3.62765
    ],
    "SDPA (flash, padded)": [
      2.11149,
      1.9576,
      1.94048,
      4.20363,
      3.89954,
      3.702
    ],
    "NestedTensor + SDPA": [
      8.84755,
      9.00362,
      8.71504,
      16.66608,
      16.54976,
      16.40094
    ],
    "Triton Ragged (ours)": [
      0.13619,
      0.04198,
      0.0256,
      0.34509,
      0.07987,
      0.02765
    ],
    "FlashAttention-2 (varlen)": [
      0.11162,
      0.04813,
      0.05018,
      0.25293,
      0.07168,
      0.0608
    ]
  },
  "p5": {
    "SDPA (math, padded)": [
      5.33504,
      2.59347,
      2.08246,
      10.57587,
      5.65664,
      4.03264
    ],
    "SDPA (efficient, padded)": [
      2.08374,
      1.99264,
      1.92922,
      4.11034,
      3.70067,
      3.53997
    ],
    "SDPA (flash, padded)": [
      2.09818,
      1.94333,
      1.90538,
      4.17792,
      3.8369,
      3.56557
    ],
    "NestedTensor + SDPA": [
      8.6464,
      8.68419,
      8.6457,
      16.33075,
      16.14342,
      16.26726
    ],
    "Triton Ragged (ours)": [
      0.13517,
      0.04096,
      0.02458,
      0.33178,
      0.07885,
      0.02765
    ],
    "FlashAttention-2 (varlen)": [
      0.11059,
      0.0471,
      0.04826,
      0.2519,
      0.07066,
      0.06042
    ]
  },
  "p95": {
    "SDPA (math, padded)": [
      5.44461,
      2.73306,
      2.17395,
      10.68931,
      5.8799,
      4.17792
    ],
    "SDPA (efficient, padded)": [
      2.29002,
      2.07856,
      2.01523,
      4.36243,
      4.20006,
      3.75334
    ],
    "SDPA (flash, padded)": [
      2.18512,
      2.02547,
      1.95702,
      4.33562,
      3.91674,
      3.71946
    ],
    "NestedTensor + SDPA": [
      9.29894,
      9.23933,
      9.17606,
      17.35994,
      17.36384,
      17.18477
    ],
    "Triton Ragged (ours)": [
      0.13722,
      0.04301,
      0.02662,
      0.34714,
      0.07987,
      0.02867
    ],
    "FlashAttention-2 (varlen)": [
      0.11264,
      0.0512,
      0.05325,
      0.26768,
      0.07475,
      0.06144
    ]
  }
}