{
  "gpu": "NVIDIA RTX 4000 Ada Generation",
  "sm": "SM89",
  "timing": "cuda_events_median_ms",
  "warmup": 50,
  "jit_warmup": 150,
  "iters": 300,
  "configs": [
    "BS=32, 0% pruned",
    "BS=32, 50% pruned",
    "BS=32, 80% pruned",
    "BS=64, 0% pruned",
    "BS=64, 50% pruned",
    "BS=64, 80% pruned"
  ],
  "kernels": {
    "SDPA (math, padded)": [
      5.34419,
      2.63178,
      2.17624,
      10.6536,
      5.68998,
      4.06318
    ],
    "SDPA (efficient, padded)": [
      2.12205,
      1.94765,
      1.82509,
      4.16435,
      3.7632,
      3.60123
    ],
    "SDPA (flash, padded)": [
      2.0053,
      1.92018,
      1.81883,
      3.96493,
      3.68643,
      3.58368
    ],
    "NestedTensor + SDPA": [
      8.88483,
      9.17288,
      8.67365,
      16.78702,
      16.53038,
      16.48227
    ],
    "Triton Ragged (ours)": [
      0.13619,
      0.04198,
      0.02355,
      0.34406,
      0.07987,
      0.02765
    ],
    "FlashAttention-2 (varlen)": [
      0.11162,
      0.0512,
      0.04845,
      0.26214,
      0.07168,
      0.06042
    ]
  },
  "p5": {
    "SDPA (math, padded)": [
      5.26746,
      2.55808,
      2.02662,
      10.53123,
      5.66694,
      4.03325
    ],
    "SDPA (efficient, padded)": [
      2.10502,
      1.84336,
      1.81587,
      4.13901,
      3.69261,
      3.56045
    ],
    "SDPA (flash, padded)": [
      1.99296,
      1.80531,
      1.78586,
      3.94755,
      3.67309,
      3.56557
    ],
    "NestedTensor + SDPA": [
      8.69206,
      8.77533,
      8.47974,
      16.64813,
      16.40038,
      16.32973
    ],
    "Triton Ragged (ours)": [
      0.13517,
      0.04096,
      0.02253,
      0.33178,
      0.07885,
      0.02691
    ],
    "FlashAttention-2 (varlen)": [
      0.11059,
      0.04915,
      0.0471,
      0.25293,
      0.07066,
      0.05971
    ]
  },
  "p95": {
    "SDPA (math, padded)": [
      5.39203,
      2.64499,
      2.23242,
      10.82736,
      5.80931,
      4.20864
    ],
    "SDPA (efficient, padded)": [
      2.13421,
      1.95789,
      1.89747,
      4.29872,
      3.9424,
      3.72224
    ],
    "SDPA (flash, padded)": [
      2.0736,
      2.00909,
      1.89366,
      4.10208,
      3.81952,
      3.72429
    ],
    "NestedTensor + SDPA": [
      9.54224,
      9.39827,
      8.76512,
      17.62099,
      17.05062,
      17.32794
    ],
    "Triton Ragged (ours)": [
      0.13722,
      0.04301,
      0.02458,
      0.34714,
      0.07987,
      0.02867
    ],
    "FlashAttention-2 (varlen)": [
      0.11264,
      0.05328,
      0.0512,
      0.2632,
      0.07296,
      0.06144
    ]
  }
}