{
  "gpu": "NVIDIA RTX 4000 Ada Generation",
  "sm": "SM89",
  "timing": "cuda_events_median_ms",
  "warmup": 50,
  "jit_warmup": 150,
  "iters": 300,
  "configs": [
    "BS=32, 0% pruned",
    "BS=32, 50% pruned",
    "BS=32, 80% pruned",
    "BS=64, 0% pruned",
    "BS=64, 50% pruned",
    "BS=64, 80% pruned"
  ],
  "kernels": {
    "SDPA (math, padded)": [
      5.32226,
      2.64586,
      2.14323,
      10.82952,
      5.72109,
      4.03646
    ],
    "SDPA (efficient, padded)": [
      2.24461,
      2.01741,
      1.95629,
      4.36174,
      3.76253,
      3.55987
    ],
    "SDPA (flash, padded)": [
      2.12896,
      1.96733,
      1.95093,
      4.21674,
      3.63435,
      3.57938
    ],
    "NestedTensor + SDPA": [
      9.26117,
      9.10034,
      9.05766,
      18.00997,
      17.1725,
      17.77856
    ],
    "Triton Ragged (ours)": [
      0.13619,
      0.04198,
      0.02355,
      0.34509,
      0.07987,
      0.02765
    ],
    "FlashAttention-2 (varlen)": [
      0.11162,
      0.05325,
      0.05018,
      0.26829,
      0.07168,
      0.06042
    ]
  },
  "p5": {
    "SDPA (math, padded)": [
      5.2911,
      2.5856,
      2.07258,
      10.67939,
      5.65555,
      3.95981
    ],
    "SDPA (efficient, padded)": [
      2.23021,
      1.98461,
      1.94131,
      4.14413,
      3.70688,
      3.53293
    ],
    "SDPA (flash, padded)": [
      2.10822,
      1.95562,
      1.94029,
      4.14208,
      3.6096,
      3.55504
    ],
    "NestedTensor + SDPA": [
      9.16381,
      8.94566,
      8.99568,
      17.22576,
      17.03117,
      16.65245
    ],
    "Triton Ragged (ours)": [
      0.13517,
      0.04096,
      0.02253,
      0.33178,
      0.07885,
      0.02662
    ],
    "FlashAttention-2 (varlen)": [
      0.11059,
      0.05222,
      0.04915,
      0.25293,
      0.07066,
      0.05939
    ]
  },
  "p95": {
    "SDPA (math, padded)": [
      5.39651,
      2.688,
      2.19853,
      10.95373,
      5.80301,
      4.0687
    ],
    "SDPA (efficient, padded)": [
      2.34915,
      2.03277,
      2.02848,
      4.42163,
      3.78246,
      3.7073
    ],
    "SDPA (flash, padded)": [
      2.19546,
      2.03683,
      2.01763,
      4.3633,
      3.69766,
      3.71517
    ],
    "NestedTensor + SDPA": [
      9.90029,
      9.45562,
      9.50746,
      18.53741,
      18.30109,
      18.2999
    ],
    "Triton Ragged (ours)": [
      0.13722,
      0.04301,
      0.0248,
      0.34714,
      0.07997,
      0.02771
    ],
    "FlashAttention-2 (varlen)": [
      0.12288,
      0.05632,
      0.05222,
      0.27034,
      0.07475,
      0.06144
    ]
  }
}