{
  "gpu": "NVIDIA RTX 4000 Ada Generation",
  "sm": "SM89",
  "timing": "cuda_events_median_ms",
  "warmup": 50,
  "jit_warmup": 150,
  "iters": 300,
  "configs": [
    "BS=32, 0% pruned",
    "BS=32, 50% pruned",
    "BS=32, 80% pruned",
    "BS=64, 0% pruned",
    "BS=64, 50% pruned",
    "BS=64, 80% pruned"
  ],
  "kernels": {
    "SDPA (math, padded)": [
      5.38008,
      2.62656,
      2.17925,
      10.69586,
      5.86752,
      4.19699
    ],
    "SDPA (efficient, padded)": [
      2.26611,
      2.03568,
      2.00616,
      4.32846,
      3.92294,
      3.85122
    ],
    "SDPA (flash, padded)": [
      2.13386,
      1.98539,
      1.96656,
      4.00282,
      3.712,
      3.7623
    ],
    "NestedTensor + SDPA": [
      9.0077,
      8.84115,
      9.18213,
      16.78997,
      17.09102,
      16.56934
    ],
    "Triton Ragged (ours)": [
      0.13722,
      0.04198,
      0.02458,
      0.34714,
      0.07987,
      0.02765
    ],
    "FlashAttention-2 (varlen)": [
      0.11192,
      0.04813,
      0.04813,
      0.26829,
      0.07168,
      0.06042
    ]
  },
  "p5": {
    "SDPA (math, padded)": [
      5.33299,
      2.59072,
      2.1033,
      10.62909,
      5.72038,
      4.15357
    ],
    "SDPA (efficient, padded)": [
      2.25274,
      2.01648,
      1.96077,
      4.18714,
      3.78064,
      3.83488
    ],
    "SDPA (flash, padded)": [
      2.10774,
      1.9712,
      1.95686,
      3.98234,
      3.65082,
      3.60944
    ],
    "NestedTensor + SDPA": [
      8.90163,
      8.6449,
      8.75632,
      16.44374,
      16.49562,
      16.39254
    ],
    "Triton Ragged (ours)": [
      0.13619,
      0.04096,
      0.02355,
      0.3369,
      0.07885,
      0.02765
    ],
    "FlashAttention-2 (varlen)": [
      0.11162,
      0.04608,
      0.0471,
      0.25293,
      0.07091,
      0.06042
    ]
  },
  "p95": {
    "SDPA (math, padded)": [
      5.44768,
      2.69414,
      2.2271,
      10.8544,
      5.95286,
      4.36144
    ],
    "SDPA (efficient, padded)": [
      2.33664,
      2.10662,
      2.07226,
      4.40973,
      4.00176,
      3.9977
    ],
    "SDPA (flash, padded)": [
      2.14938,
      2.05635,
      2.03328,
      4.14106,
      3.84816,
      3.99667
    ],
    "NestedTensor + SDPA": [
      9.4392,
      9.28973,
      9.48515,
      17.64966,
      17.83379,
      17.5575
    ],
    "Triton Ragged (ours)": [
      0.13926,
      0.04301,
      0.02586,
      0.34931,
      0.0799,
      0.02867
    ],
    "FlashAttention-2 (varlen)": [
      0.1239,
      0.05018,
      0.0512,
      0.27034,
      0.07286,
      0.06144
    ]
  }
}