{
  "gpu": "NVIDIA RTX 4000 Ada Generation",
  "sm": "SM89",
  "timing": "cuda_events_median_ms",
  "warmup": 50,
  "jit_warmup": 150,
  "iters": 300,
  "configs": [
    "BS=32, 0% pruned",
    "BS=32, 50% pruned",
    "BS=32, 80% pruned",
    "BS=64, 0% pruned",
    "BS=64, 50% pruned",
    "BS=64, 80% pruned"
  ],
  "kernels": {
    "SDPA (math, padded)": [
      5.3217,
      2.59789,
      2.08498,
      10.86659,
      5.79838,
      4.12634
    ],
    "SDPA (efficient, padded)": [
      2.2343,
      1.99946,
      1.94154,
      4.32997,
      4.0117,
      3.90707
    ],
    "SDPA (flash, padded)": [
      2.1763,
      1.95789,
      1.94035,
      4.20992,
      3.93523,
      3.82886
    ],
    "NestedTensor + SDPA": [
      9.22611,
      8.76227,
      8.78651,
      17.26315,
      16.62437,
      16.54277
    ],
    "Triton Ragged (ours)": [
      0.13619,
      0.04198,
      0.02498,
      0.34406,
      0.07987,
      0.02765
    ],
    "FlashAttention-2 (varlen)": [
      0.11162,
      0.04813,
      0.04923,
      0.25498,
      0.07168,
      0.06042
    ]
  },
  "p5": {
    "SDPA (math, padded)": [
      5.2385,
      2.58662,
      2.07357,
      10.76736,
      5.5919,
      4.0151
    ],
    "SDPA (efficient, padded)": [
      2.1912,
      1.96621,
      1.91088,
      4.07968,
      3.99462,
      3.74493
    ],
    "SDPA (flash, padded)": [
      2.1033,
      1.93638,
      1.91062,
      4.14208,
      3.86458,
      3.80842
    ],
    "NestedTensor + SDPA": [
      8.76042,
      8.68454,
      8.69274,
      16.69901,
      16.43827,
      16.36557
    ],
    "Triton Ragged (ours)": [
      0.13517,
      0.04096,
      0.02458,
      0.33178,
      0.07885,
      0.02662
    ],
    "FlashAttention-2 (varlen)": [
      0.11059,
      0.0471,
      0.04813,
      0.25293,
      0.07066,
      0.05939
    ]
  },
  "p95": {
    "SDPA (math, padded)": [
      5.39344,
      2.61325,
      2.14154,
      10.9832,
      5.90848,
      4.2576
    ],
    "SDPA (efficient, padded)": [
      2.24864,
      2.01389,
      1.95584,
      4.41837,
      4.14512,
      3.97181
    ],
    "SDPA (flash, padded)": [
      2.21165,
      1.96909,
      1.95581,
      4.28237,
      4.0767,
      3.84307
    ],
    "NestedTensor + SDPA": [
      9.45152,
      9.17402,
      9.20358,
      17.95072,
      17.40048,
      17.30662
    ],
    "Triton Ragged (ours)": [
      0.13722,
      0.04227,
      0.02662,
      0.34714,
      0.07987,
      0.02771
    ],
    "FlashAttention-2 (varlen)": [
      0.1239,
      0.0512,
      0.05222,
      0.27034,
      0.07475,
      0.06144
    ]
  }
}