{
  "gpu": "NVIDIA RTX 4000 Ada Generation",
  "sm": "SM89",
  "timing": "cuda_events_median_ms",
  "warmup": 50,
  "jit_warmup": 150,
  "iters": 300,
  "configs": [
    "BS=32, 0% pruned",
    "BS=32, 50% pruned",
    "BS=32, 80% pruned",
    "BS=64, 0% pruned",
    "BS=64, 50% pruned",
    "BS=64, 80% pruned"
  ],
  "kernels": {
    "SDPA (math, padded)": [
      5.28845,
      2.57024,
      2.07258,
      10.65782,
      5.80301,
      4.07533
    ],
    "SDPA (efficient, padded)": [
      2.18387,
      1.89024,
      1.8324,
      4.14933,
      4.00981,
      3.56584
    ],
    "SDPA (flash, padded)": [
      2.0501,
      1.84374,
      1.90557,
      3.97122,
      3.92787,
      3.58232
    ],
    "NestedTensor + SDPA": [
      8.91718,
      8.84427,
      9.22298,
      17.5551,
      17.11152,
      17.29536
    ],
    "Triton Ragged (ours)": [
      0.13619,
      0.04198,
      0.02458,
      0.34202,
      0.07987,
      0.02765
    ],
    "FlashAttention-2 (varlen)": [
      0.11162,
      0.04915,
      0.0512,
      0.25395,
      0.07168,
      0.06042
    ]
  },
  "p5": {
    "SDPA (math, padded)": [
      5.26234,
      2.55962,
      2.06339,
      10.56186,
      5.71101,
      4.0583
    ],
    "SDPA (efficient, padded)": [
      2.16877,
      1.88086,
      1.82477,
      4.08592,
      3.95027,
      3.49491
    ],
    "SDPA (flash, padded)": [
      1.98746,
      1.83325,
      1.83517,
      3.90554,
      3.90867,
      3.57059
    ],
    "NestedTensor + SDPA": [
      8.71869,
      8.75213,
      8.79171,
      16.8735,
      16.5888,
      16.46682
    ],
    "Triton Ragged (ours)": [
      0.13517,
      0.04096,
      0.02355,
      0.33178,
      0.07885,
      0.02765
    ],
    "FlashAttention-2 (varlen)": [
      0.11059,
      0.0471,
      0.04915,
      0.2519,
      0.07066,
      0.06042
    ]
  },
  "p95": {
    "SDPA (math, padded)": [
      5.35347,
      2.61136,
      2.08486,
      10.83101,
      5.87965,
      4.21872
    ],
    "SDPA (efficient, padded)": [
      2.22435,
      1.90166,
      1.84218,
      4.17651,
      4.0257,
      3.71082
    ],
    "SDPA (flash, padded)": [
      2.06858,
      1.85562,
      1.94765,
      3.99062,
      3.9503,
      3.59814
    ],
    "NestedTensor + SDPA": [
      9.00499,
      9.23136,
      9.5169,
      18.15757,
      17.69267,
      17.83283
    ],
    "Triton Ragged (ours)": [
      0.13722,
      0.04301,
      0.02662,
      0.34509,
      0.07987,
      0.02867
    ],
    "FlashAttention-2 (varlen)": [
      0.11264,
      0.0512,
      0.05427,
      0.26829,
      0.0727,
      0.06144
    ]
  }
}