{
  "gpu": "NVIDIA RTX 4000 Ada Generation",
  "sm": "SM89",
  "timing": "cuda_events_median_ms",
  "warmup": 50,
  "jit_warmup": 150,
  "iters": 300,
  "configs": [
    "BS=32, 0% pruned",
    "BS=32, 50% pruned",
    "BS=32, 80% pruned",
    "BS=64, 0% pruned",
    "BS=64, 50% pruned",
    "BS=64, 80% pruned"
  ],
  "kernels": {
    "SDPA (math, padded)": [
      5.34118,
      2.56339,
      2.14202,
      10.64002,
      5.72974,
      4.06835
    ],
    "SDPA (efficient, padded)": [
      2.11098,
      1.8632,
      1.82589,
      4.14872,
      3.76218,
      3.56762
    ],
    "SDPA (flash, padded)": [
      1.99002,
      1.90534,
      1.86051,
      3.97507,
      3.69242,
      3.58891
    ],
    "NestedTensor + SDPA": [
      8.84131,
      8.73237,
      8.70346,
      16.69926,
      16.47514,
      16.39053
    ],
    "Triton Ragged (ours)": [
      0.13619,
      0.04198,
      0.02272,
      0.34304,
      0.07987,
      0.02765
    ],
    "FlashAttention-2 (varlen)": [
      0.11162,
      0.04813,
      0.0471,
      0.25907,
      0.07168,
      0.06042
    ]
  },
  "p5": {
    "SDPA (math, padded)": [
      5.26928,
      2.55488,
      2.06726,
      10.58214,
      5.6641,
      4.05402
    ],
    "SDPA (efficient, padded)": [
      2.08077,
      1.8495,
      1.81738,
      4.13462,
      3.74784,
      3.50035
    ],
    "SDPA (flash, padded)": [
      1.98179,
      1.83398,
      1.7879,
      3.95565,
      3.62918,
      3.57478
    ],
    "NestedTensor + SDPA": [
      8.75894,
      8.61494,
      8.49715,
      16.40816,
      16.34013,
      16.27034
    ],
    "Triton Ragged (ours)": [
      0.13517,
      0.04096,
      0.02253,
      0.33178,
      0.07885,
      0.02662
    ],
    "FlashAttention-2 (varlen)": [
      0.11059,
      0.04608,
      0.04506,
      0.25395,
      0.07066,
      0.05939
    ]
  },
  "p95": {
    "SDPA (math, padded)": [
      5.36365,
      2.57638,
      2.18218,
      10.74806,
      5.81734,
      4.27622
    ],
    "SDPA (efficient, padded)": [
      2.18086,
      1.89258,
      1.90157,
      4.28134,
      3.78534,
      3.58506
    ],
    "SDPA (flash, padded)": [
      2.00192,
      1.91654,
      1.9016,
      4.11853,
      3.73146,
      3.60349
    ],
    "NestedTensor + SDPA": [
      9.26413,
      9.06227,
      8.76544,
      17.52989,
      17.27213,
      17.19123
    ],
    "Triton Ragged (ours)": [
      0.13722,
      0.04224,
      0.02384,
      0.34611,
      0.07987,
      0.02787
    ],
    "FlashAttention-2 (varlen)": [
      0.11264,
      0.0512,
      0.04928,
      0.27034,
      0.0719,
      0.06144
    ]
  }
}