{
  "gpu": "NVIDIA RTX 4000 Ada Generation",
  "sm": "SM89",
  "timing": "cuda_events_median_ms",
  "warmup": 50,
  "jit_warmup": 150,
  "iters": 300,
  "configs": [
    "BS=32, 0% pruned",
    "BS=32, 50% pruned",
    "BS=32, 80% pruned",
    "BS=64, 0% pruned",
    "BS=64, 50% pruned",
    "BS=64, 80% pruned"
  ],
  "kernels": {
    "SDPA (math, padded)": [
      5.29101,
      2.5641,
      2.06934,
      10.64141,
      5.69595,
      4.144
    ],
    "SDPA (efficient, padded)": [
      2.09254,
      1.89347,
      1.82478,
      4.27347,
      3.88789,
      3.57739
    ],
    "SDPA (flash, padded)": [
      1.99776,
      1.87082,
      1.82269,
      3.94344,
      3.68221,
      3.57288
    ],
    "NestedTensor + SDPA": [
      9.28064,
      9.21907,
      9.14227,
      17.52205,
      17.32875,
      17.16787
    ],
    "Triton Ragged (ours)": [
      0.13619,
      0.04198,
      0.02355,
      0.34426,
      0.07987,
      0.02765
    ],
    "FlashAttention-2 (varlen)": [
      0.11162,
      0.05325,
      0.05222,
      0.26624,
      0.07168,
      0.06042
    ]
  },
  "p5": {
    "SDPA (math, padded)": [
      5.26029,
      2.55283,
      2.06058,
      10.56461,
      5.65043,
      4.0393
    ],
    "SDPA (efficient, padded)": [
      2.07258,
      1.88173,
      1.79104,
      4.13683,
      3.74989,
      3.5407
    ],
    "SDPA (flash, padded)": [
      1.96096,
      1.79805,
      1.81453,
      3.88115,
      3.6608,
      3.53075
    ],
    "NestedTensor + SDPA": [
      9.19347,
      9.01325,
      9.03395,
      17.12717,
      17.17763,
      16.96874
    ],
    "Triton Ragged (ours)": [
      0.13517,
      0.04096,
      0.02253,
      0.33178,
      0.07885,
      0.02662
    ],
    "FlashAttention-2 (varlen)": [
      0.11059,
      0.0512,
      0.0512,
      0.25395,
      0.07066,
      0.05939
    ]
  },
  "p95": {
    "SDPA (math, padded)": [
      5.35245,
      2.63786,
      2.13414,
      10.73648,
      5.86211,
      4.2976
    ],
    "SDPA (efficient, padded)": [
      2.12512,
      1.96915,
      1.83501,
      4.29786,
      3.94339,
      3.69965
    ],
    "SDPA (flash, padded)": [
      2.0671,
      1.91405,
      1.83229,
      3.96259,
      3.82346,
      3.77437
    ],
    "NestedTensor + SDPA": [
      9.70752,
      9.68499,
      9.60704,
      18.41763,
      18.46477,
      18.44422
    ],
    "Triton Ragged (ours)": [
      0.13722,
      0.04237,
      0.02458,
      0.34714,
      0.07987,
      0.028
    ],
    "FlashAttention-2 (varlen)": [
      0.11264,
      0.05632,
      0.0553,
      0.27034,
      0.07184,
      0.06144
    ]
  }
}