{
  "gpu": "NVIDIA RTX 4000 Ada Generation",
  "sm": "SM89",
  "timing": "cuda_events_median_ms",
  "warmup": 50,
  "jit_warmup": 150,
  "iters": 300,
  "configs": [
    "BS=32, 0% pruned",
    "BS=32, 50% pruned",
    "BS=32, 80% pruned",
    "BS=64, 0% pruned",
    "BS=64, 50% pruned",
    "BS=64, 80% pruned"
  ],
  "kernels": {
    "SDPA (math, padded)": [
      5.37718,
      2.6199,
      2.05824,
      10.6167,
      5.64941,
      4.16978
    ],
    "SDPA (efficient, padded)": [
      2.19755,
      1.94366,
      1.8279,
      4.25424,
      3.7376,
      3.68435
    ],
    "SDPA (flash, padded)": [
      2.0916,
      1.86021,
      1.88416,
      3.93216,
      3.78522,
      3.6896
    ],
    "NestedTensor + SDPA": [
      8.9109,
      8.8049,
      9.21395,
      16.86022,
      16.53952,
      16.50061
    ],
    "Triton Ragged (ours)": [
      0.13619,
      0.04198,
      0.02355,
      0.34429,
      0.07987,
      0.02765
    ],
    "FlashAttention-2 (varlen)": [
      0.11162,
      0.04915,
      0.04813,
      0.26726,
      0.07168,
      0.06042
    ]
  },
  "p5": {
    "SDPA (math, padded)": [
      5.30022,
      2.54765,
      2.05037,
      10.56256,
      5.62278,
      4.03354
    ],
    "SDPA (efficient, padded)": [
      2.17894,
      1.93229,
      1.79235,
      4.11136,
      3.72323,
      3.66304
    ],
    "SDPA (flash, padded)": [
      1.95174,
      1.81248,
      1.81146,
      3.9168,
      3.64339,
      3.55635
    ],
    "NestedTensor + SDPA": [
      8.68557,
      8.62854,
      8.80352,
      16.56141,
      16.23242,
      16.38592
    ],
    "Triton Ragged (ours)": [
      0.13517,
      0.04131,
      0.02253,
      0.33178,
      0.07885,
      0.02662
    ],
    "FlashAttention-2 (varlen)": [
      0.11059,
      0.0471,
      0.0471,
      0.25293,
      0.07066,
      0.05939
    ]
  },
  "p95": {
    "SDPA (math, padded)": [
      5.40659,
      2.66275,
      2.07155,
      10.73149,
      6.62099,
      4.2537
    ],
    "SDPA (efficient, padded)": [
      2.2337,
      1.98861,
      1.89133,
      4.33357,
      3.75632,
      3.75981
    ],
    "SDPA (flash, padded)": [
      2.11683,
      1.92749,
      1.89206,
      3.94752,
      3.86048,
      3.7079
    ],
    "NestedTensor + SDPA": [
      9.51296,
      9.24442,
      9.4512,
      17.99699,
      17.4241,
      17.33347
    ],
    "Triton Ragged (ours)": [
      0.13722,
      0.04301,
      0.02458,
      0.34714,
      0.07994,
      0.0279
    ],
    "FlashAttention-2 (varlen)": [
      0.12218,
      0.05222,
      0.0512,
      0.27034,
      0.0727,
      0.06144
    ]
  }
}