{
  "gpu": "NVIDIA RTX 4000 Ada Generation",
  "sm": "SM89",
  "timing": "cuda_events_median_ms",
  "warmup": 50,
  "jit_warmup": 150,
  "iters": 300,
  "configs": [
    "BS=32, 0% pruned",
    "BS=32, 50% pruned",
    "BS=32, 80% pruned",
    "BS=64, 0% pruned",
    "BS=64, 50% pruned",
    "BS=64, 80% pruned"
  ],
  "kernels": {
    "SDPA (math, padded)": [
      5.37907,
      2.5967,
      2.11702,
      10.94808,
      5.78315,
      4.15382
    ],
    "SDPA (efficient, padded)": [
      2.15952,
      1.97858,
      1.97325,
      4.4477,
      4.05992,
      3.9475
    ],
    "SDPA (flash, padded)": [
      2.01654,
      1.8647,
      1.96813,
      4.24856,
      4.10829,
      3.97976
    ],
    "NestedTensor + SDPA": [
      9.21342,
      9.39573,
      9.06693,
      17.35406,
      17.37728,
      17.732
    ],
    "Triton Ragged (ours)": [
      0.13619,
      0.04198,
      0.02355,
      0.34714,
      0.07987,
      0.02765
    ],
    "FlashAttention-2 (varlen)": [
      0.11264,
      0.05325,
      0.05325,
      0.26624,
      0.0727,
      0.06042
    ]
  },
  "p5": {
    "SDPA (math, padded)": [
      5.33229,
      2.58595,
      2.06234,
      10.81754,
      5.68125,
      4.00998
    ],
    "SDPA (efficient, padded)": [
      2.13504,
      1.9048,
      1.92922,
      4.29568,
      4.03584,
      3.8144
    ],
    "SDPA (flash, padded)": [
      1.98656,
      1.83478,
      1.94154,
      4.18429,
      3.96464,
      3.82451
    ],
    "NestedTensor + SDPA": [
      9.13114,
      9.03494,
      8.86579,
      17.16941,
      16.97574,
      16.63709
    ],
    "Triton Ragged (ours)": [
      0.1353,
      0.04096,
      0.02253,
      0.3369,
      0.07885,
      0.02765
    ],
    "FlashAttention-2 (varlen)": [
      0.11162,
      0.05133,
      0.0512,
      0.25293,
      0.07168,
      0.06042
    ]
  },
  "p95": {
    "SDPA (math, padded)": [
      5.4248,
      2.67075,
      2.20262,
      11.06637,
      5.93414,
      4.38554
    ],
    "SDPA (efficient, padded)": [
      2.21312,
      2.02749,
      1.98758,
      4.58854,
      4.26701,
      4.07238
    ],
    "SDPA (flash, padded)": [
      2.08378,
      1.92819,
      1.98029,
      4.2945,
      4.1943,
      4.02
    ],
    "NestedTensor + SDPA": [
      9.59498,
      9.76448,
      9.51082,
      18.16781,
      18.34013,
      18.30406
    ],
    "Triton Ragged (ours)": [
      0.13722,
      0.04301,
      0.02458,
      0.35021,
      0.0799,
      0.02867
    ],
    "FlashAttention-2 (varlen)": [
      0.12288,
      0.0553,
      0.0553,
      0.27034,
      0.07475,
      0.06144
    ]
  }
}