{
  "gpu": "NVIDIA RTX 4000 Ada Generation",
  "sm": "SM89",
  "timing": "cuda_events_median_ms",
  "warmup": 50,
  "jit_warmup": 150,
  "iters": 300,
  "configs": [
    "BS=32, 0% pruned",
    "BS=32, 50% pruned",
    "BS=32, 80% pruned",
    "BS=64, 0% pruned",
    "BS=64, 50% pruned",
    "BS=64, 80% pruned"
  ],
  "kernels": {
    "SDPA (math, padded)": [
      5.35258,
      2.5744,
      2.08602,
      10.79571,
      5.72109,
      4.12851
    ],
    "SDPA (efficient, padded)": [
      2.18709,
      2.01003,
      2.01421,
      4.166,
      3.77395,
      4.01246
    ],
    "SDPA (flash, padded)": [
      2.0009,
      1.96813,
      1.95117,
      4.08634,
      3.69766,
      3.9559
    ],
    "NestedTensor + SDPA": [
      8.78749,
      8.7103,
      8.96035,
      16.7124,
      17.13712,
      16.32962
    ],
    "Triton Ragged (ours)": [
      0.13622,
      0.04198,
      0.02355,
      0.34714,
      0.07987,
      0.02765
    ],
    "FlashAttention-2 (varlen)": [
      0.11264,
      0.04915,
      0.04813,
      0.26624,
      0.07206,
      0.06042
    ]
  },
  "p5": {
    "SDPA (math, padded)": [
      5.28077,
      2.53926,
      2.06813,
      10.66086,
      5.68218,
      4.07942
    ],
    "SDPA (efficient, padded)": [
      2.09101,
      1.97856,
      1.9407,
      4.1464,
      3.70586,
      3.80723
    ],
    "SDPA (flash, padded)": [
      1.9896,
      1.9319,
      1.91206,
      3.96224,
      3.68166,
      3.81862
    ],
    "NestedTensor + SDPA": [
      8.6569,
      8.64666,
      8.63334,
      16.51712,
      16.34637,
      16.15075
    ],
    "Triton Ragged (ours)": [
      0.13517,
      0.04096,
      0.02253,
      0.3361,
      0.07885,
      0.02765
    ],
    "FlashAttention-2 (varlen)": [
      0.11162,
      0.0471,
      0.04608,
      0.25293,
      0.07168,
      0.06042
    ]
  },
  "p95": {
    "SDPA (math, padded)": [
      5.37286,
      2.68893,
      2.15795,
      10.96067,
      5.79405,
      4.32435
    ],
    "SDPA (efficient, padded)": [
      2.23552,
      2.08384,
      2.05731,
      4.31181,
      3.91066,
      4.03981
    ],
    "SDPA (flash, padded)": [
      2.07462,
      2.03981,
      2.02976,
      4.17581,
      3.84246,
      4.03763
    ],
    "NestedTensor + SDPA": [
      9.20045,
      9.16288,
      9.27338,
      17.63226,
      17.62314,
      17.13152
    ],
    "Triton Ragged (ours)": [
      0.13926,
      0.04301,
      0.0249,
      0.35021,
      0.07987,
      0.02867
    ],
    "FlashAttention-2 (varlen)": [
      0.12186,
      0.05222,
      0.05018,
      0.27136,
      0.07373,
      0.06144
    ]
  }
}