{
  "gpu": "NVIDIA RTX 4000 Ada Generation",
  "sm": "SM89",
  "timing": "cuda_events_median_ms",
  "warmup": 50,
  "jit_warmup": 150,
  "iters": 300,
  "configs": [
    "BS=32, 0% pruned",
    "BS=32, 50% pruned",
    "BS=32, 80% pruned",
    "BS=64, 0% pruned",
    "BS=64, 50% pruned",
    "BS=64, 80% pruned"
  ],
  "kernels": {
    "SDPA (math, padded)": [
      5.35741,
      2.65531,
      2.08424,
      10.94907,
      5.83426,
      4.21584
    ],
    "SDPA (efficient, padded)": [
      2.16768,
      1.97939,
      1.90197,
      4.3229,
      3.91987,
      3.69517
    ],
    "SDPA (flash, padded)": [
      2.06902,
      1.91509,
      1.87963,
      4.14861,
      3.83522,
      3.91408
    ],
    "NestedTensor + SDPA": [
      9.7193,
      12.11032,
      9.60611,
      17.9492,
      18.12955,
      18.12781
    ],
    "Triton Ragged (ours)": [
      0.13722,
      0.04198,
      0.02355,
      0.34509,
      0.07987,
      0.02765
    ],
    "FlashAttention-2 (varlen)": [
      0.1137,
      0.05837,
      0.05325,
      0.25498,
      0.0727,
      0.06042
    ]
  },
  "p5": {
    "SDPA (math, padded)": [
      5.28486,
      2.57946,
      2.06646,
      10.61165,
      5.69229,
      4.06909
    ],
    "SDPA (efficient, padded)": [
      2.12973,
      1.91059,
      1.828,
      4.15974,
      3.78147,
      3.58605
    ],
    "SDPA (flash, padded)": [
      1.97654,
      1.84218,
      1.82454,
      3.9751,
      3.6864,
      3.72768
    ],
    "NestedTensor + SDPA": [
      9.27126,
      9.70726,
      9.13168,
      17.4431,
      17.39059,
      17.24998
    ],
    "Triton Ragged (ours)": [
      0.13619,
      0.04131,
      0.02253,
      0.33587,
      0.07885,
      0.02662
    ],
    "FlashAttention-2 (varlen)": [
      0.11264,
      0.03891,
      0.05222,
      0.25395,
      0.07168,
      0.06042
    ]
  },
  "p95": {
    "SDPA (math, padded)": [
      5.87366,
      3.20902,
      2.60304,
      11.34387,
      6.38374,
      4.71869
    ],
    "SDPA (efficient, padded)": [
      2.66352,
      2.54067,
      2.39309,
      4.88653,
      4.46157,
      4.32947
    ],
    "SDPA (flash, padded)": [
      2.57843,
      2.42074,
      2.39075,
      4.7319,
      4.37373,
      4.47078
    ],
    "NestedTensor + SDPA": [
      10.16026,
      12.4928,
      10.05978,
      18.74534,
      18.72691,
      18.7815
    ],
    "Triton Ragged (ours)": [
      0.14234,
      0.04301,
      0.02458,
      0.34918,
      0.08003,
      0.02867
    ],
    "FlashAttention-2 (varlen)": [
      0.12493,
      0.06144,
      0.05632,
      0.26624,
      0.07475,
      0.06144
    ]
  }
}