{
  "gpu": "NVIDIA RTX 4000 Ada Generation",
  "sm": "SM89",
  "timing": "cuda_events_median_ms",
  "warmup": 50,
  "jit_warmup": 150,
  "iters": 300,
  "configs": [
    "BS=32, 0% pruned",
    "BS=32, 50% pruned",
    "BS=32, 80% pruned",
    "BS=64, 0% pruned",
    "BS=64, 50% pruned",
    "BS=64, 80% pruned"
  ],
  "kernels": {
    "SDPA (math, padded)": [
      5.34728,
      2.60965,
      2.08474,
      10.66613,
      5.74286,
      4.07552
    ],
    "SDPA (efficient, padded)": [
      2.2448,
      1.88982,
      1.90458,
      4.19061,
      3.78061,
      3.58195
    ],
    "SDPA (flash, padded)": [
      2.18726,
      1.85045,
      1.83928,
      4.10605,
      3.70982,
      3.59214
    ],
    "NestedTensor + SDPA": [
      9.2924,
      8.832,
      8.84131,
      16.92621,
      16.70195,
      16.67315
    ],
    "Triton Ragged (ours)": [
      0.13619,
      0.04198,
      0.02355,
      0.34509,
      0.07987,
      0.02765
    ],
    "FlashAttention-2 (varlen)": [
      0.11162,
      0.05222,
      0.04915,
      0.26624,
      0.07168,
      0.06042
    ]
  },
  "p5": {
    "SDPA (math, padded)": [
      5.30637,
      2.54701,
      2.07462,
      10.61683,
      5.6793,
      4.01715
    ],
    "SDPA (efficient, padded)": [
      2.23165,
      1.86266,
      1.83194,
      4.15334,
      3.71917,
      3.52221
    ],
    "SDPA (flash, padded)": [
      2.11677,
      1.82374,
      1.83091,
      3.97046,
      3.68947,
      3.52563
    ],
    "NestedTensor + SDPA": [
      8.83936,
      8.65485,
      8.66304,
      16.70854,
      16.32246,
      16.50093
    ],
    "Triton Ragged (ours)": [
      0.13517,
      0.04134,
      0.02253,
      0.33178,
      0.07885,
      0.02662
    ],
    "FlashAttention-2 (varlen)": [
      0.11059,
      0.05018,
      0.0471,
      0.25293,
      0.07066,
      0.05939
    ]
  },
  "p95": {
    "SDPA (math, padded)": [
      5.41187,
      2.70029,
      2.15478,
      10.70707,
      5.81632,
      4.096
    ],
    "SDPA (efficient, padded)": [
      2.31424,
      1.90349,
      1.9176,
      4.37037,
      3.79802,
      3.59824
    ],
    "SDPA (flash, padded)": [
      2.2016,
      1.86067,
      1.94448,
      4.19533,
      3.91258,
      3.6096
    ],
    "NestedTensor + SDPA": [
      9.40954,
      9.26822,
      9.37066,
      18.11661,
      17.48678,
      17.48378
    ],
    "Triton Ragged (ours)": [
      0.13722,
      0.04301,
      0.02464,
      0.34736,
      0.07987,
      0.02784
    ],
    "FlashAttention-2 (varlen)": [
      0.1239,
      0.05427,
      0.05222,
      0.27136,
      0.07475,
      0.06144
    ]
  }
}