{
  "gpu": "NVIDIA RTX 4000 Ada Generation",
  "sm": "SM89",
  "timing": "cuda_events_median_ms",
  "warmup": 50,
  "jit_warmup": 150,
  "iters": 300,
  "configs": [
    "BS=32, 0% pruned",
    "BS=32, 50% pruned",
    "BS=32, 80% pruned",
    "BS=64, 0% pruned",
    "BS=64, 50% pruned",
    "BS=64, 80% pruned"
  ],
  "kernels": {
    "SDPA (math, padded)": [
      5.34437,
      2.56179,
      2.12288,
      10.98995,
      5.79778,
      4.17766
    ],
    "SDPA (efficient, padded)": [
      2.11474,
      1.95072,
      1.8965,
      4.28614,
      3.87843,
      3.69184
    ],
    "SDPA (flash, padded)": [
      1.99366,
      1.88174,
      1.87898,
      4.08934,
      3.80626,
      3.58502
    ],
    "NestedTensor + SDPA": [
      9.25728,
      9.22986,
      9.0281,
      17.67866,
      17.53565,
      17.34622
    ],
    "Triton Ragged (ours)": [
      0.13722,
      0.04198,
      0.02355,
      0.34611,
      0.07987,
      0.02765
    ],
    "FlashAttention-2 (varlen)": [
      0.11366,
      0.0512,
      0.0512,
      0.26533,
      0.0727,
      0.06042
    ]
  },
  "p5": {
    "SDPA (math, padded)": [
      5.26669,
      2.52723,
      2.05197,
      10.59107,
      5.65034,
      4.02938
    ],
    "SDPA (efficient, padded)": [
      2.10304,
      1.87802,
      1.81664,
      4.13869,
      3.74269,
      3.54912
    ],
    "SDPA (flash, padded)": [
      1.97933,
      1.82886,
      1.80771,
      3.94618,
      3.6688,
      3.56019
    ],
    "NestedTensor + SDPA": [
      8.85661,
      8.8023,
      8.73165,
      16.99942,
      16.76477,
      16.70246
    ],
    "Triton Ragged (ours)": [
      0.13619,
      0.04096,
      0.02253,
      0.33587,
      0.07885,
      0.02662
    ],
    "FlashAttention-2 (varlen)": [
      0.11264,
      0.03686,
      0.0471,
      0.2519,
      0.07168,
      0.05939
    ]
  },
  "p95": {
    "SDPA (math, padded)": [
      5.89722,
      3.13446,
      2.60544,
      11.35501,
      6.3488,
      4.73498
    ],
    "SDPA (efficient, padded)": [
      2.66272,
      2.5079,
      2.41584,
      4.86726,
      4.43597,
      4.25942
    ],
    "SDPA (flash, padded)": [
      2.48221,
      2.39942,
      2.39411,
      4.64086,
      4.35517,
      4.16259
    ],
    "NestedTensor + SDPA": [
      9.83744,
      9.67782,
      9.49555,
      18.20262,
      18.06675,
      18.01008
    ],
    "Triton Ragged (ours)": [
      0.14234,
      0.04301,
      0.0256,
      0.35021,
      0.08006,
      0.02794
    ],
    "FlashAttention-2 (varlen)": [
      0.12493,
      0.05427,
      0.05325,
      0.26954,
      0.07475,
      0.06144
    ]
  }
}