{
  "gpu": "NVIDIA RTX 4000 Ada Generation",
  "sm": "SM89",
  "timing": "cuda_events_median_ms",
  "warmup": 50,
  "jit_warmup": 150,
  "iters": 300,
  "configs": [
    "BS=32, 0% pruned",
    "BS=32, 50% pruned",
    "BS=32, 80% pruned",
    "BS=64, 0% pruned",
    "BS=64, 50% pruned",
    "BS=64, 80% pruned"
  ],
  "kernels": {
    "SDPA (math, padded)": [
      5.33642,
      2.58664,
      2.0951,
      10.68699,
      5.83885,
      4.09744
    ],
    "SDPA (efficient, padded)": [
      2.13094,
      1.90414,
      1.85038,
      4.19739,
      3.79525,
      3.61779
    ],
    "SDPA (flash, padded)": [
      2.00499,
      1.85314,
      1.9159,
      3.9977,
      3.84699,
      3.74893
    ],
    "NestedTensor + SDPA": [
      9.21088,
      9.1264,
      9.51328,
      17.43618,
      17.18934,
      17.08864
    ],
    "Triton Ragged (ours)": [
      0.13619,
      0.04198,
      0.02355,
      0.34406,
      0.07987,
      0.02765
    ],
    "FlashAttention-2 (varlen)": [
      0.11162,
      0.05222,
      0.05018,
      0.26726,
      0.07102,
      0.06042
    ]
  },
  "p5": {
    "SDPA (math, padded)": [
      5.29101,
      2.55373,
      2.08589,
      10.63491,
      5.69776,
      4.02739
    ],
    "SDPA (efficient, padded)": [
      2.11658,
      1.8688,
      1.84115,
      4.13152,
      3.76525,
      3.59226
    ],
    "SDPA (flash, padded)": [
      1.99382,
      1.8217,
      1.84205,
      3.93011,
      3.71098,
      3.60858
    ],
    "NestedTensor + SDPA": [
      9.00813,
      8.93338,
      8.9545,
      17.22464,
      17.04326,
      16.86733
    ],
    "Triton Ragged (ours)": [
      0.13517,
      0.04198,
      0.02253,
      0.3328,
      0.07885,
      0.02675
    ],
    "FlashAttention-2 (varlen)": [
      0.11059,
      0.04915,
      0.04813,
      0.25293,
      0.07066,
      0.05939
    ]
  },
  "p95": {
    "SDPA (math, padded)": [
      5.83722,
      2.59789,
      2.1711,
      10.90048,
      5.91555,
      4.11853
    ],
    "SDPA (efficient, padded)": [
      2.14826,
      1.91363,
      1.92717,
      4.3441,
      3.94445,
      3.76086
    ],
    "SDPA (flash, padded)": [
      2.02365,
      1.8639,
      1.92781,
      4.12339,
      3.87174,
      3.83706
    ],
    "NestedTensor + SDPA": [
      9.84544,
      9.22144,
      9.82221,
      18.28048,
      17.98682,
      18.02003
    ],
    "Triton Ragged (ours)": [
      0.13722,
      0.04301,
      0.02458,
      0.34714,
      0.07987,
      0.02797
    ],
    "FlashAttention-2 (varlen)": [
      0.11264,
      0.05456,
      0.05222,
      0.2697,
      0.07184,
      0.06144
    ]
  }
}