{
  "gpu": "NVIDIA RTX 4000 Ada Generation",
  "sm": "SM89",
  "timing": "cuda_events_median_ms",
  "warmup": 50,
  "jit_warmup": 150,
  "iters": 300,
  "configs": [
    "BS=32, 0% pruned",
    "BS=32, 50% pruned",
    "BS=32, 80% pruned",
    "BS=64, 0% pruned",
    "BS=64, 50% pruned",
    "BS=64, 80% pruned"
  ],
  "kernels": {
    "SDPA (math, padded)": [
      5.36688,
      2.67078,
      2.15669,
      10.87283,
      5.86941,
      4.27059
    ],
    "SDPA (efficient, padded)": [
      2.2033,
      2.03013,
      1.91795,
      4.40309,
      3.89774,
      3.8584
    ],
    "SDPA (flash, padded)": [
      2.10731,
      1.97218,
      1.99168,
      4.20339,
      3.85544,
      3.97248
    ],
    "NestedTensor + SDPA": [
      9.60923,
      9.61202,
      9.57237,
      18.17178,
      17.87794,
      17.89229
    ],
    "Triton Ragged (ours)": [
      0.13824,
      0.04198,
      0.02458,
      0.34611,
      0.07987,
      0.02765
    ],
    "FlashAttention-2 (varlen)": [
      0.11374,
      0.0512,
      0.05325,
      0.25293,
      0.0727,
      0.06042
    ]
  },
  "p5": {
    "SDPA (math, padded)": [
      5.29408,
      2.59562,
      2.08314,
      10.6464,
      5.70909,
      4.09978
    ],
    "SDPA (efficient, padded)": [
      2.13539,
      1.94154,
      1.84214,
      4.21069,
      3.77642,
      3.71437
    ],
    "SDPA (flash, padded)": [
      2.0289,
      1.90669,
      1.91283,
      4.09632,
      3.70902,
      3.81917
    ],
    "NestedTensor + SDPA": [
      9.15046,
      9.13619,
      9.09517,
      17.41094,
      17.11744,
      17.11533
    ],
    "Triton Ragged (ours)": [
      0.13619,
      0.04096,
      0.02355,
      0.33792,
      0.07885,
      0.02662
    ],
    "FlashAttention-2 (varlen)": [
      0.11264,
      0.03686,
      0.0329,
      0.2519,
      0.07168,
      0.06042
    ]
  },
  "p95": {
    "SDPA (math, padded)": [
      5.92998,
      3.19962,
      2.67488,
      11.41136,
      6.42746,
      4.79104
    ],
    "SDPA (efficient, padded)": [
      2.72794,
      2.54384,
      2.38995,
      4.94528,
      4.46432,
      4.36826
    ],
    "SDPA (flash, padded)": [
      2.66854,
      2.49485,
      2.52915,
      4.75126,
      4.42688,
      4.5161
    ],
    "NestedTensor + SDPA": [
      10.12906,
      10.11648,
      10.09552,
      18.79552,
      18.45424,
      18.58762
    ],
    "Triton Ragged (ours)": [
      0.14131,
      0.04301,
      0.02662,
      0.35123,
      0.07987,
      0.02778
    ],
    "FlashAttention-2 (varlen)": [
      0.11674,
      0.05331,
      0.05632,
      0.26726,
      0.07578,
      0.06144
    ]
  }
}