{
  "gpu": "NVIDIA RTX 4000 Ada Generation",
  "sm": "SM89",
  "timing": "cuda_events_median_ms",
  "warmup": 50,
  "jit_warmup": 150,
  "iters": 300,
  "configs": [
    "BS=32, 0% pruned",
    "BS=32, 50% pruned",
    "BS=32, 80% pruned",
    "BS=64, 0% pruned",
    "BS=64, 50% pruned",
    "BS=64, 80% pruned"
  ],
  "kernels": {
    "SDPA (math, padded)": [
      5.34488,
      2.60926,
      2.08677,
      10.84264,
      5.75283,
      4.0912
    ],
    "SDPA (efficient, padded)": [
      2.25214,
      1.93322,
      1.86754,
      4.5412,
      3.89707,
      3.58176
    ],
    "SDPA (flash, padded)": [
      2.12219,
      1.85275,
      1.84173,
      4.20864,
      3.69667,
      3.59566
    ],
    "NestedTensor + SDPA": [
      9.12736,
      8.96419,
      8.91862,
      17.10192,
      16.89242,
      16.79323
    ],
    "Triton Ragged (ours)": [
      0.13619,
      0.04198,
      0.02355,
      0.34509,
      0.07987,
      0.02765
    ],
    "FlashAttention-2 (varlen)": [
      0.11162,
      0.0512,
      0.04915,
      0.26738,
      0.07168,
      0.06042
    ]
  },
  "p5": {
    "SDPA (math, padded)": [
      5.31866,
      2.56512,
      2.07258,
      10.73542,
      5.68458,
      4.06733
    ],
    "SDPA (efficient, padded)": [
      2.2352,
      1.88099,
      1.83206,
      4.40218,
      3.75706,
      3.56371
    ],
    "SDPA (flash, padded)": [
      1.9648,
      1.82506,
      1.82819,
      3.90963,
      3.62813,
      3.51066
    ],
    "NestedTensor + SDPA": [
      9.01005,
      8.9048,
      8.8535,
      16.78515,
      16.76288,
      16.6551
    ],
    "Triton Ragged (ours)": [
      0.13517,
      0.04096,
      0.02253,
      0.33178,
      0.07885,
      0.02662
    ],
    "FlashAttention-2 (varlen)": [
      0.11059,
      0.04915,
      0.04813,
      0.25395,
      0.07066,
      0.05939
    ]
  },
  "p95": {
    "SDPA (math, padded)": [
      5.41517,
      2.69312,
      2.16371,
      10.97024,
      5.86154,
      4.23834
    ],
    "SDPA (efficient, padded)": [
      2.32243,
      2.02445,
      1.90982,
      4.56397,
      3.98723,
      3.72605
    ],
    "SDPA (flash, padded)": [
      2.19238,
      1.86394,
      1.91168,
      4.37446,
      3.82653,
      3.73434
    ],
    "NestedTensor + SDPA": [
      9.5529,
      9.42182,
      9.38589,
      18.41274,
      17.67014,
      17.25542
    ],
    "Triton Ragged (ours)": [
      0.13722,
      0.04301,
      0.0248,
      0.34714,
      0.0799,
      0.02765
    ],
    "FlashAttention-2 (varlen)": [
      0.11264,
      0.05427,
      0.05222,
      0.27136,
      0.07184,
      0.06144
    ]
  }
}