{
  "gpu": "NVIDIA RTX 4000 Ada Generation",
  "sm": "SM89",
  "timing": "cuda_events_median_ms",
  "warmup": 50,
  "jit_warmup": 150,
  "iters": 300,
  "configs": [
    "BS=32, 0% pruned",
    "BS=32, 50% pruned",
    "BS=32, 80% pruned",
    "BS=64, 0% pruned",
    "BS=64, 50% pruned",
    "BS=64, 80% pruned"
  ],
  "kernels": {
    "SDPA (math, padded)": [
      5.34117,
      2.61274,
      2.10219,
      10.70706,
      5.74043,
      4.33406
    ],
    "SDPA (efficient, padded)": [
      2.21594,
      1.91795,
      1.92613,
      4.21389,
      3.8144,
      3.99661
    ],
    "SDPA (flash, padded)": [
      2.08691,
      1.93341,
      1.92454,
      4.12928,
      3.7376,
      3.63213
    ],
    "NestedTensor + SDPA": [
      9.21504,
      9.13814,
      9.51536,
      18.03307,
      17.17614,
      17.06138
    ],
    "Triton Ragged (ours)": [
      0.13661,
      0.04198,
      0.02355,
      0.34406,
      0.08397,
      0.02765
    ],
    "FlashAttention-2 (varlen)": [
      0.11264,
      0.05325,
      0.05222,
      0.26744,
      0.07373,
      0.06042
    ]
  },
  "p5": {
    "SDPA (math, padded)": [
      5.30022,
      2.54669,
      2.09203,
      10.65882,
      5.71184,
      4.17792
    ],
    "SDPA (efficient, padded)": [
      2.14733,
      1.87789,
      1.84838,
      4.19635,
      3.77613,
      3.84832
    ],
    "SDPA (flash, padded)": [
      2.02035,
      1.8585,
      1.84934,
      4.00691,
      3.72125,
      3.6137
    ],
    "NestedTensor + SDPA": [
      9.14003,
      9.05011,
      9.03283,
      17.23802,
      16.87859,
      16.81101
    ],
    "Triton Ragged (ours)": [
      0.13619,
      0.04096,
      0.02253,
      0.33485,
      0.08294,
      0.02765
    ],
    "FlashAttention-2 (varlen)": [
      0.11162,
      0.05149,
      0.0512,
      0.25293,
      0.0727,
      0.06042
    ]
  },
  "p95": {
    "SDPA (math, padded)": [
      5.39853,
      2.67478,
      2.17677,
      10.81728,
      5.93818,
      4.37539
    ],
    "SDPA (efficient, padded)": [
      2.25894,
      2.02035,
      1.93728,
      4.35485,
      3.84122,
      4.07968
    ],
    "SDPA (flash, padded)": [
      2.12762,
      1.9753,
      1.97018,
      4.23117,
      3.93318,
      3.88509
    ],
    "NestedTensor + SDPA": [
      9.6919,
      9.7512,
      9.76378,
      18.52928,
      18.31424,
      17.92205
    ],
    "Triton Ragged (ours)": [
      0.13866,
      0.04301,
      0.0256,
      0.34714,
      0.08499,
      0.02867
    ],
    "FlashAttention-2 (varlen)": [
      0.12288,
      0.05552,
      0.0553,
      0.27034,
      0.07475,
      0.06144
    ]
  }
}