{
  "gpu": "NVIDIA RTX 4000 Ada Generation",
  "sm": "SM89",
  "timing": "cuda_events_median_ms",
  "warmup": 50,
  "jit_warmup": 150,
  "iters": 300,
  "configs": [
    "BS=32, 0% pruned",
    "BS=32, 50% pruned",
    "BS=32, 80% pruned",
    "BS=64, 0% pruned",
    "BS=64, 50% pruned",
    "BS=64, 80% pruned"
  ],
  "kernels": {
    "SDPA (math, padded)": [
      5.32746,
      2.57638,
      2.07597,
      10.82218,
      5.73739,
      4.24858
    ],
    "SDPA (efficient, padded)": [
      2.16525,
      1.8975,
      1.8857,
      4.23619,
      3.9307,
      3.82712
    ],
    "SDPA (flash, padded)": [
      2.01211,
      1.90014,
      1.96923,
      4.19181,
      3.90341,
      3.71965
    ],
    "NestedTensor + SDPA": [
      9.29944,
      9.23187,
      9.16179,
      17.36728,
      17.09122,
      17.16192
    ],
    "Triton Ragged (ours)": [
      0.13926,
      0.04198,
      0.0249,
      0.34478,
      0.07987,
      0.02765
    ],
    "FlashAttention-2 (varlen)": [
      0.11366,
      0.05018,
      0.04813,
      0.26419,
      0.0727,
      0.06042
    ]
  },
  "p5": {
    "SDPA (math, padded)": [
      5.22854,
      2.53235,
      2.06029,
      10.58822,
      5.60026,
      4.04173
    ],
    "SDPA (efficient, padded)": [
      2.10637,
      1.88,
      1.81443,
      4.17594,
      3.80227,
      3.67958
    ],
    "SDPA (flash, padded)": [
      1.97872,
      1.83027,
      1.86675,
      4.09398,
      3.8441,
      3.56138
    ],
    "NestedTensor + SDPA": [
      8.9105,
      8.80435,
      8.78074,
      16.85616,
      16.65434,
      16.60173
    ],
    "Triton Ragged (ours)": [
      0.13619,
      0.04138,
      0.01536,
      0.33587,
      0.07885,
      0.02662
    ],
    "FlashAttention-2 (varlen)": [
      0.11264,
      0.0471,
      0.03379,
      0.2521,
      0.07168,
      0.05939
    ]
  },
  "p95": {
    "SDPA (math, padded)": [
      5.88595,
      3.12422,
      2.66829,
      11.35309,
      6.35494,
      4.81866
    ],
    "SDPA (efficient, padded)": [
      2.7055,
      2.45965,
      2.41955,
      4.88691,
      4.48614,
      4.4103
    ],
    "SDPA (flash, padded)": [
      2.5303,
      2.45555,
      2.4585,
      4.80973,
      4.5312,
      4.32106
    ],
    "NestedTensor + SDPA": [
      9.74765,
      9.7687,
      9.53037,
      18.17194,
      17.7992,
      17.91898
    ],
    "Triton Ragged (ours)": [
      0.14131,
      0.0424,
      0.02662,
      0.3472,
      0.08019,
      0.02797
    ],
    "FlashAttention-2 (varlen)": [
      0.1239,
      0.05258,
      0.05222,
      0.27034,
      0.07373,
      0.06144
    ]
  }
}