{
  "gpu": "NVIDIA RTX 4000 Ada Generation",
  "sm": "SM89",
  "timing": "cuda_events_median_ms",
  "warmup": 50,
  "jit_warmup": 150,
  "iters": 300,
  "configs": [
    "BS=32, 0% pruned",
    "BS=32, 50% pruned",
    "BS=32, 80% pruned",
    "BS=64, 0% pruned",
    "BS=64, 50% pruned",
    "BS=64, 80% pruned"
  ],
  "kernels": {
    "SDPA (math, padded)": [
      5.43027,
      2.58134,
      2.10584,
      10.85312,
      5.68627,
      4.34688
    ],
    "SDPA (efficient, padded)": [
      2.23861,
      2.01626,
      1.96418,
      4.41058,
      3.74374,
      3.90144
    ],
    "SDPA (flash, padded)": [
      2.11178,
      1.96522,
      1.95566,
      4.19931,
      3.66277,
      3.72224
    ],
    "NestedTensor + SDPA": [
      9.20515,
      9.15658,
      9.13467,
      17.44693,
      17.66858,
      17.09582
    ],
    "Triton Ragged (ours)": [
      0.13517,
      0.04198,
      0.02355,
      0.3431,
      0.07987,
      0.02765
    ],
    "FlashAttention-2 (varlen)": [
      0.11162,
      0.05325,
      0.05325,
      0.25805,
      0.07168,
      0.06042
    ]
  },
  "p5": {
    "SDPA (math, padded)": [
      5.32067,
      2.56208,
      2.08384,
      10.77341,
      5.64026,
      4.24848
    ],
    "SDPA (efficient, padded)": [
      2.20573,
      2.00704,
      1.94893,
      4.39469,
      3.68614,
      3.712
    ],
    "SDPA (flash, padded)": [
      2.08896,
      1.95277,
      1.924,
      3.97037,
      3.64749,
      3.70179
    ],
    "NestedTensor + SDPA": [
      8.99891,
      9.00118,
      9.01219,
      17.27792,
      17.01606,
      16.86157
    ],
    "Triton Ragged (ours)": [
      0.13414,
      0.04096,
      0.02253,
      0.33178,
      0.07885,
      0.02765
    ],
    "FlashAttention-2 (varlen)": [
      0.11059,
      0.0512,
      0.0512,
      0.256,
      0.07066,
      0.05981
    ]
  },
  "p95": {
    "SDPA (math, padded)": [
      5.45894,
      2.61939,
      2.18042,
      10.97661,
      6.62221,
      4.44621
    ],
    "SDPA (efficient, padded)": [
      2.29581,
      2.02656,
      2.03776,
      4.45203,
      3.75907,
      3.98259
    ],
    "SDPA (flash, padded)": [
      2.12698,
      2.02752,
      2.03338,
      4.33645,
      3.80294,
      3.79376
    ],
    "NestedTensor + SDPA": [
      9.67558,
      9.4345,
      9.59389,
      18.2945,
      18.0432,
      17.89747
    ],
    "Triton Ragged (ours)": [
      0.13619,
      0.04234,
      0.0249,
      0.34611,
      0.0799,
      0.02867
    ],
    "FlashAttention-2 (varlen)": [
      0.11264,
      0.05632,
      0.0553,
      0.26931,
      0.07187,
      0.06144
    ]
  }
}