{
  "gpu": "NVIDIA RTX 4000 Ada Generation",
  "sm": "SM89",
  "timing": "cuda_events_median_ms",
  "warmup": 50,
  "jit_warmup": 150,
  "iters": 300,
  "configs": [
    "BS=32, 0% pruned",
    "BS=32, 50% pruned",
    "BS=32, 80% pruned",
    "BS=64, 0% pruned",
    "BS=64, 50% pruned",
    "BS=64, 80% pruned"
  ],
  "kernels": {
    "SDPA (math, padded)": [
      5.3395,
      2.62035,
      2.10946,
      10.92304,
      5.98117,
      4.19021
    ],
    "SDPA (efficient, padded)": [
      2.16008,
      2.09203,
      1.96917,
      4.4329,
      4.04309,
      3.8397
    ],
    "SDPA (flash, padded)": [
      2.06603,
      2.05435,
      1.96368,
      4.25165,
      3.95878,
      3.85136
    ],
    "NestedTensor + SDPA": [
      9.17914,
      9.51552,
      9.34355,
      17.4588,
      17.12091,
      17.046
    ],
    "Triton Ragged (ours)": [
      0.13722,
      0.04198,
      0.02355,
      0.34714,
      0.07987,
      0.02765
    ],
    "FlashAttention-2 (varlen)": [
      0.11264,
      0.05325,
      0.05222,
      0.2659,
      0.0727,
      0.06042
    ]
  },
  "p5": {
    "SDPA (math, padded)": [
      5.29856,
      2.59053,
      2.092,
      10.79376,
      5.85843,
      4.06016
    ],
    "SDPA (efficient, padded)": [
      2.10048,
      2.0256,
      1.92832,
      4.18918,
      4.0192,
      3.82042
    ],
    "SDPA (flash, padded)": [
      2.00192,
      2.04253,
      1.95584,
      4.23213,
      3.8935,
      3.82883
    ],
    "NestedTensor + SDPA": [
      8.9736,
      9.07549,
      9.03373,
      17.25152,
      16.89418,
      16.88234
    ],
    "Triton Ragged (ours)": [
      0.13619,
      0.04118,
      0.02253,
      0.33792,
      0.07885,
      0.02662
    ],
    "FlashAttention-2 (varlen)": [
      0.11162,
      0.05222,
      0.0512,
      0.25293,
      0.07168,
      0.05939
    ]
  },
  "p95": {
    "SDPA (math, padded)": [
      5.41389,
      2.70022,
      2.21696,
      11.09402,
      6.08445,
      4.34483
    ],
    "SDPA (efficient, padded)": [
      2.21181,
      2.13914,
      2.0295,
      4.50784,
      4.17907,
      3.976
    ],
    "SDPA (flash, padded)": [
      2.08413,
      2.09286,
      1.97824,
      4.38963,
      4.09789,
      4.05478
    ],
    "NestedTensor + SDPA": [
      9.31133,
      9.80906,
      9.74963,
      18.54771,
      18.31933,
      17.87283
    ],
    "Triton Ragged (ours)": [
      0.13926,
      0.04301,
      0.02458,
      0.35021,
      0.0799,
      0.02797
    ],
    "FlashAttention-2 (varlen)": [
      0.12288,
      0.05549,
      0.0553,
      0.27136,
      0.07475,
      0.06144
    ]
  }
}