{
  "gpu": "NVIDIA RTX 4000 Ada Generation",
  "sm": "SM89",
  "timing": "cuda_events_median_ms",
  "warmup": 50,
  "jit_warmup": 150,
  "iters": 300,
  "configs": [
    "BS=32, 0% pruned",
    "BS=32, 50% pruned",
    "BS=32, 80% pruned",
    "BS=64, 0% pruned",
    "BS=64, 50% pruned",
    "BS=64, 80% pruned"
  ],
  "kernels": {
    "SDPA (math, padded)": [
      5.32098,
      2.59154,
      2.09818,
      10.69005,
      5.72683,
      4.07347
    ],
    "SDPA (efficient, padded)": [
      2.12965,
      1.90877,
      1.85242,
      4.18765,
      3.79802,
      3.58195
    ],
    "SDPA (flash, padded)": [
      2.008,
      1.82579,
      1.91898,
      4.00446,
      3.71208,
      3.59333
    ],
    "NestedTensor + SDPA": [
      9.10234,
      9.03027,
      9.01653,
      17.25955,
      17.17678,
      16.90317
    ],
    "Triton Ragged (ours)": [
      0.13619,
      0.04198,
      0.02355,
      0.34202,
      0.07987,
      0.02765
    ],
    "FlashAttention-2 (varlen)": [
      0.11264,
      0.0512,
      0.04915,
      0.26624,
      0.07082,
      0.06042
    ]
  },
  "p5": {
    "SDPA (math, padded)": [
      5.27629,
      2.57414,
      2.09062,
      10.55846,
      5.69747,
      4.05741
    ],
    "SDPA (efficient, padded)": [
      2.11354,
      1.90157,
      1.84438,
      4.1719,
      3.78387,
      3.5719
    ],
    "SDPA (flash, padded)": [
      1.98211,
      1.81462,
      1.84704,
      3.98336,
      3.69558,
      3.53507
    ],
    "NestedTensor + SDPA": [
      8.85363,
      8.83098,
      8.95181,
      17.10992,
      16.63456,
      16.78643
    ],
    "Triton Ragged (ours)": [
      0.13517,
      0.04096,
      0.02275,
      0.33082,
      0.07885,
      0.02662
    ],
    "FlashAttention-2 (varlen)": [
      0.11059,
      0.04915,
      0.0471,
      0.25395,
      0.07066,
      0.05939
    ]
  },
  "p95": {
    "SDPA (math, padded)": [
      5.37398,
      2.70224,
      2.11149,
      10.85542,
      5.86035,
      4.2199
    ],
    "SDPA (efficient, padded)": [
      2.19258,
      1.92083,
      1.92205,
      4.20835,
      3.82566,
      3.59354
    ],
    "SDPA (flash, padded)": [
      2.0183,
      1.8985,
      1.93024,
      4.13798,
      3.84819,
      3.6096
    ],
    "NestedTensor + SDPA": [
      9.29158,
      9.41466,
      9.47597,
      18.10944,
      17.97341,
      17.85622
    ],
    "Triton Ragged (ours)": [
      0.13722,
      0.04221,
      0.0249,
      0.34406,
      0.07987,
      0.02787
    ],
    "FlashAttention-2 (varlen)": [
      0.11366,
      0.05325,
      0.0512,
      0.26829,
      0.07187,
      0.06144
    ]
  }
}