{
  "gpu": "NVIDIA RTX 4000 Ada Generation",
  "sm": "SM89",
  "timing": "cuda_events_median_ms",
  "warmup": 50,
  "jit_warmup": 150,
  "iters": 300,
  "configs": [
    "BS=32, 0% pruned",
    "BS=32, 50% pruned",
    "BS=32, 80% pruned",
    "BS=64, 0% pruned",
    "BS=64, 50% pruned",
    "BS=64, 80% pruned"
  ],
  "kernels": {
    "SDPA (math, padded)": [
      5.30794,
      2.56714,
      2.13603,
      10.62448,
      5.7103,
      4.06166
    ],
    "SDPA (efficient, padded)": [
      2.12538,
      1.88621,
      1.82989,
      4.28042,
      3.74682,
      3.59514
    ],
    "SDPA (flash, padded)": [
      2.06022,
      1.8349,
      1.8217,
      4.08576,
      3.67104,
      3.68938
    ],
    "NestedTensor + SDPA": [
      9.12762,
      9.01883,
      8.92826,
      17.11619,
      16.97946,
      16.8181
    ],
    "Triton Ragged (ours)": [
      0.13619,
      0.04198,
      0.02469,
      0.34406,
      0.07987,
      0.02765
    ],
    "FlashAttention-2 (varlen)": [
      0.11162,
      0.05325,
      0.0512,
      0.25723,
      0.07168,
      0.06042
    ]
  },
  "p5": {
    "SDPA (math, padded)": [
      5.26643,
      2.52416,
      2.05824,
      10.58675,
      5.66176,
      4.04675
    ],
    "SDPA (efficient, padded)": [
      2.10675,
      1.87786,
      1.81846,
      4.14003,
      3.71722,
      3.55341
    ],
    "SDPA (flash, padded)": [
      1.99066,
      1.8055,
      1.81453,
      3.94573,
      3.65741,
      3.50413
    ],
    "NestedTensor + SDPA": [
      9.02861,
      8.93635,
      8.75702,
      16.85808,
      16.56998,
      16.60995
    ],
    "Triton Ragged (ours)": [
      0.13517,
      0.04096,
      0.02394,
      0.33178,
      0.07885,
      0.02765
    ],
    "FlashAttention-2 (varlen)": [
      0.11059,
      0.0512,
      0.04835,
      0.256,
      0.07066,
      0.05939
    ]
  },
  "p95": {
    "SDPA (math, padded)": [
      5.34938,
      2.61331,
      2.15238,
      10.79706,
      5.81453,
      4.20774
    ],
    "SDPA (efficient, padded)": [
      2.18829,
      1.89747,
      1.89958,
      4.36634,
      3.77549,
      3.77882
    ],
    "SDPA (flash, padded)": [
      2.07357,
      1.8473,
      1.83194,
      4.11251,
      3.68742,
      3.77478
    ],
    "NestedTensor + SDPA": [
      9.58464,
      9.5232,
      8.99795,
      17.98643,
      17.77274,
      17.63738
    ],
    "Triton Ragged (ours)": [
      0.13722,
      0.04301,
      0.02662,
      0.34714,
      0.07987,
      0.02867
    ],
    "FlashAttention-2 (varlen)": [
      0.11264,
      0.05632,
      0.05427,
      0.26624,
      0.0727,
      0.06144
    ]
  }
}