{
  "gpu": "NVIDIA RTX 4000 Ada Generation",
  "sm": "SM89",
  "timing": "cuda_events_median_ms",
  "warmup": 50,
  "jit_warmup": 150,
  "iters": 300,
  "configs": [
    "BS=32, 0% pruned",
    "BS=32, 50% pruned",
    "BS=32, 80% pruned",
    "BS=64, 0% pruned",
    "BS=64, 50% pruned",
    "BS=64, 80% pruned"
  ],
  "kernels": {
    "SDPA (math, padded)": [
      5.35877,
      2.58794,
      2.08896,
      10.68858,
      5.71802,
      4.08054
    ],
    "SDPA (efficient, padded)": [
      2.25091,
      1.97709,
      1.8413,
      4.41856,
      3.78277,
      3.58262
    ],
    "SDPA (flash, padded)": [
      2.20504,
      1.85395,
      1.8401,
      4.2199,
      3.7027,
      3.59936
    ],
    "NestedTensor + SDPA": [
      9.3911,
      8.88714,
      8.82288,
      17.03667,
      16.85211,
      16.82123
    ],
    "Triton Ragged (ours)": [
      0.13619,
      0.04198,
      0.02355,
      0.34304,
      0.07918,
      0.02765
    ],
    "FlashAttention-2 (varlen)": [
      0.11162,
      0.04915,
      0.04915,
      0.26624,
      0.07168,
      0.06042
    ]
  },
  "p5": {
    "SDPA (math, padded)": [
      5.31478,
      2.57434,
      2.07872,
      10.60998,
      5.6897,
      4.06749
    ],
    "SDPA (efficient, padded)": [
      2.22224,
      1.91085,
      1.81584,
      4.36224,
      3.71814,
      3.5152
    ],
    "SDPA (flash, padded)": [
      2.19248,
      1.84522,
      1.80406,
      4.2015,
      3.6384,
      3.58387
    ],
    "NestedTensor + SDPA": [
      8.92906,
      8.67226,
      8.65267,
      16.93587,
      16.67955,
      16.63898
    ],
    "Triton Ragged (ours)": [
      0.13517,
      0.04096,
      0.02253,
      0.33178,
      0.07885,
      0.02662
    ],
    "FlashAttention-2 (varlen)": [
      0.11059,
      0.0471,
      0.0471,
      0.25418,
      0.07066,
      0.05939
    ]
  },
  "p95": {
    "SDPA (math, padded)": [
      5.42323,
      2.66346,
      2.11968,
      10.88077,
      5.8463,
      4.10115
    ],
    "SDPA (efficient, padded)": [
      2.31437,
      2.01933,
      1.8521,
      4.55782,
      3.79802,
      3.68426
    ],
    "SDPA (flash, padded)": [
      2.24141,
      1.96803,
      1.91613,
      4.35712,
      3.83261,
      3.73658
    ],
    "NestedTensor + SDPA": [
      9.66758,
      9.34781,
      8.91802,
      17.94355,
      17.61901,
      17.96893
    ],
    "Triton Ragged (ours)": [
      0.13722,
      0.04237,
      0.02464,
      0.34611,
      0.07987,
      0.02787
    ],
    "FlashAttention-2 (varlen)": [
      0.12083,
      0.0512,
      0.0512,
      0.26931,
      0.07184,
      0.06144
    ]
  }
}