{
  "gpu": "NVIDIA RTX 4000 Ada Generation",
  "sm": "SM89",
  "timing": "cuda_events_median_ms",
  "warmup": 50,
  "jit_warmup": 150,
  "iters": 300,
  "configs": [
    "BS=32, 0% pruned",
    "BS=32, 50% pruned",
    "BS=32, 80% pruned",
    "BS=64, 0% pruned",
    "BS=64, 50% pruned",
    "BS=64, 80% pruned"
  ],
  "kernels": {
    "SDPA (math, padded)": [
      5.36027,
      2.60512,
      2.12992,
      10.76435,
      5.80192,
      4.1063
    ],
    "SDPA (efficient, padded)": [
      2.26048,
      2.3261,
      1.81893,
      4.37146,
      4.10563,
      3.77962
    ],
    "SDPA (flash, padded)": [
      2.11456,
      1.84334,
      1.81634,
      4.18365,
      4.04373,
      3.79085
    ],
    "NestedTensor + SDPA": [
      9.13357,
      8.94427,
      8.72646,
      16.77842,
      17.26269,
      16.55605
    ],
    "Triton Ragged (ours)": [
      0.13722,
      0.04198,
      0.02355,
      0.34509,
      0.07987,
      0.02765
    ],
    "FlashAttention-2 (varlen)": [
      0.11264,
      0.04824,
      0.04813,
      0.26522,
      0.07168,
      0.06042
    ]
  },
  "p5": {
    "SDPA (math, padded)": [
      5.31763,
      2.56205,
      2.05824,
      10.61917,
      5.74669,
      4.03869
    ],
    "SDPA (efficient, padded)": [
      2.23133,
      1.87085,
      1.78202,
      4.34998,
      3.9527,
      3.71917
    ],
    "SDPA (flash, padded)": [
      2.10038,
      1.8272,
      1.80838,
      4.16362,
      3.90448,
      3.71302
    ],
    "NestedTensor + SDPA": [
      8.90163,
      8.71936,
      8.55898,
      16.44976,
      16.44646,
      16.33792
    ],
    "Triton Ragged (ours)": [
      0.13552,
      0.04096,
      0.02253,
      0.33792,
      0.07885,
      0.02765
    ],
    "FlashAttention-2 (varlen)": [
      0.11162,
      0.0471,
      0.0471,
      0.2519,
      0.07168,
      0.05939
    ]
  },
  "p95": {
    "SDPA (math, padded)": [
      5.45178,
      2.68493,
      2.14528,
      10.90029,
      5.90438,
      4.27008
    ],
    "SDPA (efficient, padded)": [
      2.34291,
      2.41453,
      1.83603,
      4.51459,
      4.19533,
      3.91491
    ],
    "SDPA (flash, padded)": [
      2.21901,
      1.90336,
      1.82586,
      4.34176,
      4.11952,
      3.87152
    ],
    "NestedTensor + SDPA": [
      9.55571,
      9.37267,
      9.12992,
      17.60461,
      17.82067,
      17.70205
    ],
    "Triton Ragged (ours)": [
      0.13926,
      0.04301,
      0.02458,
      0.34816,
      0.0809,
      0.02867
    ],
    "FlashAttention-2 (varlen)": [
      0.11776,
      0.0512,
      0.0512,
      0.26941,
      0.07382,
      0.06144
    ]
  }
}