{
  "gpu": "NVIDIA RTX 4000 Ada Generation",
  "sm": "SM89",
  "timing": "cuda_events_median_ms",
  "warmup": 50,
  "jit_warmup": 150,
  "iters": 300,
  "configs": [
    "BS=32, 0% pruned",
    "BS=32, 50% pruned",
    "BS=32, 80% pruned",
    "BS=64, 0% pruned",
    "BS=64, 50% pruned",
    "BS=64, 80% pruned"
  ],
  "kernels": {
    "SDPA (math, padded)": [
      5.36606,
      2.5868,
      2.14915,
      10.68642,
      5.71237,
      4.0795
    ],
    "SDPA (efficient, padded)": [
      2.12582,
      1.89542,
      1.88472,
      4.16971,
      3.76146,
      3.56269
    ],
    "SDPA (flash, padded)": [
      2.01914,
      1.84832,
      1.83102,
      4.10618,
      3.6896,
      3.57678
    ],
    "NestedTensor + SDPA": [
      9.21226,
      9.57235,
      9.30048,
      17.43872,
      17.18312,
      17.08659
    ],
    "Triton Ragged (ours)": [
      0.13619,
      0.04198,
      0.02458,
      0.34714,
      0.07987,
      0.02765
    ],
    "FlashAttention-2 (varlen)": [
      0.11195,
      0.0553,
      0.0512,
      0.25395,
      0.07237,
      0.06042
    ]
  },
  "p5": {
    "SDPA (math, padded)": [
      5.28605,
      2.57638,
      2.04483,
      10.61171,
      5.69242,
      4.04851
    ],
    "SDPA (efficient, padded)": [
      2.11661,
      1.88643,
      1.82666,
      4.14925,
      3.6721,
      3.47194
    ],
    "SDPA (flash, padded)": [
      1.95178,
      1.84016,
      1.79814,
      3.97312,
      3.67283,
      3.55629
    ],
    "NestedTensor + SDPA": [
      9.02941,
      9.0785,
      9.04381,
      17.26032,
      17.05062,
      16.96358
    ],
    "Triton Ragged (ours)": [
      0.13517,
      0.04198,
      0.02355,
      0.3369,
      0.07885,
      0.02694
    ],
    "FlashAttention-2 (varlen)": [
      0.11085,
      0.05325,
      0.04941,
      0.25296,
      0.07168,
      0.05939
    ]
  },
  "p95": {
    "SDPA (math, padded)": [
      5.45696,
      2.66256,
      2.20346,
      10.8288,
      5.82672,
      4.21242
    ],
    "SDPA (efficient, padded)": [
      2.13709,
      1.96813,
      1.91107,
      4.30592,
      3.97414,
      3.7055
    ],
    "SDPA (flash, padded)": [
      2.06643,
      1.91795,
      1.84413,
      4.19194,
      3.8289,
      3.71078
    ],
    "NestedTensor + SDPA": [
      12.0327,
      9.85117,
      9.59216,
      18.26202,
      17.99718,
      18.04986
    ],
    "Triton Ragged (ours)": [
      0.13926,
      0.04301,
      0.02662,
      0.34918,
      0.07994,
      0.02867
    ],
    "FlashAttention-2 (varlen)": [
      0.12288,
      0.05734,
      0.05341,
      0.26931,
      0.07475,
      0.06144
    ]
  }
}