{
  "gpu": "NVIDIA RTX 4000 Ada Generation",
  "sm": "SM89",
  "timing": "cuda_events_median_ms",
  "warmup": 50,
  "jit_warmup": 150,
  "iters": 300,
  "configs": [
    "BS=32, 0% pruned",
    "BS=32, 50% pruned",
    "BS=32, 80% pruned",
    "BS=64, 0% pruned",
    "BS=64, 50% pruned",
    "BS=64, 80% pruned"
  ],
  "kernels": {
    "SDPA (math, padded)": [
      5.39109,
      2.62629,
      2.09715,
      10.6705,
      5.89728,
      4.24208
    ],
    "SDPA (efficient, padded)": [
      2.22205,
      2.03674,
      1.84934,
      4.19288,
      4.04216,
      3.58605
    ],
    "SDPA (flash, padded)": [
      2.13016,
      2.04186,
      1.84938,
      4.24293,
      3.97018,
      3.60752
    ],
    "NestedTensor + SDPA": [
      9.05022,
      8.97294,
      8.92998,
      17.07008,
      16.81982,
      17.35066
    ],
    "Triton Ragged (ours)": [
      0.13619,
      0.04198,
      0.0256,
      0.34509,
      0.07987,
      0.02765
    ],
    "FlashAttention-2 (varlen)": [
      0.11162,
      0.05325,
      0.05018,
      0.26829,
      0.07168,
      0.06042
    ]
  },
  "p5": {
    "SDPA (math, padded)": [
      5.33533,
      2.58048,
      2.06541,
      10.6199,
      5.75606,
      4.09085
    ],
    "SDPA (efficient, padded)": [
      2.13408,
      2.0183,
      1.81469,
      4.09926,
      3.82566,
      3.51613
    ],
    "SDPA (flash, padded)": [
      2.11766,
      1.9704,
      1.8432,
      4.22026,
      3.90963,
      3.58877
    ],
    "NestedTensor + SDPA": [
      8.95789,
      8.90163,
      8.72765,
      16.64,
      16.66989,
      16.2911
    ],
    "Triton Ragged (ours)": [
      0.13517,
      0.04096,
      0.02458,
      0.3328,
      0.07885,
      0.02662
    ],
    "FlashAttention-2 (varlen)": [
      0.11059,
      0.0512,
      0.04915,
      0.25293,
      0.07066,
      0.05939
    ]
  },
  "p95": {
    "SDPA (math, padded)": [
      5.43846,
      2.70749,
      2.20429,
      10.78477,
      6.00576,
      5.70061
    ],
    "SDPA (efficient, padded)": [
      2.32438,
      2.10534,
      1.92323,
      4.4247,
      4.06947,
      3.82259
    ],
    "SDPA (flash, padded)": [
      2.19376,
      2.08384,
      1.85664,
      4.36429,
      3.99763,
      3.62394
    ],
    "NestedTensor + SDPA": [
      9.46176,
      9.40342,
      9.36755,
      17.95978,
      17.90198,
      17.85347
    ],
    "Triton Ragged (ours)": [
      0.13722,
      0.04301,
      0.02662,
      0.34714,
      0.07987,
      0.02784
    ],
    "FlashAttention-2 (varlen)": [
      0.11264,
      0.05632,
      0.05325,
      0.27136,
      0.0721,
      0.06144
    ]
  }
}