{
  "gpu": "NVIDIA RTX 4000 Ada Generation",
  "sm": "SM89",
  "timing": "cuda_events_median_ms",
  "warmup": 50,
  "jit_warmup": 150,
  "iters": 300,
  "configs": [
    "BS=32, 0% pruned",
    "BS=32, 50% pruned",
    "BS=32, 80% pruned",
    "BS=64, 0% pruned",
    "BS=64, 50% pruned",
    "BS=64, 80% pruned"
  ],
  "kernels": {
    "SDPA (math, padded)": [
      5.29877,
      2.6336,
      2.14242,
      10.63219,
      5.70272,
      4.05934
    ],
    "SDPA (efficient, padded)": [
      2.17773,
      1.95598,
      1.90054,
      4.15493,
      3.76045,
      3.56142
    ],
    "SDPA (flash, padded)": [
      1.99987,
      1.86826,
      1.89338,
      3.96056,
      3.68934,
      3.58438
    ],
    "NestedTensor + SDPA": [
      9.22222,
      9.1197,
      9.148,
      17.52578,
      17.18714,
      17.10805
    ],
    "Triton Ragged (ours)": [
      0.13619,
      0.04198,
      0.02355,
      0.34426,
      0.07987,
      0.02765
    ],
    "FlashAttention-2 (varlen)": [
      0.11162,
      0.0512,
      0.0512,
      0.26624,
      0.07168,
      0.06042
    ]
  },
  "p5": {
    "SDPA (math, padded)": [
      5.26243,
      2.56205,
      2.0888,
      10.57552,
      5.66003,
      4.04378
    ],
    "SDPA (efficient, padded)": [
      2.1104,
      1.87882,
      1.82477,
      4.13904,
      3.74771,
      3.49594
    ],
    "SDPA (flash, padded)": [
      1.98778,
      1.79302,
      1.82042,
      3.94067,
      3.67514,
      3.51642
    ],
    "NestedTensor + SDPA": [
      9.01654,
      9.05946,
      8.96102,
      17.18499,
      17.00147,
      16.96154
    ],
    "Triton Ragged (ours)": [
      0.13517,
      0.04096,
      0.02253,
      0.33178,
      0.07885,
      0.02662
    ],
    "FlashAttention-2 (varlen)": [
      0.11059,
      0.04915,
      0.04915,
      0.256,
      0.07066,
      0.05939
    ]
  },
  "p95": {
    "SDPA (math, padded)": [
      5.35619,
      2.64726,
      2.18691,
      10.74269,
      5.8153,
      4.07376
    ],
    "SDPA (efficient, padded)": [
      2.19206,
      1.96912,
      1.94253,
      4.16954,
      3.77242,
      3.57888
    ],
    "SDPA (flash, padded)": [
      2.0695,
      1.91667,
      1.90669,
      3.97898,
      3.70586,
      3.72349
    ],
    "NestedTensor + SDPA": [
      9.69933,
      9.18323,
      9.59898,
      18.36954,
      18.14282,
      17.92298
    ],
    "Triton Ragged (ours)": [
      0.13722,
      0.04234,
      0.02458,
      0.34714,
      0.07987,
      0.02797
    ],
    "FlashAttention-2 (varlen)": [
      0.11264,
      0.05325,
      0.05325,
      0.26726,
      0.0727,
      0.06144
    ]
  }
}