{
  "gpu": "NVIDIA RTX 4000 Ada Generation",
  "sm": "SM89",
  "timing": "cuda_events_median_ms",
  "warmup": 50,
  "jit_warmup": 150,
  "iters": 300,
  "configs": [
    "BS=32, 0% pruned",
    "BS=32, 50% pruned",
    "BS=32, 80% pruned",
    "BS=64, 0% pruned",
    "BS=64, 50% pruned",
    "BS=64, 80% pruned"
  ],
  "kernels": {
    "SDPA (math, padded)": [
      5.36064,
      2.65011,
      2.15656,
      11.06739,
      5.84216,
      4.22416
    ],
    "SDPA (efficient, padded)": [
      2.19034,
      1.97477,
      1.84949,
      4.39202,
      3.90362,
      3.71302
    ],
    "SDPA (flash, padded)": [
      2.0276,
      1.9456,
      1.91059,
      4.23013,
      3.8359,
      3.6781
    ],
    "NestedTensor + SDPA": [
      9.27746,
      9.1596,
      9.16821,
      17.64488,
      17.1817,
      17.22202
    ],
    "Triton Ragged (ours)": [
      0.13722,
      0.04198,
      0.0256,
      0.34714,
      0.07987,
      0.02765
    ],
    "FlashAttention-2 (varlen)": [
      0.11366,
      0.05035,
      0.0512,
      0.26624,
      0.07168,
      0.06042
    ]
  },
  "p5": {
    "SDPA (math, padded)": [
      5.28922,
      2.57318,
      2.08179,
      10.63302,
      5.69459,
      4.07757
    ],
    "SDPA (efficient, padded)": [
      2.1217,
      1.89331,
      1.83216,
      4.23014,
      3.76915,
      3.5688
    ],
    "SDPA (flash, padded)": [
      1.992,
      1.8729,
      1.8391,
      4.07552,
      3.69168,
      3.59117
    ],
    "NestedTensor + SDPA": [
      8.81459,
      8.76922,
      8.74691,
      16.7975,
      16.49571,
      16.50074
    ],
    "Triton Ragged (ours)": [
      0.13619,
      0.04096,
      0.01536,
      0.33587,
      0.07885,
      0.02662
    ],
    "FlashAttention-2 (varlen)": [
      0.11264,
      0.03686,
      0.03379,
      0.256,
      0.07066,
      0.05939
    ]
  },
  "p95": {
    "SDPA (math, padded)": [
      5.92858,
      3.1703,
      2.67389,
      11.39843,
      6.38976,
      4.78208
    ],
    "SDPA (efficient, padded)": [
      2.7216,
      2.47296,
      2.42074,
      4.96227,
      4.43187,
      4.25549
    ],
    "SDPA (flash, padded)": [
      2.59242,
      2.47075,
      2.43187,
      4.82797,
      4.3767,
      4.26906
    ],
    "NestedTensor + SDPA": [
      9.78518,
      9.59795,
      9.6385,
      18.3064,
      17.82989,
      17.90534
    ],
    "Triton Ragged (ours)": [
      0.14131,
      0.04301,
      0.02765,
      0.35021,
      0.07997,
      0.02778
    ],
    "FlashAttention-2 (varlen)": [
      0.1239,
      0.05325,
      0.0553,
      0.27034,
      0.07578,
      0.06144
    ]
  }
}