{
  "gpu": "NVIDIA RTX 4000 Ada Generation",
  "sm": "SM89",
  "timing": "cuda_events_median_ms",
  "warmup": 50,
  "jit_warmup": 150,
  "iters": 300,
  "configs": [
    "BS=32, 0% pruned",
    "BS=32, 50% pruned",
    "BS=32, 80% pruned",
    "BS=64, 0% pruned",
    "BS=64, 50% pruned",
    "BS=64, 80% pruned"
  ],
  "kernels": {
    "SDPA (math, padded)": [
      5.32619,
      2.58552,
      2.08794,
      10.87714,
      5.99848,
      4.06243
    ],
    "SDPA (efficient, padded)": [
      2.12934,
      1.90259,
      1.84331,
      4.41347,
      3.77158,
      3.57483
    ],
    "SDPA (flash, padded)": [
      2.00818,
      1.8516,
      1.84115,
      4.21683,
      3.69141,
      3.58851
    ],
    "NestedTensor + SDPA": [
      9.6175,
      9.59594,
      9.0616,
      17.37216,
      17.16034,
      17.01467
    ],
    "Triton Ragged (ours)": [
      0.13517,
      0.04198,
      0.02458,
      0.34304,
      0.07987,
      0.02765
    ],
    "FlashAttention-2 (varlen)": [
      0.11162,
      0.05325,
      0.05632,
      0.26829,
      0.07098,
      0.06042
    ]
  },
  "p5": {
    "SDPA (math, padded)": [
      5.27658,
      2.57558,
      2.07782,
      10.78643,
      5.67891,
      3.99744
    ],
    "SDPA (efficient, padded)": [
      2.10125,
      1.89542,
      1.81862,
      4.39306,
      3.75786,
      3.55942
    ],
    "SDPA (flash, padded)": [
      1.99782,
      1.8432,
      1.83398,
      4.19562,
      3.6305,
      3.56218
    ],
    "NestedTensor + SDPA": [
      9.14506,
      9.18528,
      8.93133,
      17.11002,
      16.93968,
      16.85514
    ],
    "Triton Ragged (ours)": [
      0.13517,
      0.04096,
      0.02374,
      0.33178,
      0.07885,
      0.02765
    ],
    "FlashAttention-2 (varlen)": [
      0.11059,
      0.0512,
      0.05427,
      0.25293,
      0.07066,
      0.05939
    ]
  },
  "p95": {
    "SDPA (math, padded)": [
      5.38506,
      2.65635,
      2.16269,
      10.96406,
      6.05389,
      4.08269
    ],
    "SDPA (efficient, padded)": [
      2.19005,
      1.91018,
      1.85139,
      4.55696,
      3.78675,
      3.72208
    ],
    "SDPA (flash, padded)": [
      2.1032,
      1.92102,
      1.84918,
      4.3537,
      3.70698,
      3.71917
    ],
    "NestedTensor + SDPA": [
      9.89184,
      9.89363,
      9.52195,
      18.60304,
      17.99056,
      17.77459
    ],
    "Triton Ragged (ours)": [
      0.13648,
      0.0423,
      0.02576,
      0.34714,
      0.07987,
      0.02867
    ],
    "FlashAttention-2 (varlen)": [
      0.11264,
      0.05446,
      0.05837,
      0.27136,
      0.07178,
      0.06144
    ]
  }
}