{
  "gpu": "NVIDIA RTX 4000 Ada Generation",
  "sm": "SM89",
  "timing": "cuda_events_median_ms",
  "warmup": 50,
  "jit_warmup": 150,
  "iters": 300,
  "configs": [
    "BS=32, 0% pruned",
    "BS=32, 50% pruned",
    "BS=32, 80% pruned",
    "BS=64, 0% pruned",
    "BS=64, 50% pruned",
    "BS=64, 80% pruned"
  ],
  "kernels": {
    "SDPA (math, padded)": [
      5.36173,
      2.56626,
      2.13819,
      10.68141,
      5.68088,
      4.18003
    ],
    "SDPA (efficient, padded)": [
      2.10739,
      1.94662,
      1.88944,
      4.15126,
      3.75501,
      3.55734
    ],
    "SDPA (flash, padded)": [
      1.98846,
      1.90362,
      1.89227,
      3.95571,
      3.68952,
      3.62794
    ],
    "NestedTensor + SDPA": [
      8.91808,
      8.88723,
      8.82122,
      17.45267,
      16.70085,
      16.5032
    ],
    "Triton Ragged (ours)": [
      0.13619,
      0.04198,
      0.02458,
      0.34229,
      0.07987,
      0.02765
    ],
    "FlashAttention-2 (varlen)": [
      0.11162,
      0.04942,
      0.05222,
      0.25395,
      0.07168,
      0.06042
    ]
  },
  "p5": {
    "SDPA (math, padded)": [
      5.32173,
      2.55491,
      2.13094,
      10.59194,
      5.65872,
      4.04342
    ],
    "SDPA (efficient, padded)": [
      2.09728,
      1.87494,
      1.78586,
      4.13389,
      3.70176,
      3.4959
    ],
    "SDPA (flash, padded)": [
      1.9791,
      1.89562,
      1.81658,
      3.86803,
      3.66592,
      3.55222
    ],
    "NestedTensor + SDPA": [
      8.83302,
      8.76512,
      8.63539,
      16.71987,
      16.58061,
      16.10154
    ],
    "Triton Ragged (ours)": [
      0.13517,
      0.04096,
      0.02355,
      0.33178,
      0.07885,
      0.02662
    ],
    "FlashAttention-2 (varlen)": [
      0.11059,
      0.04813,
      0.05018,
      0.25293,
      0.07066,
      0.05939
    ]
  },
  "p95": {
    "SDPA (math, padded)": [
      5.7815,
      2.63133,
      2.14733,
      10.74995,
      5.81334,
      4.2711
    ],
    "SDPA (efficient, padded)": [
      2.11664,
      1.95904,
      1.90365,
      4.29027,
      3.88822,
      3.69261
    ],
    "SDPA (flash, padded)": [
      2.04525,
      1.91149,
      1.9048,
      4.09088,
      3.81018,
      3.71507
    ],
    "NestedTensor + SDPA": [
      9.35651,
      9.27427,
      9.27149,
      17.76845,
      17.50528,
      17.79507
    ],
    "Triton Ragged (ours)": [
      0.13722,
      0.04234,
      0.02566,
      0.34509,
      0.07987,
      0.02781
    ],
    "FlashAttention-2 (varlen)": [
      0.12288,
      0.05222,
      0.05427,
      0.26931,
      0.0727,
      0.06144
    ]
  }
}