{
  "gpu": "NVIDIA RTX 4000 Ada Generation",
  "sm": "SM89",
  "timing": "cuda_events_median_ms",
  "warmup": 50,
  "jit_warmup": 150,
  "iters": 300,
  "configs": [
    "BS=32, 0% pruned",
    "BS=32, 50% pruned",
    "BS=32, 80% pruned",
    "BS=64, 0% pruned",
    "BS=64, 50% pruned",
    "BS=64, 80% pruned"
  ],
  "kernels": {
    "SDPA (math, padded)": [
      5.36251,
      2.69005,
      2.09101,
      10.98096,
      5.85973,
      4.10464
    ],
    "SDPA (efficient, padded)": [
      2.2065,
      1.90976,
      1.84411,
      4.44723,
      3.81856,
      3.60226
    ],
    "SDPA (flash, padded)": [
      2.0777,
      1.85877,
      1.84627,
      4.26288,
      3.73875,
      3.61509
    ],
    "NestedTensor + SDPA": [
      8.74496,
      8.82309,
      8.76195,
      16.75101,
      16.57003,
      16.49562
    ],
    "Triton Ragged (ours)": [
      0.13619,
      0.04198,
      0.02458,
      0.34304,
      0.07987,
      0.02765
    ],
    "FlashAttention-2 (varlen)": [
      0.11162,
      0.0512,
      0.04813,
      0.2601,
      0.07168,
      0.06042
    ]
  },
  "p5": {
    "SDPA (math, padded)": [
      5.28499,
      2.5815,
      2.05549,
      10.82163,
      5.71699,
      4.08234
    ],
    "SDPA (efficient, padded)": [
      2.13402,
      1.90051,
      1.81382,
      4.4247,
      3.79904,
      3.54406
    ],
    "SDPA (flash, padded)": [
      1.9753,
      1.84803,
      1.8391,
      4.23955,
      3.71984,
      3.55414
    ],
    "NestedTensor + SDPA": [
      8.62912,
      8.72134,
      8.51456,
      16.5161,
      16.15891,
      16.06755
    ],
    "Triton Ragged (ours)": [
      0.13517,
      0.04096,
      0.02355,
      0.33178,
      0.07885,
      0.02662
    ],
    "FlashAttention-2 (varlen)": [
      0.11059,
      0.04915,
      0.0471,
      0.25395,
      0.07066,
      0.05939
    ]
  },
  "p95": {
    "SDPA (math, padded)": [
      5.41011,
      2.71158,
      2.1024,
      11.11619,
      5.99456,
      4.25437
    ],
    "SDPA (efficient, padded)": [
      2.25088,
      1.98778,
      1.85661,
      4.5823,
      3.96099,
      3.74083
    ],
    "SDPA (flash, padded)": [
      2.12298,
      1.8688,
      1.85446,
      4.40326,
      3.95139,
      3.63078
    ],
    "NestedTensor + SDPA": [
      8.94086,
      9.26624,
      8.98269,
      17.60262,
      17.4551,
      17.34758
    ],
    "Triton Ragged (ours)": [
      0.13722,
      0.04301,
      0.0256,
      0.34714,
      0.07987,
      0.02784
    ],
    "FlashAttention-2 (varlen)": [
      0.11203,
      0.05427,
      0.0512,
      0.26829,
      0.07475,
      0.06144
    ]
  }
}