{
  "gpu": "NVIDIA RTX 4000 Ada Generation",
  "sm": "SM89",
  "timing": "cuda_events_median_ms",
  "warmup": 50,
  "jit_warmup": 150,
  "iters": 300,
  "configs": [
    "BS=32, 0% pruned",
    "BS=32, 50% pruned",
    "BS=32, 80% pruned",
    "BS=64, 0% pruned",
    "BS=64, 50% pruned",
    "BS=64, 80% pruned"
  ],
  "kernels": {
    "SDPA (math, padded)": [
      5.28267,
      2.57438,
      2.07894,
      10.64877,
      5.77094,
      4.15656
    ],
    "SDPA (efficient, padded)": [
      2.176,
      1.88722,
      1.89928,
      4.17635,
      3.77446,
      3.95554
    ],
    "SDPA (flash, padded)": [
      1.99987,
      1.84338,
      1.83194,
      3.98029,
      3.70474,
      3.9604
    ],
    "NestedTensor + SDPA": [
      8.9593,
      8.88627,
      8.82125,
      17.5664,
      16.67208,
      16.61798
    ],
    "Triton Ragged (ours)": [
      0.13526,
      0.04198,
      0.02355,
      0.34509,
      0.07987,
      0.02765
    ],
    "FlashAttention-2 (varlen)": [
      0.11366,
      0.04915,
      0.04915,
      0.2668,
      0.07168,
      0.06042
    ]
  },
  "p5": {
    "SDPA (math, padded)": [
      5.26234,
      2.56208,
      2.06931,
      10.60445,
      5.68934,
      4.10278
    ],
    "SDPA (efficient, padded)": [
      2.11149,
      1.88006,
      1.82813,
      4.10397,
      3.76314,
      3.81213
    ],
    "SDPA (flash, padded)": [
      1.99066,
      1.83504,
      1.82445,
      3.96595,
      3.68742,
      3.82566
    ],
    "NestedTensor + SDPA": [
      8.79206,
      8.78659,
      8.62003,
      16.71168,
      16.25933,
      16.46461
    ],
    "Triton Ragged (ours)": [
      0.13437,
      0.04122,
      0.02253,
      0.3328,
      0.07885,
      0.02662
    ],
    "FlashAttention-2 (varlen)": [
      0.11059,
      0.0471,
      0.04813,
      0.25293,
      0.07066,
      0.05939
    ]
  },
  "p95": {
    "SDPA (math, padded)": [
      5.33606,
      2.64934,
      2.15142,
      10.76509,
      5.83293,
      4.30285
    ],
    "SDPA (efficient, padded)": [
      2.19238,
      1.89542,
      1.90867,
      4.32048,
      3.79187,
      4.03763
    ],
    "SDPA (flash, padded)": [
      2.00842,
      1.85446,
      1.90326,
      3.9985,
      3.84582,
      4.03968
    ],
    "NestedTensor + SDPA": [
      9.35424,
      9.31021,
      9.48736,
      18.05482,
      17.95379,
      17.4799
    ],
    "Triton Ragged (ours)": [
      0.13722,
      0.04301,
      0.02499,
      0.34714,
      0.07987,
      0.02867
    ],
    "FlashAttention-2 (varlen)": [
      0.11494,
      0.05146,
      0.05261,
      0.27034,
      0.07475,
      0.06144
    ]
  }
}