{
  "gpu": "NVIDIA RTX 4000 Ada Generation",
  "sm": "SM89",
  "timing": "cuda_events_median_ms",
  "warmup": 50,
  "jit_warmup": 150,
  "iters": 300,
  "configs": [
    "BS=32, 0% pruned",
    "BS=32, 50% pruned",
    "BS=32, 80% pruned",
    "BS=64, 0% pruned",
    "BS=64, 50% pruned",
    "BS=64, 80% pruned"
  ],
  "kernels": {
    "SDPA (math, padded)": [
      5.36026,
      2.58115,
      2.08056,
      10.65202,
      5.73235,
      4.07461
    ],
    "SDPA (efficient, padded)": [
      2.31526,
      1.88934,
      1.83803,
      4.19022,
      3.78474,
      3.69674
    ],
    "SDPA (flash, padded)": [
      2.01779,
      1.85675,
      1.90269,
      3.99149,
      3.70675,
      3.59746
    ],
    "NestedTensor + SDPA": [
      9.0347,
      8.95488,
      8.93093,
      17.10554,
      16.91494,
      16.7552
    ],
    "Triton Ragged (ours)": [
      0.13722,
      0.04198,
      0.02355,
      0.34406,
      0.07987,
      0.02765
    ],
    "FlashAttention-2 (varlen)": [
      0.11162,
      0.05018,
      0.05018,
      0.25293,
      0.07168,
      0.06042
    ]
  },
  "p5": {
    "SDPA (math, padded)": [
      5.3207,
      2.54739,
      2.0401,
      10.5983,
      5.69754,
      4.05312
    ],
    "SDPA (efficient, padded)": [
      2.25178,
      1.85446,
      1.79949,
      4.15955,
      3.70285,
      3.49411
    ],
    "SDPA (flash, padded)": [
      1.96182,
      1.84406,
      1.83338,
      3.89622,
      3.63504,
      3.51344
    ],
    "NestedTensor + SDPA": [
      8.93786,
      8.73779,
      8.86253,
      16.94083,
      16.72314,
      16.55738
    ],
    "Triton Ragged (ours)": [
      0.13619,
      0.04096,
      0.02253,
      0.3369,
      0.07885,
      0.02765
    ],
    "FlashAttention-2 (varlen)": [
      0.11059,
      0.04813,
      0.04819,
      0.2519,
      0.07107,
      0.05978
    ]
  },
  "p95": {
    "SDPA (math, padded)": [
      5.45046,
      2.59578,
      2.12442,
      10.80794,
      5.86054,
      4.22202
    ],
    "SDPA (efficient, padded)": [
      2.33677,
      1.97222,
      1.84643,
      4.3215,
      3.85507,
      3.78813
    ],
    "SDPA (flash, padded)": [
      2.08762,
      1.88915,
      1.94547,
      4.19146,
      3.72314,
      3.73965
    ],
    "NestedTensor + SDPA": [
      9.45843,
      9.50886,
      9.38202,
      17.95373,
      17.80941,
      17.57184
    ],
    "Triton Ragged (ours)": [
      0.13926,
      0.04301,
      0.02566,
      0.34816,
      0.0799,
      0.02867
    ],
    "FlashAttention-2 (varlen)": [
      0.11264,
      0.05453,
      0.05427,
      0.26838,
      0.0728,
      0.06144
    ]
  }
}