{
  "gpu": "NVIDIA RTX 4000 Ada Generation",
  "sm": "SM89",
  "timing": "cuda_events_median_ms",
  "warmup": 50,
  "jit_warmup": 150,
  "iters": 300,
  "configs": [
    "BS=32, 0% pruned",
    "BS=32, 50% pruned",
    "BS=32, 80% pruned",
    "BS=64, 0% pruned",
    "BS=64, 50% pruned",
    "BS=64, 80% pruned"
  ],
  "kernels": {
    "SDPA (math, padded)": [
      5.40109,
      2.65523,
      2.10045,
      10.83019,
      5.8556,
      4.24858
    ],
    "SDPA (efficient, padded)": [
      2.20365,
      1.93822,
      1.8548,
      4.3167,
      3.92686,
      3.6955
    ],
    "SDPA (flash, padded)": [
      2.07006,
      1.92512,
      1.90898,
      4.11829,
      3.85278,
      3.75096
    ],
    "NestedTensor + SDPA": [
      9.68541,
      9.59488,
      9.45088,
      18.30298,
      18.20416,
      18.12011
    ],
    "Triton Ragged (ours)": [
      0.13722,
      0.04198,
      0.02662,
      0.34714,
      0.07987,
      0.02765
    ],
    "FlashAttention-2 (varlen)": [
      0.11776,
      0.05632,
      0.05427,
      0.26336,
      0.07168,
      0.06042
    ]
  },
  "p5": {
    "SDPA (math, padded)": [
      5.29162,
      2.58115,
      2.07872,
      10.61984,
      5.7047,
      4.09293
    ],
    "SDPA (efficient, padded)": [
      2.12579,
      1.86163,
      1.83402,
      4.17056,
      3.77853,
      3.59117
    ],
    "SDPA (flash, padded)": [
      1.99475,
      1.8513,
      1.83366,
      3.97517,
      3.69254,
      3.60173
    ],
    "NestedTensor + SDPA": [
      9.20298,
      9.13408,
      9.12589,
      17.56582,
      17.30963,
      17.18275
    ],
    "Triton Ragged (ours)": [
      0.13619,
      0.04198,
      0.01536,
      0.33587,
      0.07885,
      0.02662
    ],
    "FlashAttention-2 (varlen)": [
      0.11264,
      0.03712,
      0.03405,
      0.2519,
      0.07066,
      0.05939
    ]
  },
  "p95": {
    "SDPA (math, padded)": [
      5.95933,
      3.18566,
      2.67366,
      11.37238,
      6.39146,
      4.8087
    ],
    "SDPA (efficient, padded)": [
      2.72589,
      2.36845,
      2.40845,
      4.87664,
      4.46669,
      4.26397
    ],
    "SDPA (flash, padded)": [
      2.59482,
      2.46579,
      2.39309,
      4.64784,
      4.41446,
      4.3143
    ],
    "NestedTensor + SDPA": [
      10.19584,
      10.00208,
      9.96864,
      18.93171,
      18.79757,
      18.72589
    ],
    "Triton Ragged (ours)": [
      0.14234,
      0.04301,
      0.02765,
      0.35021,
      0.07994,
      0.02778
    ],
    "FlashAttention-2 (varlen)": [
      0.11981,
      0.05968,
      0.05939,
      0.2695,
      0.07373,
      0.06144
    ]
  }
}