{
  "gpu": "NVIDIA RTX 4000 Ada Generation",
  "sm": "SM89",
  "timing": "cuda_events_median_ms",
  "warmup": 50,
  "jit_warmup": 150,
  "iters": 300,
  "configs": [
    "BS=32, 0% pruned",
    "BS=32, 50% pruned",
    "BS=32, 80% pruned",
    "BS=64, 0% pruned",
    "BS=64, 50% pruned",
    "BS=64, 80% pruned"
  ],
  "kernels": {
    "SDPA (math, padded)": [
      5.35464,
      2.59882,
      2.08691,
      10.63541,
      5.75488,
      4.1984
    ],
    "SDPA (efficient, padded)": [
      2.23536,
      2.00499,
      1.83859,
      4.2651,
      3.75723,
      3.69547
    ],
    "SDPA (flash, padded)": [
      2.07976,
      2.02138,
      1.82386,
      3.95162,
      3.68398,
      3.56922
    ],
    "NestedTensor + SDPA": [
      8.88064,
      8.83598,
      8.79211,
      16.84992,
      16.62579,
      16.59307
    ],
    "Triton Ragged (ours)": [
      0.13619,
      0.04198,
      0.02355,
      0.34304,
      0.07987,
      0.02765
    ],
    "FlashAttention-2 (varlen)": [
      0.11162,
      0.0471,
      0.0512,
      0.26726,
      0.07168,
      0.06042
    ]
  },
  "p5": {
    "SDPA (math, padded)": [
      5.31011,
      2.58355,
      2.05658,
      10.58816,
      5.65965,
      4.06109
    ],
    "SDPA (efficient, padded)": [
      2.22403,
      1.99357,
      1.79098,
      4.13187,
      3.74477,
      3.55872
    ],
    "SDPA (flash, padded)": [
      1.98742,
      2.00806,
      1.81638,
      3.86355,
      3.58893,
      3.48365
    ],
    "NestedTensor + SDPA": [
      8.74701,
      8.72237,
      8.54227,
      16.72806,
      16.4487,
      16.26048
    ],
    "Triton Ragged (ours)": [
      0.13517,
      0.04096,
      0.02291,
      0.33178,
      0.07885,
      0.02662
    ],
    "FlashAttention-2 (varlen)": [
      0.11059,
      0.04608,
      0.04915,
      0.25293,
      0.07066,
      0.05939
    ]
  },
  "p95": {
    "SDPA (math, padded)": [
      5.41082,
      2.62042,
      2.11866,
      10.75206,
      5.89229,
      4.22502
    ],
    "SDPA (efficient, padded)": [
      2.30314,
      2.07875,
      1.87373,
      4.29059,
      3.78282,
      3.78163
    ],
    "SDPA (flash, padded)": [
      2.17805,
      2.05962,
      1.83398,
      4.08986,
      3.82864,
      3.7119
    ],
    "NestedTensor + SDPA": [
      9.23933,
      9.24774,
      9.3351,
      17.66195,
      17.47648,
      17.5113
    ],
    "Triton Ragged (ours)": [
      0.13722,
      0.04301,
      0.02458,
      0.34509,
      0.07994,
      0.0279
    ],
    "FlashAttention-2 (varlen)": [
      0.12288,
      0.05018,
      0.05427,
      0.27136,
      0.0719,
      0.06144
    ]
  }
}