{
  "gpu": "NVIDIA RTX 4000 Ada Generation",
  "sm": "SM89",
  "timing": "cuda_events_median_ms",
  "warmup": 50,
  "jit_warmup": 150,
  "iters": 300,
  "configs": [
    "BS=32, 0% pruned",
    "BS=32, 50% pruned",
    "BS=32, 80% pruned",
    "BS=64, 0% pruned",
    "BS=64, 50% pruned",
    "BS=64, 80% pruned"
  ],
  "kernels": {
    "SDPA (math, padded)": [
      5.37192,
      2.65846,
      2.14251,
      11.00896,
      5.87144,
      4.27312
    ],
    "SDPA (efficient, padded)": [
      2.20152,
      1.92987,
      1.90502,
      4.32398,
      3.94611,
      3.72973
    ],
    "SDPA (flash, padded)": [
      2.07246,
      1.95795,
      1.91798,
      4.12794,
      3.76158,
      3.73658
    ],
    "NestedTensor + SDPA": [
      9.78741,
      9.69882,
      9.56987,
      18.47144,
      18.38182,
      18.26002
    ],
    "Triton Ragged (ours)": [
      0.13722,
      0.04198,
      0.02458,
      0.34611,
      0.07987,
      0.02765
    ],
    "FlashAttention-2 (varlen)": [
      0.11366,
      0.05339,
      0.05632,
      0.2533,
      0.0727,
      0.06042
    ]
  },
  "p5": {
    "SDPA (math, padded)": [
      5.28403,
      2.5808,
      2.07459,
      10.62502,
      5.70909,
      4.12858
    ],
    "SDPA (efficient, padded)": [
      2.13094,
      1.89942,
      1.83306,
      4.17075,
      3.7857,
      3.58333
    ],
    "SDPA (flash, padded)": [
      1.99782,
      1.88314,
      1.8432,
      3.97827,
      3.62518,
      3.58205
    ],
    "NestedTensor + SDPA": [
      9.28886,
      9.20643,
      9.14429,
      17.65357,
      17.4319,
      17.34349
    ],
    "Triton Ragged (ours)": [
      0.13619,
      0.04125,
      0.02253,
      0.33587,
      0.07885,
      0.02662
    ],
    "FlashAttention-2 (varlen)": [
      0.11264,
      0.03891,
      0.03379,
      0.25197,
      0.07168,
      0.05939
    ]
  },
  "p95": {
    "SDPA (math, padded)": [
      5.92486,
      3.18237,
      2.64294,
      11.35027,
      6.44608,
      4.81075
    ],
    "SDPA (efficient, padded)": [
      2.73446,
      2.39411,
      2.41254,
      4.87667,
      4.5135,
      4.29482
    ],
    "SDPA (flash, padded)": [
      2.5856,
      2.52429,
      2.41757,
      4.72192,
      4.37139,
      4.32774
    ],
    "NestedTensor + SDPA": [
      10.29325,
      10.11194,
      9.99322,
      19.20211,
      18.92659,
      18.87866
    ],
    "Triton Ragged (ours)": [
      0.14234,
      0.04301,
      0.0256,
      0.35123,
      0.0799,
      0.02778
    ],
    "FlashAttention-2 (varlen)": [
      0.1239,
      0.05632,
      0.05837,
      0.26726,
      0.07578,
      0.06144
    ]
  }
}