{
  "gpu": "NVIDIA RTX 4000 Ada Generation",
  "sm": "SM89",
  "timing": "cuda_events_median_ms",
  "warmup": 50,
  "jit_warmup": 150,
  "iters": 300,
  "configs": [
    "BS=32, 0% pruned",
    "BS=32, 50% pruned",
    "BS=32, 80% pruned",
    "BS=64, 0% pruned",
    "BS=64, 50% pruned",
    "BS=64, 80% pruned"
  ],
  "kernels": {
    "SDPA (math, padded)": [
      5.40166,
      2.60403,
      2.17166,
      11.0813,
      5.89107,
      4.25112
    ],
    "SDPA (efficient, padded)": [
      2.23854,
      1.92315,
      1.92752,
      4.34213,
      3.94397,
      3.75485
    ],
    "SDPA (flash, padded)": [
      2.0992,
      1.93723,
      1.92248,
      4.15106,
      3.88034,
      3.76525
    ],
    "NestedTensor + SDPA": [
      9.5907,
      9.65224,
      9.52027,
      18.27533,
      18.21085,
      18.13597
    ],
    "Triton Ragged (ours)": [
      0.13824,
      0.04198,
      0.0256,
      0.34714,
      0.07987,
      0.02765
    ],
    "FlashAttention-2 (varlen)": [
      0.11366,
      0.05632,
      0.05325,
      0.26419,
      0.0727,
      0.06042
    ]
  },
  "p5": {
    "SDPA (math, padded)": [
      5.31558,
      2.5897,
      2.10038,
      10.66486,
      5.73245,
      4.06032
    ],
    "SDPA (efficient, padded)": [
      2.17197,
      1.90659,
      1.85146,
      4.2025,
      3.80406,
      3.61574
    ],
    "SDPA (flash, padded)": [
      2.07469,
      1.86266,
      1.84842,
      4.00794,
      3.72835,
      3.60941
    ],
    "NestedTensor + SDPA": [
      9.17536,
      9.18502,
      9.1184,
      17.51261,
      17.43872,
      17.30058
    ],
    "Triton Ragged (ours)": [
      0.13619,
      0.04131,
      0.02458,
      0.33587,
      0.07885,
      0.02765
    ],
    "FlashAttention-2 (varlen)": [
      0.11264,
      0.05325,
      0.03482,
      0.256,
      0.07168,
      0.06042
    ]
  },
  "p95": {
    "SDPA (math, padded)": [
      5.95696,
      3.15286,
      2.69498,
      11.38563,
      6.4136,
      4.80054
    ],
    "SDPA (efficient, padded)": [
      2.75981,
      2.53472,
      2.43907,
      4.88618,
      4.49462,
      4.28566
    ],
    "SDPA (flash, padded)": [
      2.64294,
      2.46182,
      2.4105,
      4.692,
      4.42573,
      4.33158
    ],
    "NestedTensor + SDPA": [
      10.05888,
      10.14605,
      9.98298,
      18.97363,
      18.83405,
      18.81293
    ],
    "Triton Ragged (ours)": [
      0.14131,
      0.04301,
      0.02694,
      0.3495,
      0.0799,
      0.02867
    ],
    "FlashAttention-2 (varlen)": [
      0.11674,
      0.05837,
      0.05837,
      0.26624,
      0.07373,
      0.06144
    ]
  }
}