{
  "gpu": "NVIDIA RTX 4000 Ada Generation",
  "sm": "SM89",
  "timing": "cuda_events_median_ms",
  "warmup": 50,
  "jit_warmup": 150,
  "iters": 300,
  "configs": [
    "BS=32, 0% pruned",
    "BS=32, 50% pruned",
    "BS=32, 80% pruned",
    "BS=64, 0% pruned",
    "BS=64, 50% pruned",
    "BS=64, 80% pruned"
  ],
  "kernels": {
    "SDPA (math, padded)": [
      5.3719,
      2.57934,
      2.06229,
      10.61232,
      5.76424,
      4.17483
    ],
    "SDPA (efficient, padded)": [
      2.22515,
      1.9947,
      1.94874,
      4.14208,
      3.74253,
      3.53587
    ],
    "SDPA (flash, padded)": [
      2.16045,
      1.95502,
      1.9096,
      3.96757,
      3.69726,
      3.5521
    ],
    "NestedTensor + SDPA": [
      8.98458,
      8.84704,
      8.83558,
      17.00966,
      16.74106,
      16.6932
    ],
    "Triton Ragged (ours)": [
      0.13619,
      0.04198,
      0.0256,
      0.33382,
      0.07987,
      0.02765
    ],
    "FlashAttention-2 (varlen)": [
      0.11264,
      0.04915,
      0.05325,
      0.26854,
      0.07168,
      0.06042
    ]
  },
  "p5": {
    "SDPA (math, padded)": [
      5.30637,
      2.5641,
      2.02464,
      10.56986,
      5.64659,
      4.09702
    ],
    "SDPA (efficient, padded)": [
      2.20877,
      1.96506,
      1.92307,
      4.05811,
      3.72941,
      3.47034
    ],
    "SDPA (flash, padded)": [
      2.0951,
      1.92739,
      1.89552,
      3.93933,
      3.65363,
      3.5369
    ],
    "NestedTensor + SDPA": [
      8.90406,
      8.71453,
      8.77568,
      16.85942,
      16.55008,
      16.48662
    ],
    "Triton Ragged (ours)": [
      0.13517,
      0.04096,
      0.02458,
      0.33075,
      0.07885,
      0.02662
    ],
    "FlashAttention-2 (varlen)": [
      0.11059,
      0.0471,
      0.0504,
      0.25293,
      0.07066,
      0.05939
    ]
  },
  "p95": {
    "SDPA (math, padded)": [
      5.4231,
      2.65523,
      2.08013,
      10.66195,
      5.83965,
      4.24442
    ],
    "SDPA (efficient, padded)": [
      2.2487,
      2.01114,
      2.01421,
      4.28067,
      3.87299,
      3.55331
    ],
    "SDPA (flash, padded)": [
      2.21389,
      2.02323,
      1.99894,
      4.12262,
      3.80518,
      3.6905
    ],
    "NestedTensor + SDPA": [
      9.42899,
      9.27917,
      9.28381,
      17.81658,
      17.55862,
      17.43805
    ],
    "Triton Ragged (ours)": [
      0.13722,
      0.04301,
      0.02662,
      0.34509,
      0.08006,
      0.02803
    ],
    "FlashAttention-2 (varlen)": [
      0.11366,
      0.0512,
      0.05734,
      0.27136,
      0.07408,
      0.06144
    ]
  }
}