{
  "gpu": "NVIDIA RTX 4000 Ada Generation",
  "sm": "SM89",
  "timing": "cuda_events_median_ms",
  "warmup": 50,
  "jit_warmup": 150,
  "iters": 300,
  "configs": [
    "BS=32, 0% pruned",
    "BS=32, 50% pruned",
    "BS=32, 80% pruned",
    "BS=64, 0% pruned",
    "BS=64, 50% pruned",
    "BS=64, 80% pruned"
  ],
  "kernels": {
    "SDPA (math, padded)": [
      5.40501,
      2.62093,
      2.05926,
      10.88166,
      5.72141,
      4.03968
    ],
    "SDPA (efficient, padded)": [
      2.23386,
      1.8789,
      1.8657,
      4.40134,
      3.73965,
      3.6587
    ],
    "SDPA (flash, padded)": [
      1.97845,
      1.83398,
      2.00909,
      4.07398,
      3.66262,
      3.58182
    ],
    "NestedTensor + SDPA": [
      8.85664,
      8.9477,
      9.12174,
      16.70912,
      16.46186,
      16.33466
    ],
    "Triton Ragged (ours)": [
      0.13619,
      0.04198,
      0.02366,
      0.34304,
      0.07987,
      0.02765
    ],
    "FlashAttention-2 (varlen)": [
      0.11162,
      0.05018,
      0.0471,
      0.2601,
      0.07168,
      0.06042
    ]
  },
  "p5": {
    "SDPA (math, padded)": [
      5.32163,
      2.55677,
      2.01827,
      10.7936,
      5.64979,
      4.01613
    ],
    "SDPA (efficient, padded)": [
      2.20042,
      1.87085,
      1.81862,
      4.37952,
      3.65158,
      3.51949
    ],
    "SDPA (flash, padded)": [
      1.94016,
      1.82272,
      1.94253,
      3.86662,
      3.64851,
      3.44336
    ],
    "NestedTensor + SDPA": [
      8.77875,
      8.70512,
      8.53981,
      16.56384,
      16.31232,
      16.00614
    ],
    "Triton Ragged (ours)": [
      0.13517,
      0.04096,
      0.02355,
      0.33178,
      0.07885,
      0.02662
    ],
    "FlashAttention-2 (varlen)": [
      0.11059,
      0.0471,
      0.04608,
      0.25395,
      0.07066,
      0.05939
    ]
  },
  "p95": {
    "SDPA (math, padded)": [
      5.46202,
      2.63965,
      2.07232,
      10.99366,
      5.80813,
      4.34586
    ],
    "SDPA (efficient, padded)": [
      2.24768,
      1.94694,
      2.04931,
      4.53734,
      3.7889,
      3.74067
    ],
    "SDPA (flash, padded)": [
      2.05722,
      1.84627,
      2.0439,
      4.21696,
      3.79469,
      3.73555
    ],
    "NestedTensor + SDPA": [
      9.31226,
      9.24672,
      9.38496,
      17.4848,
      17.14483,
      17.1991
    ],
    "Triton Ragged (ours)": [
      0.13722,
      0.04301,
      0.0256,
      0.34611,
      0.07987,
      0.02787
    ],
    "FlashAttention-2 (varlen)": [
      0.11197,
      0.05427,
      0.04915,
      0.26931,
      0.07286,
      0.06144
    ]
  }
}