{
  "gpu": "NVIDIA RTX 4000 Ada Generation",
  "sm": "SM89",
  "timing": "cuda_events_median_ms",
  "warmup": 50,
  "jit_warmup": 150,
  "iters": 300,
  "configs": [
    "BS=32, 0% pruned",
    "BS=32, 50% pruned",
    "BS=32, 80% pruned",
    "BS=64, 0% pruned",
    "BS=64, 50% pruned",
    "BS=64, 80% pruned"
  ],
  "kernels": {
    "SDPA (math, padded)": [
      5.35024,
      2.60403,
      2.14733,
      11.03506,
      5.85661,
      4.22298
    ],
    "SDPA (efficient, padded)": [
      2.18928,
      1.90696,
      1.9009,
      4.32229,
      3.92309,
      3.73456
    ],
    "SDPA (flash, padded)": [
      2.07354,
      1.86384,
      1.90576,
      4.04488,
      3.84706,
      3.74165
    ],
    "NestedTensor + SDPA": [
      9.19824,
      9.2201,
      9.18528,
      17.59232,
      17.41854,
      17.04389
    ],
    "Triton Ragged (ours)": [
      0.13722,
      0.04198,
      0.02458,
      0.34406,
      0.07987,
      0.02765
    ],
    "FlashAttention-2 (varlen)": [
      0.11366,
      0.05222,
      0.0512,
      0.26531,
      0.0727,
      0.06056
    ]
  },
  "p5": {
    "SDPA (math, padded)": [
      5.27472,
      2.57331,
      2.05072,
      10.63219,
      5.69958,
      4.07456
    ],
    "SDPA (efficient, padded)": [
      2.11882,
      1.88928,
      1.83293,
      4.17558,
      3.77958,
      3.58832
    ],
    "SDPA (flash, padded)": [
      1.99987,
      1.84534,
      1.83389,
      3.97312,
      3.69766,
      3.59187
    ],
    "NestedTensor + SDPA": [
      8.80605,
      8.77802,
      8.7472,
      16.83034,
      16.67053,
      16.44851
    ],
    "Triton Ragged (ours)": [
      0.13619,
      0.04198,
      0.01536,
      0.33485,
      0.07885,
      0.02765
    ],
    "FlashAttention-2 (varlen)": [
      0.11264,
      0.05034,
      0.03379,
      0.25293,
      0.07168,
      0.06042
    ]
  },
  "p95": {
    "SDPA (math, padded)": [
      5.91446,
      3.12525,
      2.67875,
      11.40944,
      6.39795,
      4.77901
    ],
    "SDPA (efficient, padded)": [
      2.7104,
      2.43901,
      2.42659,
      4.87856,
      4.49536,
      4.29494
    ],
    "SDPA (flash, padded)": [
      2.5641,
      2.44362,
      2.39405,
      4.62883,
      4.39667,
      4.30259
    ],
    "NestedTensor + SDPA": [
      9.60922,
      9.69235,
      9.61651,
      18.11251,
      17.98221,
      17.80934
    ],
    "Triton Ragged (ours)": [
      0.14131,
      0.04301,
      0.02662,
      0.35021,
      0.07987,
      0.02867
    ],
    "FlashAttention-2 (varlen)": [
      0.1239,
      0.0553,
      0.05427,
      0.27034,
      0.07475,
      0.06144
    ]
  }
}