{
  "gpu": "NVIDIA RTX 4000 Ada Generation",
  "sm": "SM89",
  "timing": "cuda_events_median_ms",
  "warmup": 50,
  "jit_warmup": 150,
  "iters": 300,
  "configs": [
    "BS=32, 0% pruned",
    "BS=32, 50% pruned",
    "BS=32, 80% pruned",
    "BS=64, 0% pruned",
    "BS=64, 50% pruned",
    "BS=64, 80% pruned"
  ],
  "kernels": {
    "SDPA (math, padded)": [
      5.31875,
      2.56323,
      2.08995,
      10.75053,
      5.72006,
      4.08986
    ],
    "SDPA (efficient, padded)": [
      2.13528,
      1.87678,
      1.84221,
      4.28544,
      3.80211,
      3.70995
    ],
    "SDPA (flash, padded)": [
      2.00784,
      1.85947,
      1.84422,
      3.99354,
      3.69765,
      3.59715
    ],
    "NestedTensor + SDPA": [
      9.26203,
      8.89846,
      8.82227,
      16.79718,
      16.51453,
      16.54267
    ],
    "Triton Ragged (ours)": [
      0.13619,
      0.04198,
      0.02355,
      0.34714,
      0.07987,
      0.02765
    ],
    "FlashAttention-2 (varlen)": [
      0.11162,
      0.0512,
      0.04822,
      0.25395,
      0.0727,
      0.06042
    ]
  },
  "p5": {
    "SDPA (math, padded)": [
      5.29306,
      2.5488,
      2.05331,
      10.62285,
      5.69958,
      4.06938
    ],
    "SDPA (efficient, padded)": [
      2.12275,
      1.8583,
      1.83501,
      4.14618,
      3.73334,
      3.57171
    ],
    "SDPA (flash, padded)": [
      1.99891,
      1.81453,
      1.80813,
      3.91782,
      3.68333,
      3.58605
    ],
    "NestedTensor + SDPA": [
      8.832,
      8.77875,
      8.62618,
      16.56013,
      16.30515,
      16.26803
    ],
    "Triton Ragged (ours)": [
      0.13517,
      0.04096,
      0.02253,
      0.3369,
      0.07885,
      0.02765
    ],
    "FlashAttention-2 (varlen)": [
      0.11162,
      0.04915,
      0.0471,
      0.2519,
      0.07168,
      0.05981
    ]
  },
  "p95": {
    "SDPA (math, padded)": [
      5.38323,
      2.59987,
      2.10163,
      10.85459,
      5.8591,
      4.24166
    ],
    "SDPA (efficient, padded)": [
      2.20454,
      1.91283,
      1.91693,
      4.37658,
      3.92704,
      3.72614
    ],
    "SDPA (flash, padded)": [
      2.02445,
      1.88755,
      1.92096,
      4.19328,
      3.89437,
      3.73018
    ],
    "NestedTensor + SDPA": [
      9.57517,
      9.3184,
      9.26515,
      17.65776,
      21.54496,
      17.64147
    ],
    "Triton Ragged (ours)": [
      0.13926,
      0.04301,
      0.02458,
      0.34918,
      0.08006,
      0.02867
    ],
    "FlashAttention-2 (varlen)": [
      0.1127,
      0.05325,
      0.0512,
      0.26931,
      0.07578,
      0.06144
    ]
  }
}