{
  "gpu": "NVIDIA RTX 4000 Ada Generation",
  "sm": "SM89",
  "timing": "cuda_events_median_ms",
  "warmup": 50,
  "jit_warmup": 150,
  "iters": 300,
  "configs": [
    "BS=32, 0% pruned",
    "BS=32, 50% pruned",
    "BS=32, 80% pruned",
    "BS=64, 0% pruned",
    "BS=64, 50% pruned",
    "BS=64, 80% pruned"
  ],
  "kernels": {
    "SDPA (math, padded)": [
      5.35859,
      2.6368,
      2.12032,
      10.89312,
      5.88226,
      4.33624
    ],
    "SDPA (efficient, padded)": [
      2.23509,
      2.03589,
      1.966,
      4.45355,
      4.02547,
      3.86662
    ],
    "SDPA (flash, padded)": [
      2.1216,
      2.05824,
      1.9661,
      4.23051,
      3.96411,
      3.97112
    ],
    "NestedTensor + SDPA": [
      9.27085,
      9.17606,
      9.16432,
      17.48134,
      17.23296,
      17.19432
    ],
    "Triton Ragged (ours)": [
      0.13619,
      0.04198,
      0.02371,
      0.34406,
      0.07917,
      0.02765
    ],
    "FlashAttention-2 (varlen)": [
      0.11264,
      0.05427,
      0.05325,
      0.25403,
      0.07098,
      0.06046
    ]
  },
  "p5": {
    "SDPA (math, padded)": [
      5.32787,
      2.61837,
      2.05174,
      10.83802,
      5.80294,
      4.18403
    ],
    "SDPA (efficient, padded)": [
      2.21696,
      2.00704,
      1.86982,
      4.43872,
      3.8441,
      3.67821
    ],
    "SDPA (flash, padded)": [
      1.96634,
      2.04685,
      1.93229,
      3.89427,
      3.94752,
      3.83386
    ],
    "NestedTensor + SDPA": [
      9.18291,
      9.10502,
      9.11155,
      17.33341,
      16.83251,
      17.06733
    ],
    "Triton Ragged (ours)": [
      0.13517,
      0.04096,
      0.02355,
      0.33306,
      0.07885,
      0.02765
    ],
    "FlashAttention-2 (varlen)": [
      0.11059,
      0.05222,
      0.05222,
      0.25293,
      0.07066,
      0.06042
    ]
  },
  "p95": {
    "SDPA (math, padded)": [
      5.44166,
      2.73203,
      2.20096,
      11.03053,
      6.02042,
      4.43802
    ],
    "SDPA (efficient, padded)": [
      2.2673,
      2.11456,
      1.98451,
      4.59443,
      4.1904,
      4.0745
    ],
    "SDPA (flash, padded)": [
      2.14128,
      2.10208,
      1.98042,
      4.26189,
      4.09702,
      4.0663
    ],
    "NestedTensor + SDPA": [
      9.6623,
      9.62387,
      9.59571,
      18.33984,
      18.14326,
      18.04602
    ],
    "Triton Ragged (ours)": [
      0.13722,
      0.04221,
      0.0256,
      0.34714,
      0.07987,
      0.02867
    ],
    "FlashAttention-2 (varlen)": [
      0.11469,
      0.05632,
      0.05632,
      0.27136,
      0.07184,
      0.06144
    ]
  }
}