{
  "gpu": "NVIDIA RTX 4000 Ada Generation",
  "sm": "SM89",
  "timing": "cuda_events_median_ms",
  "warmup": 50,
  "jit_warmup": 150,
  "iters": 300,
  "configs": [
    "BS=32, 0% pruned",
    "BS=32, 50% pruned",
    "BS=32, 80% pruned",
    "BS=64, 0% pruned",
    "BS=64, 50% pruned",
    "BS=64, 80% pruned"
  ],
  "kernels": {
    "SDPA (math, padded)": [
      5.36365,
      2.64181,
      2.08069,
      10.65266,
      5.8411,
      4.0919
    ],
    "SDPA (efficient, padded)": [
      2.2528,
      2.02229,
      1.83931,
      4.18259,
      3.79576,
      3.58614
    ],
    "SDPA (flash, padded)": [
      2.15859,
      1.9737,
      1.81043,
      4.1267,
      3.8441,
      3.60656
    ],
    "NestedTensor + SDPA": [
      8.88434,
      8.76493,
      8.70704,
      16.92211,
      16.64277,
      17.15968
    ],
    "Triton Ragged (ours)": [
      0.13517,
      0.04198,
      0.02355,
      0.34202,
      0.07987,
      0.02765
    ],
    "FlashAttention-2 (varlen)": [
      0.11234,
      0.04813,
      0.04742,
      0.26112,
      0.07098,
      0.06042
    ]
  },
  "p5": {
    "SDPA (math, padded)": [
      5.26954,
      2.62467,
      2.0439,
      10.60963,
      5.67683,
      4.06822
    ],
    "SDPA (efficient, padded)": [
      2.22278,
      2.01315,
      1.81043,
      4.09203,
      3.78038,
      3.50096
    ],
    "SDPA (flash, padded)": [
      2.12259,
      1.95482,
      1.80352,
      3.98438,
      3.65795,
      3.59526
    ],
    "NestedTensor + SDPA": [
      8.80128,
      8.62822,
      8.65101,
      16.68403,
      16.44528,
      16.38493
    ],
    "Triton Ragged (ours)": [
      0.13517,
      0.04096,
      0.02253,
      0.3328,
      0.07885,
      0.02765
    ],
    "FlashAttention-2 (varlen)": [
      0.11059,
      0.0471,
      0.04608,
      0.2519,
      0.07066,
      0.05939
    ]
  },
  "p95": {
    "SDPA (math, padded)": [
      5.43661,
      2.688,
      2.16301,
      10.76531,
      5.91869,
      4.22605
    ],
    "SDPA (efficient, padded)": [
      2.26784,
      2.09027,
      1.85414,
      4.31718,
      3.93629,
      3.7376
    ],
    "SDPA (flash, padded)": [
      2.21062,
      1.98739,
      1.84544,
      4.18509,
      3.87379,
      3.73862
    ],
    "NestedTensor + SDPA": [
      9.33382,
      9.06854,
      9.12486,
      17.9415,
      17.62374,
      17.57622
    ],
    "Triton Ragged (ours)": [
      0.13661,
      0.04301,
      0.0248,
      0.34406,
      0.07987,
      0.02867
    ],
    "FlashAttention-2 (varlen)": [
      0.12083,
      0.0512,
      0.0512,
      0.26214,
      0.07197,
      0.06144
    ]
  }
}