{
  "gpu": "NVIDIA RTX 4000 Ada Generation",
  "sm": "SM89",
  "timing": "cuda_events_median_ms",
  "warmup": 50,
  "jit_warmup": 150,
  "iters": 300,
  "configs": [
    "BS=32, 0% pruned",
    "BS=32, 50% pruned",
    "BS=32, 80% pruned",
    "BS=64, 0% pruned",
    "BS=64, 50% pruned",
    "BS=64, 80% pruned"
  ],
  "kernels": {
    "SDPA (math, padded)": [
      5.29282,
      2.66051,
      2.09126,
      10.68254,
      5.72525,
      4.09845
    ],
    "SDPA (efficient, padded)": [
      2.12989,
      1.89979,
      1.84218,
      4.13851,
      3.78029,
      3.59134
    ],
    "SDPA (flash, padded)": [
      2.00909,
      1.92102,
      1.84115,
      3.98139,
      3.70672,
      3.6055
    ],
    "NestedTensor + SDPA": [
      9.52704,
      9.04189,
      8.98754,
      17.23088,
      17.0871,
      16.96259
    ],
    "Triton Ragged (ours)": [
      0.13619,
      0.04198,
      0.02355,
      0.34509,
      0.07987,
      0.02765
    ],
    "FlashAttention-2 (varlen)": [
      0.11162,
      0.0512,
      0.04818,
      0.25395,
      0.07168,
      0.06042
    ]
  },
  "p5": {
    "SDPA (math, padded)": [
      5.2777,
      2.57965,
      2.08374,
      10.62534,
      5.69254,
      4.08474
    ],
    "SDPA (efficient, padded)": [
      2.10426,
      1.8615,
      1.83488,
      4.09702,
      3.76659,
      3.57555
    ],
    "SDPA (flash, padded)": [
      1.9967,
      1.91258,
      1.83475,
      3.92294,
      3.69155,
      3.59322
    ],
    "NestedTensor + SDPA": [
      9.0927,
      8.97117,
      8.83907,
      16.97882,
      16.9001,
      16.74454
    ],
    "Triton Ragged (ours)": [
      0.13517,
      0.04096,
      0.02253,
      0.33178,
      0.07885,
      0.02662
    ],
    "FlashAttention-2 (varlen)": [
      0.11059,
      0.04915,
      0.0471,
      0.25219,
      0.07066,
      0.05939
    ]
  },
  "p95": {
    "SDPA (math, padded)": [
      5.35962,
      2.69926,
      2.1001,
      10.79312,
      5.92397,
      4.24141
    ],
    "SDPA (efficient, padded)": [
      2.14202,
      1.97853,
      1.85139,
      4.18128,
      3.92624,
      3.72758
    ],
    "SDPA (flash, padded)": [
      2.0192,
      1.9577,
      1.84819,
      4.00243,
      3.8455,
      3.61968
    ],
    "NestedTensor + SDPA": [
      9.78749,
      9.50662,
      9.42374,
      18.08304,
      17.88416,
      17.7191
    ],
    "Triton Ragged (ours)": [
      0.13722,
      0.0423,
      0.02458,
      0.34714,
      0.07987,
      0.02797
    ],
    "FlashAttention-2 (varlen)": [
      0.11264,
      0.05325,
      0.05018,
      0.26931,
      0.0727,
      0.06144
    ]
  }
}