{
  "gpu": "NVIDIA RTX 4000 Ada Generation",
  "sm": "SM89",
  "timing": "cuda_events_median_ms",
  "warmup": 50,
  "jit_warmup": 150,
  "iters": 300,
  "configs": [
    "BS=32, 0% pruned",
    "BS=32, 50% pruned",
    "BS=32, 80% pruned",
    "BS=64, 0% pruned",
    "BS=64, 50% pruned",
    "BS=64, 80% pruned"
  ],
  "kernels": {
    "SDPA (math, padded)": [
      5.35173,
      2.64699,
      2.14525,
      10.64002,
      5.72211,
      4.06835
    ],
    "SDPA (efficient, padded)": [
      2.11968,
      1.89755,
      1.9109,
      4.14106,
      3.72976,
      3.71405
    ],
    "SDPA (flash, padded)": [
      2.0032,
      1.8557,
      1.83709,
      4.09227,
      3.82362,
      3.60298
    ],
    "NestedTensor + SDPA": [
      9.0339,
      8.93021,
      9.25901,
      16.9225,
      16.73413,
      16.63906
    ],
    "Triton Ragged (ours)": [
      0.13619,
      0.04198,
      0.02355,
      0.34099,
      0.07987,
      0.02765
    ],
    "FlashAttention-2 (varlen)": [
      0.11162,
      0.04915,
      0.04915,
      0.26726,
      0.07098,
      0.06059
    ]
  },
  "p5": {
    "SDPA (math, padded)": [
      5.2736,
      2.57536,
      2.07667,
      10.60243,
      5.66886,
      4.04906
    ],
    "SDPA (efficient, padded)": [
      2.10915,
      1.88525,
      1.83923,
      4.07347,
      3.69562,
      3.57274
    ],
    "SDPA (flash, padded)": [
      1.99475,
      1.84323,
      1.82886,
      3.94445,
      3.68845,
      3.58192
    ],
    "NestedTensor + SDPA": [
      8.95501,
      8.75008,
      8.85539,
      16.49459,
      16.35533,
      16.36762
    ],
    "Triton Ragged (ours)": [
      0.13517,
      0.04096,
      0.02253,
      0.33178,
      0.07885,
      0.02765
    ],
    "FlashAttention-2 (varlen)": [
      0.11059,
      0.04813,
      0.04813,
      0.256,
      0.07066,
      0.06042
    ]
  },
  "p95": {
    "SDPA (math, padded)": [
      5.3975,
      2.68784,
      2.19126,
      10.75622,
      5.82451,
      4.20659
    ],
    "SDPA (efficient, padded)": [
      2.13094,
      2.00602,
      1.95482,
      4.27814,
      3.78573,
      3.7335
    ],
    "SDPA (flash, padded)": [
      2.06992,
      1.9176,
      1.90976,
      4.18314,
      3.85536,
      3.74272
    ],
    "NestedTensor + SDPA": [
      9.52422,
      9.36653,
      9.56122,
      18.0001,
      17.75002,
      17.66502
    ],
    "Triton Ragged (ours)": [
      0.13722,
      0.04301,
      0.0256,
      0.34624,
      0.07987,
      0.02867
    ],
    "FlashAttention-2 (varlen)": [
      0.1209,
      0.05123,
      0.05325,
      0.26931,
      0.07174,
      0.06144
    ]
  }
}