{
  "gpu": "NVIDIA RTX 4000 Ada Generation",
  "sm": "SM89",
  "timing": "cuda_events_median_ms",
  "warmup": 50,
  "jit_warmup": 150,
  "iters": 300,
  "configs": [
    "BS=32, 0% pruned",
    "BS=32, 50% pruned",
    "BS=32, 80% pruned",
    "BS=64, 0% pruned",
    "BS=64, 50% pruned",
    "BS=64, 80% pruned"
  ],
  "kernels": {
    "SDPA (math, padded)": [
      5.43234,
      2.64912,
      2.13698,
      10.61592,
      5.81632,
      4.05811
    ],
    "SDPA (efficient, padded)": [
      2.21594,
      1.85442,
      1.82477,
      4.28749,
      3.89851,
      3.6916
    ],
    "SDPA (flash, padded)": [
      2.10275,
      1.83779,
      1.82272,
      4.04886,
      3.68538,
      3.5763
    ],
    "NestedTensor + SDPA": [
      8.91389,
      9.19338,
      8.81309,
      16.86422,
      16.66611,
      16.68709
    ],
    "Triton Ragged (ours)": [
      0.13517,
      0.04198,
      0.02355,
      0.34478,
      0.0792,
      0.02765
    ],
    "FlashAttention-2 (varlen)": [
      0.11264,
      0.05222,
      0.04813,
      0.26726,
      0.07168,
      0.06042
    ]
  },
  "p5": {
    "SDPA (math, padded)": [
      5.3879,
      2.62451,
      2.06333,
      10.58714,
      5.79699,
      4.03558
    ],
    "SDPA (efficient, padded)": [
      2.19648,
      1.84525,
      1.81645,
      4.16634,
      3.70054,
      3.55123
    ],
    "SDPA (flash, padded)": [
      2.08304,
      1.8064,
      1.81555,
      3.9465,
      3.66893,
      3.55971
    ],
    "NestedTensor + SDPA": [
      8.62618,
      8.79718,
      8.62928,
      16.46288,
      16.2537,
      16.19149
    ],
    "Triton Ragged (ours)": [
      0.13453,
      0.04096,
      0.02253,
      0.33178,
      0.07885,
      0.02662
    ],
    "FlashAttention-2 (varlen)": [
      0.11059,
      0.0512,
      0.0471,
      0.25395,
      0.07066,
      0.05939
    ]
  },
  "p95": {
    "SDPA (math, padded)": [
      5.46518,
      2.67674,
      2.18413,
      10.72973,
      5.89626,
      4.20547
    ],
    "SDPA (efficient, padded)": [
      2.24358,
      1.99232,
      1.83523,
      4.37018,
      3.98438,
      3.80416
    ],
    "SDPA (flash, padded)": [
      2.1296,
      1.92896,
      1.8303,
      4.10317,
      3.82541,
      3.70893
    ],
    "NestedTensor + SDPA": [
      9.36346,
      9.3143,
      8.89517,
      17.72045,
      16.98714,
      17.49197
    ],
    "Triton Ragged (ours)": [
      0.13619,
      0.04301,
      0.02458,
      0.34714,
      0.07987,
      0.02787
    ],
    "FlashAttention-2 (varlen)": [
      0.11776,
      0.0544,
      0.0512,
      0.27034,
      0.07213,
      0.06144
    ]
  }
}