{
  "gpu": "NVIDIA RTX 4000 Ada Generation",
  "sm": "SM89",
  "timing": "cuda_events_median_ms",
  "warmup": 50,
  "jit_warmup": 150,
  "iters": 300,
  "configs": [
    "BS=32, 0% pruned",
    "BS=32, 50% pruned",
    "BS=32, 80% pruned",
    "BS=64, 0% pruned",
    "BS=64, 50% pruned",
    "BS=64, 80% pruned"
  ],
  "kernels": {
    "SDPA (math, padded)": [
      5.34296,
      2.63066,
      2.08099,
      10.78749,
      5.69757,
      4.13493
    ],
    "SDPA (efficient, padded)": [
      2.11456,
      1.89267,
      1.83296,
      4.38989,
      3.90246,
      3.57995
    ],
    "SDPA (flash, padded)": [
      2.09235,
      1.80437,
      1.83501,
      4.33152,
      3.69661,
      3.58522
    ],
    "NestedTensor + SDPA": [
      9.26325,
      9.19427,
      9.20115,
      17.40954,
      17.1893,
      17.14504
    ],
    "Triton Ragged (ours)": [
      0.13619,
      0.04198,
      0.02458,
      0.3328,
      0.07987,
      0.02765
    ],
    "FlashAttention-2 (varlen)": [
      0.11162,
      0.05222,
      0.05533,
      0.26557,
      0.07168,
      0.06042
    ]
  },
  "p5": {
    "SDPA (math, padded)": [
      5.27069,
      2.56627,
      2.07331,
      10.57075,
      5.67069,
      4.08291
    ],
    "SDPA (efficient, padded)": [
      2.10534,
      1.88592,
      1.82608,
      4.3159,
      3.76832,
      3.5584
    ],
    "SDPA (flash, padded)": [
      1.98554,
      1.77027,
      1.82989,
      4.19328,
      3.6793,
      3.56874
    ],
    "NestedTensor + SDPA": [
      9.04877,
      9.12048,
      9.13216,
      17.19626,
      16.92227,
      16.85696
    ],
    "Triton Ragged (ours)": [
      0.13517,
      0.04096,
      0.02355,
      0.33075,
      0.07885,
      0.02662
    ],
    "FlashAttention-2 (varlen)": [
      0.11059,
      0.05018,
      0.05427,
      0.25421,
      0.07066,
      0.05939
    ]
  },
  "p95": {
    "SDPA (math, padded)": [
      5.3792,
      2.65405,
      2.09021,
      10.97635,
      5.83885,
      4.28851
    ],
    "SDPA (efficient, padded)": [
      2.13606,
      1.96317,
      1.90074,
      4.4593,
      3.9753,
      3.93414
    ],
    "SDPA (flash, padded)": [
      2.10432,
      1.84832,
      1.90054,
      4.38544,
      3.83603,
      3.72634
    ],
    "NestedTensor + SDPA": [
      9.70854,
      9.68307,
      9.68192,
      18.24762,
      18.01216,
      17.98451
    ],
    "Triton Ragged (ours)": [
      0.13722,
      0.04301,
      0.02662,
      0.34509,
      0.07987,
      0.02781
    ],
    "FlashAttention-2 (varlen)": [
      0.12288,
      0.0553,
      0.05837,
      0.26726,
      0.07194,
      0.06144
    ]
  }
}