{
  "gpu": "NVIDIA RTX 4000 Ada Generation",
  "sm": "SM89",
  "timing": "cuda_events_median_ms",
  "warmup": 50,
  "jit_warmup": 150,
  "iters": 300,
  "configs": [
    "BS=32, 0% pruned",
    "BS=32, 50% pruned",
    "BS=32, 80% pruned",
    "BS=64, 0% pruned",
    "BS=64, 50% pruned",
    "BS=64, 80% pruned"
  ],
  "kernels": {
    "SDPA (math, padded)": [
      5.30971,
      2.67059,
      2.07155,
      10.61398,
      5.78261,
      4.12224
    ],
    "SDPA (efficient, padded)": [
      2.1069,
      2.02547,
      1.83706,
      4.32536,
      4.00582,
      3.79821
    ],
    "SDPA (flash, padded)": [
      2.05776,
      1.91078,
      1.83398,
      4.10109,
      3.9295,
      3.81048
    ],
    "NestedTensor + SDPA": [
      9.12195,
      9.02874,
      9.40762,
      17.2491,
      17.07066,
      16.98555
    ],
    "Triton Ragged (ours)": [
      0.13619,
      0.04198,
      0.02458,
      0.34304,
      0.07987,
      0.02765
    ],
    "FlashAttention-2 (varlen)": [
      0.11162,
      0.04938,
      0.05222,
      0.26549,
      0.07168,
      0.06042
    ]
  },
  "p5": {
    "SDPA (math, padded)": [
      5.25818,
      2.5897,
      2.0624,
      10.58304,
      5.73322,
      4.07552
    ],
    "SDPA (efficient, padded)": [
      2.07155,
      1.99254,
      1.82374,
      4.16554,
      3.95162,
      3.77965
    ],
    "SDPA (flash, padded)": [
      1.98758,
      1.83683,
      1.82371,
      4.08083,
      3.9063,
      3.77958
    ],
    "NestedTensor + SDPA": [
      9.00291,
      8.97165,
      8.9711,
      16.84685,
      16.90333,
      16.85811
    ],
    "Triton Ragged (ours)": [
      0.13517,
      0.04096,
      0.02355,
      0.33178,
      0.07885,
      0.02662
    ],
    "FlashAttention-2 (varlen)": [
      0.11059,
      0.04813,
      0.05018,
      0.25293,
      0.07066,
      0.05939
    ]
  },
  "p95": {
    "SDPA (math, padded)": [
      5.7897,
      2.71258,
      2.15056,
      10.73069,
      5.90198,
      4.25574
    ],
    "SDPA (efficient, padded)": [
      2.12374,
      2.08464,
      1.90688,
      4.3831,
      4.12144,
      3.92989
    ],
    "SDPA (flash, padded)": [
      2.06848,
      1.91917,
      1.90848,
      4.17872,
      4.0671,
      3.9361
    ],
    "NestedTensor + SDPA": [
      9.57235,
      9.46506,
      9.66758,
      18.10941,
      17.8432,
      17.87712
    ],
    "Triton Ragged (ours)": [
      0.13722,
      0.04227,
      0.0256,
      0.34611,
      0.07987,
      0.02778
    ],
    "FlashAttention-2 (varlen)": [
      0.11264,
      0.05222,
      0.0553,
      0.26726,
      0.0719,
      0.06144
    ]
  }
}