{
  "gpu": "NVIDIA RTX 4000 Ada Generation",
  "sm": "SM89",
  "timing": "cuda_events_median_ms",
  "warmup": 50,
  "jit_warmup": 150,
  "iters": 300,
  "configs": [
    "BS=32, 0% pruned",
    "BS=32, 50% pruned",
    "BS=32, 80% pruned",
    "BS=64, 0% pruned",
    "BS=64, 50% pruned",
    "BS=64, 80% pruned"
  ],
  "kernels": {
    "SDPA (math, padded)": [
      5.33853,
      2.59077,
      2.08998,
      10.64517,
      5.76976,
      4.08904
    ],
    "SDPA (efficient, padded)": [
      2.25485,
      1.90566,
      1.8473,
      4.18386,
      3.80046,
      3.72437
    ],
    "SDPA (flash, padded)": [
      2.12587,
      1.85547,
      1.85261,
      4.10118,
      3.71405,
      3.62251
    ],
    "NestedTensor + SDPA": [
      9.23859,
      9.16622,
      9.23955,
      18.04166,
      17.35128,
      17.18517
    ],
    "Triton Ragged (ours)": [
      0.13619,
      0.04198,
      0.02355,
      0.34304,
      0.07987,
      0.02765
    ],
    "FlashAttention-2 (varlen)": [
      0.11162,
      0.05325,
      0.05325,
      0.25395,
      0.07168,
      0.06042
    ]
  },
  "p5": {
    "SDPA (math, padded)": [
      5.3104,
      2.5752,
      2.07584,
      10.61376,
      5.69245,
      4.07443
    ],
    "SDPA (efficient, padded)": [
      2.24154,
      1.89754,
      1.83885,
      4.16806,
      3.7385,
      3.58806
    ],
    "SDPA (flash, padded)": [
      2.10298,
      1.84614,
      1.84115,
      3.96928,
      3.70067,
      3.59117
    ],
    "NestedTensor + SDPA": [
      8.99997,
      9.03744,
      9.0888,
      17.37114,
      17.17459,
      17.0177
    ],
    "Triton Ragged (ours)": [
      0.13517,
      0.04096,
      0.02253,
      0.33085,
      0.07885,
      0.02662
    ],
    "FlashAttention-2 (varlen)": [
      0.11059,
      0.05139,
      0.0512,
      0.25293,
      0.07066,
      0.05939
    ]
  },
  "p95": {
    "SDPA (math, padded)": [
      5.42208,
      2.67139,
      2.16147,
      10.77453,
      5.84742,
      4.15325
    ],
    "SDPA (efficient, padded)": [
      2.31491,
      1.97114,
      1.92,
      4.32221,
      3.93933,
      3.80701
    ],
    "SDPA (flash, padded)": [
      2.1399,
      1.9281,
      1.92512,
      4.12643,
      3.84947,
      3.74483
    ],
    "NestedTensor + SDPA": [
      9.7625,
      9.26496,
      9.83683,
      18.7177,
      18.22042,
      18.06256
    ],
    "Triton Ragged (ours)": [
      0.13722,
      0.04301,
      0.02458,
      0.34714,
      0.07997,
      0.02787
    ],
    "FlashAttention-2 (varlen)": [
      0.11264,
      0.0553,
      0.05632,
      0.26931,
      0.07373,
      0.06144
    ]
  }
}