{
  "gpu": "NVIDIA RTX 4000 Ada Generation",
  "sm": "SM89",
  "timing": "cuda_events_median_ms",
  "warmup": 50,
  "jit_warmup": 150,
  "iters": 300,
  "configs": [
    "BS=32, 0% pruned",
    "BS=32, 50% pruned",
    "BS=32, 80% pruned",
    "BS=64, 0% pruned",
    "BS=64, 50% pruned",
    "BS=64, 80% pruned"
  ],
  "kernels": {
    "SDPA (math, padded)": [
      5.35549,
      2.61752,
      2.17838,
      10.85954,
      5.76358,
      4.15283
    ],
    "SDPA (efficient, padded)": [
      2.25587,
      1.89752,
      1.96832,
      4.41552,
      3.91638,
      3.81749
    ],
    "SDPA (flash, padded)": [
      2.19421,
      1.8553,
      1.9732,
      4.22083,
      3.74733,
      3.83806
    ],
    "NestedTensor + SDPA": [
      9.34646,
      8.92258,
      8.88326,
      17.56144,
      16.76909,
      16.61594
    ],
    "Triton Ragged (ours)": [
      0.13619,
      0.04198,
      0.02355,
      0.34509,
      0.07987,
      0.02765
    ],
    "FlashAttention-2 (varlen)": [
      0.1117,
      0.05222,
      0.04915,
      0.26834,
      0.07168,
      0.06042
    ]
  },
  "p5": {
    "SDPA (math, padded)": [
      5.3289,
      2.56218,
      2.10237,
      10.68646,
      5.68589,
      4.11747
    ],
    "SDPA (efficient, padded)": [
      2.24256,
      1.87085,
      1.95482,
      4.3817,
      3.77958,
      3.75501
    ],
    "SDPA (flash, padded)": [
      2.12307,
      1.8432,
      1.95613,
      4.07469,
      3.69549,
      3.8103
    ],
    "NestedTensor + SDPA": [
      8.9385,
      8.69283,
      8.82064,
      16.84992,
      16.55821,
      16.22016
    ],
    "Triton Ragged (ours)": [
      0.13517,
      0.04096,
      0.02275,
      0.3319,
      0.07885,
      0.02765
    ],
    "FlashAttention-2 (varlen)": [
      0.11059,
      0.0512,
      0.04813,
      0.25293,
      0.07066,
      0.05939
    ]
  },
  "p95": {
    "SDPA (math, padded)": [
      5.42925,
      2.7167,
      2.21981,
      11.04384,
      5.84717,
      4.29942
    ],
    "SDPA (efficient, padded)": [
      2.32653,
      1.94765,
      2.04525,
      4.55062,
      3.95261,
      3.84205
    ],
    "SDPA (flash, padded)": [
      2.20886,
      1.92307,
      2.06422,
      4.34381,
      4.59814,
      3.9721
    ],
    "NestedTensor + SDPA": [
      9.48864,
      9.3399,
      9.28358,
      18.10957,
      17.59846,
      17.47558
    ],
    "Triton Ragged (ours)": [
      0.13722,
      0.04221,
      0.0247,
      0.34714,
      0.07987,
      0.02867
    ],
    "FlashAttention-2 (varlen)": [
      0.12288,
      0.05462,
      0.05222,
      0.27136,
      0.0727,
      0.06144
    ]
  }
}