{
  "gpu": "NVIDIA RTX 4000 Ada Generation",
  "sm": "SM89",
  "timing": "cuda_events_median_ms",
  "warmup": 50,
  "jit_warmup": 150,
  "iters": 300,
  "configs": [
    "BS=32, 0% pruned",
    "BS=32, 50% pruned",
    "BS=32, 80% pruned",
    "BS=64, 0% pruned",
    "BS=64, 50% pruned",
    "BS=64, 80% pruned"
  ],
  "kernels": {
    "SDPA (math, padded)": [
      5.35347,
      2.66078,
      2.07974,
      10.93734,
      5.83581,
      4.20446
    ],
    "SDPA (efficient, padded)": [
      2.19146,
      1.94872,
      1.87387,
      4.20053,
      3.91653,
      3.72178
    ],
    "SDPA (flash, padded)": [
      2.07613,
      1.91795,
      1.86125,
      3.99872,
      3.76299,
      3.7299
    ],
    "NestedTensor + SDPA": [
      9.2708,
      9.24558,
      9.15827,
      17.38227,
      17.10171,
      17.3136
    ],
    "Triton Ragged (ours)": [
      0.13824,
      0.04198,
      0.0256,
      0.34816,
      0.07987,
      0.02765
    ],
    "FlashAttention-2 (varlen)": [
      0.11366,
      0.04813,
      0.05018,
      0.25907,
      0.0727,
      0.06042
    ]
  },
  "p5": {
    "SDPA (math, padded)": [
      5.27565,
      2.57629,
      2.0695,
      10.63731,
      5.69242,
      4.0631
    ],
    "SDPA (efficient, padded)": [
      2.12173,
      1.89219,
      1.82973,
      4.16979,
      3.77478,
      3.58928
    ],
    "SDPA (flash, padded)": [
      2.00259,
      1.84698,
      1.79411,
      3.97824,
      3.62394,
      3.53494
    ],
    "NestedTensor + SDPA": [
      8.80211,
      8.79475,
      8.76749,
      16.71373,
      16.50074,
      16.53114
    ],
    "Triton Ragged (ours)": [
      0.13619,
      0.04198,
      0.02458,
      0.3369,
      0.07885,
      0.02662
    ],
    "FlashAttention-2 (varlen)": [
      0.11264,
      0.0361,
      0.0471,
      0.25293,
      0.07168,
      0.05939
    ]
  },
  "p95": {
    "SDPA (math, padded)": [
      5.92246,
      3.21965,
      2.6279,
      11.38381,
      6.38464,
      4.75136
    ],
    "SDPA (efficient, padded)": [
      2.64496,
      2.48832,
      2.32765,
      4.88243,
      4.4841,
      4.24634
    ],
    "SDPA (flash, padded)": [
      2.56413,
      2.42995,
      2.39411,
      4.59878,
      4.29632,
      4.26394
    ],
    "NestedTensor + SDPA": [
      9.74848,
      9.72253,
      9.59802,
      17.98627,
      17.81318,
      17.75245
    ],
    "Triton Ragged (ours)": [
      0.14234,
      0.04301,
      0.02662,
      0.35021,
      0.08,
      0.02774
    ],
    "FlashAttention-2 (varlen)": [
      0.11469,
      0.0512,
      0.05325,
      0.26931,
      0.07587,
      0.06144
    ]
  }
}