{
  "gpu": "NVIDIA RTX 4000 Ada Generation",
  "sm": "SM89",
  "timing": "cuda_events_median_ms",
  "warmup": 50,
  "jit_warmup": 150,
  "iters": 300,
  "configs": [
    "BS=32, 0% pruned",
    "BS=32, 50% pruned",
    "BS=32, 80% pruned",
    "BS=64, 0% pruned",
    "BS=64, 50% pruned",
    "BS=64, 80% pruned"
  ],
  "kernels": {
    "SDPA (math, padded)": [
      5.37368,
      2.57144,
      2.07962,
      10.64806,
      5.76342,
      4.17213
    ],
    "SDPA (efficient, padded)": [
      2.21699,
      1.95584,
      1.83552,
      4.16134,
      3.77942,
      3.82566
    ],
    "SDPA (flash, padded)": [
      2.05925,
      1.92334,
      1.83501,
      3.98251,
      3.84614,
      3.84
    ],
    "NestedTensor + SDPA": [
      8.84522,
      8.88538,
      8.76837,
      17.18938,
      16.76021,
      16.688
    ],
    "Triton Ragged (ours)": [
      0.13619,
      0.04198,
      0.02355,
      0.34509,
      0.07987,
      0.02765
    ],
    "FlashAttention-2 (varlen)": [
      0.11162,
      0.04813,
      0.04813,
      0.26624,
      0.07168,
      0.06077
    ]
  },
  "p5": {
    "SDPA (math, padded)": [
      5.28275,
      2.53427,
      2.06848,
      10.5767,
      5.68422,
      4.11206
    ],
    "SDPA (efficient, padded)": [
      2.17914,
      1.88336,
      1.82784,
      4.14797,
      3.76106,
      3.80518
    ],
    "SDPA (flash, padded)": [
      1.98938,
      1.81453,
      1.82579,
      3.9608,
      3.70586,
      3.78573
    ],
    "NestedTensor + SDPA": [
      8.63632,
      8.75213,
      8.6559,
      16.66496,
      16.34416,
      16.40432
    ],
    "Triton Ragged (ours)": [
      0.13517,
      0.04096,
      0.02253,
      0.33094,
      0.07885,
      0.02765
    ],
    "FlashAttention-2 (varlen)": [
      0.11059,
      0.0471,
      0.04608,
      0.25395,
      0.07066,
      0.06042
    ]
  },
  "p95": {
    "SDPA (math, padded)": [
      5.40365,
      2.58576,
      2.15066,
      10.76736,
      5.84294,
      4.33802
    ],
    "SDPA (efficient, padded)": [
      2.23539,
      1.9688,
      1.90867,
      4.20845,
      3.92093,
      3.96896
    ],
    "SDPA (flash, padded)": [
      2.08512,
      1.96422,
      1.90842,
      4.1216,
      3.9209,
      3.85741
    ],
    "NestedTensor + SDPA": [
      8.93005,
      9.27667,
      9.19958,
      17.64045,
      17.6528,
      17.33837
    ],
    "Triton Ragged (ours)": [
      0.13722,
      0.04301,
      0.02458,
      0.34714,
      0.07987,
      0.02867
    ],
    "FlashAttention-2 (varlen)": [
      0.11264,
      0.05018,
      0.05018,
      0.26934,
      0.0727,
      0.06144
    ]
  }
}