{
  "gpu": "NVIDIA RTX 4000 Ada Generation",
  "sm": "SM89",
  "timing": "cuda_events_median_ms",
  "warmup": 50,
  "jit_warmup": 150,
  "iters": 300,
  "configs": [
    "BS=32, 0% pruned",
    "BS=32, 50% pruned",
    "BS=32, 80% pruned",
    "BS=64, 0% pruned",
    "BS=64, 50% pruned",
    "BS=64, 80% pruned"
  ],
  "kernels": {
    "SDPA (math, padded)": [
      5.28798,
      2.58867,
      2.0779,
      10.67578,
      5.79565,
      4.07142
    ],
    "SDPA (efficient, padded)": [
      2.16662,
      2.00309,
      1.83382,
      4.15744,
      3.75723,
      3.57462
    ],
    "SDPA (flash, padded)": [
      1.98144,
      1.94669,
      1.83002,
      3.96698,
      3.67734,
      3.58835
    ],
    "NestedTensor + SDPA": [
      8.8972,
      9.13661,
      8.79502,
      16.84275,
      16.69427,
      16.55616
    ],
    "Triton Ragged (ours)": [
      0.13619,
      0.04198,
      0.02458,
      0.34304,
      0.07987,
      0.02765
    ],
    "FlashAttention-2 (varlen)": [
      0.11162,
      0.05035,
      0.0473,
      0.2533,
      0.07168,
      0.06069
    ]
  },
  "p5": {
    "SDPA (math, padded)": [
      5.26749,
      2.55926,
      2.06362,
      10.59942,
      5.67059,
      4.05616
    ],
    "SDPA (efficient, padded)": [
      2.09712,
      1.99066,
      1.8184,
      4.14003,
      3.7425,
      3.56134
    ],
    "SDPA (flash, padded)": [
      1.97226,
      1.80634,
      1.79485,
      3.95059,
      3.66694,
      3.57581
    ],
    "NestedTensor + SDPA": [
      8.80502,
      8.75418,
      8.73882,
      16.6361,
      16.52224,
      16.3584
    ],
    "Triton Ragged (ours)": [
      0.13517,
      0.04096,
      0.02355,
      0.33104,
      0.07885,
      0.02765
    ],
    "FlashAttention-2 (varlen)": [
      0.11059,
      0.0471,
      0.04608,
      0.25293,
      0.07066,
      0.06042
    ]
  },
  "p95": {
    "SDPA (math, padded)": [
      5.36576,
      2.6112,
      2.15677,
      10.76531,
      5.89005,
      4.20464
    ],
    "SDPA (efficient, padded)": [
      2.18115,
      2.07798,
      1.8433,
      4.29283,
      3.89018,
      3.59322
    ],
    "SDPA (flash, padded)": [
      2.05312,
      1.9713,
      1.83808,
      4.10326,
      3.81952,
      3.60346
    ],
    "NestedTensor + SDPA": [
      9.30128,
      9.29818,
      9.22522,
      17.65043,
      17.48474,
      17.68931
    ],
    "Triton Ragged (ours)": [
      0.13722,
      0.0424,
      0.02662,
      0.34714,
      0.07987,
      0.02867
    ],
    "FlashAttention-2 (varlen)": [
      0.11264,
      0.05325,
      0.05018,
      0.25498,
      0.07174,
      0.06144
    ]
  }
}