{
  "gpu": "NVIDIA RTX 4000 Ada Generation",
  "sm": "SM89",
  "timing": "cuda_events_median_ms",
  "warmup": 50,
  "jit_warmup": 150,
  "iters": 300,
  "configs": [
    "BS=32, 0% pruned",
    "BS=32, 50% pruned",
    "BS=32, 80% pruned",
    "BS=64, 0% pruned",
    "BS=64, 50% pruned",
    "BS=64, 80% pruned"
  ],
  "kernels": {
    "SDPA (math, padded)": [
      5.33394,
      2.63066,
      2.05517,
      10.61733,
      5.86392,
      4.25933
    ],
    "SDPA (efficient, padded)": [
      2.10621,
      1.94909,
      1.81818,
      4.1472,
      3.97262,
      3.77091
    ],
    "SDPA (flash, padded)": [
      1.99357,
      1.91933,
      1.87693,
      4.08464,
      3.90246,
      3.79282
    ],
    "NestedTensor + SDPA": [
      8.81101,
      8.83534,
      8.64768,
      16.61123,
      16.41021,
      16.29133
    ],
    "Triton Ragged (ours)": [
      0.13619,
      0.04198,
      0.02355,
      0.34406,
      0.07987,
      0.02765
    ],
    "FlashAttention-2 (varlen)": [
      0.11162,
      0.0471,
      0.0471,
      0.25309,
      0.07168,
      0.06042
    ]
  },
  "p5": {
    "SDPA (math, padded)": [
      5.26237,
      2.56,
      2.02445,
      10.55747,
      5.66374,
      4.13491
    ],
    "SDPA (efficient, padded)": [
      2.07645,
      1.87626,
      1.80605,
      4.1223,
      3.90554,
      3.75837
    ],
    "SDPA (flash, padded)": [
      1.98451,
      1.79507,
      1.80736,
      3.94445,
      3.88634,
      3.77238
    ],
    "NestedTensor + SDPA": [
      8.63987,
      8.61168,
      8.57891,
      16.45773,
      16.2025,
      16.13581
    ],
    "Triton Ragged (ours)": [
      0.13517,
      0.04096,
      0.02253,
      0.33178,
      0.07885,
      0.02662
    ],
    "FlashAttention-2 (varlen)": [
      0.11059,
      0.04608,
      0.04506,
      0.25293,
      0.07066,
      0.05939
    ]
  },
  "p95": {
    "SDPA (math, padded)": [
      5.35686,
      2.6439,
      2.06643,
      10.72429,
      5.99341,
      4.38806
    ],
    "SDPA (efficient, padded)": [
      2.12557,
      1.99066,
      1.83059,
      4.2848,
      4.11222,
      3.78992
    ],
    "SDPA (flash, padded)": [
      2.00298,
      2.29888,
      1.89133,
      4.16662,
      4.0407,
      3.93216
    ],
    "NestedTensor + SDPA": [
      9.26918,
      9.23648,
      9.14061,
      17.39603,
      17.18819,
      17.12746
    ],
    "Triton Ragged (ours)": [
      0.13722,
      0.04301,
      0.02458,
      0.34714,
      0.08,
      0.02787
    ],
    "FlashAttention-2 (varlen)": [
      0.11264,
      0.05018,
      0.05018,
      0.25421,
      0.072,
      0.06144
    ]
  }
}