{
  "gpu": "NVIDIA RTX 4000 Ada Generation",
  "sm": "SM89",
  "timing": "cuda_events_median_ms",
  "warmup": 50,
  "jit_warmup": 150,
  "iters": 300,
  "configs": [
    "BS=32, 0% pruned",
    "BS=32, 50% pruned",
    "BS=32, 80% pruned",
    "BS=64, 0% pruned",
    "BS=64, 50% pruned",
    "BS=64, 80% pruned"
  ],
  "kernels": {
    "SDPA (math, padded)": [
      5.31704,
      2.56629,
      2.12787,
      10.62299,
      5.68691,
      4.05402
    ],
    "SDPA (efficient, padded)": [
      2.176,
      1.88106,
      1.8616,
      4.13181,
      3.88781,
      3.55394
    ],
    "SDPA (flash, padded)": [
      2.03563,
      1.83915,
      1.82374,
      3.93589,
      3.79762,
      3.57421
    ],
    "NestedTensor + SDPA": [
      8.82266,
      8.71957,
      8.73102,
      16.67638,
      16.43894,
      16.34917
    ],
    "Triton Ragged (ours)": [
      0.13517,
      0.04198,
      0.02355,
      0.34202,
      0.07987,
      0.02765
    ],
    "FlashAttention-2 (varlen)": [
      0.11162,
      0.0473,
      0.0471,
      0.25296,
      0.07168,
      0.06042
    ]
  },
  "p5": {
    "SDPA (math, padded)": [
      5.26752,
      2.55693,
      2.06941,
      10.57587,
      5.66374,
      4.03866
    ],
    "SDPA (efficient, padded)": [
      2.10842,
      1.85485,
      1.83091,
      4.11453,
      3.74682,
      3.54211
    ],
    "SDPA (flash, padded)": [
      1.98861,
      1.81146,
      1.8169,
      3.85254,
      3.66899,
      3.55405
    ],
    "NestedTensor + SDPA": [
      8.75402,
      8.52272,
      8.64666,
      16.30944,
      16.31846,
      16.20582
    ],
    "Triton Ragged (ours)": [
      0.13414,
      0.04096,
      0.02253,
      0.33178,
      0.07885,
      0.02662
    ],
    "FlashAttention-2 (varlen)": [
      0.11059,
      0.04608,
      0.04541,
      0.2519,
      0.07066,
      0.05939
    ]
  },
  "p95": {
    "SDPA (math, padded)": [
      5.38726,
      2.5801,
      2.15437,
      10.73245,
      5.82112,
      4.21613
    ],
    "SDPA (efficient, padded)": [
      2.18829,
      1.89338,
      1.90134,
      4.15059,
      3.96976,
      3.68771
    ],
    "SDPA (flash, padded)": [
      2.06643,
      1.85344,
      1.83398,
      3.99152,
      3.82669,
      3.82259
    ],
    "NestedTensor + SDPA": [
      9.00198,
      9.1424,
      9.18154,
      17.44486,
      17.25645,
      17.09466
    ],
    "Triton Ragged (ours)": [
      0.13619,
      0.04301,
      0.02458,
      0.34509,
      0.07987,
      0.02781
    ],
    "FlashAttention-2 (varlen)": [
      0.12186,
      0.05018,
      0.05018,
      0.26726,
      0.07373,
      0.06144
    ]
  }
}