{
  "gpu": "NVIDIA RTX 4000 Ada Generation",
  "sm": "SM89",
  "timing": "cuda_events_median_ms",
  "warmup": 50,
  "jit_warmup": 150,
  "iters": 300,
  "configs": [
    "BS=32, 0% pruned",
    "BS=32, 50% pruned",
    "BS=32, 80% pruned",
    "BS=64, 0% pruned",
    "BS=64, 50% pruned",
    "BS=64, 80% pruned"
  ],
  "kernels": {
    "SDPA (math, padded)": [
      5.33512,
      2.65219,
      2.08898,
      10.67216,
      5.73728,
      4.224
    ],
    "SDPA (efficient, padded)": [
      2.13928,
      1.9804,
      1.90877,
      4.1803,
      3.7969,
      3.60448
    ],
    "SDPA (flash, padded)": [
      2.02171,
      1.86371,
      1.8348,
      4.00691,
      3.7161,
      3.74256
    ],
    "NestedTensor + SDPA": [
      8.95342,
      8.91443,
      9.00686,
      16.84827,
      16.6743,
      16.53882
    ],
    "Triton Ragged (ours)": [
      0.13619,
      0.04198,
      0.02355,
      0.34714,
      0.07987,
      0.02765
    ],
    "FlashAttention-2 (varlen)": [
      0.11162,
      0.0512,
      0.04813,
      0.26522,
      0.07168,
      0.06042
    ]
  },
  "p5": {
    "SDPA (math, padded)": [
      5.29504,
      2.57946,
      2.07859,
      10.56842,
      5.70982,
      4.08256
    ],
    "SDPA (efficient, padded)": [
      2.12973,
      1.96198,
      1.83603,
      4.13286,
      3.77344,
      3.53485
    ],
    "SDPA (flash, padded)": [
      2.00186,
      1.81862,
      1.80022,
      3.97926,
      3.69869,
      3.61094
    ],
    "NestedTensor + SDPA": [
      8.7297,
      8.80426,
      8.74202,
      16.67658,
      16.52422,
      16.3488
    ],
    "Triton Ragged (ours)": [
      0.13517,
      0.04096,
      0.02275,
      0.33792,
      0.07885,
      0.02765
    ],
    "FlashAttention-2 (varlen)": [
      0.11062,
      0.04915,
      0.0471,
      0.25293,
      0.07168,
      0.05939
    ]
  },
  "p95": {
    "SDPA (math, padded)": [
      5.39341,
      2.66848,
      2.16173,
      10.83411,
      5.87571,
      4.28739
    ],
    "SDPA (efficient, padded)": [
      2.20774,
      2.02138,
      1.94867,
      4.39194,
      4.00157,
      3.76422
    ],
    "SDPA (flash, padded)": [
      2.11866,
      1.89638,
      1.84832,
      4.14618,
      3.8592,
      3.81338
    ],
    "NestedTensor + SDPA": [
      9.3879,
      9.5191,
      9.46806,
      17.67014,
      17.53702,
      17.47226
    ],
    "Triton Ragged (ours)": [
      0.13722,
      0.04301,
      0.0247,
      0.35021,
      0.07987,
      0.02867
    ],
    "FlashAttention-2 (varlen)": [
      0.12288,
      0.05427,
      0.0512,
      0.26931,
      0.07277,
      0.06144
    ]
  }
}